caso_id_canonico,materia,materia_capa,materia_fuente
329_p5,contencioso_administrativo,capa2,provincia:ca
329_p9,civil_comercial,capa1,regla:civil y comercial federal
329_p12,,pendiente_capa2,sin_ancla
329_p15,civil_comercial,capa1,regla:\ben lo comercial\b
329_p19,,pendiente_capa2,sin_ancla
329_p20,civil_comercial,capa1,regla:\ben lo civil\b
329_p28,contencioso_administrativo,capa2,provincia:ca
329_p40,,originaria,originaria
329_p47,,originaria,originaria
329_p49,,originaria,originaria
329_p53,,originaria,originaria
329_p59,,originaria,originaria
329_p78,,originaria,originaria
329_p80,,pendiente_capa2,sin_ancla
329_p83,,pendiente_capa2,sin_ancla
329_p85,,pendiente_capa2,sin_ancla
329_p88,previsional,capa1,regla:seguridad social
329_p94,tributario,capa2,norma:11683+objeto(2)
329_p117,penal,capa1,regla:oral en lo criminal
329_p120,civil_comercial,capa1,regla:\ben lo comercial\b
329_p123,contencioso_administrativo,capa2,provincia:ca
329_p134,civil_comercial,capa1,regla:\ben lo civil\b
329_p135,civil_comercial,capa1,regla:\ben lo civil\b
329_p142,,pendiente_capa2,sin_ancla
329_p147,civil_comercial,capa1,regla:\ben lo civil\b
329_p149,penal,capa1,regla:casacion penal
329_p158,civil_comercial,capa1,regla:\ben lo comercial\b
329_p163,,originaria,originaria
329_p165,,originaria,originaria
329_p167,civil_comercial,capa2,kw+objeto(2)
329_p171,penal,capa2,kw(1)
329_p175,,pendiente_capa2,sin_ancla
329_p177,previsional,capa1,regla:seguridad social
329_p182,previsional,capa1,regla:seguridad social
329_p184,constitucional,capa2,objeto(1)
329_p187,electoral,capa1,regla:electoral
329_p201,penal,capa1,regla:penal economico
329_p206,civil_comercial,capa1,regla:\ben lo comercial\b
329_p212,,originaria,originaria
329_p215,contencioso_administrativo,capa2,provincia:ca
329_p218,civil_comercial,capa1,regla:civil y comercial federal
329_p222,contencioso_administrativo,capa2,provincia:ca
329_p224,,originaria,originaria
329_p229,,pendiente_capa2,sin_ancla
329_p231,penal,capa2,kw+objeto(2)
329_p234,laboral,capa2,norma:23551(1)
329_p237,previsional,capa2,norma:24241+parte(2)
329_p239,previsional,capa1,regla:seguridad social
329_p241,,originaria,originaria
329_p243,,pendiente_capa2,sin_ancla
329_p244,penal,capa1,regla:criminal y correccional
329_p292,penal,capa1,regla:criminal y correccional
329_p297,penal,capa1,regla:criminal y correccional
329_p300,,pendiente_capa2,conflicto_capa2:cambiario/civil_comercial
329_p304,contencioso_administrativo,capa1,regla:contencioso administrativo
329_p309,laboral,capa1,regla:\bdel trabajo\b
329_p314,civil_comercial,capa1,regla:\ben lo comercial\b
329_p317,civil_comercial,capa1,regla:\ben lo civil\b
329_p318,penal,capa1,regla:casacion penal
329_p324,,no_aplica,tipo_entrada=sumario_editorial
329_p326,,no_aplica,tipo_entrada=sumario_editorial
329_p329,tributario,capa1_refinado,refinamiento:fiscal(\bafip\b|\bdgi\b|d)
329_p330,civil_comercial,capa1,regla:\ben lo civil\b
329_p335,laboral,capa1,regla:\bdel trabajo\b
329_p342,civil_comercial,capa1,regla:\ben lo civil\b
329_p349,contencioso_administrativo,capa2,provincia:ca
329_p353,,originaria,originaria
329_p358,,originaria,originaria
329_p370,,pendiente_capa2,sin_ancla
329_p373,previsional,capa1,regla:seguridad social
329_p381,previsional,capa1,regla:seguridad social
329_p383,previsional,capa2,objeto+parte(2)
329_p385,,pendiente_capa2,sin_ancla
329_p429,civil_comercial,capa2,objeto(1)
329_p431,civil_comercial,capa1,regla:\ben lo civil\b
329_p432,contencioso_administrativo,capa2,objeto(1)
329_p437,penal,capa2,objeto(1)
329_p440,,pendiente_capa2,sin_ancla
329_p445,penal,capa2,kw+objeto(2)
329_p463,civil_comercial,capa1,regla:civil y comercial federal
329_p471,contencioso_administrativo,capa1,regla:contencioso administrativo
329_p472,contencioso_administrativo,capa1,regla:contencioso administrativo
329_p473,laboral,capa1,regla:\bdel trabajo\b
329_p491,penal,capa1,regla:casacion penal
329_p493,,pendiente_capa2,sin_ancla
329_p495,,pendiente_capa2,sin_ancla
329_p500,contencioso_administrativo,capa1,regla:contencioso administrativo
329_p502,laboral,capa1,regla:\bdel trabajo\b
329_p510,,pendiente_capa2,sin_ancla
329_p513,contencioso_administrativo,capa2,provincia:ca
329_p518,penal,capa1,regla:casacion penal
329_p526,penal,capa1,regla:casacion penal
329_p530,,pendiente_capa2,sin_ancla
329_p537,contencioso_administrativo,capa2,provincia:ca
329_p542,,originaria,originaria
329_p545,,originaria,originaria
329_p548,contencioso_administrativo,capa2,provincia:ca
329_p551,,originaria,originaria
329_p553,,originaria,originaria
329_p560,,originaria,originaria
329_p565,civil_comercial,capa2,kw(1)
329_p568,,pendiente_capa2,sin_ancla
329_p570,,pendiente_capa2,conflicto_capa2:penal/tributario
329_p573,previsional,capa1,regla:seguridad social
329_p576,previsional,capa1,regla:seguridad social
329_p584,contencioso_administrativo,capa1,regla:contencioso administrativo
329_p595,contencioso_administrativo,capa1,regla:contencioso administrativo
329_p617,,originaria,originaria
329_p619,,pendiente_capa2,sin_ancla
329_p620,penal,capa1,regla:casacion penal
329_p622,,pendiente_capa2,sin_ancla
329_p623,tributario,capa2,parte(1)
329_p624,contencioso_administrativo,capa1,regla:contencioso administrativo
329_p629,contencioso_administrativo,capa2,provincia:ca
329_p634,,pendiente_capa2,sin_ancla
329_p639,contencioso_administrativo,capa1,regla:contencioso administrativo
329_p646,civil_comercial,capa2,objeto(1)
329_p669,contencioso_administrativo,capa1,regla:contencioso administrativo
329_p679,,pendiente_capa2,sin_ancla
329_p689,,pendiente_capa2,sin_ancla
329_p695,civil_comercial,capa1,regla:\ben lo civil\b
329_p710,contencioso_administrativo,capa2,provincia:ca
329_p716,penal,capa1,regla:casacion penal
329_p717,laboral,capa1,regla:\bdel trabajo\b
329_p723,penal,capa2,objeto(1)
329_p730,,pendiente_capa2,sin_ancla
329_p734,laboral,capa1,regla:\bdel trabajo\b
329_p741,laboral,capa1,regla:\bdel trabajo\b
329_p743,penal,capa2,norma:24767(1)
329_p752,,pendiente_capa2,sin_ancla
329_p753,contencioso_administrativo,capa2,provincia:ca
329_p755,contencioso_administrativo,capa2,provincia:ca
329_p759,,originaria,originaria
329_p772,,originaria,originaria
329_p776,,originaria,originaria
329_p780,,originaria,originaria
329_p783,,originaria,originaria
329_p789,tributario,capa2,kw(2)
329_p792,,originaria,originaria
329_p803,contencioso_administrativo,capa2,provincia:ca
329_p805,contencioso_administrativo,capa2,provincia:ca
329_p809,,originaria,originaria
329_p833,,originaria,originaria
329_p838,contencioso_administrativo,capa2,provincia:ca
329_p840,,pendiente_capa2,sin_ancla
329_p845,,pendiente_capa2,sin_ancla
329_p847,,pendiente_capa2,sin_ancla
329_p851,,originaria,originaria
329_p857,,pendiente_capa2,sin_ancla
329_p860,,pendiente_capa2,sin_ancla
329_p863,,originaria,originaria
329_p865,,pendiente_capa2,sin_ancla
329_p868,previsional,capa1,regla:seguridad social
329_p872,contencioso_administrativo,capa1,regla:contencioso administrativo
329_p879,civil_comercial,capa2,objeto(1)
329_p888,contencioso_administrativo,capa1,regla:contencioso administrativo
329_p892,civil_comercial,capa2,objeto(1)
329_p899,,pendiente_capa2,sin_ancla
329_p904,contencioso_administrativo,capa1,regla:contencioso administrativo
329_p906,penal,capa2,objeto(1)
329_p909,penal,capa2,kw+objeto(2)
329_p926,civil_comercial,capa1,regla:civil y comercial federal
329_p928,contencioso_administrativo,capa2,provincia:ca
329_p937,,originaria,originaria
329_p942,contencioso_administrativo,capa2,provincia:ca
329_p951,civil_comercial,capa2,kw+norma:24522(2)
329_p955,,originaria,originaria
329_p959,previsional,capa1,regla:seguridad social
329_p963,tributario,capa1_refinado,refinamiento:fiscal(\bafip\b|\bdgi\b|d)
329_p972,civil_comercial,capa1,regla:civil y comercial federal
329_p976,contencioso_administrativo,capa2,provincia:ca
329_p984,tributario,capa2,objeto(1)
329_p988,,pendiente_capa2,sin_ancla
329_p989,previsional,capa1,regla:seguridad social
329_p991,civil_comercial,capa1,regla:\ben lo civil\b
329_p993,penal,capa2,objeto(1)
329_p997,contencioso_administrativo,capa2,provincia:ca
329_p1002,contencioso_administrativo,capa2,provincia:ca
329_p1007,contencioso_administrativo,capa2,provincia:ca
329_p1012,contencioso_administrativo,capa2,provincia:ca
329_p1019,,originaria,originaria
329_p1022,civil_comercial,capa2,norma:17418(1)
329_p1024,,pendiente_capa2,sin_ancla
329_p1028,ambiental,capa2,norma:24051(1)
329_p1030,civil_comercial,capa2,norma:11723(1)
329_p1033,cambiario,capa2,parte(1)
329_p1035,,pendiente_capa2,sin_ancla
329_p1040,,pendiente_capa2,sin_ancla
329_p1045,constitucional,capa2,objeto(1)
329_p1049,,pendiente_capa2,sin_ancla
329_p1053,penal,capa1,regla:penal economico
329_p1066,,pendiente_capa2,sin_ancla
329_p1092,previsional,capa1,regla:seguridad social
329_p1180,civil_comercial,capa1,regla:\ben lo comercial\b
329_p1191,,pendiente_capa2,sin_ancla
329_p1209,penal,capa2,objeto(1)
329_p1219,penal,capa1,regla:casacion penal
329_p1224,contencioso_administrativo,capa2,provincia:ca
329_p1226,contencioso_administrativo,capa2,provincia:ca
329_p1236,,pendiente_capa2,sin_ancla
329_p1241,,pendiente_capa2,sin_ancla
329_p1243,civil_comercial,capa2,objeto(1)
329_p1245,laboral,capa1,regla:\bdel trabajo\b
329_p1301,laboral,capa1,regla:\bdel trabajo\b
329_p1303,,pendiente_capa2,sin_ancla
329_p1305,,pendiente_capa2,sin_ancla
329_p1306,civil_comercial,capa1,regla:\ben lo civil\b
329_p1307,,pendiente_capa2,sin_ancla
329_p1309,,pendiente_capa2,sin_ancla
329_p1310,,pendiente_capa2,sin_ancla
329_p1311,,originaria,originaria
329_p1317,,originaria,originaria
329_p1324,penal,capa2,kw+objeto(2)
329_p1328,,pendiente_capa2,sin_ancla
329_p1330,,originaria,originaria
329_p1332,penal,capa2,kw(1)
329_p1336,,pendiente_capa2,sin_ancla
329_p1338,,pendiente_capa2,sin_ancla
329_p1341,,pendiente_capa2,sin_ancla
329_p1343,penal,capa2,kw(1)
329_p1348,tributario,capa2,parte(1)
329_p1350,tributario,capa2,objeto+parte(2)
329_p1375,,pendiente_capa2,sin_ancla
329_p1377,,pendiente_capa2,sin_ancla
329_p1380,contencioso_administrativo,capa2,provincia:ca
329_p1383,,pendiente_capa2,sin_ancla
329_p1385,,originaria,originaria
329_p1389,,pendiente_capa2,sin_ancla
329_p1391,contencioso_administrativo,capa2,provincia:ca
329_p1397,civil_comercial,capa1,regla:\ben lo comercial\b
329_p1399,civil_comercial,capa1,regla:civil y comercial federal
329_p1417,penal,capa1,regla:criminal y correccional
329_p1425,penal,capa1,regla:criminal y correccional
329_p1434,contencioso_administrativo,capa1,regla:contencioso administrativo
329_p1436,penal,capa1,regla:casacion penal
329_p1440,laboral,capa1,regla:\bdel trabajo\b
329_p1447,penal,capa2,objeto(1)
329_p1473,contencioso_administrativo,capa1,regla:contencioso administrativo
329_p1480,penal,capa2,objeto(1)
329_p1487,,pendiente_capa2,sin_ancla
329_p1488,laboral,capa1,regla:\bdel trabajo\b
329_p1490,civil_comercial,capa1,regla:\ben lo civil\b
329_p1493,penal,capa1,regla:casacion penal
329_p1501,contencioso_administrativo,capa1,regla:contencioso administrativo
329_p1506,civil_comercial,capa1,regla:\ben lo comercial\b
329_p1514,penal,capa1,regla:casacion penal
329_p1521,,pendiente_capa2,sin_ancla
329_p1522,civil_comercial,capa1,regla:\ben lo civil\b
329_p1538,civil_comercial,capa1,regla:\ben lo comercial\b
329_p1539,contencioso_administrativo,capa1,regla:contencioso administrativo
329_p1541,penal,capa1,regla:casacion penal
329_p1554,,originaria,originaria
329_p1568,,originaria,originaria
329_p1586,,originaria,originaria
329_p1603,,originaria,originaria
329_p1609,,pendiente_capa2,sin_ancla
329_p1611,previsional,capa1,regla:seguridad social
329_p1619,previsional,capa1,regla:seguridad social
329_p1622,previsional,capa1,regla:seguridad social
329_p1626,,pendiente_capa2,sin_ancla
329_p1628,,pendiente_capa2,sin_ancla
329_p1631,civil_comercial,capa1,regla:\ben lo civil\b
329_p1638,,pendiente_capa2,sin_ancla
329_p1655,,pendiente_capa2,sin_ancla
329_p1661,civil_comercial,capa1,regla:\ben lo civil\b
329_p1669,,pendiente_capa2,sin_ancla
329_p1671,,pendiente_capa2,sin_ancla
329_p1672,previsional,capa2,parte(1)
329_p1673,contencioso_administrativo,capa2,provincia:ca
329_p1675,,originaria,originaria
329_p1684,,originaria,originaria
329_p1690,,pendiente_capa2,sin_ancla
329_p1693,,pendiente_capa2,sin_ancla
329_p1696,contencioso_administrativo,capa2,provincia:ca
329_p1699,contencioso_administrativo,capa2,provincia:ca
329_p1703,contencioso_administrativo,capa2,norma:21499(1)
329_p1714,contencioso_administrativo,capa1,regla:contencioso administrativo
329_p1715,civil_comercial,capa1,regla:civil y comercial federal
329_p1723,,pendiente_capa2,sin_ancla
329_p1756,penal,capa2,kw(1)
329_p1758,civil_comercial,capa1,regla:\ben lo civil\b
329_p1762,cambiario,capa2,parte(1)
329_p1767,cambiario,capa2,parte(1)
329_p1779,penal,capa1,regla:casacion penal
329_p1787,tributario,capa2,parte(1)
329_p1794,,pendiente_capa2,sin_ancla
329_p1805,contencioso_administrativo,capa2,provincia:ca
329_p1812,tributario,capa1_refinado,refinamiento:fiscal(\bafip\b|\bdgi\b|d)
329_p1821,,pendiente_capa2,sin_ancla
329_p1826,,pendiente_capa2,sin_ancla
329_p1831,,originaria,originaria
329_p1834,contencioso_administrativo,capa2,provincia:ca
329_p1836,,originaria,originaria
329_p1839,,originaria,originaria
329_p1843,,originaria,originaria
329_p1847,,originaria,originaria
329_p1853,contencioso_administrativo,capa2,provincia:ca
329_p1857,,originaria,originaria
329_p1859,contencioso_administrativo,capa2,provincia:ca
329_p1862,penal,capa2,kw(1)
329_p1875,,originaria,originaria
329_p1881,,originaria,originaria
329_p1898,,originaria,originaria
329_p1905,,pendiente_capa2,sin_ancla
329_p1908,,pendiente_capa2,sin_ancla
329_p1910,,pendiente_capa2,sin_ancla
329_p1912,penal,capa2,objeto(1)
329_p1915,,pendiente_capa2,sin_ancla
329_p1917,,pendiente_capa2,sin_ancla
329_p1921,,pendiente_capa2,sin_ancla
329_p1924,,pendiente_capa2,sin_ancla
329_p1928,previsional,capa2,norma:22955+objeto+parte(3)
329_p1930,previsional,capa1,regla:seguridad social
329_p1933,civil_comercial,capa1,regla:\ben lo comercial\b
329_p1936,civil_comercial,capa1,regla:\ben lo comercial\b
329_p1938,penal,capa1,regla:criminal y correccional
329_p1951,penal,capa1,regla:penal economico
329_p1963,,pendiente_capa2,sin_ancla
329_p1969,,pendiente_capa2,sin_ancla
329_p1972,,pendiente_capa2,sin_ancla
329_p1974,penal,capa1,regla:casacion penal
329_p1984,penal,capa1,regla:casacion penal
329_p1998,penal,capa1,regla:casacion penal
329_p2005,penal,capa1,regla:criminal y correccional
329_p2024,civil_comercial,capa1,regla:\ben lo comercial\b
329_p2030,tributario,capa2,parte(1)
329_p2037,civil_comercial,capa1,regla:\ben lo comercial\b
329_p2043,civil_comercial,capa2,objeto(1)
329_p2045,civil_comercial,capa2,objeto(1)
329_p2051,penal,capa2,objeto(1)
329_p2055,tributario,capa1_refinado,refinamiento:fiscal(\bafip\b|\bdgi\b|d)
329_p2060,civil_comercial,capa1,regla:\ben lo civil\b
329_p2062,,pendiente_capa2,sin_ancla
329_p2063,laboral,capa2,parte(1)
329_p2064,,pendiente_capa2,sin_ancla
329_p2065,,originaria,originaria
329_p2067,,originaria,originaria
329_p2069,,originaria,originaria
329_p2080,,originaria,originaria
329_p2085,,originaria,originaria
329_p2088,contencioso_administrativo,capa2,provincia:ca
329_p2105,,originaria,originaria
329_p2111,,originaria,originaria
329_p2115,,originaria,originaria
329_p2121,,originaria,originaria
329_p2125,contencioso_administrativo,capa2,provincia:ca
329_p2130,,pendiente_capa2,sin_ancla
329_p2133,,pendiente_capa2,sin_ancla
329_p2136,,pendiente_capa2,sin_ancla
329_p2139,penal,capa2,kw+objeto(2)
329_p2142,,pendiente_capa2,sin_ancla
329_p2144,,pendiente_capa2,sin_ancla
329_p2146,previsional,capa1,regla:seguridad social
329_p2149,previsional,capa1,regla:seguridad social
329_p2152,tributario,capa2,objeto+parte(2)
329_p2158,previsional,capa1,regla:seguridad social
329_p2162,previsional,capa1,regla:seguridad social
329_p2166,contencioso_administrativo,capa2,provincia:ca
329_p2173,civil_comercial,capa2,kw(1)
329_p2174,civil_comercial,capa1,regla:\ben lo comercial\b
329_p2179,contencioso_administrativo,capa2,provincia:ca
329_p2186,,pendiente_capa2,sin_ancla
329_p2188,,pendiente_capa2,sin_ancla
329_p2191,previsional,capa1,regla:seguridad social
329_p2194,previsional,capa1,regla:seguridad social
329_p2197,previsional,capa2,norma:24463+objeto+parte(3)
329_p2199,previsional,capa1,regla:seguridad social
329_p2206,,pendiente_capa2,sin_ancla
329_p2212,contencioso_administrativo,capa2,provincia:ca
329_p2217,penal,capa2,objeto(1)
329_p2218,,pendiente_capa2,sin_ancla
329_p2219,penal,capa1,regla:casacion penal
329_p2221,civil_comercial,capa1,regla:\ben lo civil\b
329_p2223,penal,capa1,regla:casacion penal
329_p2224,civil_comercial,capa1,regla:\ben lo comercial\b
329_p2226,contencioso_administrativo,capa2,provincia:ca
329_p2231,,originaria,originaria
329_p2240,constitucional,capa2,objeto(1)
329_p2244,,pendiente_capa2,sin_ancla
329_p2248,,pendiente_capa2,sin_ancla
329_p2251,previsional,capa2,parte(1)
329_p2253,,pendiente_capa2,sin_ancla
329_p2256,,pendiente_capa2,sin_ancla
329_p2258,previsional,capa1,regla:seguridad social
329_p2261,previsional,capa1,regla:seguridad social
329_p2263,,pendiente_capa2,sin_ancla
329_p2265,penal,capa1,regla:casacion penal
329_p2274,contencioso_administrativo,capa1,regla:contencioso administrativo
329_p2280,civil_comercial,capa2,objeto(1)
329_p2284,penal,capa2,objeto(1)
329_p2293,,pendiente_capa2,sin_ancla
329_p2296,,pendiente_capa2,sin_ancla
329_p2312,contencioso_administrativo,capa2,provincia:ca
329_p2314,tributario,capa2,objeto(1)
329_p2316,,originaria,originaria
329_p2342,,pendiente_capa2,sin_ancla
329_p2344,,pendiente_capa2,sin_ancla
329_p2347,previsional,capa1,regla:seguridad social
329_p2351,previsional,capa1,regla:seguridad social
329_p2355,previsional,capa2,parte(1)
329_p2356,electoral,capa1,regla:electoral
329_p2358,ambiental,capa2,norma:24051(1)
329_p2361,contencioso_administrativo,capa1,regla:contencioso administrativo
329_p2367,penal,capa2,kw+objeto(2)
329_p2413,civil_comercial,capa2,objeto(1)
329_p2419,contencioso_administrativo,capa1,regla:contencioso administrativo
329_p2425,civil_comercial,capa1,regla:\ben lo comercial\b
329_p2429,contencioso_administrativo,capa2,provincia:ca
329_p2433,penal,capa1,regla:casacion penal
329_p2440,penal,capa2,kw(1)
329_p2450,penal,capa2,objeto(1)
329_p2459,penal,capa1,regla:casacion penal
329_p2465,,originaria,originaria
329_p2467,,originaria,originaria
329_p2469,,originaria,originaria
329_p2479,contencioso_administrativo,capa2,provincia:ca
329_p2485,,originaria,originaria
329_p2492,,originaria,originaria
329_p2496,ambiental,capa2,norma:24051(1)
329_p2498,previsional,capa1,regla:seguridad social
329_p2503,previsional,capa1,regla:seguridad social
329_p2508,penal,capa2,kw(1)
329_p2511,contencioso_administrativo,capa1,regla:contencioso administrativo
329_p2523,penal,capa2,norma:24767+objeto(2)
329_p2532,,pendiente_capa2,sin_ancla
329_p2539,,pendiente_capa2,sin_ancla
329_p2547,,pendiente_capa2,sin_ancla
329_p2552,contencioso_administrativo,capa2,provincia:ca
329_p2563,contencioso_administrativo,capa2,provincia:ca
329_p2567,civil_comercial,capa1,regla:civil y comercial federal
329_p2569,penal,capa1,regla:casacion penal
329_p2575,civil_comercial,capa1,regla:civil y comercial federal
329_p2584,laboral,capa1,regla:\bdel trabajo\b
329_p2588,laboral,capa1,regla:\bdel trabajo\b
329_p2591,laboral,capa1,regla:\bdel trabajo\b
329_p2596,penal,capa1,regla:casacion penal
329_p2600,,pendiente_capa2,sin_ancla
329_p2601,laboral,capa1,regla:\bdel trabajo\b
329_p2606,civil_comercial,capa1,regla:\ben lo comercial\b
329_p2610,,pendiente_capa2,sin_ancla
329_p2614,penal,capa2,objeto(1)
329_p2620,contencioso_administrativo,capa2,provincia:ca
329_p2626,civil_comercial,capa1,regla:\ben lo comercial\b
329_p2631,penal,capa1,regla:casacion penal
329_p2645,,pendiente_capa2,sin_ancla
329_p2649,civil_comercial,capa1,regla:\ben lo civil\b
329_p2655,civil_comercial,capa1,regla:\ben lo civil\b
329_p2659,tributario,capa1_refinado,refinamiento:fiscal(\bafip\b|\bdgi\b|d)
329_p2667,,pendiente_capa2,sin_ancla
329_p2672,,pendiente_capa2,sin_ancla
329_p2674,civil_comercial,capa1,regla:\ben lo civil\b
329_p2680,,originaria,originaria
329_p2684,,originaria,originaria
329_p2688,civil_comercial,capa2,objeto(1)
329_p2714,contencioso_administrativo,capa2,provincia:ca
329_p2719,contencioso_administrativo,capa2,provincia:ca
329_p2726,contencioso_administrativo,capa2,provincia:ca
329_p2729,tributario,capa2,kw+objeto(2)
329_p2731,constitucional,capa2,objeto(1)
329_p2733,contencioso_administrativo,capa2,provincia:ca
329_p2735,contencioso_administrativo,capa2,provincia:ca
329_p2737,,originaria,originaria
329_p2745,,originaria,originaria
329_p2754,contencioso_administrativo,capa2,provincia:ca
329_p2757,contencioso_administrativo,capa2,provincia:ca
329_p2759,contencioso_administrativo,capa2,provincia:ca
329_p2761,contencioso_administrativo,capa2,provincia:ca
329_p2764,,originaria,originaria
329_p2779,tributario,capa2,kw(1)
329_p2781,,pendiente_capa2,sin_ancla
329_p2784,,pendiente_capa2,sin_ancla
329_p2787,contencioso_administrativo,capa2,provincia:ca
329_p2790,,pendiente_capa2,sin_ancla
329_p2793,,pendiente_capa2,sin_ancla
329_p2796,,pendiente_capa2,sin_ancla
329_p2800,,pendiente_capa2,sin_ancla
329_p2802,,pendiente_capa2,sin_ancla
329_p2805,,pendiente_capa2,sin_ancla
329_p2808,,pendiente_capa2,sin_ancla
329_p2810,,pendiente_capa2,sin_ancla
329_p2815,penal,capa2,kw(1)
329_p2817,,pendiente_capa2,sin_ancla
329_p2819,,pendiente_capa2,sin_ancla
329_p2823,,pendiente_capa2,sin_ancla
329_p2825,previsional,capa1,regla:seguridad social
329_p2827,previsional,capa1,regla:seguridad social
329_p2829,previsional,capa2,norma:24463+parte(2)
329_p2830,previsional,capa2,objeto+parte(2)
329_p2834,previsional,capa1,regla:seguridad social
329_p2837,,pendiente_capa2,sin_ancla
329_p2844,previsional,capa1,regla:seguridad social
329_p2847,contencioso_administrativo,capa2,objeto(1)
329_p2856,previsional,capa1,regla:seguridad social
329_p2860,,pendiente_capa2,sin_ancla
329_p2864,,pendiente_capa2,sin_ancla
329_p2874,,pendiente_capa2,sin_ancla
329_p2876,civil_comercial,capa1,regla:\ben lo comercial\b
329_p2886,contencioso_administrativo,capa1,regla:contencioso administrativo
329_p2890,contencioso_administrativo,capa1,regla:contencioso administrativo
329_p2896,penal,capa1,regla:casacion penal
329_p2897,contencioso_administrativo,capa2,provincia:ca
329_p2903,contencioso_administrativo,capa2,provincia:ca
329_p2907,civil_comercial,capa1,regla:\ben lo civil\b
329_p2908,civil_comercial,capa1,regla:\ben lo civil\b
329_p2910,penal,capa1,regla:criminal y correccional
329_p2911,,originaria,originaria
329_p2916,contencioso_administrativo,capa2,provincia:ca
329_p2920,,pendiente_capa2,sin_ancla
329_p2922,,pendiente_capa2,sin_ancla
329_p2925,,originaria,originaria
329_p2929,previsional,capa1,regla:seguridad social
329_p2937,previsional,capa1,regla:seguridad social
329_p2939,previsional,capa1,regla:seguridad social
329_p2941,contencioso_administrativo,capa2,objeto(1)
329_p2944,,pendiente_capa2,sin_ancla
329_p2946,,pendiente_capa2,sin_ancla
329_p2948,penal,capa1,regla:criminal y correccional
329_p2949,contencioso_administrativo,capa2,provincia:ca
329_p2967,civil_comercial,capa1,regla:\ben lo comercial\b
329_p2975,contencioso_administrativo,capa2,provincia:ca
329_p2985,civil_comercial,capa1,regla:\ben lo civil\b
329_p2986,,pendiente_capa2,sin_ancla
329_p3006,penal,capa2,kw+objeto(2)
329_p3019,laboral,capa1,regla:\bdel trabajo\b
329_p3021,,pendiente_capa2,sin_ancla
329_p3027,,pendiente_capa2,sin_ancla
329_p3034,penal,capa2,objeto(1)
329_p3046,penal,capa2,objeto(1)
329_p3048,civil_comercial,capa1,regla:\ben lo civil\b
329_p3053,laboral,capa1,regla:\bdel trabajo\b
329_p3054,civil_comercial,capa1,regla:\ben lo civil\b
329_p3059,,originaria,originaria
329_p3065,,originaria,originaria
329_p3074,,originaria,originaria
329_p3082,,pendiente_capa2,sin_ancla
329_p3087,,pendiente_capa2,sin_ancla
329_p3089,previsional,capa1,regla:seguridad social
329_p3100,previsional,capa1,regla:seguridad social
329_p3103,,pendiente_capa2,sin_ancla
329_p3106,,pendiente_capa2,sin_ancla
329_p3109,,pendiente_capa2,sin_ancla
329_p3115,contencioso_administrativo,capa2,provincia:ca
329_p3121,,pendiente_capa2,sin_ancla
329_p3122,,pendiente_capa2,sin_ancla
329_p3127,civil_comercial,capa1,regla:\ben lo comercial\b
329_p3129,penal,capa2,objeto(1)
329_p3134,civil_comercial,capa1,regla:\ben lo comercial\b
329_p3139,penal,capa2,objeto(1)
329_p3148,civil_comercial,capa1,regla:\ben lo civil\b
329_p3162,,originaria,originaria
329_p3165,,originaria,originaria
329_p3168,civil_comercial,capa2,objeto(1)
329_p3176,,originaria,originaria
329_p3184,contencioso_administrativo,capa2,provincia:ca
329_p3190,,originaria,originaria
329_p3196,civil_comercial,capa2,objeto(1)
329_p3198,,pendiente_capa2,sin_ancla
329_p3201,,pendiente_capa2,sin_ancla
329_p3203,previsional,capa1,regla:seguridad social
329_p3207,previsional,capa1,regla:seguridad social
329_p3211,previsional,capa1,regla:seguridad social
329_p3213,previsional,capa1,regla:seguridad social
329_p3215,previsional,capa1,regla:seguridad social
329_p3218,previsional,capa1,regla:seguridad social
329_p3221,,pendiente_capa2,sin_ancla
329_p3235,penal,capa2,kw(1)
329_p3373,contencioso_administrativo,capa2,objeto(1)
329_p3388,contencioso_administrativo,capa1,regla:contencioso administrativo
329_p3399,,residual,Tribunal de Arbitraje General de la Bolsa de Comercio de Buenos Aires
329_p3400,laboral,capa1,regla:\bdel trabajo\b
329_p3403,civil_comercial,capa2,kw+objeto(2)
329_p3444,,originaria,originaria
329_p3445,ambiental,capa2,kw+norma:25675(2)
329_p3450,,pendiente_capa2,sin_ancla
329_p3452,,pendiente_capa2,sin_ancla
329_p3455,penal,capa2,objeto(1)
329_p3457,previsional,capa1,regla:seguridad social
329_p3459,contencioso_administrativo,capa2,provincia:ca
329_p3464,,pendiente_capa2,sin_ancla
329_p3470,contencioso_administrativo,capa1,regla:contencioso administrativo
329_p3478,civil_comercial,capa1,regla:civil y comercial federal
329_p3486,,pendiente_capa2,sin_ancla
329_p3488,civil_comercial,capa1,regla:\ben lo civil\b
329_p3493,ambiental,capa2,kw+norma:25675(2)
329_p3517,contencioso_administrativo,capa2,provincia:ca
329_p3519,,pendiente_capa2,sin_ancla
329_p3522,,pendiente_capa2,sin_ancla
329_p3525,penal,capa2,objeto(1)
329_p3528,ambiental,capa2,kw+norma:25675(2)
329_p3537,contencioso_administrativo,capa1,regla:contencioso administrativo
329_p3542,civil_comercial,capa1,regla:\ben lo comercial\b
329_p3546,contencioso_administrativo,capa2,objeto(1)
329_p3559,,pendiente_capa2,sin_ancla
329_p3564,,no_aplica,tipo_entrada=sumario_editorial
329_p3568,laboral,capa1,regla:\bdel trabajo\b
329_p3577,laboral,capa1,regla:\bdel trabajo\b
329_p3584,,pendiente_capa2,sin_ancla
329_p3589,contencioso_administrativo,capa1,regla:contencioso administrativo
329_p3593,civil_comercial,capa2,objeto(1)
329_p3600,,pendiente_capa2,sin_ancla
329_p3611,,pendiente_capa2,sin_ancla
329_p3616,tributario,capa2,parte(1)
329_p3617,contencioso_administrativo,capa1,regla:contencioso administrativo
329_p3644,contencioso_administrativo,capa2,provincia:ca
329_p3649,,pendiente_capa2,sin_ancla
329_p3651,contencioso_administrativo,capa1,regla:contencioso administrativo
329_p3659,civil_comercial,capa1,regla:\ben lo civil\b
329_p3666,penal,capa1,regla:penal economico
329_p3673,contencioso_administrativo,capa2,provincia:ca
329_p3680,penal,capa1,regla:casacion penal
329_p3749,,pendiente_capa2,sin_ancla
329_p3757,civil_comercial,capa1,regla:\ben lo comercial\b
329_p3761,civil_comercial,capa1,regla:\ben lo comercial\b
329_p3764,laboral,capa1,regla:\bdel trabajo\b
329_p3775,civil_comercial,capa1,regla:\ben lo civil\b
329_p3800,,pendiente_capa2,sin_ancla
329_p3806,,originaria,originaria
329_p3834,,originaria,originaria
329_p3839,,pendiente_capa2,sin_ancla
329_p3843,,pendiente_capa2,sin_ancla
329_p3846,civil_comercial,capa2,objeto(1)
329_p3848,previsional,capa1,regla:seguridad social
329_p3851,previsional,capa1,regla:seguridad social
329_p3855,previsional,capa1,regla:seguridad social
329_p3863,contencioso_administrativo,capa2,provincia:ca
329_p3869,,pendiente_capa2,sin_ancla
329_p3871,civil_comercial,capa1,regla:\ben lo civil\b
329_p3872,,originaria,originaria
329_p3879,contencioso_administrativo,capa2,provincia:ca
329_p3884,tributario,capa2,kw+norma:11683(2)
329_p3890,,originaria,originaria
329_p3894,civil_comercial,capa2,objeto(1)
329_p3905,,pendiente_capa2,sin_ancla
329_p3908,civil_comercial,capa2,kw+norma:24522(2)
329_p3910,civil_comercial,capa2,kw+norma:24522(2)
329_p3912,,pendiente_capa2,sin_ancla
329_p3914,previsional,capa2,parte(1)
329_p3917,,pendiente_capa2,sin_ancla
329_p3925,civil_comercial,capa2,objeto(1)
329_p3928,,pendiente_capa2,sin_ancla
329_p3931,civil_comercial,capa2,kw+norma:24522(2)
329_p3932,,pendiente_capa2,sin_ancla
329_p3935,,pendiente_capa2,sin_ancla
329_p3936,,pendiente_capa2,sin_ancla
329_p3940,ambiental,capa2,norma:24051(1)
329_p3942,,pendiente_capa2,sin_ancla
329_p3945,,pendiente_capa2,sin_ancla
329_p3948,penal,capa2,kw(1)
329_p3951,,pendiente_capa2,sin_ancla
329_p3954,,pendiente_capa2,sin_ancla
329_p3956,previsional,capa1,regla:seguridad social
329_p3966,civil_comercial,capa2,objeto(1)
329_p3979,,pendiente_capa2,sin_ancla
329_p3986,,pendiente_capa2,sin_ancla
329_p4007,tributario,capa2,coocur:tributario_disfrazado(desempate)
329_p4020,civil_comercial,capa1,regla:\ben lo comercial\b
329_p4026,,pendiente_capa2,sin_ancla
329_p4032,laboral,capa1,regla:\bdel trabajo\b
329_p4039,,pendiente_capa2,sin_ancla
329_p4044,civil_comercial,capa1,regla:\ben lo comercial\b
329_p4054,penal,capa1,regla:casacion penal
329_p4057,civil_comercial,capa1,regla:civil y comercial federal
329_p4058,,pendiente_capa2,sin_ancla
329_p4066,contencioso_administrativo,capa1,regla:contencioso administrativo
329_p4078,,pendiente_capa2,sin_ancla
329_p4083,penal,capa1,regla:casacion penal
329_p4087,penal,capa1,regla:penal economico
329_p4094,,pendiente_capa2,sin_ancla
329_p4096,civil_comercial,capa1,regla:\ben lo civil\b
329_p4097,,pendiente_capa2,sin_ancla
329_p4098,,pendiente_capa2,sin_ancla
329_p4099,,pendiente_capa2,sin_ancla
329_p4106,civil_comercial,capa1,regla:\ben lo civil\b
329_p4111,laboral,capa1,regla:\bdel trabajo\b
329_p4133,laboral,capa1,regla:\bdel trabajo\b
329_p4134,civil_comercial,capa1,regla:\ben lo comercial\b
329_p4135,,pendiente_capa2,sin_ancla
329_p4140,civil_comercial,capa1,regla:\ben lo civil\b
329_p4147,civil_comercial,capa2,objeto(1)
329_p4148,contencioso_administrativo,capa2,provincia:ca
329_p4150,,originaria,originaria
329_p4158,,originaria,originaria
329_p4161,tributario,capa2,norma:23548(1)
329_p4168,contencioso_administrativo,capa2,provincia:ca
329_p4170,contencioso_administrativo,capa2,provincia:ca
329_p4172,,originaria,originaria
329_p4176,,originaria,originaria
329_p4178,,originaria,originaria
329_p4181,,pendiente_capa2,sin_ancla
329_p4184,,pendiente_capa2,sin_ancla
329_p4187,tributario,capa2,parte(1)
329_p4190,,pendiente_capa2,sin_ancla
329_p4194,,pendiente_capa2,sin_ancla
329_p4196,,pendiente_capa2,sin_ancla
329_p4199,penal,capa2,kw(1)
329_p4201,,pendiente_capa2,sin_ancla
329_p4203,previsional,capa1,regla:seguridad social
329_p4206,previsional,capa1,regla:seguridad social
329_p4213,contencioso_administrativo,capa2,provincia:ca
329_p4228,previsional,capa1,regla:seguridad social
329_p4233,tributario,capa2,parte(1)
329_p4234,,pendiente_capa2,sin_ancla
329_p4241,,pendiente_capa2,sin_ancla
329_p4242,civil_comercial,capa1,regla:\ben lo civil\b
329_p4243,,pendiente_capa2,sin_ancla
329_p4245,penal,capa1,regla:casacion penal
329_p4248,penal,capa1,regla:casacion penal
329_p4255,,originaria,originaria
329_p4259,,originaria,originaria
329_p4263,contencioso_administrativo,capa2,provincia:ca
329_p4266,,originaria,originaria
329_p4271,previsional,capa1,regla:seguridad social
329_p4273,laboral,capa1,regla:\bdel trabajo\b
329_p4279,,pendiente_capa2,sin_ancla
329_p4282,civil_comercial,capa1,regla:\ben lo civil\b
329_p4284,penal,capa1,regla:casacion penal
329_p4289,civil_comercial,capa1,regla:\ben lo comercial\b
329_p4306,,pendiente_capa2,sin_ancla
329_p4309,contencioso_administrativo,capa1,regla:contencioso administrativo
329_p4334,,pendiente_capa2,sin_ancla
329_p4337,,pendiente_capa2,sin_ancla
329_p4339,penal,capa2,kw(1)
329_p4342,,pendiente_capa2,sin_ancla
329_p4345,,pendiente_capa2,sin_ancla
329_p4347,,pendiente_capa2,sin_ancla
329_p4349,previsional,capa1,regla:seguridad social
329_p4352,civil_comercial,capa1,regla:\ben lo comercial\b
329_p4355,civil_comercial,capa1,regla:\ben lo civil\b
329_p4356,,pendiente_capa2,sin_ancla
329_p4360,,pendiente_capa2,sin_ancla
329_p4369,,pendiente_capa2,sin_ancla
329_p4370,contencioso_administrativo,capa2,provincia:ca
329_p4372,contencioso_administrativo,capa2,provincia:ca
329_p4375,,originaria,originaria
329_p4379,contencioso_administrativo,capa2,provincia:ca
329_p4383,contencioso_administrativo,capa2,provincia:ca
329_p4385,,originaria,originaria
329_p4390,,originaria,originaria
329_p4394,contencioso_administrativo,capa2,provincia:ca
329_p4396,,originaria,originaria
329_p4403,consumo,capa2,norma:24240(1)
329_p4406,,pendiente_capa2,sin_ancla
329_p4409,,pendiente_capa2,sin_ancla
329_p4412,civil_comercial,capa2,kw(1)
329_p4414,,pendiente_capa2,sin_ancla
329_p4416,,pendiente_capa2,sin_ancla
329_p4418,,pendiente_capa2,sin_ancla
329_p4419,,pendiente_capa2,sin_ancla
329_p4422,previsional,capa1,regla:seguridad social
329_p4425,,pendiente_capa2,sin_ancla
329_p4426,penal,capa2,objeto(1)
329_p4430,contencioso_administrativo,capa2,objeto(1)
329_p4438,contencioso_administrativo,capa1,regla:contencioso administrativo
329_p4446,penal,capa1,regla:casacion penal
329_p4447,contencioso_administrativo,capa2,provincia:ca
329_p4449,,originaria,originaria
329_p4462,contencioso_administrativo,capa2,provincia:ca
329_p4464,contencioso_administrativo,capa2,provincia:ca
329_p4470,,originaria,originaria
329_p4476,,originaria,originaria
329_p4478,,pendiente_capa2,sin_ancla
329_p4481,,pendiente_capa2,sin_ancla
329_p4484,,pendiente_capa2,sin_ancla
329_p4486,,pendiente_capa2,sin_ancla
329_p4490,,pendiente_capa2,sin_ancla
329_p4493,,pendiente_capa2,sin_ancla
329_p4496,,pendiente_capa2,sin_ancla
329_p4500,,pendiente_capa2,sin_ancla
329_p4503,previsional,capa1,regla:seguridad social
329_p4506,civil_comercial,capa2,kw+norma:24522(2)
329_p4524,laboral,capa1,regla:\bdel trabajo\b
329_p4531,,pendiente_capa2,sin_ancla
329_p4535,contencioso_administrativo,capa1,regla:contencioso administrativo
329_p4542,contencioso_administrativo,capa1,regla:contencioso administrativo
329_p4566,contencioso_administrativo,capa2,objeto(1)
329_p4570,contencioso_administrativo,capa1,regla:contencioso administrativo
329_p4577,,pendiente_capa2,sin_ancla
329_p4584,civil_comercial,capa1,regla:\ben lo civil\b
329_p4590,tributario,capa2,parte(1)
329_p4592,,pendiente_capa2,sin_ancla
329_p4593,,pendiente_capa2,sin_ancla
329_p4622,tributario,capa2,objeto(1)
329_p4628,contencioso_administrativo,capa1,regla:contencioso administrativo
329_p4634,penal,capa1,regla:criminal y correccional
329_p4645,,pendiente_capa2,sin_ancla
329_p4652,previsional,capa2,parte(1)
329_p4659,laboral,capa1,regla:\bdel trabajo\b
329_p4663,penal,capa1,regla:casacion penal
329_p4667,contencioso_administrativo,capa2,provincia:ca
329_p4672,,pendiente_capa2,sin_ancla
329_p4677,contencioso_administrativo,capa2,provincia:ca
329_p4682,contencioso_administrativo,capa1,regla:contencioso administrativo
329_p4688,penal,capa2,kw(1)
329_p4715,civil_comercial,capa1,regla:\ben lo civil\b
329_p4717,penal,capa1,regla:criminal y correccional
329_p4729,penal,capa1,regla:criminal y correccional
329_p4730,penal,capa1,regla:penal economico
329_p4741,,pendiente_capa2,sin_ancla
329_p4755,contencioso_administrativo,capa2,provincia:ca
329_p4762,contencioso_administrativo,capa1,regla:contencioso administrativo
329_p4769,contencioso_administrativo,capa1,regla:contencioso administrativo
329_p4770,penal,capa1,regla:casacion penal
329_p4775,civil_comercial,capa1,regla:\ben lo civil\b
329_p4781,civil_comercial,capa1,regla:\ben lo civil\b
329_p4783,,pendiente_capa2,sin_ancla
329_p4789,,originaria,originaria
329_p4804,contencioso_administrativo,capa2,provincia:ca
329_p4808,contencioso_administrativo,capa2,provincia:ca
329_p4811,,originaria,originaria
329_p4815,contencioso_administrativo,capa2,provincia:ca
329_p4817,contencioso_administrativo,capa2,provincia:ca
329_p4822,,originaria,originaria
329_p4826,contencioso_administrativo,capa2,provincia:ca
329_p4829,,originaria,originaria
329_p4840,,pendiente_capa2,sin_ancla
329_p4843,cambiario,capa2,parte(1)
329_p4845,contencioso_administrativo,capa2,provincia:ca
329_p4848,,pendiente_capa2,sin_ancla
329_p4851,,originaria,originaria
329_p4855,,pendiente_capa2,sin_ancla
329_p4857,previsional,capa1,regla:seguridad social
329_p4860,previsional,capa1,regla:seguridad social
329_p4862,previsional,capa1,regla:seguridad social
329_p4865,previsional,capa1,regla:seguridad social
329_p4870,previsional,capa1,regla:seguridad social
329_p4873,previsional,capa1,regla:seguridad social
329_p4877,previsional,capa1,regla:seguridad social
329_p4891,penal,capa2,kw+objeto(2)
329_p4901,penal,capa2,objeto(1)
329_p4902,contencioso_administrativo,capa2,provincia:ca
329_p4907,penal,capa2,objeto(1)
329_p4918,civil_comercial,capa1,regla:civil y comercial federal
329_p4925,,pendiente_capa2,sin_ancla
329_p4928,,pendiente_capa2,sin_ancla
329_p4931,penal,capa2,objeto(1)
329_p4944,consumo,capa2,kw+norma:24240(2)
329_p4979,civil_comercial,capa2,objeto(1)
329_p4981,,pendiente_capa2,sin_ancla
329_p4983,,pendiente_capa2,sin_ancla
329_p4986,,pendiente_capa2,sin_ancla
329_p4988,,pendiente_capa2,sin_ancla
329_p4990,,pendiente_capa2,sin_ancla
329_p4993,civil_comercial,capa2,norma:17418(1)
329_p4995,,pendiente_capa2,sin_ancla
329_p4998,penal,capa2,kw(1)
329_p5001,,pendiente_capa2,sin_ancla
329_p5004,previsional,capa1,regla:seguridad social
329_p5007,previsional,capa1,regla:seguridad social
329_p5010,previsional,capa1,regla:seguridad social
329_p5015,previsional,capa1,regla:seguridad social
329_p5019,previsional,capa1,regla:seguridad social
329_p5023,previsional,capa1,regla:seguridad social
329_p5027,penal,capa2,norma:24767+objeto(2)
329_p5033,civil_comercial,capa2,objeto(1)
329_p5044,laboral,capa1,regla:\bdel trabajo\b
329_p5051,civil_comercial,capa1,regla:\ben lo civil\b
329_p5064,civil_comercial,capa1,regla:\ben lo comercial\b
329_p5068,tributario,capa2,kw+parte(2)
329_p5074,civil_comercial,capa1,regla:\ben lo civil\b
329_p5078,contencioso_administrativo,capa1,regla:contencioso administrativo
329_p5085,civil_comercial,capa1,regla:\ben lo comercial\b
329_p5089,penal,capa2,objeto(1)
329_p5091,penal,capa1,regla:casacion penal
329_p5094,civil_comercial,capa1,regla:\ben lo comercial\b
329_p5098,contencioso_administrativo,capa2,provincia:ca
329_p5103,,pendiente_capa2,sin_ancla
329_p5108,,pendiente_capa2,sin_ancla
329_p5115,penal,capa2,objeto(1)
329_p5123,civil_comercial,capa2,kw+norma:24522+objeto(3)
329_p5136,civil_comercial,capa1,regla:\ben lo comercial\b
329_p5138,,pendiente_capa2,sin_ancla
329_p5139,civil_comercial,capa2,norma:24901(1)
329_p5148,civil_comercial,capa1,regla:civil y comercial federal
329_p5151,,originaria,originaria
329_p5157,contencioso_administrativo,capa2,provincia:ca
329_p5160,,originaria,originaria
329_p5169,,originaria,originaria
329_p5172,contencioso_administrativo,capa2,provincia:ca
329_p5175,contencioso_administrativo,capa2,norma:23349(1)
329_p5178,,originaria,originaria
329_p5184,contencioso_administrativo,capa2,provincia:ca
329_p5187,civil_comercial,capa2,kw(1)
329_p5190,,pendiente_capa2,sin_ancla
329_p5192,penal,capa2,kw(1)
329_p5195,previsional,capa1,regla:seguridad social
329_p5198,civil_comercial,capa1,regla:civil y comercial federal
329_p5203,,pendiente_capa2,sin_ancla
329_p5210,tributario,capa1_refinado,refinamiento:fiscal(\bafip\b|\bdgi\b|d)
329_p5227,contencioso_administrativo,capa1,regla:contencioso administrativo
329_p5234,civil_comercial,capa1,regla:\ben lo comercial\b
329_p5239,,pendiente_capa2,sin_ancla
329_p5259,,pendiente_capa2,sin_ancla
329_p5261,contencioso_administrativo,capa1,regla:contencioso administrativo
329_p5265,,pendiente_capa2,sin_ancla
329_p5266,civil_comercial,capa1,regla:\ben lo civil\b
329_p5310,,pendiente_capa2,sin_ancla
329_p5316,,pendiente_capa2,sin_ancla
329_p5317,,pendiente_capa2,sin_ancla
329_p5319,,pendiente_capa2,sin_ancla
329_p5323,penal,capa1,regla:casacion penal
329_p5332,,pendiente_capa2,sin_ancla
329_p5333,,originaria,originaria
329_p5336,,originaria,originaria
329_p5343,contencioso_administrativo,capa2,provincia:ca
329_p5346,,originaria,originaria
329_p5352,,originaria,originaria
329_p5354,civil_comercial,capa2,kw+norma:24522(2)
329_p5358,,pendiente_capa2,sin_ancla
329_p5361,consumo,capa2,kw(1)
329_p5364,,pendiente_capa2,sin_ancla
329_p5366,previsional,capa1,regla:seguridad social
329_p5368,,pendiente_capa2,sin_ancla
329_p5375,,pendiente_capa2,sin_ancla
329_p5377,,pendiente_capa2,sin_ancla
329_p5382,civil_comercial,capa1,regla:civil y comercial federal
329_p5410,penal,capa1,regla:penal economico
329_p5424,penal,capa2,kw(1)
329_p5438,civil_comercial,capa1,regla:\ben lo civil\b
329_p5446,civil_comercial,capa1,regla:civil y comercial federal
329_p5448,contencioso_administrativo,capa2,provincia:ca
329_p5454,laboral,capa1,regla:\bdel trabajo\b
329_p5460,,pendiente_capa2,sin_ancla
329_p5467,civil_comercial,capa1,regla:\ben lo comercial\b
329_p5491,civil_comercial,capa1,regla:\ben lo civil\b
329_p5493,,pendiente_capa2,sin_ancla
329_p5496,,originaria,originaria
329_p5498,contencioso_administrativo,capa2,provincia:ca
329_p5502,tributario,capa2,norma:11683(1)
329_p5505,civil_comercial,capa2,norma:24522(1)
329_p5510,penal,capa2,kw(1)
329_p5512,,pendiente_capa2,sin_ancla
329_p5514,previsional,capa1,regla:seguridad social
329_p5518,previsional,capa1,regla:seguridad social
329_p5520,contencioso_administrativo,capa2,objeto(1)
329_p5525,previsional,capa1,regla:seguridad social
329_p5528,previsional,capa1,regla:seguridad social
329_p5531,contencioso_administrativo,capa2,provincia:ca
329_p5534,previsional,capa1,regla:seguridad social
329_p5543,,originaria,originaria
329_p5550,penal,capa2,objeto(1)
329_p5552,,pendiente_capa2,sin_ancla
329_p5555,,pendiente_capa2,sin_ancla
329_p5556,penal,capa1,regla:oral en lo criminal
329_p5567,,pendiente_capa2,sin_ancla
329_p5575,contencioso_administrativo,capa1,regla:contencioso administrativo
329_p5578,,pendiente_capa2,sin_ancla
329_p5579,laboral,capa1,regla:\bdel trabajo\b
329_p5581,civil_comercial,capa1,regla:civil y comercial federal
329_p5586,,pendiente_capa2,sin_ancla
329_p5590,penal,capa1,regla:criminal y correccional
329_p5594,contencioso_administrativo,capa2,provincia:ca
329_p5600,,pendiente_capa2,conflicto_capa2:civil_comercial/penal
329_p5605,penal,capa2,objeto(1)
329_p5607,,pendiente_capa2,sin_ancla
329_p5611,civil_comercial,capa1,regla:\ben lo civil\b
329_p5613,civil_comercial,capa1,regla:civil y comercial federal
329_p5614,tributario,capa2,parte(1)
329_p5615,contencioso_administrativo,capa2,provincia:ca
329_p5619,penal,capa1,regla:casacion penal
329_p5621,,pendiente_capa2,sin_ancla
329_p5628,penal,capa2,kw+objeto(2)
329_p5648,,pendiente_capa2,sin_ancla
329_p5655,,pendiente_capa2,sin_ancla
329_p5658,,originaria,originaria
329_p5661,,originaria,originaria
329_p5666,,originaria,originaria
329_p5670,,originaria,originaria
329_p5675,,originaria,originaria
329_p5681,,pendiente_capa2,sin_ancla
329_p5683,,pendiente_capa2,sin_ancla
329_p5686,penal,capa2,kw+norma:23737(2)
329_p5689,penal,capa2,objeto(1)
329_p5691,,pendiente_capa2,sin_ancla
329_p5694,,pendiente_capa2,sin_ancla
329_p5697,,pendiente_capa2,sin_ancla
329_p5699,,pendiente_capa2,sin_ancla
329_p5702,ambiental,capa2,norma:25675(1)
329_p5705,,pendiente_capa2,sin_ancla
329_p5707,,pendiente_capa2,sin_ancla
329_p5709,,pendiente_capa2,sin_ancla
329_p5711,,pendiente_capa2,sin_ancla
329_p5713,,pendiente_capa2,sin_ancla
329_p5716,,pendiente_capa2,sin_ancla
329_p5718,,pendiente_capa2,sin_ancla
329_p5720,penal,capa2,kw(1)
329_p5722,,pendiente_capa2,sin_ancla
329_p5724,penal,capa2,kw(1)
329_p5726,civil_comercial,capa2,kw+norma:24522(2)
329_p5728,,pendiente_capa2,sin_ancla
329_p5731,previsional,capa1,regla:seguridad social
329_p5734,previsional,capa1,regla:seguridad social
329_p5737,previsional,capa1,regla:seguridad social
329_p5741,,pendiente_capa2,sin_ancla
329_p5745,,pendiente_capa2,sin_ancla
329_p5749,contencioso_administrativo,capa1,regla:contencioso administrativo
329_p5755,laboral,capa1,regla:\bdel trabajo\b
329_p5762,penal,capa1,regla:casacion penal
329_p5769,previsional,capa1,regla:seguridad social
329_p5776,penal,capa1,regla:casacion penal
329_p5778,contencioso_administrativo,capa1,regla:contencioso administrativo
329_p5789,laboral,capa1,regla:\bdel trabajo\b
329_p5791,contencioso_administrativo,capa2,provincia:ca
329_p5793,contencioso_administrativo,capa2,provincia:ca
329_p5798,,originaria,originaria
329_p5809,,originaria,originaria
329_p5814,,originaria,originaria
329_p5826,contencioso_administrativo,capa2,provincia:ca
329_p5829,,originaria,originaria
329_p5836,,pendiente_capa2,sin_ancla
329_p5837,penal,capa2,kw+norma:23737(2)
329_p5839,penal,capa2,norma:23737+objeto(2)
329_p5842,,pendiente_capa2,sin_ancla
329_p5844,,pendiente_capa2,sin_ancla
329_p5846,penal,capa2,objeto(1)
329_p5848,penal,capa2,kw+objeto(2)
329_p5851,,pendiente_capa2,sin_ancla
329_p5853,,pendiente_capa2,sin_ancla
329_p5855,,pendiente_capa2,sin_ancla
329_p5857,,pendiente_capa2,sin_ancla
329_p5861,penal,capa1,regla:criminal y correccional
329_p5870,,pendiente_capa2,sin_ancla
329_p5871,penal,capa1,regla:criminal y correccional
329_p5879,penal,capa1,regla:criminal y correccional
329_p5890,civil_comercial,capa1,regla:\ben lo comercial\b
329_p5892,civil_comercial,capa1,regla:civil y comercial federal
329_p5896,,pendiente_capa2,sin_ancla
329_p5900,,pendiente_capa2,sin_ancla
329_p5902,,pendiente_capa2,sin_ancla
329_p5903,civil_comercial,capa1,regla:\ben lo comercial\b
329_p5913,contencioso_administrativo,capa1,regla:contencioso administrativo
329_p5944,civil_comercial,capa2,objeto(1)
329_p5949,civil_comercial,capa1,regla:\ben lo civil\b
329_p5950,civil_comercial,capa1,regla:\ben lo civil\b
329_p5964,civil_comercial,capa1,regla:\ben lo civil\b
329_p5966,contencioso_administrativo,capa2,provincia:ca
329_p5971,civil_comercial,capa1,regla:\ben lo civil\b
329_p5973,civil_comercial,capa1,regla:\ben lo civil\b
329_p5976,civil_comercial,capa1,regla:\ben lo civil\b
329_p5985,civil_comercial,capa1,regla:\ben lo comercial\b
329_p5989,civil_comercial,capa1,regla:\ben lo comercial\b
329_p5994,penal,capa1,regla:casacion penal
329_p6002,penal,capa1,regla:casacion penal
329_p6009,,originaria,originaria
329_p6019,penal,capa2,norma:23737(1)
329_p6030,,pendiente_capa2,sin_ancla
329_p6032,,pendiente_capa2,sin_ancla
329_p6033,,originaria,originaria
329_p6038,contencioso_administrativo,capa2,provincia:ca
329_p6042,,pendiente_capa2,sin_ancla
329_p6044,,pendiente_capa2,sin_ancla
329_p6047,penal,capa2,norma:23737(1)
329_p6050,penal,capa2,objeto(1)
329_p6053,,pendiente_capa2,sin_ancla
329_p6056,,pendiente_capa2,sin_ancla
329_p6058,penal,capa2,kw(1)
329_p6060,,pendiente_capa2,sin_ancla
329_p6064,previsional,capa1,regla:seguridad social
329_p6068,previsional,capa1,regla:seguridad social
329_p6071,previsional,capa1,regla:seguridad social
329_p6072,contencioso_administrativo,capa2,objeto(1)
329_p6076,previsional,capa1,regla:seguridad social
329_p6081,,pendiente_capa2,sin_ancla
329_p6087,contencioso_administrativo,capa1,regla:contencioso administrativo
330_p5,contencioso_administrativo,capa1,regla:contencioso administrativo
330_p16,,pendiente_capa2,sin_ancla
330_p22,ambiental,capa2,norma:25675(1)
330_p24,,pendiente_capa2,sin_ancla
330_p26,civil_comercial,capa2,kw(1)
330_p29,,pendiente_capa2,sin_ancla
330_p32,,pendiente_capa2,sin_ancla
330_p36,,pendiente_capa2,sin_ancla
330_p38,,pendiente_capa2,sin_ancla
330_p41,,pendiente_capa2,sin_ancla
330_p45,previsional,capa2,norma:24463+norma:26153+parte(3)
330_p47,,pendiente_capa2,sin_ancla
330_p48,,pendiente_capa2,sin_ancla
330_p50,,pendiente_capa2,sin_ancla
330_p51,contencioso_administrativo,capa2,coocur:corralito_emergencia
330_p53,contencioso_administrativo,capa2,provincia:ca
330_p58,civil_comercial,capa1,regla:\ben lo civil\b
330_p59,,pendiente_capa2,sin_ancla
330_p64,civil_comercial,capa1,regla:\ben lo civil\b
330_p69,civil_comercial,capa1,regla:\ben lo civil\b
330_p71,civil_comercial,capa1,regla:\ben lo civil\b
330_p76,,pendiente_capa2,sin_ancla
330_p85,penal,capa1,regla:casacion penal
330_p88,,pendiente_capa2,sin_ancla
330_p98,contencioso_administrativo,capa2,provincia:ca
330_p103,,originaria,originaria
330_p108,,originaria,originaria
330_p111,,originaria,originaria
330_p119,contencioso_administrativo,capa2,provincia:ca
330_p120,,pendiente_capa2,sin_ancla
330_p124,,pendiente_capa2,sin_ancla
330_p128,previsional,capa1,regla:seguridad social
330_p130,previsional,capa1,regla:seguridad social
330_p132,,pendiente_capa2,sin_ancla
330_p133,,pendiente_capa2,sin_ancla
330_p138,,pendiente_capa2,sin_ancla
330_p147,civil_comercial,capa2,objeto(1)
330_p152,,pendiente_capa2,sin_ancla
330_p159,civil_comercial,capa2,kw+objeto(2)
330_p164,,pendiente_capa2,sin_ancla
330_p169,contencioso_administrativo,capa2,provincia:ca
330_p170,contencioso_administrativo,capa2,provincia:ca
330_p173,,originaria,originaria
330_p178,,originaria,originaria
330_p182,contencioso_administrativo,capa2,provincia:ca
330_p185,penal,capa2,norma:23737(1)
330_p187,penal,capa2,objeto(1)
330_p191,,pendiente_capa2,sin_ancla
330_p194,,pendiente_capa2,sin_ancla
330_p198,,pendiente_capa2,sin_ancla
330_p200,,pendiente_capa2,sin_ancla
330_p202,,pendiente_capa2,sin_ancla
330_p205,,pendiente_capa2,sin_ancla
330_p208,penal,capa2,objeto(1)
330_p210,,pendiente_capa2,sin_ancla
330_p213,,pendiente_capa2,sin_ancla
330_p215,,pendiente_capa2,sin_ancla
330_p217,,pendiente_capa2,sin_ancla
330_p220,previsional,capa1,regla:seguridad social
330_p222,,no_aplica,tipo_entrada=sumario_editorial
330_p224,previsional,capa1,regla:seguridad social
330_p228,,pendiente_capa2,sin_ancla
330_p230,previsional,capa1,regla:seguridad social
330_p235,,pendiente_capa2,sin_ancla
330_p238,civil_comercial,capa1,regla:\ben lo civil\b
330_p240,,pendiente_capa2,sin_ancla
330_p243,contencioso_administrativo,capa2,provincia:ca
330_p246,civil_comercial,capa2,norma:24522(1)
330_p249,civil_comercial,capa2,norma:11723(1)
330_p251,,pendiente_capa2,sin_ancla
330_p261,penal,capa1,regla:criminal y correccional
330_p284,penal,capa1,regla:criminal y correccional
330_p287,,pendiente_capa2,sin_ancla
330_p289,civil_comercial,capa1,regla:\ben lo civil\b
330_p294,contencioso_administrativo,capa1,regla:contencioso administrativo
330_p298,penal,capa2,objeto(1)
330_p304,contencioso_administrativo,capa1,regla:contencioso administrativo
330_p331,contencioso_administrativo,capa1,regla:contencioso administrativo
330_p335,contencioso_administrativo,capa1,regla:contencioso administrativo
330_p337,laboral,capa1,regla:\bdel trabajo\b
330_p342,civil_comercial,capa2,objeto(1)
330_p345,contencioso_administrativo,capa2,provincia:ca
330_p358,penal,capa1,regla:penal economico
330_p366,,pendiente_capa2,sin_ancla
330_p372,laboral,capa1,regla:\bdel trabajo\b
330_p380,laboral,capa1,regla:\bdel trabajo\b
330_p393,penal,capa1,regla:criminal y correccional
330_p399,penal,capa1,regla:casacion penal
330_p444,contencioso_administrativo,capa2,provincia:ca
330_p452,,sui_generis,Jurado de Enjuiciamiento de Magistrados de la Nación
330_p472,civil_comercial,capa1,regla:\ben lo civil\b
330_p478,,pendiente_capa2,sin_ancla
330_p479,contencioso_administrativo,capa2,provincia:ca
330_p484,civil_comercial,capa1,regla:\ben lo comercial\b
330_p487,,pendiente_capa2,sin_ancla
330_p490,penal,capa2,objeto(1)
330_p496,,pendiente_capa2,sin_ancla
330_p499,penal,capa1,regla:casacion penal
330_p506,civil_comercial,capa1,regla:\ben lo civil\b
330_p516,civil_comercial,capa1,regla:\ben lo civil\b
330_p518,civil_comercial,capa1,regla:\ben lo civil\b
330_p519,,pendiente_capa2,sin_ancla
330_p520,,originaria,originaria
330_p524,civil_comercial,capa1,regla:\ben lo civil\b
330_p529,,pendiente_capa2,sin_ancla
330_p530,,originaria,originaria
330_p542,,originaria,originaria
330_p547,contencioso_administrativo,capa2,provincia:ca
330_p549,,originaria,originaria
330_p555,,originaria,originaria
330_p563,laboral,capa2,kw+norma:24557(2)
330_p607,contencioso_administrativo,capa2,provincia:ca
330_p610,,originaria,originaria
330_p618,contencioso_administrativo,capa2,provincia:ca
330_p619,contencioso_administrativo,capa2,provincia:ca
330_p623,,pendiente_capa2,sin_ancla
330_p625,,pendiente_capa2,sin_ancla
330_p628,,pendiente_capa2,sin_ancla
330_p631,,pendiente_capa2,sin_ancla
330_p633,,pendiente_capa2,sin_ancla
330_p635,,pendiente_capa2,sin_ancla
330_p638,penal,capa2,kw(1)
330_p640,contencioso_administrativo,capa2,provincia:ca
330_p642,civil_comercial,capa1,regla:\ben lo civil\b
330_p685,laboral,capa2,kw+norma:24557+objeto(3)
330_p692,civil_comercial,capa1,regla:\ben lo comercial\b
330_p694,,pendiente_capa2,sin_ancla
330_p702,contencioso_administrativo,capa2,provincia:ca
330_p704,tributario,capa1_refinado,refinamiento:fiscal(\bafip\b|\bdgi\b|d)
330_p713,civil_comercial,capa1,regla:\ben lo civil\b
330_p717,,pendiente_capa2,sin_ancla
330_p725,,pendiente_capa2,sin_ancla
330_p743,,originaria,originaria
330_p745,,originaria,originaria
330_p747,contencioso_administrativo,capa2,provincia:ca
330_p748,civil_comercial,capa2,objeto(1)
330_p778,civil_comercial,capa2,objeto(1)
330_p780,,originaria,originaria
330_p785,,originaria,originaria
330_p789,penal,capa2,objeto(1)
330_p798,,pendiente_capa2,sin_ancla
330_p801,,pendiente_capa2,sin_ancla
330_p803,consumo,capa2,kw(1)
330_p807,,pendiente_capa2,sin_ancla
330_p810,,pendiente_capa2,sin_ancla
330_p811,laboral,capa2,kw(1)
330_p816,,pendiente_capa2,sin_ancla
330_p818,previsional,capa1,regla:seguridad social
330_p822,previsional,capa1,regla:seguridad social
330_p826,previsional,capa1,regla:seguridad social
330_p829,previsional,capa1,regla:seguridad social
330_p834,civil_comercial,capa1,regla:\ben lo comercial\b
330_p855,civil_comercial,capa1,regla:\ben lo civil\b
330_p940,penal,capa1,regla:criminal y correccional
330_p948,contencioso_administrativo,capa1,regla:contencioso administrativo
330_p950,,pendiente_capa2,sin_ancla
330_p960,laboral,capa1,regla:\bdel trabajo\b
330_p963,penal,capa1,regla:casacion penal
330_p971,civil_comercial,capa1,regla:\ben lo comercial\b
330_p1008,civil_comercial,capa1,regla:\ben lo comercial\b
330_p1013,,pendiente_capa2,sin_ancla
330_p1016,penal,capa2,objeto(1)
330_p1025,penal,capa2,objeto(1)
330_p1026,civil_comercial,capa1,regla:\ben lo comercial\b
330_p1034,civil_comercial,capa1,regla:\ben lo civil\b
330_p1035,civil_comercial,capa1,regla:\ben lo civil\b
330_p1036,penal,capa1,regla:casacion penal
330_p1043,penal,capa1,regla:casacion penal
330_p1044,laboral,capa1,regla:\bdel trabajo\b
330_p1049,civil_comercial,capa1,regla:\ben lo comercial\b
330_p1055,civil_comercial,capa1,regla:\ben lo comercial\b
330_p1060,penal,capa1,regla:criminal y correccional
330_p1066,,pendiente_capa2,sin_ancla
330_p1072,penal,capa1,regla:casacion penal
330_p1076,,pendiente_capa2,sin_ancla
330_p1083,,pendiente_capa2,sin_ancla
330_p1088,contencioso_administrativo,capa1,regla:contencioso administrativo
330_p1094,civil_comercial,capa1,regla:\ben lo civil\b
330_p1095,penal,capa2,objeto(1)
330_p1100,,originaria,originaria
330_p1103,,originaria,originaria
330_p1110,contencioso_administrativo,capa2,provincia:ca
330_p1114,,originaria,originaria
330_p1135,,originaria,originaria
330_p1158,ambiental,capa2,norma:25675(1)
330_p1167,,pendiente_capa2,sin_ancla
330_p1169,,pendiente_capa2,sin_ancla
330_p1172,penal,capa2,norma:23737(1)
330_p1175,,pendiente_capa2,sin_ancla
330_p1179,,pendiente_capa2,sin_ancla
330_p1181,,pendiente_capa2,sin_ancla
330_p1183,civil_comercial,capa2,objeto(1)
330_p1186,penal,capa2,kw+objeto(2)
330_p1189,tributario,capa2,objeto(1)
330_p1191,previsional,capa1,regla:seguridad social
330_p1195,,pendiente_capa2,sin_ancla
330_p1205,,pendiente_capa2,sin_ancla
330_p1214,laboral,capa1,regla:\bdel trabajo\b
330_p1218,civil_comercial,capa1,regla:civil y comercial federal
330_p1221,civil_comercial,capa1,regla:civil y comercial federal
330_p1222,civil_comercial,capa1,regla:\ben lo comercial\b
330_p1228,penal,capa1,regla:casacion penal
330_p1234,penal,capa2,objeto(1)
330_p1236,contencioso_administrativo,capa1,regla:contencioso administrativo
330_p1241,contencioso_administrativo,capa1,regla:contencioso administrativo
330_p1246,,pendiente_capa2,sin_ancla
330_p1250,laboral,capa1,regla:\bdel trabajo\b
330_p1257,penal,capa1,regla:criminal y correccional
330_p1261,,originaria,originaria
330_p1271,,originaria,originaria
330_p1276,contencioso_administrativo,capa2,provincia:ca
330_p1279,,originaria,originaria
330_p1286,civil_comercial,capa2,objeto(1)
330_p1289,,pendiente_capa2,sin_ancla
330_p1291,,pendiente_capa2,sin_ancla
330_p1300,civil_comercial,capa2,kw+norma:24522+objeto(3)
330_p1303,,pendiente_capa2,sin_ancla
330_p1305,civil_comercial,capa2,kw+norma:24522(2)
330_p1307,,pendiente_capa2,sin_ancla
330_p1309,previsional,capa1,regla:seguridad social
330_p1325,contencioso_administrativo,capa1,regla:contencioso administrativo
330_p1332,civil_comercial,capa1,regla:\ben lo comercial\b
330_p1336,tributario,capa1_refinado,refinamiento:fiscal(\bafip\b|\bdgi\b|d)
330_p1350,penal,capa1,regla:casacion penal
330_p1356,contencioso_administrativo,capa2,objeto(1)
330_p1366,,pendiente_capa2,sin_ancla
330_p1369,penal,capa1,regla:criminal y correccional
330_p1375,,pendiente_capa2,sin_ancla
330_p1377,civil_comercial,capa1,regla:\ben lo comercial\b
330_p1383,civil_comercial,capa2,kw(1)
330_p1389,,pendiente_capa2,sin_ancla
330_p1393,civil_comercial,capa1,regla:\ben lo comercial\b
330_p1398,laboral,capa1,regla:\bdel trabajo\b
330_p1402,civil_comercial,capa1,regla:\ben lo comercial\b
330_p1405,,pendiente_capa2,sin_ancla
330_p1407,,pendiente_capa2,sin_ancla
330_p1417,contencioso_administrativo,capa2,provincia:ca
330_p1422,civil_comercial,capa1,regla:\ben lo comercial\b
330_p1427,tributario,capa2,norma:10397(1)
330_p1436,electoral,capa1,regla:electoral
330_p1447,,pendiente_capa2,sin_ancla
330_p1451,civil_comercial,capa1,regla:\ben lo comercial\b
330_p1457,penal,capa1,regla:casacion penal
330_p1465,penal,capa1,regla:casacion penal
330_p1469,civil_comercial,capa1,regla:\ben lo civil\b
330_p1474,civil_comercial,capa1,regla:\ben lo comercial\b
330_p1478,penal,capa2,kw+objeto(2)
330_p1491,contencioso_administrativo,capa2,provincia:ca
330_p1497,,pendiente_capa2,sin_ancla
330_p1503,civil_comercial,capa1,regla:\ben lo comercial\b
330_p1507,civil_comercial,capa1,regla:\ben lo civil\b
330_p1514,penal,capa1,regla:casacion penal
330_p1516,laboral,capa1,regla:\bdel trabajo\b
330_p1523,civil_comercial,capa1,regla:\ben lo civil\b
330_p1525,civil_comercial,capa1,regla:\ben lo civil\b
330_p1526,contencioso_administrativo,capa1,regla:contencioso administrativo
330_p1528,,pendiente_capa2,sin_ancla
330_p1529,civil_comercial,capa1,regla:\ben lo comercial\b
330_p1534,penal,capa1,regla:casacion penal
330_p1540,penal,capa1,regla:casacion penal
330_p1545,laboral,capa1,regla:\bdel trabajo\b
330_p1550,laboral,capa1,regla:\bdel trabajo\b
330_p1564,penal,capa2,objeto(1)
330_p1567,civil_comercial,capa1,regla:\ben lo comercial\b
330_p1572,civil_comercial,capa1,regla:\ben lo civil\b
330_p1578,penal,capa1,regla:casacion penal
330_p1580,,pendiente_capa2,sin_ancla
330_p1587,,pendiente_capa2,sin_ancla
330_p1599,,originaria,originaria
330_p1601,,originaria,originaria
330_p1603,contencioso_administrativo,capa2,provincia:ca
330_p1606,,originaria,originaria
330_p1608,,pendiente_capa2,sin_ancla
330_p1610,,pendiente_capa2,sin_ancla
330_p1618,penal,capa2,norma:23737(1)
330_p1620,,pendiente_capa2,sin_ancla
330_p1623,,pendiente_capa2,sin_ancla
330_p1626,civil_comercial,capa2,kw+norma:24522(2)
330_p1629,previsional,capa1,regla:seguridad social
330_p1632,previsional,capa1,regla:seguridad social
330_p1635,previsional,capa1,regla:seguridad social
330_p1642,,pendiente_capa2,sin_ancla
330_p1643,,no_aplica,tipo_entrada=sumario_editorial
330_p1644,civil_comercial,capa1,regla:\ben lo comercial\b
330_p1649,contencioso_administrativo,capa2,objeto(1)
330_p1671,,pendiente_capa2,sin_ancla
330_p1703,civil_comercial,capa1,regla:\ben lo comercial\b
330_p1708,,pendiente_capa2,sin_ancla
330_p1718,contencioso_administrativo,capa2,provincia:ca
330_p1722,laboral,capa1,regla:\bdel trabajo\b
330_p1733,laboral,capa1,regla:\bdel trabajo\b
330_p1740,laboral,capa1,regla:\bdel trabajo\b
330_p1748,civil_comercial,capa1,regla:\ben lo comercial\b
330_p1751,laboral,capa1,regla:\bdel trabajo\b
330_p1759,,no_aplica,tipo_entrada=sumario_editorial
330_p1762,civil_comercial,capa1,regla:\ben lo civil\b
330_p1763,penal,capa1,regla:penal economico
330_p1772,civil_comercial,capa1,regla:\ben lo comercial\b
330_p1777,,sui_generis,Jurado de Enjuiciamiento de Magistrados y Funcionarios de la Provincia de Buenos
330_p1785,civil_comercial,capa1,regla:\ben lo civil\b
330_p1791,contencioso_administrativo,capa2,provincia:ca
330_p1802,,originaria,originaria
330_p1804,,pendiente_capa2,sin_ancla
330_p1807,,originaria,originaria
330_p1814,,originaria,originaria
330_p1817,civil_comercial,capa2,objeto(1)
330_p1820,penal,capa2,objeto(1)
330_p1823,ambiental,capa2,norma:24051(1)
330_p1827,,pendiente_capa2,sin_ancla
330_p1829,penal,capa2,kw(1)
330_p1832,,pendiente_capa2,sin_ancla
330_p1836,,pendiente_capa2,sin_ancla
330_p1838,previsional,capa1,regla:seguridad social
330_p1844,,pendiente_capa2,sin_ancla
330_p1849,civil_comercial,capa1,regla:civil y comercial federal
330_p1854,civil_comercial,capa1,regla:\ben lo civil\b
330_p1855,civil_comercial,capa1,regla:\ben lo comercial\b
330_p1888,laboral,capa1,regla:\bdel trabajo\b
330_p1893,,pendiente_capa2,sin_ancla
330_p1895,civil_comercial,capa1,regla:\ben lo civil\b
330_p1903,laboral,capa1,regla:\bdel trabajo\b
330_p1907,,pendiente_capa2,sin_ancla
330_p1910,laboral,capa2,kw(1)
330_p1915,,originaria,originaria
330_p1918,,originaria,originaria
330_p1925,,originaria,originaria
330_p1927,,originaria,originaria
330_p1943,,pendiente_capa2,sin_ancla
330_p1945,,pendiente_capa2,sin_ancla
330_p1947,previsional,capa1,regla:seguridad social
330_p1950,previsional,capa1,regla:seguridad social
330_p1961,penal,capa1,regla:criminal y correccional
330_p1971,penal,capa1,regla:criminal y correccional
330_p1975,civil_comercial,capa1,regla:\ben lo civil\b
330_p1987,civil_comercial,capa1,regla:\ben lo civil\b
330_p1989,laboral,capa1,regla:\bdel trabajo\b
330_p2014,civil_comercial,capa1,regla:\ben lo comercial\b
330_p2017,contencioso_administrativo,capa2,provincia:ca
330_p2033,laboral,capa1,regla:\bdel trabajo\b
330_p2040,,pendiente_capa2,sin_ancla
330_p2046,,pendiente_capa2,sin_ancla
330_p2047,contencioso_administrativo,capa2,provincia:ca
330_p2049,,originaria,originaria
330_p2059,,originaria,originaria
330_p2061,tributario,capa2,kw(1)
330_p2064,,pendiente_capa2,sin_ancla
330_p2065,penal,capa1,regla:criminal y correccional
330_p2074,,pendiente_capa2,sin_ancla
330_p2081,,pendiente_capa2,sin_ancla
330_p2090,laboral,capa1,regla:\bdel trabajo\b
330_p2093,civil_comercial,capa1,regla:\ben lo comercial\b
330_p2101,contencioso_administrativo,capa2,provincia:ca
330_p2112,civil_comercial,capa2,objeto(1)
330_p2115,,pendiente_capa2,sin_ancla
330_p2122,tributario,capa2,parte(1)
330_p2131,civil_comercial,capa1,regla:\ben lo civil\b
330_p2134,civil_comercial,capa1,regla:\ben lo comercial\b
330_p2140,tributario,capa1_refinado,refinamiento:fiscal(\bafip\b|\bdgi\b|d)
330_p2146,laboral,capa1,regla:\bdel trabajo\b
330_p2151,laboral,capa1,regla:\bdel trabajo\b
330_p2168,civil_comercial,capa1,regla:\ben lo civil\b
330_p2180,laboral,capa1,regla:\bdel trabajo\b
330_p2186,tributario,capa2,parte(1)
330_p2192,contencioso_administrativo,capa2,provincia:ca
330_p2206,,pendiente_capa2,sin_ancla
330_p2215,,residual,Tribunal Arbitral de Obras Públicas
330_p2222,contencioso_administrativo,capa1,regla:contencioso administrativo
330_p2231,,pendiente_capa2,sin_ancla
330_p2234,civil_comercial,capa1,regla:\ben lo comercial\b
330_p2241,laboral,capa1,regla:\bdel trabajo\b
330_p2245,,pendiente_capa2,sin_ancla
330_p2249,,pendiente_capa2,sin_ancla
330_p2255,tributario,capa1_refinado,refinamiento:fiscal(\bafip\b|\bdgi\b|d)
330_p2265,penal,capa1,regla:casacion penal
330_p2268,,originaria,originaria
330_p2274,previsional,capa1,regla:seguridad social
330_p2277,penal,capa1,regla:criminal y correccional
330_p2284,civil_comercial,capa1,regla:\ben lo comercial\b
330_p2286,,pendiente_capa2,sin_ancla
330_p2304,contencioso_administrativo,capa1,regla:contencioso administrativo
330_p2321,,sui_generis,Consejo de la Magistratura de la Nación
330_p2323,,pendiente_capa2,sin_ancla
330_p2327,,pendiente_capa2,sin_ancla
330_p2334,contencioso_administrativo,capa2,provincia:ca
330_p2341,,pendiente_capa2,sin_ancla
330_p2342,,pendiente_capa2,sin_ancla
330_p2345,,pendiente_capa2,sin_ancla
330_p2347,contencioso_administrativo,capa2,provincia:ca
330_p2351,contencioso_administrativo,capa2,provincia:ca
330_p2361,penal,capa1,regla:casacion penal
330_p2414,,pendiente_capa2,sin_ancla
330_p2416,contencioso_administrativo,capa1,regla:contencioso administrativo
330_p2429,penal,capa2,norma:24660(1)
330_p2434,penal,capa1,regla:criminal y correccional
330_p2442,civil_comercial,capa1,regla:\ben lo civil\b
330_p2444,,pendiente_capa2,sin_ancla
330_p2445,,pendiente_capa2,sin_ancla
330_p2452,laboral,capa1,regla:\bdel trabajo\b
330_p2464,civil_comercial,capa2,objeto(1)
330_p2470,,originaria,originaria
330_p2478,,originaria,originaria
330_p2491,,pendiente_capa2,conflicto_capa2:previsional/tributario
330_p2494,civil_comercial,capa2,norma:24522(1)
330_p2498,previsional,capa1,regla:seguridad social
330_p2507,penal,capa1,regla:criminal y correccional
330_p2520,,pendiente_capa2,sin_ancla
330_p2521,civil_comercial,capa1,regla:civil y comercial federal
330_p2527,civil_comercial,capa1,regla:civil y comercial federal
330_p2533,civil_comercial,capa2,objeto(1)
330_p2548,civil_comercial,capa1,regla:\ben lo comercial\b
330_p2564,civil_comercial,capa1,regla:\ben lo comercial\b
330_p2570,contencioso_administrativo,capa2,provincia:ca
330_p2574,previsional,capa2,parte(1)
330_p2575,contencioso_administrativo,capa2,provincia:ca
330_p2584,contencioso_administrativo,capa2,provincia:ca
330_p2590,laboral,capa1,regla:\bdel trabajo\b
330_p2599,penal,capa1,regla:penal economico
330_p2610,,originaria,originaria
330_p2617,,originaria,originaria
330_p2626,penal,capa2,kw(1)
330_p2628,penal,capa2,kw+norma:24767(2)
330_p2630,penal,capa2,kw+norma:24767(2)
330_p2632,,pendiente_capa2,sin_ancla
330_p2637,,pendiente_capa2,sin_ancla
330_p2639,contencioso_administrativo,capa1,regla:contencioso administrativo
330_p2655,laboral,capa1,regla:\bdel trabajo\b
330_p2658,penal,capa1,regla:casacion penal
330_p2671,laboral,capa1,regla:\bdel trabajo\b
330_p2685,laboral,capa2,kw+norma:24557(2)
330_p2696,laboral,capa2,kw(1)
330_p2711,,residual,Tribunal Arbitral de Obras Públicas de la Nación
330_p2730,penal,capa2,objeto(1)
330_p2735,,originaria,originaria
330_p2737,,originaria,originaria
330_p2739,,originaria,originaria
330_p2746,ambiental,capa2,norma:25675(1)
330_p2748,,originaria,originaria
330_p2767,,pendiente_capa2,sin_ancla
330_p2774,,pendiente_capa2,sin_ancla
330_p2786,,pendiente_capa2,sin_ancla
330_p2792,,pendiente_capa2,sin_ancla
330_p2793,penal,capa1,regla:casacion penal
330_p2794,,pendiente_capa2,sin_ancla
330_p2795,civil_comercial,capa1,regla:\ben lo civil\b
330_p2798,previsional,capa2,norma:24463+norma:26153+objeto+parte(4)
330_p2799,previsional,capa2,objeto+parte(2)
330_p2800,contencioso_administrativo,capa2,coocur:corralito_emergencia
330_p2826,,pendiente_capa2,sin_ancla
330_p2836,penal,capa2,objeto(1)
330_p2847,,originaria,originaria
330_p2849,,originaria,originaria
330_p2877,contencioso_administrativo,capa2,provincia:ca
330_p2892,civil_comercial,capa1,regla:\ben lo civil\b
330_p2900,,pendiente_capa2,sin_ancla
330_p2902,civil_comercial,capa1,regla:\ben lo civil\b
330_p2915,civil_comercial,capa1,regla:\ben lo civil\b
330_p2921,laboral,capa1,regla:\bdel trabajo\b
330_p2927,,originaria,originaria
330_p2932,,originaria,originaria
330_p2952,,pendiente_capa2,sin_ancla
330_p2954,penal,capa2,objeto(1)
330_p2957,contencioso_administrativo,capa2,provincia:ca
330_p2961,civil_comercial,capa2,objeto(1)
330_p2964,previsional,capa1,regla:seguridad social
330_p2968,previsional,capa1,regla:seguridad social
330_p2970,previsional,capa1,regla:seguridad social
330_p2975,civil_comercial,capa1,regla:civil y comercial federal
330_p2981,civil_comercial,capa1,regla:\ben lo civil\b
330_p2992,contencioso_administrativo,capa1,regla:contencioso administrativo
330_p2999,laboral,capa2,objeto(1)
330_p3002,civil_comercial,capa1,regla:civil y comercial federal
330_p3015,tributario,capa2,norma:11683(1)
330_p3020,contencioso_administrativo,capa1,regla:contencioso administrativo
330_p3025,civil_comercial,capa1,regla:\ben lo comercial\b
330_p3028,,pendiente_capa2,sin_ancla
330_p3036,civil_comercial,capa1,regla:\ben lo civil\b
330_p3045,tributario,capa2,norma:11683+parte(2)
330_p3055,,pendiente_capa2,sin_ancla
330_p3069,contencioso_administrativo,capa1,regla:contencioso administrativo
330_p3074,civil_comercial,capa1,regla:\ben lo civil\b
330_p3092,,pendiente_capa2,sin_ancla
330_p3098,constitucional,capa2,objeto(1)
330_p3109,,originaria,originaria
330_p3126,,originaria,originaria
330_p3141,,pendiente_capa2,sin_ancla
330_p3145,previsional,capa1,regla:seguridad social
330_p3149,,pendiente_capa2,sin_ancla
330_p3160,electoral,capa1,regla:electoral
330_p3248,penal,capa1,regla:casacion penal
330_p3379,previsional,capa1,regla:seguridad social
330_p3400,previsional,capa1,regla:seguridad social
330_p3409,laboral,capa1,regla:\bdel trabajo\b
330_p3422,laboral,capa1,regla:\bdel trabajo\b
330_p3426,contencioso_administrativo,capa1,regla:contencioso administrativo
330_p3432,laboral,capa1,regla:\bdel trabajo\b
330_p3444,contencioso_administrativo,capa2,provincia:ca
330_p3447,,originaria,originaria
330_p3455,previsional,capa1,regla:seguridad social
330_p3458,previsional,capa1,regla:seguridad social
330_p3461,previsional,capa1,regla:seguridad social
330_p3463,civil_comercial,capa1,regla:\ben lo civil\b
330_p3471,civil_comercial,capa1,regla:\ben lo comercial\b
330_p3477,civil_comercial,capa1,regla:civil y comercial federal
330_p3483,civil_comercial,capa1,regla:\ben lo civil\b
330_p3494,civil_comercial,capa1,regla:\ben lo comercial\b
330_p3502,,pendiente_capa2,sin_ancla
330_p3509,penal,capa1,regla:casacion penal
330_p3513,,pendiente_capa2,sin_ancla
330_p3519,civil_comercial,capa1,regla:\ben lo comercial\b
330_p3526,penal,capa2,objeto(1)
330_p3537,,originaria,originaria
330_p3546,contencioso_administrativo,capa2,provincia:ca
330_p3549,,originaria,originaria
330_p3552,tributario,capa1_refinado,refinamiento:fiscal(\bafip\b|\bdgi\b|d)
330_p3557,tributario,capa1_refinado,refinamiento:fiscal(\bafip\b|\bdgi\b|d)
330_p3565,contencioso_administrativo,capa1,regla:contencioso administrativo
330_p3579,contencioso_administrativo,capa1,regla:contencioso administrativo
330_p3581,,pendiente_capa2,sin_ancla
330_p3582,civil_comercial,capa1,regla:\ben lo comercial\b
330_p3589,civil_comercial,capa1,regla:\ben lo civil\b
330_p3593,civil_comercial,capa1,regla:\ben lo civil\b
330_p3609,,originaria,originaria
330_p3623,contencioso_administrativo,capa2,provincia:ca
330_p3627,,pendiente_capa2,sin_ancla
330_p3630,previsional,capa1,regla:seguridad social
330_p3635,,pendiente_capa2,sin_ancla
330_p3640,penal,capa1,regla:penal economico
330_p3652,contencioso_administrativo,capa2,provincia:ca
330_p3657,civil_comercial,capa1,regla:\ben lo civil\b
330_p3659,contencioso_administrativo,capa2,provincia:ca
330_p3663,,pendiente_capa2,sin_ancla
330_p3673,penal,capa1,regla:criminal y correccional
330_p3680,contencioso_administrativo,capa1,regla:contencioso administrativo
330_p3685,,pendiente_capa2,sin_ancla
330_p3714,contencioso_administrativo,capa1,regla:contencioso administrativo
330_p3722,,pendiente_capa2,sin_ancla
330_p3723,penal,capa1,regla:casacion penal
330_p3725,civil_comercial,capa1,regla:\ben lo civil\b
330_p3758,,pendiente_capa2,sin_ancla
330_p3764,,pendiente_capa2,sin_ancla
330_p3771,civil_comercial,capa1,regla:\ben lo civil\b
330_p3773,,originaria,originaria
330_p3777,,originaria,originaria
330_p3784,laboral,capa2,norma:24557+parte(2)
330_p3787,laboral,capa1,regla:\bdel trabajo\b
330_p3793,contencioso_administrativo,capa2,provincia:ca
330_p3801,penal,capa1,regla:criminal y correccional
330_p3836,contencioso_administrativo,capa1,regla:contencioso administrativo
330_p3843,civil_comercial,capa1,regla:\ben lo civil\b
330_p3848,previsional,capa1,regla:seguridad social
330_p3853,previsional,capa1,regla:seguridad social
330_p3888,,originaria,originaria
330_p3893,contencioso_administrativo,capa2,provincia:ca
330_p3899,,originaria,originaria
330_p3904,,pendiente_capa2,sin_ancla
330_p3906,penal,capa2,norma:23737(1)
330_p3908,,originaria,originaria
330_p3977,contencioso_administrativo,capa1,regla:contencioso administrativo
330_p3994,tributario,capa1_refinado,refinamiento:fiscal(\bafip\b|\bdgi\b|d)
330_p4000,,pendiente_capa2,sin_ancla
330_p4001,civil_comercial,capa1,regla:\ben lo civil\b
330_p4015,laboral,capa1,regla:\bdel trabajo\b
330_p4024,previsional,capa1,regla:seguridad social
330_p4030,,pendiente_capa2,sin_ancla
330_p4033,penal,capa2,objeto(1)
330_p4040,penal,capa1,regla:penal economico
330_p4045,contencioso_administrativo,capa2,provincia:ca
330_p4049,contencioso_administrativo,capa2,provincia:ca
330_p4055,,originaria,originaria
330_p4062,,originaria,originaria
330_p4064,contencioso_administrativo,capa2,provincia:ca
330_p4071,tributario,capa2,objeto(1)
330_p4076,,originaria,originaria
330_p4081,,pendiente_capa2,sin_ancla
330_p4084,,pendiente_capa2,sin_ancla
330_p4090,contencioso_administrativo,capa1,regla:contencioso administrativo
330_p4094,contencioso_administrativo,capa1,regla:contencioso administrativo
330_p4101,contencioso_administrativo,capa1,regla:contencioso administrativo
330_p4103,,pendiente_capa2,sin_ancla
330_p4113,civil_comercial,capa1,regla:\ben lo comercial\b
330_p4129,civil_comercial,capa1,regla:\ben lo comercial\b
330_p4134,,originaria,originaria
330_p4144,tributario,capa2,kw(1)
330_p4160,contencioso_administrativo,capa2,provincia:ca
330_p4170,penal,capa2,norma:24767(1)
330_p4172,penal,capa1,regla:criminal y correccional
330_p4182,,pendiente_capa2,sin_ancla
330_p4195,contencioso_administrativo,capa1,regla:contencioso administrativo
330_p4199,civil_comercial,capa1,regla:\ben lo civil\b
330_p4207,civil_comercial,capa1,regla:\ben lo comercial\b
330_p4211,,sui_generis,Jurado de Enjuiciamiento de Magistrados y Funcionarios de la Provincia del Neuqu
330_p4216,contencioso_administrativo,capa2,provincia:ca
330_p4226,contencioso_administrativo,capa2,provincia:ca
330_p4234,,originaria,originaria
330_p4252,contencioso_administrativo,capa2,provincia:ca
330_p4256,contencioso_administrativo,capa2,provincia:ca
330_p4260,,pendiente_capa2,sin_ancla
330_p4263,previsional,capa1,regla:seguridad social
330_p4313,penal,capa1,regla:criminal y correccional
330_p4322,,pendiente_capa2,sin_ancla
330_p4328,,pendiente_capa2,sin_ancla
330_p4331,tributario,capa1_refinado,refinamiento:fiscal(\bafip\b|\bdgi\b|d)
330_p4337,tributario,capa2,parte(1)
330_p4338,laboral,capa1,regla:\bdel trabajo\b
330_p4345,contencioso_administrativo,capa2,provincia:ca
330_p4351,,pendiente_capa2,sin_ancla
330_p4354,civil_comercial,capa1,regla:\ben lo comercial\b
330_p4358,penal,capa2,objeto(1)
330_p4364,civil_comercial,capa1,regla:\ben lo civil\b
330_p4365,,no_aplica,tipo_entrada=sumario_editorial
330_p4368,contencioso_administrativo,capa2,provincia:ca
330_p4372,,originaria,originaria
330_p4389,,pendiente_capa2,sin_ancla
330_p4396,,pendiente_capa2,sin_ancla
330_p4399,penal,capa2,norma:24767(1)
330_p4409,,pendiente_capa2,sin_ancla
330_p4411,civil_comercial,capa1,regla:\ben lo civil\b
330_p4413,penal,capa1,regla:casacion penal
330_p4416,penal,capa1,regla:casacion penal
330_p4422,civil_comercial,capa1,regla:\ben lo comercial\b
330_p4429,laboral,capa1,regla:\bdel trabajo\b
330_p4435,laboral,capa1,regla:\bdel trabajo\b
330_p4443,civil_comercial,capa1,regla:\ben lo civil\b
330_p4445,penal,capa1,regla:penal economico
330_p4454,,pendiente_capa2,sin_ancla
330_p4459,laboral,capa1,regla:\bdel trabajo\b
330_p4464,civil_comercial,capa1,regla:\ben lo civil\b
330_p4465,penal,capa1,regla:casacion penal
330_p4469,,pendiente_capa2,sin_ancla
330_p4470,contencioso_administrativo,capa2,provincia:ca
330_p4471,,pendiente_capa2,sin_ancla
330_p4476,,pendiente_capa2,sin_ancla
330_p4483,civil_comercial,capa1,regla:\ben lo comercial\b
330_p4489,civil_comercial,capa2,objeto(1)
330_p4498,contencioso_administrativo,capa2,provincia:ca
330_p4503,contencioso_administrativo,capa1,regla:contencioso administrativo
330_p4504,,pendiente_capa2,sin_ancla
330_p4509,,pendiente_capa2,sin_ancla
330_p4511,civil_comercial,capa1,regla:\ben lo civil\b
330_p4523,contencioso_administrativo,capa2,provincia:ca
330_p4526,constitucional,capa2,objeto(1)
330_p4528,previsional,capa2,norma:24463+objeto+parte(3)
330_p4530,previsional,capa1,regla:seguridad social
330_p4534,,pendiente_capa2,sin_ancla
330_p4539,penal,capa1,regla:criminal y correccional
330_p4544,,pendiente_capa2,sin_ancla
330_p4549,,pendiente_capa2,sin_ancla
330_p4554,contencioso_administrativo,capa1,regla:contencioso administrativo
330_p4564,,originaria,originaria
330_p4585,contencioso_administrativo,capa2,provincia:ca
330_p4587,electoral,capa1,regla:electoral
330_p4590,contencioso_administrativo,capa2,provincia:ca
330_p4592,contencioso_administrativo,capa1,regla:contencioso administrativo
330_p4606,,pendiente_capa2,sin_ancla
330_p4615,,pendiente_capa2,sin_ancla
330_p4632,,pendiente_capa2,sin_ancla
330_p4633,laboral,capa1,regla:\bdel trabajo\b
330_p4647,contencioso_administrativo,capa2,provincia:ca
330_p4664,civil_comercial,capa1,regla:\ben lo comercial\b
330_p4669,,originaria,originaria
330_p4673,,originaria,originaria
330_p4678,,originaria,originaria
330_p4682,,originaria,originaria
330_p4685,previsional,capa2,norma:18037+norma:24463+norma:26153+objeto+parte(5)
330_p4687,previsional,capa1,regla:seguridad social
330_p4690,previsional,capa1,regla:seguridad social
330_p4693,contencioso_administrativo,capa1,regla:contencioso administrativo
330_p4697,civil_comercial,capa1,regla:\ben lo civil\b
330_p4703,civil_comercial,capa1,regla:\ben lo civil\b
330_p4706,laboral,capa1,regla:\bdel trabajo\b
330_p4713,contencioso_administrativo,capa1,regla:contencioso administrativo
330_p4721,laboral,capa1,regla:\bdel trabajo\b
330_p4733,civil_comercial,capa1,regla:\ben lo civil\b
330_p4735,,pendiente_capa2,sin_ancla
330_p4749,tributario,capa1_refinado,refinamiento:fiscal(\bafip\b|\bdgi\b|d)
330_p4770,contencioso_administrativo,capa2,provincia:ca
330_p4780,penal,capa2,objeto(1)
330_p4782,previsional,capa1,regla:seguridad social
330_p4786,previsional,capa1,regla:seguridad social
330_p4788,civil_comercial,capa1,regla:\ben lo civil\b
330_p4790,civil_comercial,capa1,regla:\ben lo comercial\b
330_p4792,civil_comercial,capa1,regla:\ben lo civil\b
330_p4794,civil_comercial,capa1,regla:\ben lo civil\b
330_p4796,contencioso_administrativo,capa1,regla:contencioso administrativo
330_p4797,,pendiente_capa2,sin_ancla
330_p4804,,originaria,originaria
330_p4807,,originaria,originaria
330_p4811,,originaria,originaria
330_p4820,previsional,capa1,regla:seguridad social
330_p4824,contencioso_administrativo,capa1,regla:contencioso administrativo
330_p4826,,sui_generis,Jurado de Enjuiciamiento de Magistrados de la Nación
330_p4841,,pendiente_capa2,sin_ancla
330_p4848,,originaria,originaria
330_p4851,,originaria,originaria
330_p4858,contencioso_administrativo,capa2,provincia:ca
330_p4862,previsional,capa1,regla:seguridad social
330_p4866,previsional,capa1,regla:seguridad social
330_p4875,penal,capa1,regla:casacion penal
330_p4879,,pendiente_capa2,sin_ancla
330_p4885,penal,capa1,regla:casacion penal
330_p4891,civil_comercial,capa1,regla:\ben lo civil\b
330_p4893,,originaria,originaria
330_p4896,penal,capa2,kw(1)
330_p4900,previsional,capa1,regla:seguridad social
330_p4903,previsional,capa1,regla:seguridad social
330_p4909,,pendiente_capa2,sin_ancla
330_p4914,,originaria,originaria
330_p4920,,pendiente_capa2,sin_ancla
330_p4925,,pendiente_capa2,sin_ancla
330_p4928,penal,capa1,regla:casacion penal
330_p4930,civil_comercial,capa1,regla:\ben lo comercial\b
330_p4936,laboral,capa1,regla:\bdel trabajo\b
330_p4945,contencioso_administrativo,capa2,provincia:ca
330_p4953,,originaria,originaria
330_p4960,contencioso_administrativo,capa2,provincia:ca
330_p4970,contencioso_administrativo,capa2,provincia:ca
330_p4983,,pendiente_capa2,sin_ancla
330_p4988,tributario,capa1_refinado,refinamiento:fiscal(\bafip\b|\bdgi\b|d)
330_p5010,civil_comercial,capa1,regla:\ben lo civil\b
330_p5020,,pendiente_capa2,sin_ancla
330_p5032,contencioso_administrativo,capa1,regla:contencioso administrativo
330_p5052,penal,capa2,kw(1)
330_p5064,contencioso_administrativo,capa1,regla:contencioso administrativo
330_p5070,laboral,capa1,regla:\bdel trabajo\b
330_p5082,penal,capa1,regla:criminal y correccional
330_p5088,civil_comercial,capa1,regla:\ben lo civil\b
330_p5095,,originaria,originaria
330_p5108,penal,capa1,regla:casacion penal
330_p5111,contencioso_administrativo,capa2,provincia:ca
330_p5131,civil_comercial,capa1,regla:\ben lo civil\b
330_p5139,civil_comercial,capa1,regla:civil y comercial federal
330_p5144,,originaria,originaria
330_p5158,penal,capa1,regla:casacion penal
330_p5187,,pendiente_capa2,sin_ancla
330_p5197,previsional,capa1,regla:seguridad social
330_p5201,previsional,capa1,regla:seguridad social
330_p5205,civil_comercial,capa1,regla:civil y comercial federal
330_p5212,penal,capa1,regla:casacion penal
330_p5224,civil_comercial,capa1,regla:\ben lo civil\b
330_p5226,,originaria,originaria
330_p5234,,pendiente_capa2,sin_ancla
330_p5237,contencioso_administrativo,capa1,regla:contencioso administrativo
330_p5245,penal,capa1,regla:casacion penal
330_p5251,,pendiente_capa2,sin_ancla
330_p5257,contencioso_administrativo,capa1,regla:contencioso administrativo
330_p5267,,originaria,originaria
330_p5272,civil_comercial,capa1,regla:\ben lo civil\b
330_p5279,,originaria,originaria
330_p5292,,no_aplica,tipo_entrada=sumario_editorial
330_p5294,penal,capa1,regla:casacion penal
330_p5303,previsional,capa1,regla:seguridad social
330_p5306,contencioso_administrativo,capa2,norma:21499(1)
330_p5342,previsional,capa2,norma:18037+norma:24463+objeto+parte(4)
330_p5345,civil_comercial,capa1,regla:\ben lo civil\b
330_p5404,contencioso_administrativo,capa1,regla:contencioso administrativo
330_p5425,,pendiente_capa2,sin_ancla
330_p5435,laboral,capa2,kw+norma:24557(2)
331_p7,civil_comercial,capa1,regla:civil y comercial federal
331_p13,laboral,capa2,kw+objeto(2)
331_p17,tributario,capa2,parte(1)
331_p28,penal,capa2,objeto(1)
331_p31,contencioso_administrativo,capa2,provincia:ca
331_p36,penal,capa2,objeto(1)
331_p47,tributario,capa2,parte(1)
331_p53,,pendiente_capa2,sin_ancla
331_p58,ambiental,capa2,norma:24051(1)
331_p60,,pendiente_capa2,sin_ancla
331_p62,civil_comercial,capa2,norma:11723(1)
331_p64,,pendiente_capa2,sin_ancla
331_p66,,pendiente_capa2,sin_ancla
331_p68,,pendiente_capa2,sin_ancla
331_p72,previsional,capa1,regla:seguridad social
331_p76,previsional,capa1,regla:seguridad social
331_p77,,originaria,originaria
331_p80,contencioso_administrativo,capa2,provincia:ca
331_p87,civil_comercial,capa2,norma:25798(1)
331_p89,civil_comercial,capa1,regla:\ben lo civil\b
331_p93,civil_comercial,capa1,regla:\ben lo civil\b
331_p95,civil_comercial,capa1,regla:\ben lo civil\b
331_p96,penal,capa2,objeto(1)
331_p100,tributario,capa2,parte(1)
331_p104,,pendiente_capa2,sin_ancla
331_p108,,originaria,originaria
331_p116,previsional,capa1,regla:seguridad social
331_p121,previsional,capa1,regla:seguridad social
331_p123,previsional,capa1,regla:seguridad social
331_p125,contencioso_administrativo,capa2,provincia:ca
331_p127,civil_comercial,capa1,regla:\ben lo comercial\b
331_p132,contencioso_administrativo,capa1,regla:contencioso administrativo
331_p144,contencioso_administrativo,capa1,regla:contencioso administrativo
331_p147,civil_comercial,capa2,objeto(1)
331_p162,penal,capa2,kw(1)
331_p183,,originaria,originaria
331_p194,,originaria,originaria
331_p202,,originaria,originaria
331_p211,penal,capa2,kw(1)
331_p230,,pendiente_capa2,sin_ancla
331_p232,previsional,capa1,regla:seguridad social
331_p238,previsional,capa2,norma:18037+norma:24463+objeto+parte(4)
331_p240,previsional,capa2,norma:24241+norma:24463+norma:26153+objeto+parte(5)
331_p241,laboral,capa1,regla:\bdel trabajo\b
331_p250,laboral,capa1,regla:\bdel trabajo\b
331_p262,,pendiente_capa2,sin_ancla
331_p266,,pendiente_capa2,sin_ancla
331_p281,laboral,capa1,regla:\bdel trabajo\b
331_p287,contencioso_administrativo,capa1,regla:contencioso administrativo
331_p293,civil_comercial,capa1,regla:\ben lo civil\b
331_p299,,pendiente_capa2,sin_ancla
331_p303,laboral,capa1,regla:\bdel trabajo\b
331_p310,,originaria,originaria
331_p322,,originaria,originaria
331_p337,,originaria,originaria
331_p352,contencioso_administrativo,capa2,provincia:ca
331_p355,contencioso_administrativo,capa2,provincia:ca
331_p357,civil_comercial,capa2,objeto(1)
331_p360,,pendiente_capa2,sin_ancla
331_p364,,originaria,originaria
331_p368,previsional,capa1,regla:seguridad social
331_p371,previsional,capa1,regla:seguridad social
331_p373,,pendiente_capa2,sin_ancla
331_p379,civil_comercial,capa1,regla:\ben lo civil\b
331_p382,,originaria,originaria
331_p391,contencioso_administrativo,capa2,provincia:ca
331_p400,,originaria,originaria
331_p410,,originaria,originaria
331_p415,previsional,capa1,regla:seguridad social
331_p419,civil_comercial,capa1,regla:\ben lo civil\b
331_p422,,residual,Tribunal de Arbitraje General de la Bolsa de Comercio
331_p423,penal,capa2,objeto(1)
331_p427,penal,capa2,kw(1)
331_p430,previsional,capa1,regla:seguridad social
331_p432,previsional,capa1,regla:seguridad social
331_p434,,pendiente_capa2,sin_ancla
331_p436,,pendiente_capa2,sin_ancla
331_p439,penal,capa2,norma:24767(1)
331_p446,penal,capa2,objeto(1)
331_p453,civil_comercial,capa1,regla:civil y comercial federal
331_p462,civil_comercial,capa1,regla:\ben lo civil\b
331_p466,previsional,capa1,regla:seguridad social
331_p472,penal,capa1,regla:casacion penal
331_p477,,pendiente_capa2,sin_ancla
331_p488,,pendiente_capa2,sin_ancla
331_p496,,pendiente_capa2,sin_ancla
331_p499,civil_comercial,capa1,regla:\ben lo civil\b
331_p505,penal,capa2,kw+norma:23737+objeto(3)
331_p519,penal,capa1,regla:casacion penal
331_p525,penal,capa1,regla:casacion penal
331_p530,electoral,capa1,regla:electoral
331_p536,contencioso_administrativo,capa2,objeto(1)
331_p548,,pendiente_capa2,sin_ancla
331_p549,electoral,capa1,regla:electoral
331_p563,civil_comercial,capa1,regla:\ben lo comercial\b
331_p570,laboral,capa2,kw+norma:24557+parte(3)
331_p583,laboral,capa1,regla:\bdel trabajo\b
331_p588,laboral,capa1,regla:\bdel trabajo\b
331_p592,,pendiente_capa2,sin_ancla
331_p597,,sui_generis,Tribunal de Enjuiciamiento de Magistrados y Miembros del Ministerio Público de l
331_p600,penal,capa2,kw(1)
331_p608,penal,capa2,norma:24767+objeto(2)
331_p622,contencioso_administrativo,capa2,provincia:ca
331_p632,,pendiente_capa2,sin_ancla
331_p636,penal,capa2,objeto(1)
331_p699,,originaria,originaria
331_p710,,originaria,originaria
331_p718,tributario,capa2,kw+norma:23548(2)
331_p735,laboral,capa1,regla:\bdel trabajo\b
331_p744,civil_comercial,capa2,objeto(1)
331_p748,consumo,capa2,norma:24240(1)
331_p752,previsional,capa2,parte(1)
331_p756,,pendiente_capa2,sin_ancla
331_p760,,pendiente_capa2,sin_ancla
331_p765,previsional,capa1,regla:seguridad social
331_p769,previsional,capa1,regla:seguridad social
331_p776,previsional,capa1,regla:seguridad social
331_p781,contencioso_administrativo,capa2,provincia:ca
331_p789,contencioso_administrativo,capa2,provincia:ca
331_p793,,originaria,originaria
331_p804,previsional,capa1,regla:seguridad social
331_p809,previsional,capa2,objeto+parte(2)
331_p810,,pendiente_capa2,sin_ancla
331_p819,civil_comercial,capa1,regla:\ben lo civil\b
331_p831,tributario,capa1_refinado,refinamiento:fiscal(\bafip\b|\bdgi\b|d)
331_p843,civil_comercial,capa1,regla:\ben lo civil\b
331_p846,contencioso_administrativo,capa2,provincia:ca
331_p851,,pendiente_capa2,sin_ancla
331_p854,,pendiente_capa2,sin_ancla
331_p856,,pendiente_capa2,sin_ancla
331_p858,penal,capa1,regla:casacion penal
331_p866,electoral,capa1,regla:electoral
331_p881,contencioso_administrativo,capa1,regla:contencioso administrativo
331_p886,civil_comercial,capa1,regla:\ben lo comercial\b
331_p901,contencioso_administrativo,capa1,regla:contencioso administrativo
331_p916,,pendiente_capa2,sin_ancla
331_p923,,pendiente_capa2,sin_ancla
331_p926,civil_comercial,capa1,regla:\ben lo civil\b
331_p933,civil_comercial,capa1,regla:\ben lo civil\b
331_p941,civil_comercial,capa1,regla:\ben lo civil\b
331_p964,civil_comercial,capa2,objeto(1)
331_p973,laboral,capa1,regla:\bdel trabajo\b
331_p978,,pendiente_capa2,sin_ancla
331_p989,,pendiente_capa2,sin_ancla
331_p994,,originaria,originaria
331_p1004,,pendiente_capa2,sin_ancla
331_p1007,previsional,capa1,regla:seguridad social
331_p1013,contencioso_administrativo,capa2,provincia:ca
331_p1024,civil_comercial,capa1,regla:\ben lo civil\b
331_p1028,civil_comercial,capa1,regla:\ben lo civil\b
331_p1036,civil_comercial,capa1,regla:\ben lo civil\b
331_p1040,civil_comercial,capa1,regla:\ben lo civil\b
331_p1085,civil_comercial,capa1,regla:\ben lo civil\b
331_p1090,penal,capa2,kw+objeto(2)
331_p1099,penal,capa1,regla:casacion penal
331_p1105,civil_comercial,capa1,regla:\ben lo civil\b
331_p1108,penal,capa1,regla:casacion penal
331_p1116,previsional,capa1,regla:seguridad social
331_p1120,civil_comercial,capa1,regla:\ben lo civil\b
331_p1123,contencioso_administrativo,capa2,provincia:ca
331_p1171,civil_comercial,capa1,regla:\ben lo comercial\b
331_p1176,penal,capa1,regla:casacion penal
331_p1178,,pendiente_capa2,sin_ancla
331_p1186,contencioso_administrativo,capa1,regla:contencioso administrativo
331_p1199,,originaria,originaria
331_p1212,previsional,capa1,regla:seguridad social
331_p1215,previsional,capa1,regla:seguridad social
331_p1224,penal,capa2,norma:23737(1)
331_p1227,,pendiente_capa2,sin_ancla
331_p1231,ambiental,capa2,norma:24051(1)
331_p1234,,originaria,originaria
331_p1243,,originaria,originaria
331_p1255,previsional,capa1,regla:seguridad social
331_p1262,,originaria,originaria
331_p1282,previsional,capa1,regla:seguridad social
331_p1284,contencioso_administrativo,capa1,regla:contencioso administrativo
331_p1287,civil_comercial,capa1,regla:\ben lo civil\b
331_p1293,laboral,capa1,regla:\bdel trabajo\b
331_p1302,,originaria,originaria
331_p1312,,originaria,originaria
331_p1329,previsional,capa2,norma:18037+norma:24463+norma:26153+objeto+parte(5)
331_p1332,,pendiente_capa2,sin_ancla
331_p1336,civil_comercial,capa2,objeto(1)
331_p1344,civil_comercial,capa2,objeto(1)
331_p1352,penal,capa2,objeto(1)
331_p1364,,originaria,originaria
331_p1369,contencioso_administrativo,capa1,regla:contencioso administrativo
331_p1382,,pendiente_capa2,sin_ancla
331_p1387,contencioso_administrativo,capa2,provincia:ca
331_p1397,,pendiente_capa2,sin_ancla
331_p1399,previsional,capa1,regla:seguridad social
331_p1403,tributario,capa2,parte(1)
331_p1412,,originaria,originaria
331_p1427,,originaria,originaria
331_p1429,contencioso_administrativo,capa1,regla:contencioso administrativo
331_p1432,,originaria,originaria
331_p1434,tributario,capa1_refinado,refinamiento:fiscal(\bafip\b|\bdgi\b|d)
331_p1441,contencioso_administrativo,capa1,regla:contencioso administrativo
331_p1449,civil_comercial,capa1,regla:civil y comercial federal
331_p1455,laboral,capa1,regla:\bdel trabajo\b
331_p1468,contencioso_administrativo,capa2,provincia:ca
331_p1478,previsional,capa1,regla:seguridad social
331_p1481,previsional,capa1,regla:seguridad social
331_p1486,,pendiente_capa2,sin_ancla
331_p1488,laboral,capa1,regla:\bdel trabajo\b
331_p1496,previsional,capa1,regla:seguridad social
331_p1500,,originaria,originaria
331_p1502,laboral,capa1,regla:\bdel trabajo\b
331_p1510,laboral,capa1,regla:\bdel trabajo\b
331_p1516,,pendiente_capa2,sin_ancla
331_p1519,civil_comercial,capa1,regla:civil y comercial federal
331_p1524,,pendiente_capa2,sin_ancla
331_p1528,previsional,capa2,norma:18037+norma:24463+parte(3)
331_p1530,civil_comercial,capa1,regla:\ben lo civil\b
331_p1581,previsional,capa1,regla:seguridad social
331_p1583,contencioso_administrativo,capa1,regla:contencioso administrativo
331_p1592,,pendiente_capa2,sin_ancla
331_p1596,contencioso_administrativo,capa1,regla:contencioso administrativo
331_p1605,penal,capa1,regla:penal economico
331_p1611,,originaria,originaria
331_p1620,previsional,capa2,norma:18037+norma:24463+objeto+parte(4)
331_p1622,,originaria,originaria
331_p1646,laboral,capa1,regla:\bdel trabajo\b
331_p1651,previsional,capa1,regla:seguridad social
331_p1654,,pendiente_capa2,sin_ancla
331_p1655,civil_comercial,capa1,regla:\ben lo comercial\b
331_p1658,previsional,capa1,regla:seguridad social
331_p1660,contencioso_administrativo,capa2,provincia:ca
331_p1664,,pendiente_capa2,sin_ancla
331_p1672,previsional,capa2,parte(1)
331_p1674,penal,capa2,objeto(1)
331_p1676,,originaria,originaria
331_p1679,,originaria,originaria
331_p1690,civil_comercial,capa2,kw+objeto(2)
331_p1701,,originaria,originaria
331_p1712,contencioso_administrativo,capa1,regla:contencioso administrativo
331_p1715,contencioso_administrativo,capa1,regla:contencioso administrativo
331_p1730,contencioso_administrativo,capa1,regla:contencioso administrativo
331_p1744,penal,capa2,objeto(1)
331_p1750,,originaria,originaria
331_p1755,penal,capa2,norma:24660(1)
331_p1765,,pendiente_capa2,sin_ancla
331_p1771,contencioso_administrativo,capa1,regla:contencioso administrativo
331_p1784,penal,capa2,kw(1)
331_p1804,civil_comercial,capa1,regla:\ben lo comercial\b
331_p1815,laboral,capa1,regla:\bdel trabajo\b
331_p1846,laboral,capa1,regla:\bdel trabajo\b
331_p1854,civil_comercial,capa2,objeto(1)
331_p1859,,pendiente_capa2,sin_ancla
331_p1865,civil_comercial,capa1,regla:\ben lo civil\b
331_p1869,civil_comercial,capa2,objeto(1)
331_p1873,previsional,capa1,regla:seguridad social
331_p1890,,pendiente_capa2,sin_ancla
331_p1900,,pendiente_capa2,sin_ancla
331_p1906,,pendiente_capa2,sin_ancla
331_p1910,,pendiente_capa2,sin_ancla
331_p1917,civil_comercial,capa1,regla:civil y comercial federal
331_p1927,laboral,capa1,regla:\bdel trabajo\b
331_p1942,contencioso_administrativo,capa1,regla:contencioso administrativo
331_p1985,contencioso_administrativo,capa2,provincia:ca
331_p1987,,pendiente_capa2,sin_ancla
331_p2002,contencioso_administrativo,capa1,regla:contencioso administrativo
331_p2006,contencioso_administrativo,capa1,regla:contencioso administrativo
331_p2047,civil_comercial,capa1,regla:\ben lo civil\b
331_p2068,tributario,capa2,parte(1)
331_p2077,penal,capa1,regla:casacion penal
331_p2088,previsional,capa1,regla:seguridad social
331_p2094,previsional,capa1,regla:seguridad social
331_p2099,,originaria,originaria
331_p2104,,pendiente_capa2,sin_ancla
331_p2109,civil_comercial,capa1,regla:\ben lo civil\b
331_p2119,,originaria,originaria
331_p2129,civil_comercial,capa1,regla:\ben lo comercial\b
331_p2135,contencioso_administrativo,capa2,provincia:ca
331_p2149,laboral,capa1,regla:\bdel trabajo\b
331_p2156,,pendiente_capa2,sin_ancla
331_p2163,previsional,capa1,regla:seguridad social
331_p2166,previsional,capa2,norma:24463+objeto+parte(3)
331_p2169,laboral,capa1,regla:\bdel trabajo\b
331_p2174,laboral,capa1,regla:\bdel trabajo\b
331_p2178,,originaria,originaria
331_p2195,,pendiente_capa2,sin_ancla
331_p2202,penal,capa2,kw+norma:24767+objeto(3)
331_p2217,,pendiente_capa2,sin_ancla
331_p2223,ambiental,capa2,norma:25675(1)
331_p2231,previsional,capa2,parte(1)
331_p2237,contencioso_administrativo,capa2,provincia:ca
331_p2240,previsional,capa1,regla:seguridad social
331_p2246,previsional,capa1,regla:seguridad social
331_p2249,penal,capa1,regla:criminal y correccional
331_p2257,,pendiente_capa2,sin_ancla
331_p2266,contencioso_administrativo,capa1,regla:contencioso administrativo
331_p2271,civil_comercial,capa2,objeto(1)
331_p2280,civil_comercial,capa2,objeto(1)
331_p2283,contencioso_administrativo,capa1,regla:contencioso administrativo
331_p2285,penal,capa1,regla:casacion penal
331_p2287,contencioso_administrativo,capa2,provincia:ca
331_p2290,,originaria,originaria
331_p2293,civil_comercial,capa1,regla:civil y comercial federal
331_p2298,penal,capa2,norma:24767(1)
331_p2302,penal,capa2,kw(1)
331_p2305,civil_comercial,capa1,regla:\ben lo comercial\b
331_p2309,penal,capa1,regla:casacion penal
331_p2316,contencioso_administrativo,capa1,regla:contencioso administrativo
331_p2319,penal,capa2,objeto(1)
331_p2325,tributario,capa1_refinado,refinamiento:fiscal(\bafip\b|\bdgi\b|d)
331_p2331,penal,capa1,regla:criminal y correccional
331_p2336,penal,capa1,regla:casacion penal
331_p2343,penal,capa1,regla:casacion penal
331_p2353,previsional,capa1,regla:seguridad social
331_p2359,contencioso_administrativo,capa1,regla:contencioso administrativo
331_p2363,penal,capa2,norma:24767(1)
331_p2366,laboral,capa1,regla:\bdel trabajo\b
331_p2376,penal,capa1,regla:criminal y correccional
331_p2382,contencioso_administrativo,capa1,regla:contencioso administrativo
331_p2406,contencioso_administrativo,capa1,regla:contencioso administrativo
331_p2449,,pendiente_capa2,sin_ancla
331_p2453,contencioso_administrativo,capa1,regla:contencioso administrativo
331_p2462,penal,capa1,regla:casacion penal
331_p2466,laboral,capa1,regla:\bdel trabajo\b
331_p2470,contencioso_administrativo,capa2,provincia:ca
331_p2473,civil_comercial,capa1,regla:\ben lo civil\b
331_p2480,previsional,capa1,regla:seguridad social
331_p2485,tributario,capa1_refinado,refinamiento:fiscal(\bafip\b|\bdgi\b|d)
331_p2491,civil_comercial,capa1,regla:\ben lo civil\b
331_p2494,laboral,capa1,regla:\bdel trabajo\b
331_p2499,laboral,capa1,regla:\bdel trabajo\b
331_p2515,civil_comercial,capa1,regla:\ben lo comercial\b
331_p2520,penal,capa1,regla:casacion penal
331_p2526,,originaria,originaria
331_p2528,,originaria,originaria
331_p2534,,originaria,originaria
331_p2538,previsional,capa2,norma:18037+norma:24463+norma:26153+objeto+parte(5)
331_p2545,previsional,capa1,regla:seguridad social
331_p2550,contencioso_administrativo,capa1,regla:contencioso administrativo
331_p2561,tributario,capa2,parte(1)
331_p2562,contencioso_administrativo,capa2,provincia:ca
331_p2567,civil_comercial,capa1,regla:\ben lo civil\b
331_p2573,contencioso_administrativo,capa1,regla:contencioso administrativo
331_p2578,civil_comercial,capa1,regla:\ben lo civil\b
331_p2583,civil_comercial,capa1,regla:\ben lo civil\b
331_p2586,contencioso_administrativo,capa2,provincia:ca
331_p2590,civil_comercial,capa1,regla:\ben lo comercial\b
331_p2603,civil_comercial,capa2,objeto(1)
331_p2608,previsional,capa1,regla:seguridad social
331_p2614,contencioso_administrativo,capa1,regla:contencioso administrativo
331_p2621,,pendiente_capa2,sin_ancla
331_p2628,civil_comercial,capa1,regla:civil y comercial federal
331_p2633,,pendiente_capa2,sin_ancla
331_p2638,,originaria,originaria
331_p2649,tributario,capa1_refinado,refinamiento:fiscal(\bafip\b|\bdgi\b|d)
331_p2652,,pendiente_capa2,sin_ancla
331_p2656,tributario,capa2,norma:11683(1)
331_p2663,contencioso_administrativo,capa1,regla:contencioso administrativo
331_p2672,tributario,capa1_refinado,refinamiento:fiscal(\bafip\b|\bdgi\b|d)
331_p2685,,pendiente_capa2,sin_ancla
331_p2691,penal,capa1,regla:casacion penal
331_p2715,laboral,capa1,regla:\bdel trabajo\b
331_p2720,penal,capa2,norma:23737(1)
331_p2728,penal,capa1,regla:criminal y correccional
331_p2737,tributario,capa2,norma:11683+parte(2)
331_p2745,civil_comercial,capa1,regla:\ben lo civil\b
331_p2759,previsional,capa2,norma:24241+parte(2)
331_p2765,laboral,capa1,regla:\bdel trabajo\b
331_p2769,,originaria,originaria
331_p2777,,originaria,originaria
331_p2784,,originaria,originaria
331_p2797,,originaria,originaria
331_p2799,penal,capa1,regla:casacion penal
331_p2822,tributario,capa2,parte(1)
331_p2827,penal,capa1,regla:casacion penal
331_p2833,penal,capa1,regla:casacion penal
331_p2839,laboral,capa1,regla:\bdel trabajo\b
331_p2844,civil_comercial,capa1,regla:\ben lo civil\b
331_p2848,tributario,capa1_refinado,refinamiento:fiscal(\bafip\b|\bdgi\b|d)
331_p2858,contencioso_administrativo,capa1,regla:contencioso administrativo
331_p2862,penal,capa1,regla:casacion penal
331_p2876,,originaria,originaria
331_p2878,,originaria,originaria
331_p2889,,originaria,originaria
331_p2893,,originaria,originaria
331_p2898,civil_comercial,capa1,regla:\ben lo civil\b
331_p2902,civil_comercial,capa1,regla:\ben lo civil\b
331_p2907,,originaria,originaria
331_p2910,,originaria,originaria
331_p2913,,originaria,originaria
331_p2919,,originaria,originaria
331_p2925,,originaria,originaria
332_p5,penal,capa2,kw(1)
332_p12,contencioso_administrativo,capa2,provincia:ca
332_p21,,pendiente_capa2,sin_ancla
332_p28,penal,capa1,regla:criminal y correccional
332_p33,,originaria,originaria
332_p47,,pendiente_capa2,sin_ancla
332_p51,,pendiente_capa2,conflicto_capa2:cambiario/penal_cambiario
332_p58,laboral,capa2,kw+norma:24557(2)
332_p60,previsional,capa1,regla:seguridad social
332_p66,,originaria,originaria
332_p89,laboral,capa1,regla:\bdel trabajo\b
332_p97,,originaria,originaria
332_p102,consumo,capa2,kw(1)
332_p105,civil_comercial,capa1,regla:\ben lo comercial\b
332_p111,contencioso_administrativo,capa1,regla:contencioso administrativo
332_p155,,pendiente_capa2,sin_ancla
332_p161,,pendiente_capa2,sin_ancla
332_p166,,pendiente_capa2,sin_ancla
332_p170,laboral,capa1,regla:\bdel trabajo\b
332_p193,laboral,capa2,kw+norma:24557(3)
332_p208,civil_comercial,capa2,objeto(1)
332_p211,,pendiente_capa2,conflicto_capa2:civil_comercial/laboral
332_p212,,originaria,originaria
332_p238,civil_comercial,capa2,objeto(1)
332_p244,civil_comercial,capa2,kw+norma:24522(2)
332_p249,,pendiente_capa2,sin_ancla
332_p253,civil_comercial,capa1,regla:\ben lo comercial\b
332_p271,civil_comercial,capa2,kw(1)
332_p274,,pendiente_capa2,sin_ancla
332_p276,laboral,capa2,norma:24557(1)
332_p279,,pendiente_capa2,sin_ancla
332_p281,penal,capa2,objeto(1)
332_p284,,pendiente_capa2,sin_ancla
332_p287,,pendiente_capa2,sin_ancla
332_p291,previsional,capa1,regla:seguridad social
332_p297,penal,capa2,kw+norma:24767+objeto(3)
332_p306,contencioso_administrativo,capa1,regla:contencioso administrativo
332_p324,civil_comercial,capa1,regla:\ben lo comercial\b
332_p330,,pendiente_capa2,sin_ancla
332_p332,,pendiente_capa2,sin_ancla
332_p335,laboral,capa1,regla:\bdel trabajo\b
332_p343,tributario,capa1_refinado,refinamiento:fiscal(\bafip\b|\bdgi\b|d)
332_p347,tributario,capa1_refinado,refinamiento:fiscal(\bafip\b|\bdgi\b|d)
332_p351,penal,capa1,regla:criminal y correccional
332_p357,contencioso_administrativo,capa1,regla:contencioso administrativo
332_p363,civil_comercial,capa1,regla:civil y comercial federal
332_p370,civil_comercial,capa1,regla:\ben lo civil\b
332_p373,civil_comercial,capa1,regla:\ben lo civil\b
332_p377,civil_comercial,capa1,regla:\ben lo comercial\b
332_p387,laboral,capa1,regla:\bdel trabajo\b
332_p391,penal,capa2,objeto(1)
332_p394,contencioso_administrativo,capa2,objeto(1)
332_p399,salud,capa2,coocur:salud_amparo
332_p405,civil_comercial,capa2,objeto(1)
332_p422,penal,capa1,regla:casacion penal
332_p424,civil_comercial,capa1,regla:\ben lo civil\b
332_p426,civil_comercial,capa1,regla:\ben lo comercial\b
332_p433,electoral,capa1,regla:electoral
332_p459,,pendiente_capa2,sin_ancla
332_p460,contencioso_administrativo,capa1,regla:contencioso administrativo
332_p466,civil_comercial,capa1,regla:\ben lo comercial\b
332_p479,civil_comercial,capa1,regla:\ben lo comercial\b
332_p494,penal,capa2,objeto(1)
332_p500,laboral,capa1,regla:\bdel trabajo\b
332_p504,civil_comercial,capa1,regla:\ben lo comercial\b
332_p507,penal,capa1,regla:casacion penal
332_p512,penal,capa1,regla:casacion penal
332_p523,,pendiente_capa2,sin_ancla
332_p525,tributario,capa1_refinado,refinamiento:fiscal(\bafip\b|\bdgi\b|d)
332_p531,tributario,capa2,kw(1)
332_p548,,originaria,originaria
332_p552,,pendiente_capa2,conflicto_capa2:civil_comercial/penal
332_p582,ambiental,capa2,kw+norma:25675(2)
332_p585,contencioso_administrativo,capa1,regla:contencioso administrativo
332_p588,civil_comercial,capa1,regla:\ben lo civil\b
332_p591,civil_comercial,capa1,regla:\ben lo civil\b
332_p595,civil_comercial,capa2,objeto(1)
332_p602,civil_comercial,capa1,regla:\ben lo civil\b
332_p607,contencioso_administrativo,capa1,regla:contencioso administrativo
332_p611,contencioso_administrativo,capa1,regla:contencioso administrativo
332_p616,civil_comercial,capa1,regla:\ben lo comercial\b
332_p622,,pendiente_capa2,sin_ancla
332_p627,civil_comercial,capa1,regla:civil y comercial federal
332_p640,,originaria,originaria
332_p663,,originaria,originaria
332_p669,,pendiente_capa2,sin_ancla
332_p672,,pendiente_capa2,sin_ancla
332_p674,contencioso_administrativo,capa1,regla:contencioso administrativo
332_p700,,pendiente_capa2,sin_ancla
332_p709,laboral,capa1,regla:\bdel trabajo\b
332_p731,previsional,capa1,regla:seguridad social
332_p737,civil_comercial,capa1,regla:\ben lo comercial\b
332_p752,contencioso_administrativo,capa1,regla:contencioso administrativo
332_p761,,pendiente_capa2,sin_ancla
332_p764,civil_comercial,capa1,regla:\ben lo civil\b
332_p767,contencioso_administrativo,capa1,regla:contencioso administrativo
332_p770,tributario,capa2,parte(1)
332_p777,civil_comercial,capa1,regla:\ben lo comercial\b
332_p797,civil_comercial,capa1,regla:\ben lo civil\b
332_p800,,originaria,originaria
332_p807,,pendiente_capa2,sin_ancla
332_p810,,pendiente_capa2,sin_ancla
332_p813,previsional,capa1,regla:seguridad social
332_p818,penal,capa1,regla:casacion penal
332_p820,contencioso_administrativo,capa1,regla:contencioso administrativo
332_p826,tributario,capa2,objeto(1)
332_p830,contencioso_administrativo,capa1,regla:contencioso administrativo
332_p837,laboral,capa1,regla:\bdel trabajo\b
332_p846,,pendiente_capa2,sin_ancla
332_p850,previsional,capa1,regla:seguridad social
332_p852,previsional,capa2,norma:18037+norma:24463+norma:26153+objeto+parte(5)
332_p854,civil_comercial,capa1,regla:\ben lo civil\b
332_p857,laboral,capa1,regla:\bdel trabajo\b
332_p862,civil_comercial,capa1,regla:\ben lo civil\b
332_p867,ambiental,capa2,norma:24051(1)
332_p869,civil_comercial,capa1,regla:\ben lo civil\b
332_p873,civil_comercial,capa1,regla:\ben lo civil\b
332_p875,contencioso_administrativo,capa1,regla:contencioso administrativo
332_p877,contencioso_administrativo,capa2,provincia:ca
332_p885,civil_comercial,capa1,regla:\ben lo comercial\b
332_p892,civil_comercial,capa1,regla:\ben lo comercial\b
332_p897,,originaria,originaria
332_p900,,pendiente_capa2,sin_ancla
332_p903,,pendiente_capa2,sin_ancla
332_p908,,pendiente_capa2,conflicto_capa2:civil_comercial/penal
332_p911,civil_comercial,capa2,norma:24522(1)
332_p913,previsional,capa1,regla:seguridad social
332_p917,previsional,capa2,objeto+parte(2)
332_p921,laboral,capa1,regla:\bdel trabajo\b
332_p930,civil_comercial,capa1,regla:\ben lo comercial\b
332_p936,previsional,capa2,objeto(1)
332_p943,tributario,capa1_refinado,refinamiento:fiscal(\bafip\b|\bdgi\b|d)
332_p952,tributario,capa1_refinado,refinamiento:fiscal(\bafip\b|\bdgi\b|d)
332_p962,civil_comercial,capa1,regla:\ben lo civil\b
332_p967,laboral,capa1,regla:\bdel trabajo\b
332_p975,contencioso_administrativo,capa2,provincia:ca
332_p979,cambiario,capa2,parte(1)
332_p985,,originaria,originaria
332_p998,,originaria,originaria
332_p1007,,originaria,originaria
332_p1022,,originaria,originaria
332_p1029,lesa_humanidad,capa2,kw(1)
332_p1035,contencioso_administrativo,capa1,regla:contencioso administrativo
332_p1039,constitucional,capa2,objeto(1)
332_p1060,contencioso_administrativo,capa2,provincia:ca
332_p1071,civil_comercial,capa1,regla:\ben lo civil\b
332_p1074,,pendiente_capa2,sin_ancla
332_p1078,laboral,capa2,norma:24557+objeto(2)
332_p1082,civil_comercial,capa1,regla:civil y comercial federal
332_p1085,,pendiente_capa2,sin_ancla
332_p1090,civil_comercial,capa1,regla:\ben lo civil\b
332_p1095,penal,capa2,objeto(1)
332_p1098,laboral,capa1,regla:\bdel trabajo\b
332_p1109,tributario,capa2,kw+parte(2)
332_p1115,contencioso_administrativo,capa1,regla:contencioso administrativo
332_p1118,,pendiente_capa2,sin_ancla
332_p1124,,pendiente_capa2,sin_ancla
332_p1136,contencioso_administrativo,capa2,provincia:ca
332_p1140,civil_comercial,capa2,objeto(1)
332_p1143,,pendiente_capa2,sin_ancla
332_p1147,contencioso_administrativo,capa1,regla:contencioso administrativo
332_p1152,civil_comercial,capa1,regla:\ben lo civil\b
332_p1155,,pendiente_capa2,conflicto_capa2:cambiario/civil_comercial
332_p1163,,pendiente_capa2,sin_ancla
332_p1174,tributario,capa1_refinado,refinamiento:fiscal(\bafip\b|\bdgi\b|d)
332_p1182,civil_comercial,capa2,objeto(1)
332_p1186,tributario,capa1_refinado,refinamiento:fiscal(\bafip\b|\bdgi\b|d)
332_p1190,electoral,capa1,regla:electoral
332_p1200,civil_comercial,capa1,regla:civil y comercial federal
332_p1210,laboral,capa1,regla:\bdel trabajo\b
332_p1276,laboral,capa1,regla:\bdel trabajo\b
332_p1280,,originaria,originaria
332_p1288,,pendiente_capa2,sin_ancla
332_p1290,,pendiente_capa2,sin_ancla
332_p1293,,pendiente_capa2,sin_ancla
332_p1298,previsional,capa1,regla:seguridad social
332_p1304,previsional,capa1,regla:seguridad social
332_p1309,penal,capa1,regla:criminal y correccional
332_p1322,penal,capa1,regla:criminal y correccional
332_p1332,tributario,capa1_refinado,refinamiento:fiscal(\bafip\b|\bdgi\b|d)
332_p1338,contencioso_administrativo,capa2,provincia:ca
332_p1346,,pendiente_capa2,sin_ancla
332_p1362,,pendiente_capa2,sin_ancla
332_p1365,,pendiente_capa2,sin_ancla
332_p1367,contencioso_administrativo,capa1,regla:contencioso administrativo
332_p1376,contencioso_administrativo,capa1,regla:contencioso administrativo
332_p1382,civil_comercial,capa1,regla:\ben lo civil\b
332_p1388,,pendiente_capa2,sin_ancla
332_p1391,tributario,capa2,parte(1)
332_p1394,,pendiente_capa2,sin_ancla
332_p1406,contencioso_administrativo,capa2,provincia:ca
332_p1413,laboral,capa1,regla:\bdel trabajo\b
332_p1422,,originaria,originaria
332_p1430,,originaria,originaria
332_p1433,,originaria,originaria
332_p1445,,pendiente_capa2,sin_ancla
332_p1447,,originaria,originaria
332_p1453,penal,capa2,objeto(1)
332_p1457,penal,capa2,kw(1)
332_p1460,,originaria,originaria
332_p1466,contencioso_administrativo,capa2,norma:25871(1)
332_p1488,civil_comercial,capa2,objeto(1)
332_p1492,contencioso_administrativo,capa1,regla:contencioso administrativo
332_p1503,contencioso_administrativo,capa2,provincia:ca
332_p1512,penal,capa1,regla:criminal y correccional
332_p1519,,originaria,originaria
332_p1528,,originaria,originaria
332_p1531,tributario,capa1_refinado,refinamiento:fiscal(\bafip\b|\bdgi\b|d)
332_p1544,tributario,capa2,coocur:tributario_disfrazado(desempate)
332_p1555,penal,capa1,regla:criminal y correccional
332_p1564,previsional,capa1,regla:seguridad social
332_p1571,tributario,capa2,parte(1)
332_p1598,,pendiente_capa2,sin_ancla
332_p1600,ambiental,capa2,norma:25675(1)
332_p1616,contencioso_administrativo,capa2,provincia:ca
332_p1622,,originaria,originaria
332_p1624,contencioso_administrativo,capa2,provincia:ca
332_p1629,civil_comercial,capa2,objeto(1)
332_p1633,tributario,capa1_refinado,refinamiento:fiscal(\bafip\b|\bdgi\b|d)
332_p1651,contencioso_administrativo,capa1,regla:contencioso administrativo
332_p1655,contencioso_administrativo,capa1,regla:contencioso administrativo
332_p1663,,pendiente_capa2,sin_ancla
332_p1670,contencioso_administrativo,capa2,provincia:ca
332_p1671,civil_comercial,capa1,regla:\ben lo civil\b
332_p1688,civil_comercial,capa2,norma:17418(1)
332_p1704,,originaria,originaria
332_p1736,contencioso_administrativo,capa2,provincia:ca
332_p1738,,pendiente_capa2,sin_ancla
332_p1741,previsional,capa2,norma:24241(1)
332_p1743,penal,capa2,norma:24767+objeto(2)
332_p1759,contencioso_administrativo,capa1,regla:contencioso administrativo
332_p1769,penal,capa1,regla:criminal y correccional
332_p1823,consumo,capa2,norma:24240(1)
332_p1835,penal,capa1,regla:criminal y correccional
332_p1910,,pendiente_capa2,sin_ancla
332_p1914,previsional,capa1,regla:seguridad social
332_p1928,previsional,capa1,regla:seguridad social
332_p1933,previsional,capa1,regla:seguridad social
332_p1952,contencioso_administrativo,capa1,regla:contencioso administrativo
332_p1957,penal,capa2,norma:23737(1)
332_p1960,civil_comercial,capa2,kw+norma:24522(2)
332_p1963,penal,capa1,regla:casacion penal
332_p2033,,pendiente_capa2,sin_ancla
332_p2043,laboral,capa1,regla:\bdel trabajo\b
332_p2068,contencioso_administrativo,capa1,regla:contencioso administrativo
332_p2088,,originaria,originaria
332_p2091,,originaria,originaria
332_p2094,,originaria,originaria
332_p2099,penal,capa1,regla:criminal y correccional
332_p2108,tributario,capa2,objeto(1)
332_p2120,,originaria,originaria
332_p2136,,originaria,originaria
332_p2139,contencioso_administrativo,capa2,provincia:ca
332_p2141,civil_comercial,capa1,regla:\ben lo civil\b
332_p2142,civil_comercial,capa1,regla:\ben lo comercial\b
332_p2146,,pendiente_capa2,sin_ancla
332_p2152,previsional,capa2,norma:18037+objeto+parte(3)
332_p2153,previsional,capa1,regla:seguridad social
332_p2159,contencioso_administrativo,capa1,regla:contencioso administrativo
332_p2203,penal,capa2,objeto(1)
332_p2208,,pendiente_capa2,sin_ancla
332_p2228,tributario,capa1_refinado,refinamiento:fiscal(\bafip\b|\bdgi\b|d)
332_p2237,contencioso_administrativo,capa1,regla:contencioso administrativo
332_p2250,,originaria,originaria
332_p2265,tributario,capa2,coocur:tributario_disfrazado(desempate)
332_p2280,tributario,capa2,norma:11683+objeto+parte(3)
332_p2288,contencioso_administrativo,capa1,regla:contencioso administrativo
332_p2295,,pendiente_capa2,sin_ancla
332_p2302,laboral,capa2,objeto(1)
332_p2307,contencioso_administrativo,capa1,regla:contencioso administrativo
332_p2328,civil_comercial,capa2,objeto(1)
332_p2339,civil_comercial,capa1,regla:\ben lo comercial\b
332_p2397,penal,capa1,regla:casacion penal
332_p2414,laboral,capa2,kw(1)
332_p2418,civil_comercial,capa1,regla:\ben lo comercial\b
332_p2425,contencioso_administrativo,capa2,provincia:ca
332_p2435,civil_comercial,capa1,regla:\ben lo comercial\b
332_p2441,contencioso_administrativo,capa2,provincia:ca
332_p2446,,originaria,originaria
332_p2454,previsional,capa1,regla:seguridad social
332_p2463,penal,capa2,norma:24767+objeto(2)
332_p2468,civil_comercial,capa1,regla:\ben lo civil\b
332_p2481,,pendiente_capa2,sin_ancla
332_p2487,civil_comercial,capa1,regla:\ben lo civil\b
332_p2497,civil_comercial,capa1,regla:\ben lo civil\b
332_p2502,contencioso_administrativo,capa2,provincia:ca
332_p2504,penal,capa2,kw+norma:23737(2)
332_p2522,contencioso_administrativo,capa2,provincia:ca
332_p2529,tributario,capa2,norma:20628+parte(2)
332_p2539,penal,capa2,objeto(1)
332_p2544,penal,capa1,regla:casacion penal
332_p2553,,pendiente_capa2,conflicto_capa2:cambiario/civil_comercial
332_p2559,civil_comercial,capa1,regla:\ben lo comercial\b
332_p2586,contencioso_administrativo,capa2,provincia:ca
332_p2589,,originaria,originaria
332_p2595,,pendiente_capa2,sin_ancla
332_p2599,contencioso_administrativo,capa1,regla:contencioso administrativo
332_p2604,penal,capa2,kw+objeto(2)
332_p2614,laboral,capa1,regla:\bdel trabajo\b
332_p2625,contencioso_administrativo,capa1,regla:contencioso administrativo
332_p2630,penal,capa1,regla:casacion penal
332_p2633,laboral,capa1,regla:\bdel trabajo\b
332_p2657,tributario,capa2,parte(1)
332_p2659,,pendiente_capa2,sin_ancla
332_p2671,contencioso_administrativo,capa2,provincia:ca
332_p2673,,originaria,originaria
332_p2675,contencioso_administrativo,capa1,regla:contencioso administrativo
332_p2686,contencioso_administrativo,capa1,regla:contencioso administrativo
332_p2698,laboral,capa1,regla:\bdel trabajo\b
332_p2705,penal,capa1,regla:casacion penal
332_p2708,tributario,capa2,parte(1)
332_p2715,laboral,capa2,norma:23551(1)
332_p2735,,originaria,originaria
332_p2738,laboral,capa2,kw+norma:24557+parte(3)
332_p2741,contencioso_administrativo,capa1,regla:contencioso administrativo
332_p2751,penal,capa1,regla:casacion penal
332_p2759,civil_comercial,capa1,regla:\ben lo comercial\b
332_p2769,contencioso_administrativo,capa2,provincia:ca
332_p2776,,originaria,originaria
332_p2779,previsional,capa1,regla:seguridad social
332_p2783,,pendiente_capa2,sin_ancla
332_p2797,tributario,capa1_refinado,refinamiento:fiscal(\bafip\b|\bdgi\b|d)
332_p2801,contencioso_administrativo,capa1,regla:contencioso administrativo
332_p2806,tributario,capa1_refinado,refinamiento:fiscal(\bafip\b|\bdgi\b|d)
332_p2813,,pendiente_capa2,sin_ancla
332_p2815,laboral,capa1,regla:\bdel trabajo\b
332_p2828,,pendiente_capa2,sin_ancla
332_p2835,,originaria,originaria
332_p2838,,originaria,originaria
332_p2842,civil_comercial,capa2,objeto(1)
332_p2865,,pendiente_capa2,sin_ancla
332_p2868,previsional,capa1,regla:seguridad social
332_p2872,contencioso_administrativo,capa1,regla:contencioso administrativo
332_p2878,civil_comercial,capa1,regla:\ben lo comercial\b
332_p2884,tributario,capa2,parte(1)
332_p2891,,originaria,originaria
332_p2895,,originaria,originaria
332_p2898,,originaria,originaria
333_p5,civil_comercial,capa1,regla:\ben lo comercial\b
333_p9,,originaria,originaria
333_p16,contencioso_administrativo,capa1,regla:contencioso administrativo
333_p24,contencioso_administrativo,capa1,regla:contencioso administrativo
333_p31,,originaria,originaria
333_p39,,originaria,originaria
333_p60,,originaria,originaria
333_p66,,pendiente_capa2,sin_ancla
333_p68,previsional,capa1,regla:seguridad social
333_p71,previsional,capa1,regla:seguridad social
333_p78,previsional,capa2,norma:18037+norma:24463+objeto+parte(4)
333_p82,tributario,capa1_refinado,refinamiento:fiscal(\bafip\b|\bdgi\b|d)
333_p86,contencioso_administrativo,capa1,regla:contencioso administrativo
333_p90,previsional,capa1,regla:seguridad social
333_p93,laboral,capa1,regla:\bdel trabajo\b
333_p95,contencioso_administrativo,capa2,provincia:ca
333_p108,,originaria,originaria
333_p119,penal,capa2,kw+objeto(2)
333_p123,previsional,capa1,regla:seguridad social
333_p133,civil_comercial,capa2,objeto(1)
333_p138,civil_comercial,capa1,regla:civil y comercial federal
333_p143,previsional,capa1,regla:seguridad social
333_p155,tributario,capa2,norma:11683+objeto+parte(3)
333_p161,tributario,capa2,norma:11683+parte(2)
333_p171,,pendiente_capa2,sin_ancla
333_p181,,pendiente_capa2,sin_ancla
333_p203,civil_comercial,capa1,regla:\ben lo civil\b
333_p215,,originaria,originaria
333_p225,,pendiente_capa2,sin_ancla
333_p228,previsional,capa1,regla:seguridad social
333_p241,,sui_generis,Consejo de la Magistratura de la Nación
333_p244,,originaria,originaria
333_p255,contencioso_administrativo,capa2,provincia:ca
333_p264,,pendiente_capa2,sin_ancla
333_p273,contencioso_administrativo,capa1,regla:contencioso administrativo
333_p280,penal,capa2,objeto(1)
333_p287,,pendiente_capa2,sin_ancla
333_p290,civil_comercial,capa2,kw(1)
333_p294,,pendiente_capa2,sin_ancla
333_p296,,pendiente_capa2,sin_ancla
333_p300,tributario,capa2,kw+parte(2)
333_p311,laboral,capa2,objeto(1)
333_p327,civil_comercial,capa1,regla:\ben lo civil\b
333_p329,tributario,capa2,parte(1)
333_p333,civil_comercial,capa1,regla:\ben lo comercial\b
333_p335,laboral,capa1,regla:\bdel trabajo\b
333_p354,,originaria,originaria
333_p357,previsional,capa1,regla:seguridad social
333_p360,,pendiente_capa2,conflicto_capa2:ambiental/civil_comercial
333_p364,,originaria,originaria
333_p373,contencioso_administrativo,capa2,provincia:ca
333_p380,constitucional,capa2,objeto(1)
333_p385,,pendiente_capa2,sin_ancla
333_p394,civil_comercial,capa1,regla:\ben lo comercial\b
333_p405,penal,capa1,regla:casacion penal
333_p433,penal,capa1,regla:casacion penal
333_p440,civil_comercial,capa1,regla:\ben lo civil\b
333_p442,penal,capa1,regla:penal economico
333_p447,civil_comercial,capa1,regla:\ben lo civil\b
333_p462,penal,capa2,objeto(1)
333_p479,,originaria,originaria
333_p487,,originaria,originaria
333_p498,,pendiente_capa2,sin_ancla
333_p503,contencioso_administrativo,capa1,regla:contencioso administrativo
333_p508,contencioso_administrativo,capa1,regla:contencioso administrativo
333_p519,penal,capa1,regla:criminal y correccional
333_p527,contencioso_administrativo,capa1,regla:contencioso administrativo
333_p530,,pendiente_capa2,sin_ancla
333_p535,,originaria,originaria
333_p538,,originaria,originaria
333_p561,,pendiente_capa2,sin_ancla
333_p563,,pendiente_capa2,sin_ancla
333_p566,civil_comercial,capa1,regla:\ben lo comercial\b
333_p570,ambiental,capa2,kw+norma:25675(2)
333_p584,,pendiente_capa2,sin_ancla
333_p589,,pendiente_capa2,sin_ancla
333_p596,contencioso_administrativo,capa1,regla:contencioso administrativo
333_p600,contencioso_administrativo,capa1,regla:contencioso administrativo
333_p604,,pendiente_capa2,sin_ancla
333_p631,tributario,capa2,parte(1)
333_p633,contencioso_administrativo,capa1,regla:contencioso administrativo
333_p662,,pendiente_capa2,sin_ancla
333_p667,civil_comercial,capa1,regla:civil y comercial federal
333_p677,penal,capa1,regla:casacion penal
333_p680,civil_comercial,capa1,regla:\ben lo civil\b
333_p690,civil_comercial,capa1,regla:civil y comercial federal
333_p699,laboral,capa1,regla:\bdel trabajo\b
333_p709,,originaria,originaria
333_p721,tributario,capa2,kw(1)
333_p724,,pendiente_capa2,conflicto_capa2:penal/penal_tributario
333_p730,previsional,capa1,regla:seguridad social
333_p735,contencioso_administrativo,capa2,provincia:ca
333_p744,contencioso_administrativo,capa2,provincia:ca
333_p748,,pendiente_capa2,sin_ancla
333_p762,,pendiente_capa2,sin_ancla
333_p765,,pendiente_capa2,sin_ancla
333_p769,,pendiente_capa2,sin_ancla
333_p772,,pendiente_capa2,conflicto_capa2:civil_comercial/laboral
333_p777,contencioso_administrativo,capa1,regla:contencioso administrativo
333_p792,contencioso_administrativo,capa1,regla:contencioso administrativo
333_p796,penal,capa1,regla:casacion penal
333_p802,contencioso_administrativo,capa2,provincia:ca
333_p819,contencioso_administrativo,capa1,regla:contencioso administrativo
333_p825,,pendiente_capa2,sin_ancla
333_p828,previsional,capa1,regla:seguridad social
333_p831,,pendiente_capa2,sin_ancla
333_p847,contencioso_administrativo,capa1,regla:contencioso administrativo
333_p855,contencioso_administrativo,capa1,regla:contencioso administrativo
333_p859,contencioso_administrativo,capa2,provincia:ca
333_p866,penal,capa1,regla:casacion penal
333_p914,civil_comercial,capa2,norma:25798+norma:26167(2)
333_p917,,pendiente_capa2,sin_ancla
333_p924,contencioso_administrativo,capa2,provincia:ca
333_p927,penal,capa1,regla:criminal y correccional
333_p935,tributario,capa2,kw+norma:11683+objeto+parte(4)
333_p993,contencioso_administrativo,capa1,regla:contencioso administrativo
333_p1017,,pendiente_capa2,sin_ancla
333_p1023,,pendiente_capa2,sin_ancla
333_p1053,penal,capa1,regla:casacion penal
333_p1062,civil_comercial,capa1,regla:\ben lo comercial\b
333_p1075,penal,capa1,regla:casacion penal
333_p1088,,originaria,originaria
333_p1130,contencioso_administrativo,capa2,provincia:ca
333_p1133,contencioso_administrativo,capa1,regla:contencioso administrativo
333_p1140,,pendiente_capa2,sin_ancla
333_p1143,penal,capa1,regla:casacion penal
333_p1147,,pendiente_capa2,sin_ancla
333_p1152,civil_comercial,capa2,objeto(1)
333_p1156,previsional,capa1,regla:seguridad social
333_p1163,penal,capa1,regla:criminal y correccional
333_p1179,penal,capa1,regla:criminal y correccional
333_p1192,contencioso_administrativo,capa1,regla:contencioso administrativo
333_p1205,penal,capa2,kw+objeto(2)
333_p1212,contencioso_administrativo,capa1,regla:contencioso administrativo
333_p1217,contencioso_administrativo,capa1,regla:contencioso administrativo
333_p1218,civil_comercial,capa2,objeto(1)
333_p1224,contencioso_administrativo,capa1,regla:contencioso administrativo
333_p1235,penal,capa1,regla:casacion penal
333_p1244,contencioso_administrativo,capa1,regla:contencioso administrativo
333_p1251,contencioso_administrativo,capa1,regla:contencioso administrativo
333_p1254,contencioso_administrativo,capa1,regla:contencioso administrativo
333_p1257,,pendiente_capa2,conflicto_capa2:civil_comercial/tributario
333_p1264,civil_comercial,capa1,regla:\ben lo comercial\b
333_p1268,tributario,capa2,kw(1)
333_p1273,civil_comercial,capa1,regla:\ben lo civil\b
333_p1279,previsional,capa1,regla:seguridad social
333_p1304,previsional,capa1,regla:seguridad social
333_p1309,contencioso_administrativo,capa2,provincia:ca
333_p1316,civil_comercial,capa1,regla:\ben lo civil\b
333_p1318,contencioso_administrativo,capa1,regla:contencioso administrativo
333_p1325,contencioso_administrativo,capa2,provincia:ca
333_p1331,civil_comercial,capa1,regla:\ben lo civil\b
333_p1354,contencioso_administrativo,capa1,regla:contencioso administrativo
333_p1361,laboral,capa2,coocur:indemniz_despido(desempate)
333_p1376,civil_comercial,capa1,regla:\ben lo civil\b
333_p1386,,originaria,originaria
333_p1397,,pendiente_capa2,sin_ancla
333_p1401,,pendiente_capa2,sin_ancla
333_p1404,civil_comercial,capa1,regla:civil y comercial federal
333_p1433,laboral,capa1,regla:\bdel trabajo\b
333_p1442,,no_aplica,tipo_entrada=sumario_editorial
333_p1446,,originaria,originaria
333_p1460,tributario,capa2,parte(1)
333_p1464,penal,capa2,objeto(1)
333_p1467,civil_comercial,capa1,regla:\ben lo civil\b
333_p1469,,pendiente_capa2,sin_ancla
333_p1474,civil_comercial,capa1,regla:\ben lo civil\b
333_p1613,penal,capa1,regla:casacion penal
333_p1619,penal,capa1,regla:casacion penal
333_p1623,civil_comercial,capa1,regla:civil y comercial federal
333_p1639,penal,capa2,kw(1)
333_p1643,,pendiente_capa2,sin_ancla
333_p1650,penal,capa1,regla:casacion penal
333_p1657,penal,capa1,regla:casacion penal
333_p1671,penal,capa2,kw+objeto(2)
333_p1674,penal,capa1,regla:casacion penal
333_p1687,penal,capa2,kw+objeto(2)
333_p1710,,originaria,originaria
333_p1723,laboral,capa1,regla:\bdel trabajo\b
333_p1729,,pendiente_capa2,sin_ancla
333_p1732,,pendiente_capa2,sin_ancla
333_p1735,,pendiente_capa2,sin_ancla
333_p1759,civil_comercial,capa2,objeto(1)
333_p1765,civil_comercial,capa2,objeto(1)
333_p1770,contencioso_administrativo,capa2,provincia:ca
333_p1776,civil_comercial,capa1,regla:\ben lo civil\b
333_p1784,,originaria,originaria
333_p1789,penal,capa2,objeto(1)
333_p1805,penal,capa2,norma:23737(1)
333_p1808,,pendiente_capa2,sin_ancla
333_p1812,contencioso_administrativo,capa1,regla:contencioso administrativo
333_p1817,tributario,capa1_refinado,refinamiento:fiscal(\bafip\b|\bdgi\b|d)
333_p1820,tributario,capa1_refinado,refinamiento:fiscal(\bafip\b|\bdgi\b|d)
333_p1828,laboral,capa1,regla:\bdel trabajo\b
333_p1841,tributario,capa2,norma:20628+parte(2)
333_p1849,,pendiente_capa2,sin_ancla
333_p1857,,pendiente_capa2,sin_ancla
333_p1863,laboral,capa1,regla:\bdel trabajo\b
333_p1869,penal,capa1,regla:criminal y correccional
333_p1885,civil_comercial,capa1,regla:civil y comercial federal
333_p1891,,pendiente_capa2,sin_ancla
333_p1909,contencioso_administrativo,capa1,regla:contencioso administrativo
333_p1916,,pendiente_capa2,sin_ancla
333_p1922,civil_comercial,capa1,regla:\ben lo civil\b
333_p1930,penal,capa2,norma:24767+objeto(2)
333_p1942,tributario,capa1_refinado,refinamiento:fiscal(\bafip\b|\bdgi\b|d)
333_p1946,civil_comercial,capa1,regla:\ben lo comercial\b
333_p1951,contencioso_administrativo,capa2,provincia:ca
333_p1959,,originaria,originaria
333_p1979,laboral,capa1,regla:\bdel trabajo\b
333_p1987,penal,capa1,regla:casacion penal
333_p2001,tributario,capa2,parte(1)
333_p2010,civil_comercial,capa1,regla:\ben lo comercial\b
333_p2014,,pendiente_capa2,sin_ancla
333_p2017,civil_comercial,capa2,objeto(1)
333_p2040,penal,capa1,regla:casacion penal
333_p2044,civil_comercial,capa1,regla:\ben lo civil\b
333_p2052,,pendiente_capa2,sin_ancla
333_p2055,,pendiente_capa2,sin_ancla
333_p2061,civil_comercial,capa1,regla:\ben lo civil\b
333_p2065,tributario,capa1_refinado,refinamiento:fiscal(\bafip\b|\bdgi\b|d)
333_p2073,contencioso_administrativo,capa1,regla:contencioso administrativo
333_p2079,civil_comercial,capa2,objeto(1)
333_p2125,civil_comercial,capa1,regla:\ben lo civil\b
333_p2136,previsional,capa1,regla:seguridad social
333_p2141,contencioso_administrativo,capa2,provincia:ca
333_p2156,,pendiente_capa2,sin_ancla
333_p2159,,originaria,originaria
333_p2179,,pendiente_capa2,sin_ancla
333_p2184,civil_comercial,capa1,regla:\ben lo comercial\b
333_p2193,tributario,capa2,parte(1)
333_p2197,civil_comercial,capa1,regla:\ben lo civil\b
333_p2200,,pendiente_capa2,sin_ancla
333_p2208,civil_comercial,capa1,regla:\ben lo comercial\b
333_p2218,penal,capa1,regla:casacion penal
333_p2222,civil_comercial,capa1,regla:\ben lo comercial\b
333_p2237,,pendiente_capa2,conflicto_capa2:civil_comercial/laboral
333_p2251,contencioso_administrativo,capa2,provincia:ca
333_p2261,civil_comercial,capa1,regla:\ben lo comercial\b
333_p2271,contencioso_administrativo,capa2,provincia:ca
333_p2296,,pendiente_capa2,sin_ancla
333_p2306,laboral,capa1,regla:\bdel trabajo\b
333_p2335,tributario,capa2,parte(1)
333_p2338,previsional,capa1,regla:seguridad social
333_p2344,contencioso_administrativo,capa1,regla:contencioso administrativo
333_p2353,civil_comercial,capa1,regla:civil y comercial federal
333_p2367,,originaria,originaria
333_p2396,civil_comercial,capa1,regla:\ben lo civil\b
333_p2410,,pendiente_capa2,sin_ancla
333_p2420,laboral,capa1,regla:\bdel trabajo\b
333_p2426,contencioso_administrativo,capa2,provincia:ca
333_p2435,civil_comercial,capa2,objeto(1)
333_p2439,tributario,capa1_refinado,refinamiento:fiscal(\bafip\b|\bdgi\b|d)
333_p2445,civil_comercial,capa1,regla:\ben lo civil\b
334_p5,contencioso_administrativo,capa1,regla:contencioso administrativo
334_p9,previsional,capa1,regla:seguridad social
334_p13,civil_comercial,capa1,regla:\ben lo comercial\b
334_p30,contencioso_administrativo,capa1,regla:contencioso administrativo
334_p35,civil_comercial,capa1,regla:\ben lo civil\b
334_p38,civil_comercial,capa1,regla:\ben lo comercial\b
334_p44,tributario,capa1_refinado,refinamiento:fiscal(\bafip\b|\bdgi\b|d)
334_p53,tributario,capa1_refinado,refinamiento:fiscal(\bafip\b|\bdgi\b|d)
334_p62,civil_comercial,capa1,regla:civil y comercial federal
334_p95,contencioso_administrativo,capa1,regla:contencioso administrativo
334_p109,contencioso_administrativo,capa1,regla:contencioso administrativo
334_p120,laboral,capa2,objeto(1)
334_p128,tributario,capa2,kw(1)
334_p139,contencioso_administrativo,capa1,regla:contencioso administrativo
334_p144,electoral,capa1,regla:electoral
334_p156,civil_comercial,capa1,regla:\ben lo comercial\b
334_p173,tributario,capa2,parte(1)
334_p178,civil_comercial,capa1,regla:\ben lo comercial\b
334_p187,,pendiente_capa2,conflicto_capa2:civil_comercial/tributario
334_p196,contencioso_administrativo,capa2,provincia:ca
334_p198,previsional,capa1,regla:seguridad social
334_p210,previsional,capa1,regla:seguridad social
334_p214,,pendiente_capa2,sin_ancla
334_p223,,pendiente_capa2,sin_ancla
334_p229,laboral,capa1,regla:\bdel trabajo\b
334_p236,contencioso_administrativo,capa1,regla:contencioso administrativo
334_p240,,originaria,originaria
334_p249,tributario,capa1_refinado,refinamiento:fiscal(\bafip\b|\bdgi\b|d)
334_p256,contencioso_administrativo,capa1,regla:contencioso administrativo
334_p259,contencioso_administrativo,capa1,regla:contencioso administrativo
334_p275,contencioso_administrativo,capa2,provincia:ca
334_p287,laboral,capa1,regla:\bdel trabajo\b
334_p295,,pendiente_capa2,sin_ancla
334_p304,laboral,capa1,regla:\bdel trabajo\b
334_p312,civil_comercial,capa1,regla:\ben lo comercial\b
334_p324,,originaria,originaria
334_p343,laboral,capa1,regla:\bdel trabajo\b
334_p349,civil_comercial,capa1,regla:civil y comercial federal
334_p357,tributario,capa2,parte(1)
334_p362,penal,capa1,regla:criminal y correccional
334_p365,,pendiente_capa2,sin_ancla
334_p376,,pendiente_capa2,conflicto_capa2:civil_comercial/laboral
334_p396,tributario,capa2,parte(1)
334_p398,laboral,capa1,regla:\bdel trabajo\b
334_p405,civil_comercial,capa1,regla:\ben lo civil\b
334_p417,civil_comercial,capa1,regla:\ben lo comercial\b
334_p419,contencioso_administrativo,capa1,regla:contencioso administrativo
334_p427,,pendiente_capa2,conflicto_capa2:civil_comercial/tributario
334_p434,previsional,capa2,norma:24241(1)
334_p445,contencioso_administrativo,capa1,regla:contencioso administrativo
334_p454,previsional,capa1,regla:seguridad social
334_p458,tributario,capa2,parte(1)
334_p463,,pendiente_capa2,sin_ancla
334_p468,,pendiente_capa2,sin_ancla
334_p471,penal,capa2,objeto(1)
334_p474,constitucional,capa2,objeto(1)
334_p476,,pendiente_capa2,sin_ancla
334_p485,tributario,capa1_refinado,refinamiento:fiscal(\bafip\b|\bdgi\b|d)
334_p490,,pendiente_capa2,sin_ancla
334_p502,tributario,capa1_refinado,refinamiento:fiscal(\bafip\b|\bdgi\b|d)
334_p509,,pendiente_capa2,sin_ancla
334_p516,civil_comercial,capa1,regla:civil y comercial federal
334_p541,contencioso_administrativo,capa2,provincia:ca
334_p552,civil_comercial,capa1,regla:civil y comercial federal
334_p559,penal,capa1,regla:casacion penal
334_p565,contencioso_administrativo,capa2,provincia:ca
334_p573,laboral,capa1,regla:\bdel trabajo\b
334_p582,civil_comercial,capa1,regla:\ben lo comercial\b
334_p591,,pendiente_capa2,sin_ancla
334_p592,,pendiente_capa2,sin_ancla
334_p596,,originaria,originaria
334_p626,,originaria,originaria
334_p666,penal,capa2,norma:24767+objeto(2)
334_p681,civil_comercial,capa1,regla:civil y comercial federal
334_p690,contencioso_administrativo,capa1,regla:contencioso administrativo
334_p698,civil_comercial,capa1,regla:\ben lo comercial\b
334_p715,,originaria,originaria
334_p725,penal,capa1,regla:casacion penal
334_p736,,pendiente_capa2,sin_ancla
334_p742,previsional,capa1,regla:seguridad social
334_p749,contencioso_administrativo,capa2,provincia:ca
334_p754,ambiental,capa2,kw(1)
334_p757,,pendiente_capa2,sin_ancla
334_p760,,originaria,originaria
334_p763,tributario,capa1_refinado,refinamiento:fiscal(\bafip\b|\bdgi\b|d)
334_p768,tributario,capa1_refinado,refinamiento:fiscal(\bafip\b|\bdgi\b|d)
334_p778,previsional,capa1,regla:seguridad social
334_p784,civil_comercial,capa1,regla:\ben lo comercial\b
334_p796,,pendiente_capa2,sin_ancla
334_p799,laboral,capa1,regla:\bdel trabajo\b
334_p829,previsional,capa1,regla:seguridad social
334_p837,contencioso_administrativo,capa1,regla:contencioso administrativo
334_p842,civil_comercial,capa1,regla:\ben lo civil\b
334_p847,civil_comercial,capa1,regla:\ben lo civil\b
334_p852,,pendiente_capa2,sin_ancla
334_p858,,pendiente_capa2,sin_ancla
334_p864,,pendiente_capa2,sin_ancla
334_p871,,pendiente_capa2,sin_ancla
334_p875,tributario,capa2,parte(1)
334_p885,civil_comercial,capa1,regla:civil y comercial federal
334_p891,tributario,capa1_refinado,refinamiento:fiscal(\bafip\b|\bdgi\b|d)
334_p896,civil_comercial,capa2,kw(1)
334_p900,,pendiente_capa2,sin_ancla
334_p902,,originaria,originaria
334_p913,,pendiente_capa2,sin_ancla
334_p934,laboral,capa1,regla:\bdel trabajo\b
334_p941,,pendiente_capa2,sin_ancla
334_p950,civil_comercial,capa1,regla:\ben lo comercial\b
334_p959,civil_comercial,capa1,regla:\ben lo comercial\b
334_p965,tributario,capa1_refinado,refinamiento:fiscal(\bafip\b|\bdgi\b|d)
334_p970,contencioso_administrativo,capa1,regla:contencioso administrativo
334_p972,tributario,capa1_refinado,refinamiento:fiscal(\bafip\b|\bdgi\b|d)
334_p983,contencioso_administrativo,capa1,regla:contencioso administrativo
334_p988,civil_comercial,capa1,regla:\ben lo civil\b
334_p996,contencioso_administrativo,capa2,provincia:ca
334_p1002,penal,capa1,regla:casacion penal
334_p1010,civil_comercial,capa1,regla:civil y comercial federal
334_p1018,laboral,capa1,regla:\bdel trabajo\b
334_p1027,tributario,capa1_refinado,refinamiento:fiscal(\bafip\b|\bdgi\b|d)
334_p1033,tributario,capa1_refinado,refinamiento:fiscal(\bafip\b|\bdgi\b|d)
334_p1036,civil_comercial,capa2,objeto(1)
334_p1041,tributario,capa1_refinado,refinamiento:fiscal(\bafip\b|\bdgi\b|d)
334_p1043,tributario,capa2,norma:11683(1)
334_p1047,tributario,capa1_refinado,refinamiento:fiscal(\bafip\b|\bdgi\b|d)
334_p1054,,pendiente_capa2,sin_ancla
334_p1063,penal,capa2,norma:24767+objeto(2)
334_p1070,,originaria,originaria
334_p1074,contencioso_administrativo,capa1,regla:contencioso administrativo
334_p1081,contencioso_administrativo,capa1,regla:contencioso administrativo
334_p1092,,pendiente_capa2,sin_ancla
334_p1099,contencioso_administrativo,capa1,regla:contencioso administrativo
334_p1101,tributario,capa2,objeto+parte(2)
334_p1106,,originaria,originaria
334_p1113,contencioso_administrativo,capa2,provincia:ca
334_p1123,civil_comercial,capa1,regla:civil y comercial federal
334_p1133,laboral,capa1,regla:\bdel trabajo\b
334_p1139,laboral,capa1,regla:\bdel trabajo\b
334_p1143,,originaria,originaria
334_p1162,,originaria,originaria
334_p1172,previsional,capa1,regla:seguridad social
334_p1182,contencioso_administrativo,capa1,regla:contencioso administrativo
334_p1187,contencioso_administrativo,capa1,regla:contencioso administrativo
334_p1193,contencioso_administrativo,capa1,regla:contencioso administrativo
334_p1198,tributario,capa1_refinado,refinamiento:fiscal(\bafip\b|\bdgi\b|d)
334_p1204,penal,capa2,objeto(1)
334_p1216,penal,capa1,regla:casacion penal
334_p1231,tributario,capa1_refinado,refinamiento:fiscal(\bafip\b|\bdgi\b|d)
334_p1237,contencioso_administrativo,capa2,provincia:ca
334_p1239,contencioso_administrativo,capa1,regla:contencioso administrativo
334_p1241,contencioso_administrativo,capa1,regla:contencioso administrativo
334_p1264,tributario,capa1_refinado,refinamiento:fiscal(\bafip\b|\bdgi\b|d)
334_p1272,civil_comercial,capa1,regla:\ben lo civil\b
334_p1276,contencioso_administrativo,capa1,regla:contencioso administrativo
334_p1287,civil_comercial,capa1,regla:\ben lo civil\b
334_p1302,contencioso_administrativo,capa1,regla:contencioso administrativo
334_p1327,civil_comercial,capa1,regla:civil y comercial federal
334_p1342,,originaria,originaria
334_p1346,,originaria,originaria
334_p1361,civil_comercial,capa1,regla:\ben lo civil\b
334_p1372,contencioso_administrativo,capa1,regla:contencioso administrativo
334_p1382,,pendiente_capa2,sin_ancla
334_p1387,laboral,capa1,regla:\bdel trabajo\b
334_p1406,contencioso_administrativo,capa1,regla:contencioso administrativo
334_p1412,,pendiente_capa2,sin_ancla
334_p1426,contencioso_administrativo,capa2,objeto(1)
334_p1431,,pendiente_capa2,sin_ancla
334_p1437,tributario,capa1_refinado,refinamiento:fiscal(\bafip\b|\bdgi\b|d)
334_p1445,,pendiente_capa2,sin_ancla
334_p1458,contencioso_administrativo,capa2,provincia:ca
334_p1461,,pendiente_capa2,sin_ancla
334_p1472,,originaria,originaria
334_p1489,penal,capa1,regla:casacion penal
334_p1504,penal,capa2,kw(1)
334_p1580,,originaria,originaria
334_p1609,penal,capa1,regla:penal economico
334_p1614,civil_comercial,capa1,regla:civil y comercial federal
334_p1622,laboral,capa1,regla:\bdel trabajo\b
334_p1626,,originaria,originaria
334_p1640,,originaria,originaria
334_p1644,penal,capa1,regla:casacion penal
334_p1659,penal,capa2,objeto(1)
334_p1673,penal,capa2,kw(1)
334_p1691,civil_comercial,capa1,regla:\ben lo civil\b
334_p1703,civil_comercial,capa1,regla:\ben lo comercial\b
334_p1714,civil_comercial,capa1,regla:\ben lo civil\b
334_p1722,civil_comercial,capa1,regla:\ben lo civil\b
334_p1754,,originaria,originaria
334_p1768,civil_comercial,capa2,objeto(1)
334_p1791,,pendiente_capa2,sin_ancla
334_p1795,civil_comercial,capa1,regla:civil y comercial federal
334_p1804,previsional,capa1,regla:seguridad social
334_p1808,tributario,capa1_refinado,refinamiento:fiscal(\bafip\b|\bdgi\b|d)
334_p1815,laboral,capa1,regla:\bdel trabajo\b
334_p1821,civil_comercial,capa2,kw+norma:17418+objeto(3)
334_p1842,civil_comercial,capa2,objeto(1)
334_p1848,civil_comercial,capa1,regla:civil y comercial federal
334_p1854,tributario,capa2,parte(1)
334_p1861,,originaria,originaria
334_p1869,previsional,capa2,parte(1)
334_p1876,civil_comercial,capa1,regla:\ben lo comercial\b
334_p1882,penal,capa1,regla:casacion penal
334_p1897,laboral,capa1,regla:\bdel trabajo\b
334_p1903,tributario,capa1_refinado,refinamiento:fiscal(\bafip\b|\bdgi\b|d)
334_p1909,contencioso_administrativo,capa1,regla:contencioso administrativo
334_p1920,penal,capa2,norma:24767+objeto(2)
337_p23,,originaria,originaria
337_p37,penal,capa1,regla:casacion penal
337_p45,salud,capa2,coocur:salud_amparo
337_p47,contencioso_administrativo,capa1,regla:contencioso administrativo
337_p58,tributario,capa1_refinado,refinamiento:fiscal(\bafip\b|\bdgi\b|d)
337_p62,tributario,capa1_refinado,refinamiento:fiscal(\bafip\b|\bdgi\b|d)
337_p70,,pendiente_capa2,sin_ancla
337_p77,civil_comercial,capa1,regla:\ben lo comercial\b
337_p88,tributario,capa2,kw+norma:23548(2)
337_p97,contencioso_administrativo,capa1,regla:contencioso administrativo
337_p112,contencioso_administrativo,capa1,regla:contencioso administrativo
337_p119,tributario,capa1_refinado,refinamiento:fiscal(\bafip\b|\bdgi\b|d)
337_p123,tributario,capa1_refinado,refinamiento:fiscal(\bafip\b|\bdgi\b|d)
337_p133,contencioso_administrativo,capa1,regla:contencioso administrativo
337_p149,civil_comercial,capa1,regla:\ben lo comercial\b
337_p154,civil_comercial,capa1,regla:\ben lo civil\b
337_p166,contencioso_administrativo,capa1,regla:contencioso administrativo
337_p179,laboral,capa1,regla:\bdel trabajo\b
337_p191,previsional,capa1,regla:seguridad social
337_p196,contencioso_administrativo,capa1,regla:contencioso administrativo
337_p205,contencioso_administrativo,capa1,regla:contencioso administrativo
337_p222,salud,capa2,coocur:salud_amparo
337_p234,constitucional,capa2,objeto(1)
337_p256,contencioso_administrativo,capa1,regla:contencioso administrativo
337_p291,civil_comercial,capa1,regla:\ben lo comercial\b
337_p307,contencioso_administrativo,capa1,regla:contencioso administrativo
337_p315,civil_comercial,capa1,regla:\ben lo comercial\b
337_p329,civil_comercial,capa1,regla:\ben lo civil\b
337_p339,contencioso_administrativo,capa1,regla:contencioso administrativo
337_p346,contencioso_administrativo,capa1,regla:contencioso administrativo
337_p354,penal,capa1,regla:casacion penal
337_p365,contencioso_administrativo,capa1,regla:contencioso administrativo
337_p373,tributario,capa1_refinado,refinamiento:fiscal(\bafip\b|\bdgi\b|d)
337_p388,tributario,capa2,kw(1)
337_p448,civil_comercial,capa1,regla:\ben lo comercial\b
337_p469,contencioso_administrativo,capa2,norma:21499(1)
337_p471,civil_comercial,capa1,regla:\ben lo civil\b
337_p481,tributario,capa1_refinado,refinamiento:fiscal(\bafip\b|\bdgi\b|d)
337_p486,tributario,capa1_refinado,refinamiento:fiscal(\bafip\b|\bdgi\b|d)
337_p492,contencioso_administrativo,capa1,regla:contencioso administrativo
337_p505,penal,capa2,norma:24660+objeto(2)
337_p518,tributario,capa2,norma:11683(1)
337_p530,previsional,capa2,norma:24463(1)
337_p542,penal,capa1,regla:casacion penal
337_p548,contencioso_administrativo,capa1,regla:contencioso administrativo
337_p567,civil_comercial,capa1,regla:\ben lo comercial\b
337_p574,contencioso_administrativo,capa2,objeto(1)
337_p580,civil_comercial,capa1,regla:\ben lo civil\b
337_p590,,sui_generis,Jurado de Enjuiciamiento de Magistrados de la Nación
337_p611,,pendiente_capa2,sin_ancla
337_p627,,originaria,originaria
337_p637,penal,capa1,regla:casacion penal
337_p647,tributario,capa1_refinado,refinamiento:fiscal(\bafip\b|\bdgi\b|d)
337_p654,salud,capa2,coocur:salud_amparo
337_p659,penal,capa1,regla:casacion penal
337_p675,contencioso_administrativo,capa1,regla:contencioso administrativo
337_p681,contencioso_administrativo,capa1,regla:contencioso administrativo
337_p692,contencioso_administrativo,capa1,regla:contencioso administrativo
337_p703,tributario,capa1_refinado,refinamiento:fiscal(\bafip\b|\bdgi\b|d)
337_p712,civil_comercial,capa1,regla:civil y comercial federal
337_p731,civil_comercial,capa1,regla:civil y comercial federal
337_p735,,pendiente_capa2,sin_ancla
337_p740,contencioso_administrativo,capa2,provincia:ca
337_p748,laboral,capa1,regla:\bdel trabajo\b
337_p753,civil_comercial,capa1,regla:\ben lo comercial\b
337_p762,civil_comercial,capa1,regla:\ben lo comercial\b
337_p771,contencioso_administrativo,capa1,regla:contencioso administrativo
337_p790,contencioso_administrativo,capa1,regla:contencioso administrativo
337_p813,,originaria,originaria
337_p822,,originaria,originaria
337_p843,ambiental,capa2,norma:25675(1)
337_p850,,pendiente_capa2,sin_ancla
337_p858,contencioso_administrativo,capa1,regla:contencioso administrativo
337_p877,contencioso_administrativo,capa1,regla:contencioso administrativo
337_p901,penal,capa1,regla:casacion penal
337_p921,civil_comercial,capa1,regla:\ben lo civil\b
337_p939,tributario,capa1_refinado,refinamiento:fiscal(\bafip\b|\bdgi\b|d)
337_p948,tributario,capa1_refinado,refinamiento:fiscal(\bafip\b|\bdgi\b|d)
337_p966,previsional,capa1,regla:seguridad social
337_p993,tributario,capa1_refinado,refinamiento:fiscal(\bafip\b|\bdgi\b|d)
337_p1006,contencioso_administrativo,capa1,regla:contencioso administrativo
337_p1013,tributario,capa1_refinado,refinamiento:fiscal(\bafip\b|\bdgi\b|d)
337_p1024,consumo,capa2,kw+norma:24240(2)
337_p1037,previsional,capa2,norma:24241+parte(2)
337_p1042,tributario,capa1_refinado,refinamiento:fiscal(\bafip\b|\bdgi\b|d)
337_p1052,civil_comercial,capa2,objeto(1)
337_p1067,,originaria,originaria
337_p1081,,pendiente_capa2,sin_ancla
337_p1095,contencioso_administrativo,capa1,regla:contencioso administrativo
337_p1102,,pendiente_capa2,sin_ancla
337_p1108,contencioso_administrativo,capa2,provincia:ca
337_p1117,tributario,capa1_refinado,refinamiento:fiscal(\bafip\b|\bdgi\b|d)
337_p1136,laboral,capa1,regla:\bdel trabajo\b
337_p1142,,pendiente_capa2,conflicto_capa2:cambiario/laboral
337_p1152,tributario,capa1_refinado,refinamiento:fiscal(\bafip\b|\bdgi\b|d)
337_p1174,civil_comercial,capa1,regla:\ben lo civil\b
337_p1217,civil_comercial,capa1,regla:\ben lo comercial\b
337_p1234,civil_comercial,capa1,regla:\ben lo comercial\b
337_p1245,,originaria,originaria
337_p1252,penal,capa1,regla:casacion penal
337_p1254,contencioso_administrativo,capa2,provincia:ca
337_p1263,tributario,capa2,norma:23548(1)
337_p1277,previsional,capa1,regla:seguridad social
337_p1289,penal,capa2,kw(1)
337_p1307,contencioso_administrativo,capa1,regla:contencioso administrativo
337_p1323,,pendiente_capa2,sin_ancla
337_p1337,contencioso_administrativo,capa1,regla:contencioso administrativo
337_p1346,,originaria,originaria
337_p1361,,pendiente_capa2,conflicto_capa2:ambiental/consumo
337_p1375,,originaria,originaria
337_p1393,contencioso_administrativo,capa2,provincia:ca
337_p1403,laboral,capa1,regla:\bdel trabajo\b
337_p1408,contencioso_administrativo,capa1,regla:contencioso administrativo
337_p1420,contencioso_administrativo,capa1,regla:contencioso administrativo
337_p1431,civil_comercial,capa1,regla:\ben lo civil\b
337_p1439,,originaria,originaria
337_p1447,,originaria,originaria
337_p1451,tributario,capa1_refinado,refinamiento:fiscal(\bafip\b|\bdgi\b|d)
337_p1464,,originaria,originaria
337_p1491,civil_comercial,capa1,regla:\ben lo comercial\b
337_p1494,,pendiente_capa2,conflicto_capa2:contencioso_administrativo/tributario
337_p1503,,originaria,originaria
337_p1511,tributario,capa1_refinado,refinamiento:fiscal(\bafip\b|\bdgi\b|d)
337_p1521,previsional,capa1,regla:seguridad social
337_p1530,penal,capa1,regla:casacion penal
337_p1540,constitucional,capa2,objeto(1)
337_p1548,laboral,capa1,regla:\bdel trabajo\b
337_p1555,laboral,capa2,kw+norma:20744+norma:24557(3)
337_p1564,previsional,capa1,regla:seguridad social
337_p1581,previsional,capa1,regla:seguridad social
338_p29,civil_comercial,capa1,regla:civil y comercial federal
338_p40,consumo,capa2,kw(1)
338_p48,contencioso_administrativo,capa1,regla:contencioso administrativo
338_p53,laboral,capa1,regla:\bdel trabajo\b
338_p68,penal,capa1,regla:casacion penal
338_p80,ambiental,capa2,kw+norma:25675(2)
338_p88,tributario,capa1_refinado,refinamiento:fiscal(\bafip\b|\bdgi\b|d)
338_p102,civil_comercial,capa1,regla:civil y comercial federal
338_p113,tributario,capa1_refinado,refinamiento:fiscal(\bafip\b|\bdgi\b|d)
338_p123,tributario,capa1_refinado,refinamiento:fiscal(\bafip\b|\bdgi\b|d)
338_p130,contencioso_administrativo,capa2,objeto(1)
338_p134,contencioso_administrativo,capa2,provincia:ca
338_p141,,originaria,originaria
338_p148,previsional,capa1,regla:seguridad social
338_p155,,pendiente_capa2,sin_ancla
338_p161,contencioso_administrativo,capa1,regla:contencioso administrativo
338_p169,tributario,capa1_refinado,refinamiento:fiscal(\bafip\b|\bdgi\b|d)
338_p176,penal,capa1,regla:penal economico
338_p193,,pendiente_capa2,sin_ancla
338_p195,tributario,capa1_refinado,refinamiento:fiscal(\bafip\b|\bdgi\b|d)
338_p203,tributario,capa2,kw+norma:23548(2)
338_p212,contencioso_administrativo,capa2,objeto(1)
338_p221,laboral,capa1,regla:\bdel trabajo\b
338_p231,,originaria,originaria
338_p234,civil_comercial,capa1,regla:civil y comercial federal
338_p249,contencioso_administrativo,capa1,regla:contencioso administrativo
338_p280,contencioso_administrativo,capa1,regla:contencioso administrativo
338_p284,contencioso_administrativo,capa2,objeto(1)
338_p298,civil_comercial,capa2,kw+objeto(2)
338_p308,civil_comercial,capa1,regla:\ben lo comercial\b
338_p313,,originaria,originaria
338_p335,laboral,capa1,regla:\bdel trabajo\b
338_p340,,pendiente_capa2,sin_ancla
338_p342,penal,capa2,objeto(1)
338_p349,civil_comercial,capa1,regla:\ben lo civil\b
338_p353,civil_comercial,capa2,objeto(1)
338_p362,,originaria,originaria
338_p386,penal,capa1,regla:casacion penal
338_p399,contencioso_administrativo,capa2,provincia:ca
338_p404,ambiental,capa2,kw+norma:25675(2)
338_p407,civil_comercial,capa1,regla:civil y comercial federal
338_p412,civil_comercial,capa2,kw(1)
338_p419,,pendiente_capa2,sin_ancla
338_p424,contencioso_administrativo,capa2,objeto(1)
338_p428,,pendiente_capa2,sin_ancla
338_p432,,pendiente_capa2,sin_ancla
338_p435,ambiental,capa2,kw+norma:25675(2)
338_p451,previsional,capa1,regla:seguridad social
338_p453,tributario,capa1_refinado,refinamiento:fiscal(\bafip\b|\bdgi\b|d)
338_p463,ambiental,capa2,kw+norma:24051(2)
338_p467,civil_comercial,capa2,objeto(1)
338_p471,previsional,capa1,regla:seguridad social
338_p474,previsional,capa1,regla:seguridad social
338_p477,,pendiente_capa2,sin_ancla
338_p484,,pendiente_capa2,sin_ancla
338_p488,civil_comercial,capa1,regla:civil y comercial federal
338_p493,laboral,capa2,kw(1)
338_p505,tributario,capa1_refinado,refinamiento:fiscal(\bafip\b|\bdgi\b|d)
338_p508,laboral,capa1,regla:\bdel trabajo\b
338_p515,,originaria,originaria
338_p525,previsional,capa1,regla:seguridad social
338_p530,contencioso_administrativo,capa2,objeto(1)
338_p534,,pendiente_capa2,conflicto_capa2:civil_comercial/laboral
338_p539,constitucional,capa2,objeto(1)
338_p552,,pendiente_capa2,sin_ancla
338_p556,civil_comercial,capa2,objeto(1)
338_p599,contencioso_administrativo,capa1,regla:contencioso administrativo
338_p601,,pendiente_capa2,sin_ancla
338_p613,previsional,capa1,regla:seguridad social
338_p623,civil_comercial,capa1,regla:\ben lo civil\b
338_p628,electoral,capa1,regla:electoral
338_p651,penal,capa1,regla:penal economico
338_p652,,pendiente_capa2,conflicto_capa2:civil_comercial/laboral
338_p693,laboral,capa1,regla:\bdel trabajo\b
338_p697,,pendiente_capa2,sin_ancla
338_p699,contencioso_administrativo,capa2,provincia:ca
338_p706,civil_comercial,capa1,regla:\ben lo civil\b
338_p711,penal,capa1,regla:casacion penal
338_p714,contencioso_administrativo,capa1,regla:contencioso administrativo
338_p716,previsional,capa1,regla:seguridad social
338_p724,,originaria,originaria
338_p748,constitucional,capa2,objeto(1)
338_p757,contencioso_administrativo,capa1,regla:contencioso administrativo
338_p763,contencioso_administrativo,capa1,regla:contencioso administrativo
338_p765,contencioso_administrativo,capa2,provincia:ca
338_p767,,originaria,originaria
338_p779,,pendiente_capa2,sin_ancla
338_p793,ambiental,capa2,kw(1)
338_p798,penal,capa1,regla:casacion penal
338_p799,,pendiente_capa2,sin_ancla
338_p802,,originaria,originaria
338_p811,,originaria,originaria
338_p815,previsional,capa1,regla:seguridad social
338_p823,laboral,capa2,norma:24557(1)
338_p828,civil_comercial,capa2,objeto(1)
338_p830,,pendiente_capa2,sin_ancla
338_p837,contencioso_administrativo,capa2,provincia:ca
338_p845,,originaria,originaria
338_p868,,originaria,originaria
338_p875,penal,capa1,regla:casacion penal
338_p884,civil_comercial,capa1,regla:\ben lo comercial\b
338_p896,penal,capa2,objeto(1)
338_p902,,originaria,originaria
338_p911,civil_comercial,capa2,objeto(1)
338_p921,,pendiente_capa2,sin_ancla
338_p923,tributario,capa2,coocur:tributario_disfrazado(desempate)
338_p927,tributario,capa2,kw+norma:23548(2)
338_p934,laboral,capa1,regla:\bdel trabajo\b
338_p942,contencioso_administrativo,capa1,regla:contencioso administrativo
338_p949,previsional,capa1,regla:seguridad social
338_p952,penal,capa1,regla:casacion penal
338_p959,contencioso_administrativo,capa2,provincia:ca
338_p962,,originaria,originaria
338_p991,contencioso_administrativo,capa1,regla:contencioso administrativo
338_p993,,originaria,originaria
338_p1009,previsional,capa1,regla:seguridad social
338_p1017,previsional,capa1,regla:seguridad social
338_p1021,penal,capa1,regla:casacion penal
338_p1026,penal,capa1,regla:casacion penal
338_p1032,civil_comercial,capa1,regla:\ben lo civil\b
338_p1045,,pendiente_capa2,sin_ancla
338_p1048,civil_comercial,capa1,regla:civil y comercial federal
338_p1060,,originaria,originaria
338_p1084,contencioso_administrativo,capa1,regla:contencioso administrativo
338_p1092,previsional,capa1,regla:seguridad social
338_p1104,laboral,capa1,regla:\bdel trabajo\b
338_p1110,,originaria,originaria
338_p1149,civil_comercial,capa1,regla:\ben lo civil\b
338_p1156,tributario,capa1_refinado,refinamiento:fiscal(\bafip\b|\bdgi\b|d)
338_p1171,laboral,capa1,regla:\bdel trabajo\b
338_p1183,,originaria,originaria
338_p1216,,pendiente_capa2,sin_ancla
338_p1248,civil_comercial,capa1,regla:\ben lo comercial\b
338_p1252,civil_comercial,capa1,regla:\ben lo civil\b
338_p1258,contencioso_administrativo,capa1,regla:contencioso administrativo
338_p1277,,pendiente_capa2,sin_ancla
338_p1284,penal,capa1,regla:casacion penal
338_p1291,laboral,capa1,regla:\bdel trabajo\b
338_p1299,civil_comercial,capa1,regla:\ben lo civil\b
338_p1304,laboral,capa1,regla:\bdel trabajo\b
338_p1311,civil_comercial,capa1,regla:\ben lo civil\b
338_p1322,civil_comercial,capa1,regla:\ben lo civil\b
338_p1325,previsional,capa2,norma:24241(1)
338_p1331,civil_comercial,capa1,regla:civil y comercial federal
338_p1335,civil_comercial,capa1,regla:\ben lo civil\b
338_p1339,contencioso_administrativo,capa1,regla:contencioso administrativo
338_p1344,civil_comercial,capa1,regla:\ben lo comercial\b
338_p1347,laboral,capa1,regla:\bdel trabajo\b
338_p1356,,originaria,originaria
338_p1389,,originaria,originaria
338_p1431,contencioso_administrativo,capa2,objeto(1)
338_p1433,civil_comercial,capa1,regla:\ben lo civil\b
338_p1442,penal,capa1,regla:casacion penal
338_p1444,contencioso_administrativo,capa2,provincia:ca
338_p1455,,originaria,originaria
338_p1477,tributario,capa2,kw(1)
338_p1492,contencioso_administrativo,capa1,regla:contencioso administrativo
338_p1498,tributario,capa2,norma:23548(1)
338_p1504,penal,capa1,regla:casacion penal
338_p1517,lesa_humanidad,capa2,kw(1)
338_p1524,civil_comercial,capa1,regla:\ben lo civil\b
338_p1534,civil_comercial,capa1,regla:\ben lo civil\b
338_p1538,contencioso_administrativo,capa2,provincia:ca
338_p1545,laboral,capa1,regla:\bdel trabajo\b
338_p1551,contencioso_administrativo,capa1,regla:contencioso administrativo
338_p1575,civil_comercial,capa2,objeto(1)
338_p1583,contencioso_administrativo,capa1,regla:contencioso administrativo
339_p61,previsional,capa1,regla:seguridad social
339_p79,tributario,capa1_refinado,refinamiento:fiscal(\bafip\b|\bdgi\b|d)
339_p80,,pendiente_capa2,sin_ancla
339_p84,contencioso_administrativo,capa2,provincia:ca
339_p89,contencioso_administrativo,capa2,objeto(1)
339_p90,constitucional,capa2,objeto(1)
339_p92,,pendiente_capa2,sin_ancla
339_p94,penal,capa2,norma:24767+objeto(2)
339_p108,contencioso_administrativo,capa2,provincia:ca
339_p111,,pendiente_capa2,conflicto_capa2:ambiental/penal
339_p115,,pendiente_capa2,sin_ancla
339_p126,,pendiente_capa2,conflicto_capa2:cambiario/civil_comercial
339_p127,penal,capa1,regla:casacion penal
339_p142,ambiental,capa2,kw+norma:25675(2)
339_p155,laboral,capa2,norma:23551(1)
339_p160,tributario,capa2,kw(1)
339_p168,tributario,capa2,kw(1)
339_p173,tributario,capa2,kw(1)
339_p179,,pendiente_capa2,sin_ancla
339_p180,,pendiente_capa2,sin_ancla
339_p181,constitucional,capa2,objeto(1)
339_p183,,pendiente_capa2,sin_ancla
339_p185,contencioso_administrativo,capa2,objeto(1)
339_p186,penal,capa1,regla:casacion penal
339_p189,previsional,capa2,norma:24241+norma:24463+parte(3)
339_p194,,pendiente_capa2,sin_ancla
339_p201,ambiental,capa2,kw+norma:25675(2)
339_p216,tributario,capa1_refinado,refinamiento:fiscal(\bafip\b|\bdgi\b|d)
339_p219,previsional,capa1,regla:seguridad social
339_p222,civil_comercial,capa1,regla:\ben lo civil\b
339_p225,contencioso_administrativo,capa2,provincia:ca
339_p230,,originaria,originaria
339_p234,,pendiente_capa2,sin_ancla
339_p236,civil_comercial,capa1,regla:\ben lo comercial\b
339_p245,contencioso_administrativo,capa2,provincia:ca
339_p252,civil_comercial,capa1,regla:\ben lo comercial\b
339_p259,,pendiente_capa2,conflicto_capa2:contencioso_administrativo/laboral
339_p260,tributario,capa1_refinado,refinamiento:fiscal(\bafip\b|\bdgi\b|d)
339_p267,,pendiente_capa2,conflicto_capa2:laboral/previsional/tributario
339_p270,civil_comercial,capa2,objeto(1)
339_p272,contencioso_administrativo,capa1,regla:contencioso administrativo
339_p273,,pendiente_capa2,sin_ancla
339_p274,laboral,capa2,kw+norma:20744(2)
339_p276,civil_comercial,capa2,objeto(1)
339_p290,civil_comercial,capa1,regla:civil y comercial federal
339_p299,,pendiente_capa2,conflicto_capa2:civil_comercial/laboral
339_p302,civil_comercial,capa1,regla:\ben lo civil\b
339_p304,,pendiente_capa2,sin_ancla
339_p305,contencioso_administrativo,capa2,provincia:ca
339_p307,penal,capa1,regla:casacion penal
339_p315,,pendiente_capa2,sin_ancla
339_p316,,pendiente_capa2,sin_ancla
339_p323,previsional,capa1,regla:seguridad social
339_p349,civil_comercial,capa1,regla:\ben lo civil\b
339_p353,ambiental,capa2,norma:25675(1)
339_p357,civil_comercial,capa2,objeto(1)
339_p359,previsional,capa1,regla:seguridad social
339_p367,civil_comercial,capa1,regla:\ben lo civil\b
339_p368,civil_comercial,capa1,regla:\ben lo civil\b
339_p372,laboral,capa2,coocur:indemniz_despido(desempate)
339_p381,penal,capa1,regla:casacion penal
339_p389,civil_comercial,capa1,regla:civil y comercial federal
339_p399,contencioso_administrativo,capa2,objeto(1)
339_p405,laboral,capa1,regla:\bdel trabajo\b
339_p407,,pendiente_capa2,sin_ancla
339_p408,penal,capa1,regla:casacion penal
339_p414,civil_comercial,capa1,regla:civil y comercial federal
339_p419,contencioso_administrativo,capa1,regla:contencioso administrativo
339_p423,civil_comercial,capa1,regla:\ben lo civil\b
339_p428,,pendiente_capa2,sin_ancla
339_p429,civil_comercial,capa2,objeto(1)
339_p432,contencioso_administrativo,capa2,provincia:ca
339_p434,tributario,capa2,norma:11683+norma:20628+parte(3)
339_p444,tributario,capa1_refinado,refinamiento:fiscal(\bafip\b|\bdgi\b|d)
339_p452,tributario,capa2,objeto(1)
339_p456,civil_comercial,capa1,regla:civil y comercial federal
339_p457,laboral,capa1,regla:\bdel trabajo\b
339_p459,civil_comercial,capa1,regla:\ben lo comercial\b
339_p464,contencioso_administrativo,capa2,objeto(1)
339_p468,contencioso_administrativo,capa2,norma:21499(1)
339_p477,penal,capa1,regla:criminal y correccional
339_p480,penal,capa1,regla:casacion penal
339_p487,tributario,capa2,parte(1)
339_p488,penal,capa1,regla:criminal y correccional
339_p489,,pendiente_capa2,sin_ancla
339_p490,civil_comercial,capa2,objeto(1)
339_p493,civil_comercial,capa2,objeto(1)
339_p499,contencioso_administrativo,capa1,regla:contencioso administrativo
339_p506,,originaria,originaria
339_p508,civil_comercial,capa2,objeto(1)
339_p515,,originaria,originaria
339_p525,,originaria,originaria
339_p533,contencioso_administrativo,capa1,regla:contencioso administrativo
339_p536,laboral,capa1,regla:\bdel trabajo\b
339_p542,penal,capa1,regla:casacion penal
339_p550,laboral,capa2,objeto(1)
339_p551,penal,capa1,regla:criminal y correccional
339_p561,civil_comercial,capa1,regla:\ben lo civil\b
339_p566,constitucional,capa2,objeto(1)
339_p569,,originaria,originaria
339_p583,laboral,capa1,regla:\bdel trabajo\b
339_p584,tributario,capa1_refinado,refinamiento:fiscal(\bafip\b|\bdgi\b|d)
339_p597,tributario,capa2,parte(1)
339_p599,,pendiente_capa2,sin_ancla
339_p602,ambiental,capa2,norma:24051(1)
339_p608,,pendiente_capa2,sin_ancla
339_p609,,pendiente_capa2,sin_ancla
339_p622,contencioso_administrativo,capa2,provincia:ca
339_p633,contencioso_administrativo,capa2,provincia:ca
339_p635,civil_comercial,capa1,regla:\ben lo civil\b
339_p638,contencioso_administrativo,capa2,objeto(1)
339_p643,tributario,capa1_refinado,refinamiento:fiscal(\bafip\b|\bdgi\b|d)
339_p646,,pendiente_capa2,conflicto_capa2:civil_comercial/laboral
339_p648,civil_comercial,capa1,regla:civil y comercial federal
339_p649,previsional,capa1,regla:seguridad social
339_p652,,pendiente_capa2,sin_ancla
339_p656,penal,capa2,objeto(1)
339_p658,civil_comercial,capa1,regla:\ben lo civil\b
339_p662,penal,capa1,regla:penal economico
339_p676,civil_comercial,capa1,regla:\ben lo civil\b
339_p680,contencioso_administrativo,capa2,objeto(1)
339_p683,contencioso_administrativo,capa2,provincia:ca
339_p697,penal,capa1,regla:casacion penal
339_p704,consumo,capa2,kw+norma:24240(2)
339_p711,contencioso_administrativo,capa2,objeto(1)
339_p713,tributario,capa1_refinado,refinamiento:fiscal(\bafip\b|\bdgi\b|d)
339_p721,civil_comercial,capa1,regla:\ben lo civil\b
339_p725,contencioso_administrativo,capa2,provincia:ca
339_p727,civil_comercial,capa1,regla:\ben lo civil\b
339_p728,,pendiente_capa2,sin_ancla
339_p737,civil_comercial,capa1,regla:\ben lo comercial\b
339_p740,previsional,capa2,norma:24463+objeto+parte(3)
339_p751,,pendiente_capa2,sin_ancla
339_p754,penal,capa1,regla:casacion penal
339_p758,contencioso_administrativo,capa2,provincia:ca
339_p760,laboral,capa1,regla:\bdel trabajo\b
339_p781,laboral,capa1,regla:\bdel trabajo\b
339_p795,civil_comercial,capa1,regla:\ben lo civil\b
339_p812,,pendiente_capa2,sin_ancla
339_p814,laboral,capa2,objeto(1)
339_p819,civil_comercial,capa1,regla:\ben lo civil\b
339_p822,laboral,capa1,regla:\bdel trabajo\b
339_p824,contencioso_administrativo,capa1,regla:contencioso administrativo
339_p827,contencioso_administrativo,capa1,regla:contencioso administrativo
339_p841,civil_comercial,capa1,regla:\ben lo civil\b
339_p845,civil_comercial,capa1,regla:\ben lo civil\b
339_p846,tributario,capa2,parte(1)
339_p852,,pendiente_capa2,sin_ancla
339_p854,laboral,capa1,regla:\bdel trabajo\b
339_p858,tributario,capa2,parte(1)
339_p859,civil_comercial,capa2,objeto(1)
339_p864,contencioso_administrativo,capa2,provincia:ca
339_p869,civil_comercial,capa2,objeto(1)
339_p873,civil_comercial,capa1,regla:\ben lo civil\b
339_p876,,originaria,originaria
339_p882,civil_comercial,capa2,objeto(1)
339_p888,,originaria,originaria
339_p889,,pendiente_capa2,sin_ancla
339_p891,,pendiente_capa2,sin_ancla
339_p893,contencioso_administrativo,capa1,regla:contencioso administrativo
339_p897,tributario,capa1_refinado,refinamiento:fiscal(\bafip\b|\bdgi\b|d)
339_p901,,pendiente_capa2,sin_ancla
339_p906,penal,capa2,kw+norma:24767+objeto(3)
339_p919,civil_comercial,capa1,regla:\ben lo civil\b
339_p921,contencioso_administrativo,capa1,regla:contencioso administrativo
339_p927,contencioso_administrativo,capa2,provincia:ca
339_p930,previsional,capa1,regla:seguridad social
339_p933,,pendiente_capa2,sin_ancla
339_p1027,civil_comercial,capa2,objeto(1)
339_p1033,,originaria,originaria
339_p1041,previsional,capa1,regla:seguridad social
339_p1044,penal,capa1,regla:casacion penal
339_p1045,previsional,capa1,regla:seguridad social
339_p1048,,pendiente_capa2,sin_ancla
339_p1058,,pendiente_capa2,sin_ancla
339_p1066,tributario,capa1_refinado,refinamiento:fiscal(\bafip\b|\bdgi\b|d)
339_p1077,consumo,capa2,kw(1)
339_p1168,penal,capa2,kw+objeto(2)
339_p1171,,pendiente_capa2,sin_ancla
339_p1172,,originaria,originaria
339_p1188,,pendiente_capa2,sin_ancla
339_p1192,penal,capa2,objeto(1)
339_p1193,civil_comercial,capa2,kw(1)
339_p1195,,originaria,originaria
339_p1199,penal,capa1,regla:casacion penal
339_p1203,,pendiente_capa2,sin_ancla
339_p1204,penal,capa1,regla:casacion penal
339_p1206,contencioso_administrativo,capa1,regla:contencioso administrativo
339_p1207,contencioso_administrativo,capa1,regla:contencioso administrativo
339_p1208,,residual,Superior Tribual de Justicia de Corrientes
339_p1215,civil_comercial,capa1,regla:\ben lo civil\b
339_p1218,,pendiente_capa2,sin_ancla
339_p1219,civil_comercial,capa1,regla:\ben lo civil\b
339_p1223,contencioso_administrativo,capa2,provincia:ca
339_p1254,contencioso_administrativo,capa2,provincia:ca
339_p1261,civil_comercial,capa2,objeto(1)
339_p1264,civil_comercial,capa2,objeto(1)
339_p1269,,pendiente_capa2,sin_ancla
339_p1277,,pendiente_capa2,sin_ancla
339_p1302,contencioso_administrativo,capa2,provincia:ca
339_p1304,civil_comercial,capa1,regla:\ben lo civil\b
339_p1305,laboral,capa1,regla:\bdel trabajo\b
339_p1307,laboral,capa1,regla:\bdel trabajo\b
339_p1308,civil_comercial,capa1,regla:\ben lo civil\b
339_p1311,civil_comercial,capa1,regla:\ben lo civil\b
339_p1314,contencioso_administrativo,capa1,regla:contencioso administrativo
339_p1316,,originaria,originaria
339_p1323,penal,capa2,norma:23737(1)
339_p1328,laboral,capa2,objeto(1)
339_p1331,,originaria,originaria
339_p1336,civil_comercial,capa2,kw(1)
339_p1339,,pendiente_capa2,sin_ancla
339_p1341,,pendiente_capa2,sin_ancla
339_p1342,penal,capa1,regla:criminal y correccional
339_p1349,penal,capa2,objeto(1)
339_p1351,penal,capa2,objeto(1)
339_p1353,,no_aplica,tipo_entrada=sumario_editorial
339_p1355,penal,capa1,regla:casacion penal
339_p1357,penal,capa1,regla:criminal y correccional
339_p1371,penal,capa2,kw(1)
339_p1373,,pendiente_capa2,sin_ancla
339_p1376,contencioso_administrativo,capa2,provincia:ca
339_p1378,,pendiente_capa2,sin_ancla
339_p1380,,no_aplica,tipo_entrada=sumario_editorial
339_p1382,penal,capa2,objeto(1)
339_p1385,penal,capa2,objeto(1)
339_p1388,,pendiente_capa2,sin_ancla
339_p1393,civil_comercial,capa2,objeto(1)
339_p1397,contencioso_administrativo,capa2,provincia:ca
339_p1400,tributario,capa1_refinado,refinamiento:fiscal(\bafip\b|\bdgi\b|d)
339_p1414,previsional,capa2,parte(1)
339_p1417,contencioso_administrativo,capa2,objeto(1)
339_p1419,,pendiente_capa2,sin_ancla
339_p1420,penal,capa1,regla:casacion penal
339_p1423,ambiental,capa2,norma:25675(1)
339_p1436,contencioso_administrativo,capa2,provincia:ca
339_p1437,,pendiente_capa2,sin_ancla
339_p1439,,pendiente_capa2,sin_ancla
339_p1441,penal,capa1,regla:casacion penal
339_p1448,penal,capa1,regla:casacion penal
339_p1453,contencioso_administrativo,capa2,provincia:ca
339_p1459,,pendiente_capa2,sin_ancla
339_p1461,,originaria,originaria
339_p1463,,pendiente_capa2,sin_ancla
339_p1478,civil_comercial,capa1,regla:\ben lo civil\b
339_p1483,contencioso_administrativo,capa2,objeto(1)
339_p1489,laboral,capa1,regla:\bdel trabajo\b
339_p1493,penal,capa1,regla:casacion penal
339_p1514,penal,capa1,regla:casacion penal
339_p1520,previsional,capa1,regla:seguridad social
339_p1523,laboral,capa1,regla:\bdel trabajo\b
339_p1528,,pendiente_capa2,sin_ancla
339_p1530,,pendiente_capa2,sin_ancla
339_p1534,civil_comercial,capa1,regla:\ben lo civil\b
339_p1559,,pendiente_capa2,sin_ancla
339_p1562,civil_comercial,capa2,objeto(1)
339_p1565,penal,capa2,objeto(1)
339_p1567,laboral,capa1,regla:\bdel trabajo\b
339_p1571,,pendiente_capa2,sin_ancla
339_p1576,,pendiente_capa2,sin_ancla
339_p1577,,pendiente_capa2,sin_ancla
339_p1579,,pendiente_capa2,sin_ancla
339_p1581,tributario,capa2,objeto(1)
339_p1583,laboral,capa1,regla:\bdel trabajo\b
339_p1591,penal,capa2,objeto(1)
339_p1592,civil_comercial,capa2,objeto(1)
339_p1593,,pendiente_capa2,sin_ancla
339_p1599,tributario,capa2,objeto(1)
339_p1601,,pendiente_capa2,sin_ancla
339_p1603,penal,capa2,objeto(1)
339_p1605,laboral,capa1,regla:\bdel trabajo\b
339_p1607,laboral,capa1,regla:\bdel trabajo\b
339_p1608,,pendiente_capa2,sin_ancla
339_p1615,,pendiente_capa2,sin_ancla
339_p1621,laboral,capa2,objeto+parte(2)
339_p1622,penal,capa1,regla:criminal y correccional
339_p1628,contencioso_administrativo,capa2,provincia:ca
339_p1635,laboral,capa1,regla:\bdel trabajo\b
339_p1642,,pendiente_capa2,sin_ancla
339_p1644,civil_comercial,capa2,objeto(1)
339_p1648,,pendiente_capa2,sin_ancla
339_p1651,,pendiente_capa2,sin_ancla
339_p1654,penal,capa2,objeto(1)
339_p1656,penal,capa2,objeto(1)
339_p1659,,pendiente_capa2,sin_ancla
339_p1661,,pendiente_capa2,sin_ancla
339_p1663,contencioso_administrativo,capa2,provincia:ca
339_p1671,,pendiente_capa2,sin_ancla
339_p1674,laboral,capa1,regla:\bdel trabajo\b
339_p1678,,pendiente_capa2,sin_ancla
339_p1680,,pendiente_capa2,sin_ancla
339_p1683,,pendiente_capa2,sin_ancla
339_p1689,contencioso_administrativo,capa1,regla:contencioso administrativo
339_p1691,civil_comercial,capa1,regla:\ben lo civil\b
339_p1695,civil_comercial,capa1,regla:\ben lo civil\b
339_p1701,,pendiente_capa2,sin_ancla
339_p1702,,pendiente_capa2,sin_ancla
339_p1704,penal,capa2,objeto(1)
339_p1707,penal,capa2,objeto(1)
339_p1709,,pendiente_capa2,sin_ancla
339_p1711,,pendiente_capa2,sin_ancla
339_p1713,,pendiente_capa2,sin_ancla
339_p1715,,pendiente_capa2,sin_ancla
339_p1717,laboral,capa1,regla:\bdel trabajo\b
339_p1720,laboral,capa1,regla:\bdel trabajo\b
339_p1722,contencioso_administrativo,capa2,provincia:ca
339_p1727,civil_comercial,capa1,regla:civil y comercial federal
339_p1732,,originaria,originaria
339_p1742,civil_comercial,capa2,objeto(1)
339_p1750,,pendiente_capa2,sin_ancla
339_p1751,civil_comercial,capa2,objeto(1)
339_p1754,contencioso_administrativo,capa1,regla:contencioso administrativo
339_p1760,salud,capa2,coocur:salud_amparo
339_p1763,,pendiente_capa2,sin_ancla
339_p1787,,pendiente_capa2,sin_ancla
339_p1791,,pendiente_capa2,sin_ancla
339_p1793,civil_comercial,capa2,objeto(1)
339_p1795,,pendiente_capa2,conflicto_capa2:ambiental/civil_comercial
339_p1801,civil_comercial,capa1,regla:\ben lo civil\b
339_p1804,civil_comercial,capa1,regla:\ben lo civil\b
339_p1808,previsional,capa1,regla:seguridad social
339_p1811,,pendiente_capa2,sin_ancla
339_p1812,contencioso_administrativo,capa1,regla:contencioso administrativo
339_p1818,civil_comercial,capa1,regla:\ben lo civil\b
339_p1819,penal,capa1,regla:casacion penal
339_p1820,civil_comercial,capa1,regla:\ben lo civil\b
339_p1831,salud,capa2,coocur:salud_amparo
339_p1834,civil_comercial,capa2,objeto(1)
340_p7,civil_comercial,capa2,objeto(1)
340_p10,,pendiente_capa2,sin_ancla
340_p11,previsional,capa2,parte(1)
340_p14,contencioso_administrativo,capa1,regla:contencioso administrativo
340_p21,previsional,capa1,regla:seguridad social
340_p24,,pendiente_capa2,sin_ancla
340_p28,contencioso_administrativo,capa2,provincia:ca
340_p29,civil_comercial,capa1,regla:\ben lo civil\b
340_p33,laboral,capa2,objeto+parte(2)
340_p37,,pendiente_capa2,sin_ancla
340_p39,,pendiente_capa2,sin_ancla
340_p44,,pendiente_capa2,sin_ancla
340_p47,civil_comercial,capa1,regla:civil y comercial federal
340_p72,civil_comercial,capa1,regla:civil y comercial federal
340_p76,,pendiente_capa2,conflicto_capa2:laboral/previsional/tributario
340_p82,civil_comercial,capa2,objeto(1)
340_p85,tributario,capa2,kw+parte(2)
340_p88,consumo,capa2,norma:24240(1)
340_p93,previsional,capa1,regla:seguridad social
340_p95,civil_comercial,capa2,objeto(1)
340_p98,,pendiente_capa2,sin_ancla
340_p101,,pendiente_capa2,sin_ancla
340_p103,laboral,capa1,regla:\bdel trabajo\b
340_p113,civil_comercial,capa2,objeto(1)
340_p114,,pendiente_capa2,sin_ancla
340_p117,constitucional,capa2,objeto(1)
340_p121,contencioso_administrativo,capa2,coocur:corralito_emergencia
340_p122,civil_comercial,capa1,regla:civil y comercial federal
340_p124,penal,capa2,objeto(1)
340_p126,civil_comercial,capa1,regla:\ben lo civil\b
340_p128,,pendiente_capa2,sin_ancla
340_p130,contencioso_administrativo,capa1,regla:contencioso administrativo
340_p131,laboral,capa1,regla:\bdel trabajo\b
340_p136,,pendiente_capa2,sin_ancla
340_p141,laboral,capa1,regla:\bdel trabajo\b
340_p151,,originaria,originaria
340_p156,,pendiente_capa2,sin_ancla
340_p158,tributario,capa1_refinado,refinamiento:fiscal(\bafip\b|\bdgi\b|d)
340_p164,penal,capa2,objeto(1)
340_p169,tributario,capa2,objeto(1)
340_p172,civil_comercial,capa1,regla:\ben lo comercial\b
340_p185,civil_comercial,capa1,regla:\ben lo civil\b
340_p188,penal,capa1,regla:casacion penal
340_p204,constitucional,capa2,objeto(1)
340_p207,constitucional,capa2,objeto(1)
340_p212,civil_comercial,capa2,objeto(1)
340_p217,,pendiente_capa2,sin_ancla
340_p218,,pendiente_capa2,sin_ancla
340_p221,contencioso_administrativo,capa1,regla:contencioso administrativo
340_p225,contencioso_administrativo,capa1,regla:contencioso administrativo
340_p226,laboral,capa1,regla:\bdel trabajo\b
340_p229,contencioso_administrativo,capa1,regla:contencioso administrativo
340_p232,,no_aplica,tipo_entrada=sumario_editorial
340_p236,tributario,capa1_refinado,refinamiento:fiscal(\bafip\b|\bdgi\b|d)
340_p251,civil_comercial,capa1,regla:civil y comercial federal
340_p257,lesa_humanidad,capa2,kw(1)
340_p345,,pendiente_capa2,conflicto_capa2:civil_comercial/contencioso_administrativo/lesa_humanidad
340_p387,,pendiente_capa2,sin_ancla
340_p391,,pendiente_capa2,sin_ancla
340_p394,civil_comercial,capa2,coocur:danos_transito(desempate)
340_p397,,pendiente_capa2,sin_ancla
340_p400,laboral,capa2,kw(1)
340_p403,,pendiente_capa2,sin_ancla
340_p406,laboral,capa2,objeto(1)
340_p411,previsional,capa1,regla:seguridad social
340_p415,civil_comercial,capa2,objeto(1)
340_p421,,pendiente_capa2,sin_ancla
340_p429,,originaria,originaria
340_p431,contencioso_administrativo,capa2,provincia:ca
340_p437,laboral,capa1,regla:\bdel trabajo\b
340_p481,civil_comercial,capa2,objeto(1)
340_p483,previsional,capa1,regla:seguridad social
340_p493,penal,capa1,regla:casacion penal
340_p516,civil_comercial,capa1,regla:\ben lo civil\b
340_p518,contencioso_administrativo,capa2,provincia:ca
340_p521,,pendiente_capa2,sin_ancla
340_p524,,pendiente_capa2,sin_ancla
340_p526,contencioso_administrativo,capa1,regla:contencioso administrativo
340_p538,,no_aplica,tipo_entrada=sumario_editorial
340_p540,penal,capa2,objeto(1)
340_p543,contencioso_administrativo,capa1,regla:contencioso administrativo
340_p545,tributario,capa1_refinado,refinamiento:fiscal(\bafip\b|\bdgi\b|d)
340_p549,penal,capa1,regla:casacion penal
340_p607,civil_comercial,capa2,objeto(1)
340_p609,,pendiente_capa2,sin_ancla
340_p611,,pendiente_capa2,sin_ancla
340_p614,,pendiente_capa2,sin_ancla
340_p620,laboral,capa2,objeto(1)
340_p626,,pendiente_capa2,sin_ancla
340_p628,salud,capa2,coocur:salud_amparo
340_p630,,pendiente_capa2,sin_ancla
340_p632,,pendiente_capa2,sin_ancla
340_p634,,pendiente_capa2,sin_ancla
340_p636,,pendiente_capa2,sin_ancla
340_p639,,pendiente_capa2,sin_ancla
340_p641,laboral,capa2,kw+objeto(2)
340_p644,tributario,capa1_refinado,refinamiento:fiscal(\bafip\b|\bdgi\b|d)
340_p658,civil_comercial,capa2,objeto(1)
340_p660,laboral,capa1,regla:\bdel trabajo\b
340_p669,penal,capa1,regla:casacion penal
340_p686,,pendiente_capa2,sin_ancla
340_p689,,pendiente_capa2,sin_ancla
340_p691,contencioso_administrativo,capa2,objeto(1)
340_p693,,pendiente_capa2,sin_ancla
340_p695,penal,capa2,objeto(1)
340_p697,,pendiente_capa2,sin_ancla
340_p699,penal,capa2,kw(1)
340_p702,,pendiente_capa2,sin_ancla
340_p705,penal,capa2,kw(1)
340_p708,penal,capa2,objeto(1)
340_p711,contencioso_administrativo,capa1,regla:contencioso administrativo
340_p722,,pendiente_capa2,sin_ancla
340_p724,,pendiente_capa2,sin_ancla
340_p725,contencioso_administrativo,capa1,regla:contencioso administrativo
340_p729,,originaria,originaria
340_p732,,pendiente_capa2,sin_ancla
340_p734,,pendiente_capa2,sin_ancla
340_p737,penal,capa2,objeto(1)
340_p739,,originaria,originaria
340_p745,tributario,capa2,norma:20628+norma:23548(2)
340_p757,,originaria,originaria
340_p765,civil_comercial,capa1,regla:\ben lo civil\b
340_p786,penal,capa2,norma:23737(1)
340_p788,,pendiente_capa2,sin_ancla
340_p790,penal,capa2,objeto(1)
340_p793,,no_aplica,tipo_entrada=sumario_editorial
340_p797,penal,capa2,objeto(1)
340_p799,,pendiente_capa2,sin_ancla
340_p802,constitucional,capa2,objeto(1)
340_p808,penal,capa2,kw(1)
340_p810,civil_comercial,capa2,objeto(1)
340_p812,civil_comercial,capa2,objeto(1)
340_p815,,pendiente_capa2,sin_ancla
340_p819,civil_comercial,capa2,objeto(1)
340_p822,laboral,capa2,objeto(1)
340_p824,,pendiente_capa2,sin_ancla
340_p827,,pendiente_capa2,sin_ancla
340_p829,penal,capa2,kw+objeto(2)
340_p832,penal,capa1,regla:casacion penal
340_p839,penal,capa2,objeto(1)
340_p840,contencioso_administrativo,capa2,provincia:ca
340_p850,civil_comercial,capa2,objeto(1)
340_p853,civil_comercial,capa2,objeto(1)
340_p858,penal,capa2,objeto(1)
340_p861,contencioso_administrativo,capa2,provincia:ca
340_p863,contencioso_administrativo,capa2,provincia:ca
340_p864,,pendiente_capa2,sin_ancla
340_p866,penal,capa2,objeto(1)
340_p868,penal,capa2,objeto(1)
340_p869,penal,capa2,objeto(1)
340_p872,previsional,capa1,regla:seguridad social
340_p878,contencioso_administrativo,capa1,regla:contencioso administrativo
340_p888,penal,capa2,objeto(1)
340_p891,tributario,capa2,kw(1)
340_p895,contencioso_administrativo,capa2,provincia:ca
340_p898,previsional,capa1,regla:seguridad social
340_p900,contencioso_administrativo,capa1,regla:contencioso administrativo
340_p902,laboral,capa1,regla:\bdel trabajo\b
340_p905,consumo,capa2,kw+norma:24240(2)
340_p910,laboral,capa1,regla:\bdel trabajo\b
340_p914,contencioso_administrativo,capa2,provincia:ca
340_p951,penal,capa1,regla:penal economico
340_p979,contencioso_administrativo,capa2,objeto(1)
340_p982,contencioso_administrativo,capa1,regla:contencioso administrativo
340_p983,contencioso_administrativo,capa1,regla:contencioso administrativo
340_p991,,originaria,originaria
340_p1025,constitucional,capa2,objeto(1)
340_p1035,,pendiente_capa2,sin_ancla
340_p1038,laboral,capa2,kw+norma:24557+norma:26773+objeto(4)
340_p1062,civil_comercial,capa1,regla:civil y comercial federal
340_p1068,civil_comercial,capa1,regla:\ben lo civil\b
340_p1070,contencioso_administrativo,capa2,provincia:ca
340_p1074,laboral,capa1,regla:\bdel trabajo\b
340_p1078,,originaria,originaria
340_p1084,electoral,capa1,regla:electoral
340_p1089,,pendiente_capa2,sin_ancla
340_p1094,penal,capa1,regla:casacion penal
340_p1097,,pendiente_capa2,sin_ancla
340_p1110,tributario,capa2,parte(1)
340_p1111,civil_comercial,capa1,regla:\ben lo civil\b
340_p1129,,originaria,originaria
340_p1136,laboral,capa1,regla:\bdel trabajo\b
340_p1144,contencioso_administrativo,capa1,regla:contencioso administrativo
340_p1149,civil_comercial,capa2,norma:24901+objeto(2)
340_p1154,civil_comercial,capa1,regla:civil y comercial federal
340_p1175,penal,capa1,regla:criminal y correccional
340_p1185,civil_comercial,capa1,regla:\ben lo civil\b
340_p1193,ambiental,capa2,kw+norma:25675(2)
340_p1213,contencioso_administrativo,capa1,regla:contencioso administrativo
340_p1226,civil_comercial,capa1,regla:\ben lo comercial\b
340_p1232,civil_comercial,capa1,regla:\ben lo comercial\b
340_p1236,civil_comercial,capa1,regla:\ben lo civil\b
340_p1252,civil_comercial,capa1,regla:civil y comercial federal
340_p1256,laboral,capa1,regla:\bdel trabajo\b
340_p1259,laboral,capa1,regla:\bdel trabajo\b
340_p1263,,pendiente_capa2,sin_ancla
340_p1265,,pendiente_capa2,sin_ancla
340_p1266,laboral,capa1,regla:\bdel trabajo\b
340_p1269,civil_comercial,capa2,norma:24901(1)
340_p1280,laboral,capa1,regla:\bdel trabajo\b
340_p1283,penal,capa1,regla:casacion penal
340_p1293,civil_comercial,capa1,regla:civil y comercial federal
340_p1294,,pendiente_capa2,sin_ancla
340_p1296,civil_comercial,capa1,regla:civil y comercial federal
340_p1311,,pendiente_capa2,sin_ancla
340_p1327,,pendiente_capa2,sin_ancla
340_p1331,laboral,capa1,regla:\bdel trabajo\b
340_p1338,tributario,capa2,kw(2)
340_p1346,civil_comercial,capa1,regla:\ben lo comercial\b
340_p1355,penal,capa2,objeto(1)
340_p1357,laboral,capa2,objeto(1)
340_p1362,,pendiente_capa2,sin_ancla
340_p1364,civil_comercial,capa1,regla:\ben lo civil\b
340_p1380,laboral,capa1,regla:\bdel trabajo\b
340_p1383,electoral,capa1,regla:electoral
340_p1388,laboral,capa2,parte(1)
340_p1392,contencioso_administrativo,capa2,provincia:ca
340_p1395,,pendiente_capa2,sin_ancla
340_p1398,laboral,capa1,regla:\bdel trabajo\b
340_p1401,laboral,capa1,regla:\bdel trabajo\b
340_p1414,laboral,capa1,regla:\bdel trabajo\b
340_p1421,civil_comercial,capa1,regla:civil y comercial federal
340_p1426,penal,capa2,norma:24767(1)
340_p1428,previsional,capa1,regla:seguridad social
340_p1430,penal,capa2,kw(1)
340_p1433,tributario,capa2,kw+parte(2)
340_p1441,laboral,capa1,regla:\bdel trabajo\b
340_p1450,,pendiente_capa2,sin_ancla
340_p1472,,originaria,originaria
340_p1480,,originaria,originaria
340_p1510,,originaria,originaria
340_p1513,contencioso_administrativo,capa1,regla:contencioso administrativo
340_p1542,contencioso_administrativo,capa1,regla:contencioso administrativo
340_p1547,civil_comercial,capa2,kw+norma:24522+objeto(3)
340_p1551,contencioso_administrativo,capa1,regla:contencioso administrativo
340_p1554,contencioso_administrativo,capa1,regla:contencioso administrativo
340_p1557,contencioso_administrativo,capa1,regla:contencioso administrativo
340_p1570,,originaria,originaria
340_p1581,,pendiente_capa2,sin_ancla
340_p1594,,pendiente_capa2,conflicto_capa2:ambiental/civil_comercial
340_p1600,civil_comercial,capa1,regla:civil y comercial federal
340_p1606,,pendiente_capa2,sin_ancla
340_p1614,,originaria,originaria
340_p1644,tributario,capa1_refinado,refinamiento:fiscal(\bafip\b|\bdgi\b|d)
340_p1660,civil_comercial,capa2,objeto(1)
340_p1663,civil_comercial,capa1,regla:\ben lo comercial\b
340_p1671,contencioso_administrativo,capa2,provincia:ca
340_p1675,laboral,capa1,regla:\bdel trabajo\b
340_p1677,constitucional,capa2,objeto(1)
340_p1680,,originaria,originaria
340_p1686,civil_comercial,capa1,regla:\ben lo comercial\b
340_p1688,,originaria,originaria
340_p1695,laboral,capa1,regla:\bdel trabajo\b
340_p1753,laboral,capa1,regla:\bdel trabajo\b
340_p1756,,pendiente_capa2,sin_ancla
340_p1775,,pendiente_capa2,sin_ancla
340_p1795,contencioso_administrativo,capa2,provincia:ca
340_p1883,previsional,capa2,norma:24018+objeto+parte(3)
340_p1884,tributario,capa1_refinado,refinamiento:fiscal(\bafip\b|\bdgi\b|d)
340_p1913,civil_comercial,capa1,regla:\ben lo comercial\b
340_p1918,contencioso_administrativo,capa1,regla:contencioso administrativo
340_p1921,,pendiente_capa2,sin_ancla
340_p1927,,pendiente_capa2,sin_ancla
340_p1940,contencioso_administrativo,capa1,regla:contencioso administrativo
340_p1965,,pendiente_capa2,sin_ancla
340_p1967,contencioso_administrativo,capa2,provincia:ca
340_p1969,civil_comercial,capa1,regla:\ben lo comercial\b
340_p1973,civil_comercial,capa1,regla:\ben lo comercial\b
340_p1976,civil_comercial,capa1,regla:civil y comercial federal
340_p1982,contencioso_administrativo,capa2,provincia:ca
340_p1993,contencioso_administrativo,capa2,objeto(1)
340_p1995,civil_comercial,capa1,regla:civil y comercial federal
340_p2000,laboral,capa2,objeto(1)
340_p2001,penal,capa1,regla:casacion penal
340_p2016,civil_comercial,capa1,regla:civil y comercial federal
340_p2021,previsional,capa1,regla:seguridad social
340_p2029,,pendiente_capa2,sin_ancla
341_p25,laboral,capa2,kw+objeto(2)
341_p29,laboral,capa2,kw+objeto(2)
341_p32,consumo,capa2,norma:24240(1)
341_p39,,originaria,originaria
341_p54,,pendiente_capa2,sin_ancla
341_p71,,originaria,originaria
341_p77,civil_comercial,capa2,objeto(1)
341_p79,civil_comercial,capa1,regla:\ben lo civil\b
341_p84,laboral,capa2,norma:23551(1)
341_p98,laboral,capa2,coocur:indemniz_despido(desempate)
341_p101,tributario,capa2,norma:11683(1)
341_p122,,pendiente_capa2,sin_ancla
341_p124,,pendiente_capa2,sin_ancla
341_p127,contencioso_administrativo,capa1,regla:contencioso administrativo
341_p129,,pendiente_capa2,sin_ancla
341_p146,civil_comercial,capa1,regla:\ben lo comercial\b
341_p150,penal,capa1,regla:casacion penal
341_p161,contencioso_administrativo,capa2,provincia:ca
341_p169,civil_comercial,capa2,kw(1)
341_p180,,originaria,originaria
341_p202,laboral,capa2,objeto(1)
341_p207,penal,capa1,regla:casacion penal
341_p215,civil_comercial,capa1,regla:\ben lo civil\b
341_p218,civil_comercial,capa1,regla:\ben lo civil\b
341_p221,contencioso_administrativo,capa1,regla:contencioso administrativo
341_p223,penal,capa2,objeto(1)
341_p235,,pendiente_capa2,sin_ancla
341_p242,civil_comercial,capa1,regla:\ben lo comercial\b
341_p247,civil_comercial,capa1,regla:\ben lo comercial\b
341_p250,civil_comercial,capa2,objeto(1)
341_p258,,pendiente_capa2,sin_ancla
341_p260,laboral,capa1,regla:\bdel trabajo\b
341_p262,laboral,capa1,regla:\bdel trabajo\b
341_p266,civil_comercial,capa1,regla:\ben lo civil\b
341_p273,civil_comercial,capa1,regla:\ben lo civil\b
341_p274,previsional,capa2,parte(1)
341_p287,,pendiente_capa2,sin_ancla
341_p289,,originaria,originaria
341_p307,,pendiente_capa2,sin_ancla
341_p311,laboral,capa1,regla:\bdel trabajo\b
341_p317,civil_comercial,capa2,objeto(1)
341_p321,,pendiente_capa2,sin_ancla
341_p322,penal,capa2,objeto(1)
341_p324,ambiental,capa2,norma:25675(1)
341_p327,civil_comercial,capa1,regla:\ben lo civil\b
341_p331,civil_comercial,capa1,regla:civil y comercial federal
341_p333,penal,capa1,regla:criminal y correccional
341_p335,,pendiente_capa2,sin_ancla
341_p336,penal,capa1,regla:casacion penal
341_p410,,pendiente_capa2,sin_ancla
341_p413,,pendiente_capa2,sin_ancla
341_p414,previsional,capa2,parte(1)
341_p416,laboral,capa1,regla:\bdel trabajo\b
341_p422,contencioso_administrativo,capa2,provincia:ca
341_p424,civil_comercial,capa1,regla:\ben lo civil\b
341_p427,laboral,capa2,kw+objeto(2)
341_p461,contencioso_administrativo,capa1,regla:contencioso administrativo
341_p471,civil_comercial,capa2,objeto(1)
341_p474,civil_comercial,capa1,regla:\ben lo civil\b
341_p478,contencioso_administrativo,capa2,objeto(1)
341_p480,,originaria,originaria
341_p500,contencioso_administrativo,capa1,regla:contencioso administrativo
341_p511,civil_comercial,capa1,regla:\ben lo civil\b
341_p512,,pendiente_capa2,sin_ancla
341_p526,laboral,capa1,regla:\bdel trabajo\b
341_p531,contencioso_administrativo,capa2,objeto(1)
341_p536,,originaria,originaria
341_p545,,pendiente_capa2,sin_ancla
341_p552,civil_comercial,capa2,objeto(1)
341_p553,penal,capa1,regla:casacion penal
341_p559,contencioso_administrativo,capa2,objeto(1)
341_p560,contencioso_administrativo,capa2,provincia:ca
341_p562,penal,capa1,regla:casacion penal
341_p566,civil_comercial,capa1,regla:\ben lo civil\b
341_p570,,pendiente_capa2,sin_ancla
341_p572,civil_comercial,capa2,objeto(1)
341_p573,tributario,capa2,coocur:tributario_disfrazado
341_p581,tributario,capa2,norma:20628+parte(2)
341_p584,,pendiente_capa2,sin_ancla
341_p585,,pendiente_capa2,sin_ancla
341_p590,civil_comercial,capa1,regla:\ben lo civil\b
341_p592,penal,capa1,regla:casacion penal
341_p597,civil_comercial,capa2,objeto(1)
341_p600,penal,capa1,regla:casacion penal
341_p605,civil_comercial,capa2,objeto(1)
341_p611,ambiental,capa2,norma:24051(1)
341_p619,ambiental,capa2,norma:25675(1)
341_p623,civil_comercial,capa1,regla:\ben lo comercial\b
341_p631,previsional,capa2,norma:18037+norma:24241+parte(3)
341_p648,civil_comercial,capa1,regla:\ben lo civil\b
341_p662,civil_comercial,capa1,regla:\ben lo civil\b
341_p666,contencioso_administrativo,capa2,provincia:ca
341_p668,contencioso_administrativo,capa2,provincia:ca
341_p678,civil_comercial,capa2,norma:25798(1)
341_p681,,pendiente_capa2,sin_ancla
341_p684,contencioso_administrativo,capa2,objeto(1)
341_p688,laboral,capa1,regla:\bdel trabajo\b
341_p694,,pendiente_capa2,sin_ancla
341_p696,tributario,capa2,norma:11683+objeto(2)
341_p701,laboral,capa1,regla:\bdel trabajo\b
341_p706,penal,capa1,regla:casacion penal
341_p715,penal,capa2,objeto(1)
341_p717,contencioso_administrativo,capa1,regla:contencioso administrativo
341_p721,contencioso_administrativo,capa1,regla:contencioso administrativo
341_p723,civil_comercial,capa2,objeto(1)
341_p726,,pendiente_capa2,sin_ancla
341_p727,contencioso_administrativo,capa1,regla:contencioso administrativo
341_p739,civil_comercial,capa1,regla:\ben lo comercial\b
341_p745,civil_comercial,capa1,regla:\ben lo civil\b
341_p762,previsional,capa1,regla:seguridad social
341_p764,,pendiente_capa2,sin_ancla
341_p770,,pendiente_capa2,sin_ancla
341_p774,civil_comercial,capa1,regla:civil y comercial federal
341_p865,,pendiente_capa2,sin_ancla
341_p868,penal,capa2,objeto(1)
341_p870,civil_comercial,capa2,objeto(1)
341_p876,tributario,capa2,parte(1)
341_p878,previsional,capa1,regla:seguridad social
341_p883,penal,capa2,objeto(1)
341_p892,,no_aplica,tipo_entrada=sumario_editorial
341_p898,,pendiente_capa2,sin_ancla
341_p912,electoral,capa1,regla:electoral
341_p914,,pendiente_capa2,sin_ancla
341_p915,tributario,capa1_refinado,refinamiento:fiscal(\bafip\b|\bdgi\b|d)
341_p919,civil_comercial,capa2,norma:24901(1)
341_p925,,pendiente_capa2,sin_ancla
341_p929,civil_comercial,capa1,regla:civil y comercial federal
341_p939,tributario,capa2,norma:23548(1)
341_p954,laboral,capa2,objeto(1)
341_p961,previsional,capa1,regla:seguridad social
341_p966,civil_comercial,capa1,regla:civil y comercial federal
341_p971,penal,capa2,kw+norma:24767+objeto(3)
341_p1010,tributario,capa2,norma:11683+objeto+parte(3)
341_p1015,contencioso_administrativo,capa2,provincia:ca
341_p1017,penal,capa2,kw(1)
341_p1055,civil_comercial,capa1,regla:\ben lo comercial\b
341_p1063,contencioso_administrativo,capa2,provincia:ca
341_p1067,previsional,capa2,parte(1)
341_p1075,civil_comercial,capa1,regla:\ben lo civil\b
341_p1084,tributario,capa1_refinado,refinamiento:fiscal(\bafip\b|\bdgi\b|d)
341_p1091,civil_comercial,capa1,regla:\ben lo civil\b
341_p1095,,pendiente_capa2,conflicto_capa2:laboral/tributario
341_p1097,contencioso_administrativo,capa1,regla:contencioso administrativo
341_p1106,laboral,capa2,kw+norma:23551(2)
341_p1130,civil_comercial,capa1,regla:civil y comercial federal
341_p1136,civil_comercial,capa1,regla:\ben lo civil\b
341_p1148,,originaria,originaria
341_p1179,civil_comercial,capa1,regla:\ben lo comercial\b
341_p1189,,pendiente_capa2,sin_ancla
341_p1191,,pendiente_capa2,sin_ancla
341_p1192,civil_comercial,capa2,objeto(1)
341_p1195,civil_comercial,capa2,kw(1)
341_p1202,,pendiente_capa2,sin_ancla
341_p1204,,pendiente_capa2,sin_ancla
341_p1207,penal,capa1,regla:casacion penal
341_p1225,,pendiente_capa2,sin_ancla
341_p1227,,pendiente_capa2,sin_ancla
341_p1228,,pendiente_capa2,sin_ancla
341_p1232,contencioso_administrativo,capa2,provincia:ca
341_p1237,penal,capa1,regla:casacion penal
341_p1246,tributario,capa2,objeto(1)
341_p1251,tributario,capa2,objeto(1)
341_p1258,civil_comercial,capa1,regla:\ben lo comercial\b
341_p1263,penal,capa1,regla:casacion penal
341_p1268,laboral,capa1,regla:\bdel trabajo\b
341_p1284,laboral,capa1,regla:\bdel trabajo\b
341_p1287,contencioso_administrativo,capa2,provincia:ca
341_p1293,civil_comercial,capa1,regla:civil y comercial federal
341_p1298,,pendiente_capa2,conflicto_capa2:civil_comercial/tributario
341_p1306,civil_comercial,capa1,regla:\ben lo comercial\b
341_p1322,contencioso_administrativo,capa1,regla:contencioso administrativo
341_p1338,,originaria,originaria
341_p1346,laboral,capa1,regla:\bdel trabajo\b
341_p1352,laboral,capa1,regla:\bdel trabajo\b
341_p1355,electoral,capa1,regla:electoral
341_p1356,contencioso_administrativo,capa1,regla:contencioso administrativo
341_p1367,tributario,capa2,coocur:tributario_disfrazado
341_p1371,civil_comercial,capa2,objeto(1)
341_p1372,contencioso_administrativo,capa1,regla:contencioso administrativo
341_p1377,,pendiente_capa2,conflicto_capa2:laboral/penal
341_p1378,penal,capa2,kw+norma:24767+objeto(3)
341_p1390,previsional,capa1,regla:seguridad social
341_p1397,,pendiente_capa2,sin_ancla
341_p1399,contencioso_administrativo,capa1,regla:contencioso administrativo
341_p1400,contencioso_administrativo,capa2,provincia:ca
341_p1408,contencioso_administrativo,capa2,provincia:ca
341_p1414,civil_comercial,capa2,objeto(1)
341_p1423,previsional,capa1,regla:seguridad social
341_p1432,contencioso_administrativo,capa2,provincia:ca
341_p1439,civil_comercial,capa1,regla:\ben lo civil\b
341_p1443,laboral,capa1,regla:\bdel trabajo\b
341_p1450,civil_comercial,capa1,regla:\ben lo civil\b
341_p1457,civil_comercial,capa1,regla:\ben lo civil\b
341_p1459,,pendiente_capa2,sin_ancla
341_p1460,previsional,capa1,regla:seguridad social
341_p1466,contencioso_administrativo,capa2,norma:25871(1)
341_p1483,civil_comercial,capa1,regla:civil y comercial federal
341_p1485,contencioso_administrativo,capa1,regla:contencioso administrativo
341_p1502,contencioso_administrativo,capa1,regla:contencioso administrativo
341_p1511,civil_comercial,capa1,regla:\ben lo comercial\b
341_p1555,civil_comercial,capa2,objeto(1)
341_p1570,contencioso_administrativo,capa1,regla:contencioso administrativo
341_p1586,,pendiente_capa2,sin_ancla
341_p1591,contencioso_administrativo,capa2,provincia:ca
341_p1596,laboral,capa1,regla:\bdel trabajo\b
341_p1607,penal,capa1,regla:casacion penal
341_p1611,laboral,capa1,regla:\bdel trabajo\b
341_p1617,laboral,capa1,regla:\bdel trabajo\b
341_p1619,contencioso_administrativo,capa2,provincia:ca
341_p1621,,pendiente_capa2,sin_ancla
341_p1625,tributario,capa1_refinado,refinamiento:fiscal(\bafip\b|\bdgi\b|d)
341_p1647,civil_comercial,capa1,regla:\ben lo civil\b
341_p1649,contencioso_administrativo,capa2,provincia:ca
341_p1655,civil_comercial,capa1,regla:civil y comercial federal
341_p1659,,pendiente_capa2,conflicto_capa2:civil_comercial/consumo
341_p1661,,originaria,originaria
341_p1675,contencioso_administrativo,capa1,regla:contencioso administrativo
341_p1679,civil_comercial,capa1,regla:\ben lo comercial\b
341_p1704,,pendiente_capa2,sin_ancla
341_p1708,contencioso_administrativo,capa2,objeto(1)
341_p1717,contencioso_administrativo,capa1,regla:contencioso administrativo
341_p1727,contencioso_administrativo,capa2,provincia:ca
341_p1733,,pendiente_capa2,sin_ancla
341_p1763,laboral,capa1,regla:\bdel trabajo\b
341_p1768,penal,capa1,regla:casacion penal
341_p1844,civil_comercial,capa1,regla:\ben lo civil\b
341_p1846,laboral,capa1,regla:\bdel trabajo\b
341_p1854,,originaria,originaria
341_p1869,contencioso_administrativo,capa2,provincia:ca
341_p1924,previsional,capa1,regla:seguridad social
341_p1965,civil_comercial,capa1,regla:\ben lo civil\b
341_p1971,laboral,capa1,regla:\bdel trabajo\b
341_p1975,contencioso_administrativo,capa1,regla:contencioso administrativo
341_p1983,civil_comercial,capa1,regla:\ben lo civil\b
341_p1988,penal,capa1,regla:casacion penal
341_p1998,civil_comercial,capa1,regla:\ben lo comercial\b
341_p2006,previsional,capa1,regla:seguridad social
341_p2010,contencioso_administrativo,capa2,objeto(1)
341_p2015,contencioso_administrativo,capa1,regla:contencioso administrativo
341_p2019,,pendiente_capa2,sin_ancla
341_p2027,civil_comercial,capa1,regla:\ben lo civil\b
342_p1,,originaria,originaria
342_p35,civil_comercial,capa1,regla:\ben lo civil\b
342_p39,civil_comercial,capa1,regla:\ben lo civil\b
342_p42,penal,capa1,regla:casacion penal
342_p43,,pendiente_capa2,sin_ancla
342_p49,laboral,capa1,regla:\bdel trabajo\b
342_p54,,pendiente_capa2,sin_ancla
342_p58,constitucional,capa2,objeto(1)
342_p65,penal,capa1,regla:casacion penal
342_p73,laboral,capa1,regla:\bdel trabajo\b
342_p77,laboral,capa1,regla:\bdel trabajo\b
342_p85,tributario,capa2,coocur:tributario_disfrazado(desempate)
342_p93,,pendiente_capa2,sin_ancla
342_p98,,originaria,originaria
342_p99,tributario,capa1_refinado,refinamiento:fiscal(\bafip\b|\bdgi\b|d)
342_p122,,pendiente_capa2,sin_ancla
342_p126,,originaria,originaria
342_p142,contencioso_administrativo,capa1,regla:contencioso administrativo
342_p148,laboral,capa1,regla:\bdel trabajo\b
342_p159,contencioso_administrativo,capa1,regla:contencioso administrativo
342_p162,laboral,capa2,objeto+parte(2)
342_p171,,originaria,originaria
342_p186,,pendiente_capa2,sin_ancla
342_p193,previsional,capa2,objeto+parte(2)
342_p197,laboral,capa1,regla:\bdel trabajo\b
342_p208,contencioso_administrativo,capa1,regla:contencioso administrativo
342_p227,laboral,capa1,regla:\bdel trabajo\b
342_p235,,originaria,originaria
342_p248,,pendiente_capa2,conflicto_capa2:civil_comercial/penal
342_p250,laboral,capa1,regla:\bdel trabajo\b
342_p256,laboral,capa1,regla:\bdel trabajo\b
342_p259,contencioso_administrativo,capa1,regla:contencioso administrativo
342_p263,contencioso_administrativo,capa2,provincia:ca
342_p266,salud,capa2,coocur:salud_amparo
342_p271,contencioso_administrativo,capa2,objeto(1)
342_p277,contencioso_administrativo,capa1,regla:contencioso administrativo
342_p278,penal,capa1,regla:casacion penal
342_p287,,originaria,originaria
342_p343,,originaria,originaria
342_p411,tributario,capa2,norma:20628+parte(2)
342_p459,civil_comercial,capa1,regla:\ben lo comercial\b
342_p507,civil_comercial,capa1,regla:\ben lo comercial\b
342_p509,,pendiente_capa2,sin_ancla
342_p526,previsional,capa1,regla:seguridad social
342_p533,,originaria,originaria
342_p574,laboral,capa2,objeto(1)
342_p575,penal,capa1,regla:casacion penal
342_p580,civil_comercial,capa1,regla:\ben lo civil\b
342_p583,,pendiente_capa2,sin_ancla
342_p584,penal,capa2,kw(1)
342_p606,,pendiente_capa2,sin_ancla
342_p609,laboral,capa2,kw+norma:24557+objeto(3)
342_p624,penal,capa1,regla:casacion penal
342_p633,,originaria,originaria
342_p643,,pendiente_capa2,sin_ancla
342_p645,,originaria,originaria
342_p654,,pendiente_capa2,sin_ancla
342_p662,contencioso_administrativo,capa2,provincia:ca
342_p667,laboral,capa1,regla:\bdel trabajo\b
342_p681,laboral,capa1,regla:\bdel trabajo\b
342_p685,contencioso_administrativo,capa1,regla:contencioso administrativo
342_p692,salud,capa2,coocur:salud_amparo
342_p697,penal,capa2,objeto(1)
342_p737,,pendiente_capa2,sin_ancla
342_p738,,pendiente_capa2,sin_ancla
342_p741,contencioso_administrativo,capa2,objeto(1)
342_p744,,pendiente_capa2,sin_ancla
342_p757,civil_comercial,capa2,objeto(1)
342_p761,laboral,capa1,regla:\bdel trabajo\b
342_p812,,originaria,originaria
342_p824,contencioso_administrativo,capa2,provincia:ca
342_p826,,pendiente_capa2,sin_ancla
342_p832,contencioso_administrativo,capa1,regla:contencioso administrativo
342_p852,civil_comercial,capa2,kw+norma:24522+objeto(3)
342_p853,,pendiente_capa2,sin_ancla
342_p860,tributario,capa2,objeto(1)
342_p863,laboral,capa1,regla:\bdel trabajo\b
342_p867,laboral,capa1,regla:\bdel trabajo\b
342_p875,penal,capa1,regla:casacion penal
342_p881,,pendiente_capa2,conflicto_capa2:contencioso_administrativo/tributario
342_p884,penal,capa1,regla:criminal y correccional
342_p899,,pendiente_capa2,sin_ancla
342_p903,,pendiente_capa2,sin_ancla
342_p917,,pendiente_capa2,conflicto_capa2:ambiental/constitucional
342_p969,contencioso_administrativo,capa2,provincia:ca
342_p971,,originaria,originaria
342_p988,contencioso_administrativo,capa2,provincia:ca
342_p1001,laboral,capa1,regla:\bdel trabajo\b
342_p1004,civil_comercial,capa1,regla:\ben lo comercial\b
342_p1011,civil_comercial,capa1,regla:\ben lo civil\b
342_p1017,laboral,capa1,regla:\bdel trabajo\b
342_p1023,civil_comercial,capa1,regla:civil y comercial federal
342_p1028,cambiario,capa2,parte(1)
342_p1031,,pendiente_capa2,sin_ancla
342_p1039,tributario,capa2,kw+norma:10397(2)
342_p1041,contencioso_administrativo,capa2,provincia:ca
342_p1043,tributario,capa2,parte(1)
342_p1047,,pendiente_capa2,sin_ancla
342_p1048,,originaria,originaria
342_p1057,penal,capa1,regla:casacion penal
342_p1061,ambiental,capa2,norma:25675(1)
342_p1139,civil_comercial,capa1,regla:\ben lo civil\b
342_p1143,contencioso_administrativo,capa2,provincia:ca
342_p1152,laboral,capa2,kw+norma:24557(2)
342_p1155,penal,capa2,objeto(1)
342_p1170,tributario,capa1_refinado,refinamiento:fiscal(\bafip\b|\bdgi\b|d)
342_p1193,civil_comercial,capa1,regla:\ben lo civil\b
342_p1198,civil_comercial,capa1,regla:civil y comercial federal
342_p1203,ambiental,capa2,kw+norma:25675(2)
342_p1227,,pendiente_capa2,sin_ancla
342_p1246,civil_comercial,capa1,regla:\ben lo civil\b
342_p1249,laboral,capa2,norma:23551(1)
342_p1252,,pendiente_capa2,sin_ancla
342_p1261,civil_comercial,capa1,regla:civil y comercial federal
342_p1299,,originaria,originaria
342_p1302,,pendiente_capa2,sin_ancla
342_p1309,contencioso_administrativo,capa1,regla:contencioso administrativo
342_p1313,tributario,capa1_refinado,refinamiento:fiscal(\bagip\b|\barba\b|)
342_p1315,contencioso_administrativo,capa2,objeto(1)
342_p1327,ambiental,capa2,norma:24051+norma:25675(2)
342_p1336,laboral,capa1,regla:\bdel trabajo\b
342_p1343,,pendiente_capa2,sin_ancla
342_p1358,civil_comercial,capa1,regla:\ben lo civil\b
342_p1362,civil_comercial,capa2,objeto(1)
342_p1367,civil_comercial,capa1,regla:\ben lo civil\b
342_p1372,laboral,capa1,regla:\bdel trabajo\b
342_p1376,penal,capa1,regla:casacion penal
342_p1393,contencioso_administrativo,capa2,provincia:ca
342_p1404,,originaria,originaria
342_p1412,civil_comercial,capa2,objeto(1)
342_p1417,ambiental,capa2,kw+norma:25675(2)
342_p1426,laboral,capa2,kw(1)
342_p1429,laboral,capa1,regla:\bdel trabajo\b
342_p1434,contencioso_administrativo,capa1,regla:contencioso administrativo
342_p1445,tributario,capa2,parte(1)
342_p1447,,pendiente_capa2,sin_ancla
342_p1450,laboral,capa1,regla:\bdel trabajo\b
342_p1456,contencioso_administrativo,capa1,regla:contencioso administrativo
342_p1459,laboral,capa1,regla:\bdel trabajo\b
342_p1463,contencioso_administrativo,capa2,provincia:ca
342_p1468,laboral,capa2,coocur:indemniz_despido
342_p1473,tributario,capa2,kw(1)
342_p1477,ambiental,capa2,kw+norma:25675(2)
342_p1483,,pendiente_capa2,sin_ancla
342_p1484,civil_comercial,capa1,regla:civil y comercial federal
342_p1490,contencioso_administrativo,capa1,regla:contencioso administrativo
342_p1492,tributario,capa1_refinado,refinamiento:fiscal(\bafip\b|\bdgi\b|d)
342_p1496,,pendiente_capa2,sin_ancla
342_p1501,penal,capa2,objeto(1)
342_p1506,tributario,capa2,objeto(1)
342_p1508,laboral,capa1,regla:\bdel trabajo\b
342_p1509,penal,capa1,regla:criminal y correccional
342_p1510,contencioso_administrativo,capa1,regla:contencioso administrativo
342_p1511,contencioso_administrativo,capa1,regla:contencioso administrativo
342_p1524,civil_comercial,capa1,regla:civil y comercial federal
342_p1548,contencioso_administrativo,capa2,provincia:ca
342_p1549,,originaria,originaria
342_p1568,civil_comercial,capa1,regla:\ben lo civil\b
342_p1580,previsional,capa1,regla:seguridad social
342_p1589,laboral,capa1,regla:\bdel trabajo\b
342_p1591,,originaria,originaria
342_p1613,,pendiente_capa2,conflicto_capa2:contencioso_administrativo/tributario
342_p1618,,pendiente_capa2,sin_ancla
342_p1620,civil_comercial,capa1,regla:\ben lo comercial\b
342_p1625,contencioso_administrativo,capa1,regla:contencioso administrativo
342_p1637,civil_comercial,capa1,regla:civil y comercial federal
342_p1644,laboral,capa1,regla:\bdel trabajo\b
342_p1652,laboral,capa1,regla:\bdel trabajo\b
342_p1659,laboral,capa2,objeto(1)
342_p1660,penal,capa1,regla:casacion penal
342_p1665,,pendiente_capa2,conflicto_capa2:civil_comercial/penal
342_p1735,civil_comercial,capa1,regla:\ben lo civil\b
342_p1747,contencioso_administrativo,capa2,provincia:ca
342_p1753,laboral,capa2,coocur:indemniz_despido(desempate)
342_p1760,contencioso_administrativo,capa1,regla:contencioso administrativo
342_p1763,civil_comercial,capa1,regla:\ben lo civil\b
342_p1767,,pendiente_capa2,sin_ancla
342_p1769,civil_comercial,capa1,regla:\ben lo comercial\b
342_p1777,civil_comercial,capa2,objeto(1)
342_p1827,,pendiente_capa2,sin_ancla
342_p1847,contencioso_administrativo,capa1,regla:contencioso administrativo
342_p1894,civil_comercial,capa2,objeto(1)
342_p1900,laboral,capa1,regla:\bdel trabajo\b
342_p1903,tributario,capa2,kw+parte(2)
342_p1921,laboral,capa1,regla:\bdel trabajo\b
342_p1938,,pendiente_capa2,sin_ancla
342_p2009,electoral,capa1,regla:electoral
342_p2051,contencioso_administrativo,capa1,regla:contencioso administrativo
342_p2056,laboral,capa1,regla:\bdel trabajo\b
342_p2063,civil_comercial,capa2,norma:24901(1)
342_p2068,,pendiente_capa2,sin_ancla
342_p2075,laboral,capa1,regla:\bdel trabajo\b
342_p2079,laboral,capa1,regla:\bdel trabajo\b
342_p2083,tributario,capa1_refinado,refinamiento:fiscal(\bafip\b|\bdgi\b|d)
342_p2100,contencioso_administrativo,capa2,objeto(1)
342_p2106,,pendiente_capa2,sin_ancla
342_p2115,laboral,capa1,regla:\bdel trabajo\b
342_p2125,tributario,capa2,norma:11683+parte(2)
342_p2136,,originaria,originaria
342_p2155,civil_comercial,capa2,objeto(1)
342_p2183,contencioso_administrativo,capa2,provincia:ca
342_p2187,civil_comercial,capa1,regla:\ben lo civil\b
342_p2198,civil_comercial,capa2,kw+objeto(2)
342_p2230,civil_comercial,capa2,objeto(1)
342_p2231,penal,capa1,regla:casacion penal
342_p2236,contencioso_administrativo,capa2,provincia:ca
342_p2244,,pendiente_capa2,sin_ancla
342_p2251,civil_comercial,capa2,kw+norma:24522(2)
342_p2256,,originaria,originaria
342_p2295,civil_comercial,capa2,kw(1)
342_p2298,,pendiente_capa2,sin_ancla
342_p2312,civil_comercial,capa2,objeto(1)
342_p2313,civil_comercial,capa1,regla:\ben lo civil\b
342_p2317,civil_comercial,capa2,objeto(1)
342_p2319,penal,capa2,objeto(1)
342_p2344,penal,capa2,kw+objeto(2)
342_p2362,penal,capa2,kw+norma:24660(2)
342_p2389,penal,capa1,regla:casacion penal
342_p2399,civil_comercial,capa1,regla:civil y comercial federal
343_p1,laboral,capa1,regla:\bdel trabajo\b
343_p3,,pendiente_capa2,sin_ancla
343_p15,penal,capa1,regla:casacion penal
343_p25,previsional,capa2,objeto+parte(2)
343_p26,contencioso_administrativo,capa1,regla:contencioso administrativo
343_p28,contencioso_administrativo,capa1,regla:contencioso administrativo
343_p33,constitucional,capa2,objeto(1)
343_p35,laboral,capa2,parte(1)
343_p37,,pendiente_capa2,sin_ancla
343_p38,,originaria,originaria
343_p42,electoral,capa1,regla:electoral
343_p47,penal,capa1,regla:casacion penal
343_p52,laboral,capa1,regla:\bdel trabajo\b
343_p55,previsional,capa1,regla:seguridad social
343_p60,laboral,capa1,regla:\bdel trabajo\b
343_p63,penal,capa2,norma:24767+objeto(2)
343_p80,laboral,capa1,regla:\bdel trabajo\b
343_p86,contencioso_administrativo,capa1,regla:contencioso administrativo
343_p103,,pendiente_capa2,sin_ancla
343_p110,civil_comercial,capa2,objeto(1)
343_p113,tributario,capa2,kw(1)
343_p116,contencioso_administrativo,capa2,provincia:ca
343_p119,contencioso_administrativo,capa2,objeto(1)
343_p124,laboral,capa1,regla:\bdel trabajo\b
343_p128,tributario,capa1_refinado,refinamiento:fiscal(\bafip\b|\bdgi\b|d)
343_p131,contencioso_administrativo,capa1,regla:contencioso administrativo
343_p132,civil_comercial,capa1,regla:\ben lo comercial\b
343_p133,,pendiente_capa2,sin_ancla
343_p139,laboral,capa2,parte(1)
343_p140,consumo,capa2,kw(1)
343_p154,civil_comercial,capa2,objeto(1)
343_p156,contencioso_administrativo,capa2,provincia:ca
343_p161,,pendiente_capa2,sin_ancla
343_p166,contencioso_administrativo,capa2,provincia:ca
343_p168,penal,capa1,regla:casacion penal
343_p181,laboral,capa2,objeto(1)
343_p184,civil_comercial,capa2,objeto(1)
343_p193,penal,capa1,regla:casacion penal
343_p195,contencioso_administrativo,capa1,regla:contencioso administrativo
343_p264,contencioso_administrativo,capa1,regla:contencioso administrativo
343_p283,,originaria,originaria
343_p300,,pendiente_capa2,sin_ancla
343_p305,,pendiente_capa2,conflicto_capa2:civil_comercial/penal
343_p319,,originaria,originaria
343_p334,contencioso_administrativo,capa2,provincia:ca
343_p341,laboral,capa2,kw(1)
343_p345,civil_comercial,capa1,regla:\ben lo civil\b
343_p354,,pendiente_capa2,sin_ancla
343_p365,constitucional,capa2,objeto(1)
343_p373,ambiental,capa2,norma:24051+norma:25675(2)
343_p389,civil_comercial,capa2,objeto(1)
343_p396,ambiental,capa2,norma:24051+norma:25675(2)
343_p412,,pendiente_capa2,sin_ancla
343_p425,contencioso_administrativo,capa2,provincia:ca
343_p432,,pendiente_capa2,sin_ancla
343_p440,,pendiente_capa2,sin_ancla
343_p463,,pendiente_capa2,sin_ancla
343_p473,contencioso_administrativo,capa2,coocur:corralito_emergencia
343_p476,laboral,capa1,regla:\bdel trabajo\b
343_p486,penal,capa2,kw+norma:24767+objeto(3)
343_p495,,pendiente_capa2,sin_ancla
343_p498,tributario,capa1_refinado,refinamiento:fiscal(\bafip\b|\bdgi\b|d)
343_p506,civil_comercial,capa1,regla:\ben lo civil\b
343_p519,ambiental,capa2,kw+norma:25675(2)
343_p536,civil_comercial,capa1,regla:\ben lo civil\b
343_p538,tributario,capa2,parte(1)
343_p547,,originaria,originaria
343_p560,civil_comercial,capa1,regla:\ben lo civil\b
343_p576,civil_comercial,capa1,regla:\ben lo civil\b
343_p580,civil_comercial,capa2,objeto(1)
343_p593,,pendiente_capa2,sin_ancla
343_p595,civil_comercial,capa1,regla:civil y comercial federal
343_p603,ambiental,capa2,kw+norma:25675(2)
343_p625,,pendiente_capa2,sin_ancla
343_p637,,pendiente_capa2,sin_ancla
343_p646,tributario,capa1_refinado,refinamiento:fiscal(\bafip\b|\bdgi\b|d)
343_p648,contencioso_administrativo,capa2,provincia:ca
343_p656,contencioso_administrativo,capa1,regla:contencioso administrativo
343_p681,contencioso_administrativo,capa1,regla:contencioso administrativo
343_p702,tributario,capa1_refinado,refinamiento:fiscal(\bafip\b|\bdgi\b|d)
343_p711,,originaria,originaria
343_p720,contencioso_administrativo,capa2,provincia:ca
343_p723,previsional,capa1,regla:seguridad social
343_p726,ambiental,capa2,kw+norma:25675(2)
343_p740,penal,capa2,kw(1)
343_p748,ambiental,capa2,kw(1)
343_p749,contencioso_administrativo,capa2,provincia:ca
343_p763,ambiental,capa2,kw+norma:25675(2)
343_p767,contencioso_administrativo,capa2,provincia:ca
343_p795,previsional,capa2,parte(1)
343_p798,previsional,capa1,regla:seguridad social
343_p803,previsional,capa1,regla:seguridad social
343_p806,contencioso_administrativo,capa2,objeto(1)
343_p815,civil_comercial,capa2,objeto(1)
343_p819,laboral,capa1,regla:\bdel trabajo\b
343_p827,contencioso_administrativo,capa1,regla:contencioso administrativo
343_p840,contencioso_administrativo,capa1,regla:contencioso administrativo
343_p845,,pendiente_capa2,sin_ancla
343_p848,civil_comercial,capa1,regla:civil y comercial federal
343_p867,laboral,capa2,norma:23551(1)
343_p892,previsional,capa1,regla:seguridad social
343_p897,penal,capa1,regla:casacion penal
343_p902,penal,capa1,regla:casacion penal
343_p908,laboral,capa1,regla:\bdel trabajo\b
343_p913,civil_comercial,capa1,regla:\ben lo civil\b
343_p919,civil_comercial,capa2,objeto(1)
343_p930,,originaria,originaria
343_p938,,pendiente_capa2,sin_ancla
343_p944,contencioso_administrativo,capa2,provincia:ca
343_p947,laboral,capa1,regla:\bdel trabajo\b
343_p951,penal,capa1,regla:casacion penal
343_p956,civil_comercial,capa1,regla:civil y comercial federal
343_p961,civil_comercial,capa2,objeto(1)
343_p967,tributario,capa1_refinado,refinamiento:fiscal(\bafip\b|\bdgi\b|d)
343_p970,penal,capa1,regla:criminal y correccional
343_p987,previsional,capa1,regla:seguridad social
343_p988,,pendiente_capa2,conflicto_capa2:civil_comercial/contencioso_administrativo
343_p990,contencioso_administrativo,capa1,regla:contencioso administrativo
343_p1019,civil_comercial,capa2,objeto(1)
343_p1023,contencioso_administrativo,capa2,provincia:ca
343_p1024,laboral,capa2,coocur:indemniz_despido
343_p1031,,pendiente_capa2,conflicto_capa2:contencioso_administrativo/tributario
343_p1037,laboral,capa1,regla:\bdel trabajo\b
343_p1075,penal,capa2,norma:24767+objeto(2)
343_p1086,contencioso_administrativo,capa2,provincia:ca
343_p1096,,pendiente_capa2,sin_ancla
343_p1109,contencioso_administrativo,capa2,objeto(1)
343_p1121,laboral,capa1,regla:\bdel trabajo\b
343_p1123,civil_comercial,capa2,objeto(1)
343_p1126,civil_comercial,capa1,regla:\ben lo civil\b
343_p1129,tributario,capa1_refinado,refinamiento:fiscal(\bafip\b|\bdgi\b|d)
343_p1135,laboral,capa1,regla:\bdel trabajo\b
343_p1142,civil_comercial,capa1,regla:\ben lo civil\b
343_p1146,,pendiente_capa2,sin_ancla
343_p1163,civil_comercial,capa2,objeto(1)
343_p1172,contencioso_administrativo,capa1,regla:contencioso administrativo
343_p1179,civil_comercial,capa2,objeto(1)
343_p1181,,pendiente_capa2,sin_ancla
343_p1213,,originaria,originaria
343_p1218,contencioso_administrativo,capa2,objeto(1)
343_p1233,civil_comercial,capa1,regla:\ben lo comercial\b
343_p1237,civil_comercial,capa2,objeto(1)
343_p1239,contencioso_administrativo,capa1,regla:contencioso administrativo
343_p1246,civil_comercial,capa1,regla:civil y comercial federal
343_p1247,civil_comercial,capa2,objeto(1)
343_p1254,civil_comercial,capa2,objeto(1)
343_p1259,contencioso_administrativo,capa1,regla:contencioso administrativo
343_p1277,laboral,capa1,regla:\bdel trabajo\b
343_p1281,laboral,capa1,regla:\bdel trabajo\b
343_p1307,penal,capa2,kw+objeto(2)
343_p1319,,originaria,originaria
343_p1332,ambiental,capa2,norma:25675(1)
343_p1337,contencioso_administrativo,capa1,regla:contencioso administrativo
343_p1352,civil_comercial,capa1,regla:\ben lo comercial\b
343_p1354,previsional,capa1,regla:seguridad social
343_p1362,civil_comercial,capa1,regla:\ben lo civil\b
343_p1386,contencioso_administrativo,capa2,provincia:ca
343_p1388,,pendiente_capa2,sin_ancla
343_p1389,,pendiente_capa2,sin_ancla
343_p1402,penal,capa1,regla:casacion penal
343_p1406,civil_comercial,capa1,regla:civil y comercial federal
343_p1411,laboral,capa1,regla:\bdel trabajo\b
343_p1416,laboral,capa1,regla:\bdel trabajo\b
343_p1421,penal,capa2,norma:24767+objeto(2)
343_p1434,contencioso_administrativo,capa1,regla:contencioso administrativo
343_p1444,civil_comercial,capa2,kw+norma:24522(2)
343_p1447,contencioso_administrativo,capa2,objeto(1)
343_p1457,,pendiente_capa2,sin_ancla
343_p1591,,pendiente_capa2,sin_ancla
343_p1599,tributario,capa2,parte(1)
343_p1605,,pendiente_capa2,sin_ancla
343_p1611,ambiental,capa2,kw+norma:25675(2)
343_p1613,penal,capa1,regla:casacion penal
343_p1617,previsional,capa1,regla:seguridad social
343_p1620,penal,capa1,regla:casacion penal
343_p1624,contencioso_administrativo,capa2,provincia:ca
343_p1646,tributario,capa1_refinado,refinamiento:fiscal(\bagip\b|\barba\b|)
343_p1657,,pendiente_capa2,sin_ancla
343_p1663,tributario,capa1_refinado,refinamiento:fiscal(\bafip\b|\bdgi\b|d)
343_p1673,civil_comercial,capa2,norma:24901(1)
343_p1679,penal,capa1,regla:casacion penal
343_p1684,,pendiente_capa2,conflicto_capa2:civil_comercial/laboral
343_p1688,constitucional,capa2,objeto(1)
343_p1701,,originaria,originaria
343_p1704,,originaria,originaria
343_p1718,salud,capa2,coocur:salud_amparo
343_p1724,laboral,capa1,regla:\bdel trabajo\b
343_p1732,laboral,capa1,regla:\bdel trabajo\b
343_p1738,contencioso_administrativo,capa1,regla:contencioso administrativo
343_p1750,contencioso_administrativo,capa1,regla:contencioso administrativo
343_p1752,civil_comercial,capa2,norma:24901(1)
343_p1758,laboral,capa1,regla:\bdel trabajo\b
343_p1762,laboral,capa1,regla:\bdel trabajo\b
343_p1772,,residual,Sala D de la referida Cámara
343_p1784,civil_comercial,capa1,regla:civil y comercial federal
343_p1791,previsional,capa2,parte(1)
343_p1794,laboral,capa1,regla:\bdel trabajo\b
343_p1800,civil_comercial,capa1,regla:civil y comercial federal
343_p1805,civil_comercial,capa1,regla:\ben lo civil\b
343_p1823,,pendiente_capa2,sin_ancla
343_p1827,,pendiente_capa2,sin_ancla
343_p1836,,originaria,originaria
343_p1841,laboral,capa1,regla:\bdel trabajo\b
343_p1853,civil_comercial,capa1,regla:\ben lo civil\b
343_p1854,civil_comercial,capa2,objeto(1)
343_p1859,,pendiente_capa2,sin_ancla
343_p1869,laboral,capa1,regla:\bdel trabajo\b
343_p1871,previsional,capa1,regla:seguridad social
343_p1894,civil_comercial,capa1,regla:civil y comercial federal
343_p1910,,pendiente_capa2,sin_ancla
343_p1914,civil_comercial,capa1,regla:civil y comercial federal
343_p1923,tributario,capa2,objeto+parte(2)
343_p1929,,pendiente_capa2,sin_ancla
343_p1932,penal,capa2,objeto(1)
343_p1944,,originaria,originaria
343_p1987,penal,capa2,kw(1)
343_p2006,penal,capa1,regla:casacion penal
343_p2011,laboral,capa1,regla:\bdel trabajo\b
343_p2019,laboral,capa1,regla:\bdel trabajo\b
343_p2039,,originaria,originaria
343_p2067,,originaria,originaria
343_p2080,,originaria,originaria
343_p2087,,originaria,originaria
343_p2095,,pendiente_capa2,sin_ancla
343_p2098,penal,capa1,regla:casacion penal
343_p2122,penal,capa2,objeto(1)
343_p2135,previsional,capa1,regla:seguridad social
343_p2145,laboral,capa1,regla:\bdel trabajo\b
343_p2151,laboral,capa1,regla:\bdel trabajo\b
343_p2158,civil_comercial,capa1,regla:civil y comercial federal
343_p2161,penal,capa2,norma:24767+objeto(2)
343_p2176,salud,capa2,coocur:salud_amparo
343_p2181,,pendiente_capa2,sin_ancla
343_p2184,tributario,capa2,objeto(1)
343_p2211,civil_comercial,capa1,regla:\ben lo civil\b
343_p2243,penal,capa1,regla:casacion penal
343_p2255,civil_comercial,capa1,regla:\ben lo civil\b
343_p2271,,originaria,originaria
343_p2280,penal,capa1,regla:casacion penal
344_p1,contencioso_administrativo,capa1,regla:contencioso administrativo
344_p4,contencioso_administrativo,capa1,regla:contencioso administrativo
344_p5,contencioso_administrativo,capa1,regla:contencioso administrativo
344_p21,penal,capa1,regla:criminal y correccional
344_p48,civil_comercial,capa1,regla:\ben lo comercial\b
344_p57,civil_comercial,capa1,regla:\ben lo comercial\b
344_p62,laboral,capa1,regla:\bdel trabajo\b
344_p66,penal,capa1,regla:criminal y correccional
344_p81,penal,capa2,kw(1)
344_p102,tributario,capa1_refinado,refinamiento:fiscal(\bafip\b|\bdgi\b|d)
344_p116,previsional,capa1,regla:seguridad social
344_p126,penal,capa2,kw(1)
344_p140,tributario,capa1_refinado,refinamiento:fiscal(\bafip\b|\bdgi\b|d)
344_p159,,pendiente_capa2,sin_ancla
344_p161,penal,capa1,regla:casacion penal
344_p163,civil_comercial,capa1,regla:\ben lo civil\b
344_p169,,originaria,originaria
344_p174,,originaria,originaria
344_p215,contencioso_administrativo,capa2,provincia:ca
344_p220,contencioso_administrativo,capa2,provincia:ca
344_p223,,pendiente_capa2,sin_ancla
344_p233,laboral,capa1,regla:\bdel trabajo\b
344_p244,laboral,capa1,regla:\bdel trabajo\b
344_p249,civil_comercial,capa2,objeto(1)
344_p251,,originaria,originaria
344_p274,civil_comercial,capa2,objeto(1)
344_p277,tributario,capa2,norma:11683+parte(2)
344_p303,penal,capa1,regla:casacion penal
344_p307,tributario,capa1_refinado,refinamiento:fiscal(\bafip\b|\bdgi\b|d)
344_p316,,originaria,originaria
344_p325,,no_aplica,tipo_entrada=sumario_editorial
344_p329,contencioso_administrativo,capa2,provincia:ca
344_p336,penal,capa2,kw(1)
344_p344,contencioso_administrativo,capa1,regla:contencioso administrativo
344_p355,,originaria,originaria
344_p362,penal,capa1,regla:casacion penal
344_p373,,originaria,originaria
344_p378,,pendiente_capa2,sin_ancla
344_p386,civil_comercial,capa2,objeto(1)
344_p391,penal,capa1,regla:casacion penal
344_p402,penal,capa1,regla:casacion penal
344_p406,previsional,capa1,regla:seguridad social
344_p409,,originaria,originaria
344_p421,civil_comercial,capa1,regla:\ben lo comercial\b
344_p431,contencioso_administrativo,capa2,provincia:ca
344_p441,constitucional,capa2,objeto(1)
344_p494,ambiental,capa2,norma:25675(1)
344_p507,,originaria,originaria
344_p527,laboral,capa1,regla:\bdel trabajo\b
344_p535,laboral,capa1,regla:\bdel trabajo\b
344_p545,penal,capa1,regla:casacion penal
344_p551,civil_comercial,capa2,norma:24901(1)
344_p564,previsional,capa2,objeto+parte(2)
344_p566,laboral,capa1,regla:\bdel trabajo\b
344_p572,penal,capa1,regla:casacion penal
344_p575,consumo,capa2,kw+norma:24240(2)
344_p603,,originaria,originaria
344_p645,tributario,capa2,objeto(1)
344_p653,,originaria,originaria
344_p660,,originaria,originaria
344_p666,contencioso_administrativo,capa2,provincia:ca
344_p668,,originaria,originaria
344_p672,civil_comercial,capa2,kw+objeto(2)
344_p675,contencioso_administrativo,capa1,regla:contencioso administrativo
344_p684,consumo,capa2,norma:24240(1)
344_p689,,pendiente_capa2,sin_ancla
344_p692,laboral,capa1,regla:\bdel trabajo\b
344_p698,contencioso_administrativo,capa2,provincia:ca
344_p701,contencioso_administrativo,capa2,objeto(1)
344_p709,laboral,capa1,regla:\bdel trabajo\b
344_p711,laboral,capa1,regla:\bdel trabajo\b
344_p721,tributario,capa2,parte(1)
344_p724,laboral,capa1,regla:\bdel trabajo\b
344_p731,laboral,capa1,regla:\bdel trabajo\b
344_p741,laboral,capa1,regla:\bdel trabajo\b
344_p750,laboral,capa1,regla:\bdel trabajo\b
344_p757,,pendiente_capa2,conflicto_capa2:contencioso_administrativo/tributario
344_p759,,pendiente_capa2,sin_ancla
344_p769,civil_comercial,capa2,objeto(1)
344_p776,civil_comercial,capa2,objeto(1)
344_p782,civil_comercial,capa1,regla:\ben lo comercial\b
344_p791,civil_comercial,capa1,regla:\ben lo comercial\b
344_p802,contencioso_administrativo,capa1,regla:contencioso administrativo
344_p807,,pendiente_capa2,sin_ancla
344_p809,,originaria,originaria
344_p936,,originaria,originaria
344_p980,laboral,capa1,regla:\bdel trabajo\b
344_p983,previsional,capa1,regla:seguridad social
344_p990,penal,capa1,regla:criminal y correccional
344_p997,civil_comercial,capa1,regla:\ben lo civil\b
344_p1002,contencioso_administrativo,capa2,norma:21499(1)
344_p1006,penal,capa1,regla:casacion penal
344_p1010,contencioso_administrativo,capa2,provincia:ca
344_p1013,contencioso_administrativo,capa1,regla:contencioso administrativo
344_p1030,laboral,capa1,regla:\bdel trabajo\b
344_p1033,,originaria,originaria
344_p1042,contencioso_administrativo,capa2,provincia:ca
344_p1043,tributario,capa2,objeto(1)
344_p1047,,pendiente_capa2,sin_ancla
344_p1049,,pendiente_capa2,sin_ancla
344_p1050,civil_comercial,capa2,objeto(1)
344_p1051,tributario,capa1_refinado,refinamiento:fiscal(\bafip\b|\bdgi\b|d)
344_p1062,civil_comercial,capa1,regla:\ben lo civil\b
344_p1070,,pendiente_capa2,sin_ancla
344_p1082,penal,capa2,kw+norma:24767+objeto(3)
344_p1102,contencioso_administrativo,capa2,provincia:ca
344_p1137,,originaria,originaria
344_p1142,,pendiente_capa2,sin_ancla
344_p1146,penal,capa1,regla:criminal y correccional
344_p1149,contencioso_administrativo,capa1,regla:contencioso administrativo
344_p1151,laboral,capa2,kw+norma:20744(2)
344_p1211,,no_aplica,tipo_entrada=sumario_editorial
344_p1219,contencioso_administrativo,capa2,provincia:ca
344_p1230,tributario,capa2,coocur:tributario_disfrazado(desempate)
344_p1232,,originaria,originaria
344_p1235,,originaria,originaria
344_p1245,,originaria,originaria
344_p1252,,pendiente_capa2,sin_ancla
344_p1253,salud,capa2,objeto(1)
344_p1259,,pendiente_capa2,sin_ancla
344_p1260,electoral,capa1,regla:electoral
344_p1266,tributario,capa2,parte(1)
344_p1270,,pendiente_capa2,sin_ancla
344_p1283,laboral,capa1,regla:\bdel trabajo\b
344_p1288,laboral,capa1,regla:\bdel trabajo\b
344_p1291,contencioso_administrativo,capa2,provincia:ca
344_p1308,civil_comercial,capa1,regla:\ben lo comercial\b
344_p1315,civil_comercial,capa1,regla:\ben lo civil\b
344_p1318,contencioso_administrativo,capa2,provincia:ca
344_p1335,civil_comercial,capa1,regla:\ben lo comercial\b
344_p1336,laboral,capa2,objeto(1)
344_p1353,penal,capa1,regla:casacion penal
344_p1357,penal,capa1,regla:casacion penal
344_p1360,tributario,capa2,coocur:tributario_disfrazado
344_p1362,penal,capa1,regla:criminal y correccional
344_p1374,penal,capa1,regla:criminal y correccional
344_p1388,contencioso_administrativo,capa1,regla:contencioso administrativo
344_p1411,contencioso_administrativo,capa1,regla:contencioso administrativo
344_p1435,contencioso_administrativo,capa2,objeto(1)
344_p1438,,pendiente_capa2,sin_ancla
344_p1442,civil_comercial,capa2,objeto(1)
344_p1444,penal,capa1,regla:casacion penal
344_p1451,contencioso_administrativo,capa2,provincia:ca
344_p1458,tributario,capa2,norma:20628+parte(2)
344_p1464,civil_comercial,capa1,regla:\ben lo comercial\b
344_p1481,civil_comercial,capa1,regla:\ben lo civil\b
344_p1497,,pendiente_capa2,sin_ancla
344_p1499,civil_comercial,capa1,regla:\ben lo comercial\b
344_p1507,,pendiente_capa2,sin_ancla
344_p1509,penal,capa1,regla:casacion penal
344_p1535,civil_comercial,capa1,regla:\ben lo civil\b
344_p1539,previsional,capa1,regla:seguridad social
344_p1557,contencioso_administrativo,capa2,provincia:ca
344_p1635,contencioso_administrativo,capa1,regla:contencioso administrativo
344_p1642,ambiental,capa2,norma:24051+norma:25675(2)
344_p1657,contencioso_administrativo,capa2,provincia:ca
344_p1675,laboral,capa1,regla:\bdel trabajo\b
344_p1685,previsional,capa1,regla:seguridad social
344_p1695,,pendiente_capa2,sin_ancla
344_p1701,tributario,capa2,objeto(1)
344_p1703,contencioso_administrativo,capa1,regla:contencioso administrativo
344_p1711,contencioso_administrativo,capa1,regla:contencioso administrativo
344_p1716,penal,capa1,regla:casacion penal
344_p1744,,pendiente_capa2,sin_ancla
344_p1757,civil_comercial,capa2,objeto(1)
344_p1763,,originaria,originaria
344_p1769,,pendiente_capa2,sin_ancla
344_p1783,civil_comercial,capa2,objeto(1)
344_p1785,civil_comercial,capa2,objeto(1)
344_p1788,previsional,capa2,norma:24241+norma:24463+parte(3)
344_p1810,tributario,capa1_refinado,refinamiento:fiscal(\bafip\b|\bdgi\b|d)
344_p1828,,pendiente_capa2,sin_ancla
344_p1831,contencioso_administrativo,capa2,provincia:ca
344_p1835,contencioso_administrativo,capa2,provincia:ca
344_p1843,electoral,capa1,regla:electoral
344_p1845,,originaria,originaria
344_p1857,laboral,capa2,kw(1)
344_p1887,tributario,capa2,norma:11683+objeto+parte(3)
344_p1896,penal,capa1,regla:casacion penal
344_p1899,penal,capa1,regla:casacion penal
344_p1902,penal,capa1,regla:casacion penal
344_p1904,,pendiente_capa2,sin_ancla
344_p1906,laboral,capa1,regla:\bdel trabajo\b
344_p1911,penal,capa1,regla:penal economico
344_p1915,civil_comercial,capa2,objeto(1)
344_p1920,,originaria,originaria
344_p1928,,originaria,originaria
344_p1930,penal,capa2,kw(1)
344_p1936,,pendiente_capa2,sin_ancla
344_p1952,penal,capa2,objeto(1)
344_p2002,civil_comercial,capa1,regla:\ben lo civil\b
344_p2011,penal,capa1,regla:casacion penal
344_p2015,penal,capa1,regla:casacion penal
344_p2020,tributario,capa2,coocur:tributario_disfrazado(desempate)
344_p2023,laboral,capa1,regla:\bdel trabajo\b
344_p2026,laboral,capa1,regla:\bdel trabajo\b
344_p2029,laboral,capa2,objeto(1)
344_p2057,civil_comercial,capa1,regla:civil y comercial federal
344_p2062,penal,capa1,regla:criminal y correccional
344_p2080,salud,capa2,coocur:salud_amparo
344_p2086,,originaria,originaria
344_p2098,,pendiente_capa2,sin_ancla
344_p2104,previsional,capa2,parte(1)
344_p2109,,pendiente_capa2,sin_ancla
344_p2113,,pendiente_capa2,sin_ancla
344_p2115,,no_aplica,tipo_entrada=sumario_editorial
344_p2123,,pendiente_capa2,conflicto_capa2:contencioso_administrativo/tributario
344_p2172,laboral,capa2,coocur:indemniz_despido(desempate)
344_p2175,contencioso_administrativo,capa1,regla:contencioso administrativo
344_p2251,civil_comercial,capa1,regla:\ben lo comercial\b
344_p2256,civil_comercial,capa1,regla:\ben lo civil\b
344_p2307,laboral,capa1,regla:\bdel trabajo\b
344_p2339,electoral,capa1,regla:electoral
344_p2383,,pendiente_capa2,sin_ancla
344_p2384,civil_comercial,capa2,objeto(1)
344_p2393,penal,capa1,regla:casacion penal
344_p2402,penal,capa1,regla:criminal y correccional
344_p2404,civil_comercial,capa1,regla:\ben lo comercial\b
344_p2409,penal,capa1,regla:casacion penal
344_p2428,contencioso_administrativo,capa1,regla:contencioso administrativo
344_p2430,civil_comercial,capa1,regla:civil y comercial federal
344_p2441,,pendiente_capa2,sin_ancla
344_p2459,,pendiente_capa2,sin_ancla
344_p2465,,originaria,originaria
344_p2469,penal,capa1,regla:casacion penal
344_p2471,civil_comercial,capa2,objeto(1)
344_p2482,civil_comercial,capa2,objeto(1)
344_p2488,contencioso_administrativo,capa1,regla:contencioso administrativo
344_p2500,tributario,capa2,parte(1)
344_p2507,,pendiente_capa2,sin_ancla
344_p2513,,pendiente_capa2,sin_ancla
344_p2543,,originaria,originaria
344_p2559,penal,capa1,regla:criminal y correccional
344_p2573,contencioso_administrativo,capa1,regla:contencioso administrativo
344_p2581,laboral,capa1,regla:\bdel trabajo\b
344_p2591,,pendiente_capa2,sin_ancla
344_p2601,civil_comercial,capa1,regla:\ben lo comercial\b
344_p2629,civil_comercial,capa2,kw(1)
344_p2639,,pendiente_capa2,sin_ancla
344_p2644,tributario,capa2,kw(1)
344_p2647,,pendiente_capa2,sin_ancla
344_p2659,penal,capa1,regla:casacion penal
344_p2665,,pendiente_capa2,sin_ancla
344_p2669,,pendiente_capa2,sin_ancla
344_p2690,previsional,capa1,regla:seguridad social
344_p2728,tributario,capa2,norma:23548(1)
344_p2752,contencioso_administrativo,capa1,regla:contencioso administrativo
344_p2765,penal,capa2,objeto(1)
344_p2779,contencioso_administrativo,capa1,regla:contencioso administrativo
344_p2791,penal,capa2,objeto(1)
344_p2811,contencioso_administrativo,capa2,provincia:ca
344_p2830,,pendiente_capa2,sin_ancla
344_p2835,contencioso_administrativo,capa1,regla:contencioso administrativo
344_p2849,civil_comercial,capa1,regla:civil y comercial federal
344_p2858,civil_comercial,capa1,regla:civil y comercial federal
344_p2868,civil_comercial,capa2,norma:24901(1)
344_p2901,,pendiente_capa2,sin_ancla
344_p2922,,originaria,originaria
344_p2949,civil_comercial,capa2,objeto(1)
344_p2955,civil_comercial,capa1,regla:\ben lo comercial\b
344_p2977,penal,capa1,regla:\ben lo penal\b
344_p2991,contencioso_administrativo,capa1,regla:contencioso administrativo
344_p3006,tributario,capa2,norma:11683+objeto+parte(3)
344_p3011,contencioso_administrativo,capa1,regla:contencioso administrativo
344_p3057,laboral,capa1,regla:\bdel trabajo\b
344_p3070,,originaria,originaria
344_p3078,civil_comercial,capa2,objeto(1)
344_p3095,consumo,capa2,kw+norma:24240(2)
344_p3104,,pendiente_capa2,sin_ancla
344_p3132,contencioso_administrativo,capa1,regla:contencioso administrativo
344_p3146,,pendiente_capa2,sin_ancla
344_p3156,penal,capa1,regla:casacion penal
344_p3209,constitucional,capa2,objeto(1)
344_p3230,contencioso_administrativo,capa1,regla:contencioso administrativo
344_p3249,contencioso_administrativo,capa2,provincia:ca
344_p3289,contencioso_administrativo,capa1,regla:contencioso administrativo
344_p3305,civil_comercial,capa1,regla:\ben lo civil\b
344_p3307,contencioso_administrativo,capa2,provincia:ca
344_p3330,contencioso_administrativo,capa1,regla:contencioso administrativo
344_p3345,laboral,capa1,regla:\bdel trabajo\b
344_p3368,civil_comercial,capa1,regla:civil y comercial federal
344_p3385,penal,capa2,norma:24767+objeto(2)
344_p3394,tributario,capa1_refinado,refinamiento:fiscal(\bafip\b|\bdgi\b|d)
344_p3401,contencioso_administrativo,capa1,regla:contencioso administrativo
344_p3413,,originaria,originaria
344_p3418,contencioso_administrativo,capa2,objeto(1)
344_p3431,penal,capa2,kw(1)
344_p3438,contencioso_administrativo,capa2,objeto(1)
344_p3442,,originaria,originaria
344_p3451,civil_comercial,capa2,kw+norma:24901(2)
344_p3458,penal,capa1,regla:casacion penal
344_p3469,,pendiente_capa2,sin_ancla
344_p3472,,pendiente_capa2,sin_ancla
344_p3476,civil_comercial,capa1,regla:\ben lo civil\b
344_p3543,,pendiente_capa2,sin_ancla
344_p3547,civil_comercial,capa1,regla:\ben lo civil\b
344_p3551,electoral,capa1,regla:electoral
344_p3567,previsional,capa1,regla:seguridad social
344_p3573,contencioso_administrativo,capa1,regla:contencioso administrativo
344_p3580,contencioso_administrativo,capa1,regla:contencioso administrativo
344_p3585,penal,capa1,regla:criminal y correccional
344_p3595,,pendiente_capa2,conflicto_capa2:civil_comercial/laboral
344_p3600,contencioso_administrativo,capa1,regla:contencioso administrativo
344_p3610,,pendiente_capa2,sin_ancla
344_p3613,laboral,capa1,regla:\bdel trabajo\b
344_p3618,constitucional,capa2,objeto(1)
344_p3624,civil_comercial,capa2,objeto(1)
344_p3625,civil_comercial,capa1,regla:civil y comercial federal
344_p3636,contencioso_administrativo,capa1,regla:contencioso administrativo
344_p3683,contencioso_administrativo,capa1,regla:contencioso administrativo
344_p3689,laboral,capa1,regla:\bdel trabajo\b
344_p3695,civil_comercial,capa1,regla:\ben lo comercial\b
344_p3700,laboral,capa1,regla:\bdel trabajo\b
344_p3706,,pendiente_capa2,sin_ancla
344_p3711,,pendiente_capa2,conflicto_capa2:civil_comercial/tributario
344_p3720,penal,capa2,kw(1)
344_p3725,,originaria,originaria
344_p3741,,originaria,originaria
344_p3749,contencioso_administrativo,capa1,regla:contencioso administrativo
344_p3761,penal,capa1,regla:casacion penal
344_p3782,penal,capa1,regla:casacion penal
345_p1,,pendiente_capa2,sin_ancla
345_p12,contencioso_administrativo,capa2,objeto(1)
345_p13,,pendiente_capa2,sin_ancla
345_p18,,originaria,originaria
345_p22,,originaria,originaria
345_p37,ambiental,capa2,norma:24051+norma:25675(2)
345_p50,electoral,capa1,regla:electoral
345_p58,civil_comercial,capa1,regla:\ben lo civil\b
345_p61,,originaria,originaria
345_p76,,originaria,originaria
345_p81,laboral,capa2,objeto(1)
345_p84,civil_comercial,capa1,regla:\ben lo civil\b
345_p89,civil_comercial,capa1,regla:\ben lo comercial\b
345_p98,,no_aplica,tipo_entrada=sumario_con_link
345_p101,,no_aplica,tipo_entrada=sumario_con_link
345_p102,contencioso_administrativo,capa1,regla:contencioso administrativo
345_p116,,pendiente_capa2,sin_ancla
345_p123,penal,capa1,regla:casacion penal
345_p137,civil_comercial,capa2,objeto(1)
345_p140,penal,capa1,regla:casacion penal
345_p154,,pendiente_capa2,sin_ancla
345_p155,,no_aplica,tipo_entrada=sumario_con_link
345_p156,,no_aplica,tipo_entrada=sumario_editorial
345_p157,,no_aplica,tipo_entrada=sumario_con_link
345_p159,,no_aplica,tipo_entrada=sumario_editorial
345_p160,,no_aplica,tipo_entrada=sumario_con_link
345_p162,,no_aplica,tipo_entrada=sumario_con_link
345_p163,penal,capa1,regla:criminal y correccional
345_p165,,pendiente_capa2,sin_ancla
345_p175,contencioso_administrativo,capa2,provincia:ca
345_p181,,no_aplica,tipo_entrada=sumario_con_link
345_p182,,no_aplica,tipo_entrada=sumario_con_link
345_p183,,no_aplica,tipo_entrada=sumario_con_link
345_p184,,no_aplica,tipo_entrada=sumario_con_link
345_p185,,no_aplica,tipo_entrada=sumario_con_link
345_p186,,no_aplica,tipo_entrada=sumario_con_link
345_p187,,no_aplica,tipo_entrada=sumario_con_link
345_p189,penal,capa1,regla:criminal y correccional
345_p191,,pendiente_capa2,sin_ancla
345_p197,contencioso_administrativo,capa2,objeto(1)
345_p202,,no_aplica,tipo_entrada=sumario_con_link
345_p203,,no_aplica,tipo_entrada=sumario_con_link
345_p204,,no_aplica,tipo_entrada=sumario_con_link
345_p217,contencioso_administrativo,capa2,provincia:ca
345_p219,,no_aplica,tipo_entrada=sumario_con_link
345_p220,civil_comercial,capa1,regla:\ben lo civil\b
345_p224,contencioso_administrativo,capa1,regla:contencioso administrativo
345_p229,penal,capa1,regla:criminal y correccional
345_p241,laboral,capa1,regla:\bdel trabajo\b
345_p243,,no_aplica,tipo_entrada=sumario_con_link
345_p244,,no_aplica,tipo_entrada=sumario_con_link
345_p250,,no_aplica,tipo_entrada=sumario_con_link
345_p251,,no_aplica,tipo_entrada=sumario_con_link
345_p263,contencioso_administrativo,capa2,provincia:ca
345_p270,contencioso_administrativo,capa1,regla:contencioso administrativo
345_p276,,no_aplica,tipo_entrada=sumario_con_link
345_p277,,no_aplica,tipo_entrada=sumario_con_link
345_p278,penal,capa1,regla:criminal y correccional
345_p281,,no_aplica,tipo_entrada=sumario_editorial
345_p282,,no_aplica,tipo_entrada=sumario_con_link
345_p285,contencioso_administrativo,capa2,provincia:ca
345_p291,,originaria,originaria
345_p296,,originaria,originaria
345_p297,,no_aplica,tipo_entrada=sumario_con_link
345_p298,penal,capa1,regla:casacion penal
345_p331,penal,capa1,regla:criminal y correccional
345_p337,,no_aplica,tipo_entrada=sumario_editorial
345_p338,,no_aplica,tipo_entrada=sumario_con_link
345_p348,,pendiente_capa2,sin_ancla
345_p358,civil_comercial,capa2,objeto(1)
345_p378,,pendiente_capa2,sin_ancla
345_p379,,no_aplica,tipo_entrada=sumario_con_link
345_p380,,no_aplica,tipo_entrada=sumario_con_link
345_p381,,no_aplica,tipo_entrada=sumario_con_link
345_p382,,pendiente_capa2,sin_ancla
345_p383,,no_aplica,tipo_entrada=sumario_con_link
345_p384,,no_aplica,tipo_entrada=sumario_con_link
345_p386,,no_aplica,tipo_entrada=sumario_con_link
345_p400,,no_aplica,tipo_entrada=sumario_con_link
345_p401,contencioso_administrativo,capa1,regla:contencioso administrativo
345_p416,,no_aplica,tipo_entrada=sumario_con_link
345_p417,,pendiente_capa2,sin_ancla
345_p423,penal,capa1,regla:casacion penal
345_p430,penal,capa1,regla:casacion penal
345_p440,penal,capa1,regla:casacion penal
345_p477,contencioso_administrativo,capa2,provincia:ca
345_p482,civil_comercial,capa1,regla:\ben lo civil\b
345_p523,civil_comercial,capa1,regla:\ben lo comercial\b
345_p530,,pendiente_capa2,sin_ancla
345_p533,tributario,capa1_refinado,refinamiento:fiscal(\bafip\b|\bdgi\b|d)
345_p549,penal,capa2,norma:23737(1)
345_p578,penal,capa2,objeto(1)
345_p582,,no_aplica,tipo_entrada=sumario_con_link
345_p583,contencioso_administrativo,capa1,regla:contencioso administrativo
345_p599,,pendiente_capa2,sin_ancla
345_p600,,no_aplica,tipo_entrada=sumario_con_link
345_p602,,no_aplica,tipo_entrada=sumario_con_link
345_p603,,no_aplica,tipo_entrada=sumario_con_link
345_p604,,no_aplica,tipo_entrada=sumario_con_link
345_p605,,no_aplica,tipo_entrada=sumario_con_link
345_p608,contencioso_administrativo,capa1,regla:contencioso administrativo
345_p621,penal,capa1,regla:criminal y correccional
345_p630,,pendiente_capa2,sin_ancla
345_p632,civil_comercial,capa2,objeto(1)
345_p634,contencioso_administrativo,capa1,regla:contencioso administrativo
345_p645,civil_comercial,capa1,regla:\ben lo civil\b
345_p647,penal,capa2,objeto(1)
345_p670,,pendiente_capa2,sin_ancla
345_p683,salud,capa2,coocur:salud_amparo
345_p686,penal,capa2,kw(1)
345_p688,civil_comercial,capa2,objeto(1)
345_p694,penal,capa1,regla:criminal y correccional
345_p702,contencioso_administrativo,capa1,regla:contencioso administrativo
345_p715,contencioso_administrativo,capa1,regla:contencioso administrativo
345_p716,,no_aplica,tipo_entrada=sumario_con_link
345_p722,laboral,capa1,regla:\bdel trabajo\b
345_p728,laboral,capa2,kw+norma:24557+parte(3)
345_p730,,pendiente_capa2,sin_ancla
345_p783,,originaria,originaria
345_p788,,no_aplica,tipo_entrada=sumario_con_link
345_p789,,pendiente_capa2,sin_ancla
345_p800,,no_aplica,tipo_entrada=sumario_con_link
345_p801,,originaria,originaria
345_p838,tributario,capa1_refinado,refinamiento:fiscal(\bafip\b|\bdgi\b|d)
345_p847,,originaria,originaria
345_p849,,no_aplica,tipo_entrada=sumario_con_link
345_p867,,no_aplica,tipo_entrada=sumario_con_link
345_p869,penal,capa1,regla:casacion penal
345_p876,tributario,capa2,norma:11683(1)
345_p881,contencioso_administrativo,capa1,regla:contencioso administrativo
345_p884,civil_comercial,capa2,objeto(1)
345_p905,contencioso_administrativo,capa1,regla:contencioso administrativo
345_p923,tributario,capa1_refinado,refinamiento:fiscal(\bafip\b|\bdgi\b|d)
345_p936,,no_aplica,tipo_entrada=sumario_con_link
345_p937,,no_aplica,tipo_entrada=sumario_con_link
345_p938,salud,capa2,coocur:salud_amparo
345_p945,,pendiente_capa2,sin_ancla
345_p950,,no_aplica,tipo_entrada=sumario_con_link
345_p951,penal,capa1,regla:criminal y correccional
345_p1010,,no_aplica,tipo_entrada=sumario_con_link
345_p1011,penal,capa1,regla:criminal y correccional
345_p1015,contencioso_administrativo,capa2,objeto(1)
345_p1021,tributario,capa2,kw+parte(2)
345_p1025,civil_comercial,capa2,objeto(1)
345_p1034,contencioso_administrativo,capa1,regla:contencioso administrativo
345_p1037,contencioso_administrativo,capa2,provincia:ca
345_p1042,contencioso_administrativo,capa1,regla:contencioso administrativo
345_p1044,tributario,capa2,parte(1)
345_p1070,,originaria,originaria
345_p1079,contencioso_administrativo,capa2,norma:25871(1)
345_p1083,,no_aplica,tipo_entrada=sumario_con_link
345_p1084,,no_aplica,tipo_entrada=sumario_con_link
345_p1085,,no_aplica,tipo_entrada=sumario_con_link
345_p1086,contencioso_administrativo,capa1,regla:contencioso administrativo
345_p1098,,pendiente_capa2,sin_ancla
345_p1100,,no_aplica,tipo_entrada=sumario_con_link
345_p1101,tributario,capa1_refinado,refinamiento:fiscal(\bafip\b|\bdgi\b|d)
345_p1111,,pendiente_capa2,sin_ancla
345_p1113,tributario,capa1_refinado,refinamiento:fiscal(\bafip\b|\bdgi\b|d)
345_p1114,contencioso_administrativo,capa2,norma:25871+objeto(2)
345_p1123,,no_aplica,tipo_entrada=sumario_con_link
345_p1125,tributario,capa2,objeto(1)
345_p1127,laboral,capa1,regla:\bdel trabajo\b
345_p1138,laboral,capa1,regla:\bdel trabajo\b
345_p1140,civil_comercial,capa1,regla:civil y comercial federal
345_p1143,penal,capa1,regla:casacion penal
345_p1150,penal,capa1,regla:casacion penal
345_p1160,penal,capa1,regla:casacion penal
345_p1170,,no_aplica,tipo_entrada=sumario_con_link
345_p1173,,no_aplica,tipo_entrada=sumario_con_link
345_p1174,,pendiente_capa2,sin_ancla
345_p1181,civil_comercial,capa1,regla:\ben lo comercial\b
345_p1184,tributario,capa1_refinado,refinamiento:fiscal(\bafip\b|\bdgi\b|d)
345_p1205,civil_comercial,capa2,norma:24901(1)
345_p1210,civil_comercial,capa1,regla:civil y comercial federal
345_p1219,laboral,capa1,regla:\bdel trabajo\b
345_p1233,,no_aplica,tipo_entrada=sumario_con_link
345_p1238,laboral,capa1,regla:\bdel trabajo\b
345_p1244,contencioso_administrativo,capa2,provincia:ca
345_p1249,tributario,capa1_refinado,refinamiento:fiscal(\bafip\b|\bdgi\b|d)
345_p1259,,pendiente_capa2,sin_ancla
345_p1266,cambiario,capa2,parte(1)
345_p1269,contencioso_administrativo,capa1,regla:contencioso administrativo
345_p1289,,no_aplica,tipo_entrada=sumario_con_link
345_p1290,,no_aplica,tipo_entrada=sumario_con_link
345_p1291,,pendiente_capa2,sin_ancla
345_p1296,,no_aplica,tipo_entrada=sumario_con_link
345_p1297,,pendiente_capa2,sin_ancla
345_p1303,penal,capa1,regla:criminal y correccional
345_p1309,,no_aplica,tipo_entrada=sumario_con_link
345_p1312,contencioso_administrativo,capa1,regla:contencioso administrativo
345_p1322,previsional,capa2,norma:24018(1)
345_p1325,contencioso_administrativo,capa2,objeto(1)
345_p1332,contencioso_administrativo,capa2,objeto(1)
345_p1336,previsional,capa2,norma:24018+parte(2)
345_p1341,,no_aplica,tipo_entrada=sumario_con_link
345_p1342,tributario,capa2,kw+norma:11683+parte(3)
345_p1349,,originaria,originaria
345_p1358,contencioso_administrativo,capa2,provincia:ca
345_p1363,contencioso_administrativo,capa1,regla:contencioso administrativo
345_p1365,contencioso_administrativo,capa1,regla:contencioso administrativo
345_p1370,penal,capa1,regla:criminal y correccional
345_p1374,contencioso_administrativo,capa2,provincia:ca
345_p1387,penal,capa2,objeto(1)
345_p1394,tributario,capa2,parte(1)
345_p1405,,originaria,originaria
345_p1409,civil_comercial,capa1,regla:\ben lo civil\b
345_p1411,civil_comercial,capa2,objeto(1)
345_p1417,civil_comercial,capa1,regla:\ben lo civil\b
345_p1421,penal,capa2,kw(1)
345_p1457,contencioso_administrativo,capa1,regla:contencioso administrativo
345_p1470,,pendiente_capa2,conflicto_capa2:contencioso_administrativo/laboral
345_p1473,,pendiente_capa2,sin_ancla
345_p1481,contencioso_administrativo,capa2,provincia:ca
345_p1496,,no_aplica,tipo_entrada=sumario_con_link
345_p1498,,originaria,originaria
345_p1519,,pendiente_capa2,sin_ancla
345_p1531,tributario,capa1_refinado,refinamiento:fiscal(\bafip\b|\bdgi\b|d)
345_p1549,tributario,capa2,kw(1)
346_p1,civil_comercial,capa2,objeto(1)
346_p12,contencioso_administrativo,capa1,regla:contencioso administrativo
346_p25,contencioso_administrativo,capa1,regla:contencioso administrativo
346_p32,laboral,capa1,regla:\bdel trabajo\b
346_p37,,pendiente_capa2,sin_ancla
346_p42,,pendiente_capa2,conflicto_capa2:civil_comercial/constitucional
346_p44,tributario,capa2,coocur:tributario_disfrazado(desempate)
346_p47,,no_aplica,tipo_entrada=sumario_editorial
346_p48,,no_aplica,tipo_entrada=sumario_con_link
346_p56,,no_aplica,tipo_entrada=sumario_con_link
346_p57,penal,capa1,regla:casacion penal
346_p58,,pendiente_capa2,sin_ancla
346_p73,,no_aplica,tipo_entrada=sumario_editorial
346_p74,,no_aplica,tipo_entrada=sumario_con_link
346_p75,,no_aplica,tipo_entrada=sumario_con_link
346_p84,contencioso_administrativo,capa1,regla:contencioso administrativo
346_p103,,pendiente_capa2,conflicto_capa2:penal/tributario
346_p116,contencioso_administrativo,capa1,regla:contencioso administrativo
346_p129,penal,capa1,regla:criminal y correccional
346_p133,previsional,capa1,regla:seguridad social
346_p143,civil_comercial,capa1,regla:\ben lo civil\b
346_p150,contencioso_administrativo,capa1,regla:contencioso administrativo
346_p164,,no_aplica,tipo_entrada=sumario_con_link
346_p165,,pendiente_capa2,sin_ancla
346_p172,,no_aplica,tipo_entrada=sumario_con_link
346_p173,laboral,capa1,regla:\bdel trabajo\b
346_p175,,no_aplica,tipo_entrada=sumario_editorial
346_p176,,no_aplica,tipo_entrada=sumario_con_link
346_p177,civil_comercial,capa2,objeto(1)
346_p182,previsional,capa2,norma:24241+parte(2)
346_p192,,no_aplica,tipo_entrada=sumario_con_link
346_p193,,pendiente_capa2,sin_ancla
346_p200,,pendiente_capa2,sin_ancla
346_p209,,originaria,originaria
346_p217,tributario,capa2,parte(1)
346_p231,penal,capa2,objeto(1)
346_p233,,no_aplica,tipo_entrada=sumario_con_link
346_p235,,no_aplica,tipo_entrada=sumario_editorial
346_p236,laboral,capa2,norma:23551(1)
346_p247,,no_aplica,tipo_entrada=sumario_con_link
346_p249,laboral,capa1,regla:\bdel trabajo\b
346_p253,,no_aplica,tipo_entrada=sumario_con_link
346_p254,,no_aplica,tipo_entrada=sumario_con_link
346_p256,,no_aplica,tipo_entrada=sumario_con_link
346_p257,laboral,capa1,regla:\bdel trabajo\b
346_p259,civil_comercial,capa1,regla:\ben lo civil\b
346_p265,civil_comercial,capa2,objeto(1)
346_p287,civil_comercial,capa2,objeto(1)
346_p304,tributario,capa2,kw+norma:11683+parte(3)
346_p314,civil_comercial,capa2,objeto(1)
346_p319,penal,capa1,regla:casacion penal
346_p326,civil_comercial,capa2,objeto(1)
346_p333,civil_comercial,capa1,regla:\ben lo civil\b
346_p347,contencioso_administrativo,capa1,regla:contencioso administrativo
346_p361,,originaria,originaria
346_p382,contencioso_administrativo,capa2,provincia:ca
346_p387,penal,capa2,kw+objeto(2)
346_p390,,no_aplica,tipo_entrada=sumario_con_link
346_p391,contencioso_administrativo,capa2,provincia:ca
346_p403,civil_comercial,capa2,objeto(1)
346_p407,penal,capa1,regla:casacion penal
346_p431,,no_aplica,tipo_entrada=sumario_con_link
346_p432,,originaria,originaria
346_p439,laboral,capa2,kw+norma:24557+parte(3)
346_p441,contencioso_administrativo,capa2,provincia:ca
346_p461,,originaria,originaria
346_p467,civil_comercial,capa1,regla:\ben lo civil\b
346_p476,tributario,capa1_refinado,refinamiento:fiscal(\bafip\b|\bdgi\b|d)
346_p484,laboral,capa1,regla:\bdel trabajo\b
346_p489,contencioso_administrativo,capa2,provincia:ca
346_p491,civil_comercial,capa1,regla:civil y comercial federal
346_p494,,originaria,originaria
346_p497,,originaria,originaria
346_p502,civil_comercial,capa1,regla:\ben lo comercial\b
346_p515,penal,capa2,objeto(1)
346_p532,previsional,capa2,norma:24241+objeto+parte(3)
346_p535,contencioso_administrativo,capa2,provincia:ca
346_p537,laboral,capa1,regla:\bdel trabajo\b
346_p542,,no_aplica,tipo_entrada=sumario_con_link
346_p580,constitucional,capa2,objeto(1)
346_p610,,pendiente_capa2,conflicto_capa2:cambiario/previsional
346_p613,,pendiente_capa2,sin_ancla
346_p624,,no_aplica,tipo_entrada=sumario_con_link
346_p625,,no_aplica,tipo_entrada=sumario_con_link
346_p626,,no_aplica,tipo_entrada=sumario_con_link
346_p627,constitucional,capa2,objeto(1)
346_p629,laboral,capa1,regla:\bdel trabajo\b
346_p634,,pendiente_capa2,conflicto_capa2:contencioso_administrativo/previsional
346_p646,laboral,capa1,regla:\bdel trabajo\b
346_p650,civil_comercial,capa1,regla:\ben lo civil\b
346_p658,penal,capa2,objeto(1)
346_p668,penal,capa2,norma:24767(1)
346_p675,contencioso_administrativo,capa2,norma:25871(1)
346_p678,contencioso_administrativo,capa2,provincia:ca
346_p683,tributario,capa1_refinado,refinamiento:fiscal(\bafip\b|\bdgi\b|d)
346_p695,previsional,capa1,regla:seguridad social
346_p697,penal,capa1,regla:casacion penal
346_p706,,pendiente_capa2,sin_ancla
346_p718,contencioso_administrativo,capa2,provincia:ca
346_p730,salud,capa2,coocur:salud_amparo
346_p736,penal,capa2,kw+norma:24767+objeto(3)
346_p741,laboral,capa1,regla:\bdel trabajo\b
346_p745,,originaria,originaria
346_p750,,originaria,originaria
346_p754,contencioso_administrativo,capa1,regla:contencioso administrativo
346_p767,,originaria,originaria
346_p776,tributario,capa2,kw(1)
346_p802,civil_comercial,capa2,coocur:danos_transito
346_p807,civil_comercial,capa1,regla:\ben lo civil\b
346_p811,previsional,capa1,regla:seguridad social
346_p814,contencioso_administrativo,capa1,regla:contencioso administrativo
346_p821,,originaria,originaria
346_p834,tributario,capa2,parte(1)
346_p846,laboral,capa1,regla:\bdel trabajo\b
346_p850,previsional,capa1,regla:seguridad social
346_p854,tributario,capa2,parte(1)
346_p864,,no_aplica,tipo_entrada=sumario_con_link
346_p866,salud,capa2,coocur:salud_amparo
346_p868,laboral,capa1,regla:\bdel trabajo\b
346_p885,contencioso_administrativo,capa1,regla:contencioso administrativo
346_p887,,no_aplica,tipo_entrada=sumario_con_link
346_p888,civil_comercial,capa1,regla:\ben lo comercial\b
346_p893,,originaria,originaria
346_p902,,pendiente_capa2,sin_ancla
346_p920,,no_aplica,tipo_entrada=sumario_con_link
346_p921,,pendiente_capa2,sin_ancla
346_p931,contencioso_administrativo,capa2,provincia:ca
346_p939,penal,capa2,objeto(1)
346_p944,,originaria,originaria
346_p960,laboral,capa2,kw(1)
346_p965,,pendiente_capa2,sin_ancla
346_p969,,no_aplica,tipo_entrada=sumario_editorial
346_p970,contencioso_administrativo,capa1,regla:contencioso administrativo
346_p1015,,originaria,originaria
346_p1039,tributario,capa1_refinado,refinamiento:fiscal(\bafip\b|\bdgi\b|d)
346_p1062,,no_aplica,tipo_entrada=sumario_con_link
346_p1063,,no_aplica,tipo_entrada=sumario_con_link
346_p1065,contencioso_administrativo,capa1,regla:contencioso administrativo
346_p1068,contencioso_administrativo,capa2,provincia:ca
346_p1070,contencioso_administrativo,capa1,regla:contencioso administrativo
346_p1075,contencioso_administrativo,capa1,regla:contencioso administrativo
346_p1081,,no_aplica,tipo_entrada=sumario_editorial
346_p1082,,no_aplica,tipo_entrada=sumario_con_link
346_p1086,,pendiente_capa2,sin_ancla
346_p1087,,no_aplica,tipo_entrada=sumario_editorial
346_p1089,,originaria,originaria
346_p1108,,originaria,originaria
346_p1117,,originaria,originaria
346_p1133,tributario,capa1_refinado,refinamiento:fiscal(\bafip\b|\bdgi\b|d)
346_p1139,,pendiente_capa2,sin_ancla
346_p1147,laboral,capa1,regla:\bdel trabajo\b
346_p1159,contencioso_administrativo,capa2,objeto(1)
346_p1175,contencioso_administrativo,capa1,regla:contencioso administrativo
346_p1180,,originaria,originaria
346_p1194,,no_aplica,tipo_entrada=sumario_con_link
346_p1195,,no_aplica,tipo_entrada=sumario_con_link
346_p1196,laboral,capa2,kw(1)
346_p1200,,no_aplica,tipo_entrada=sumario_con_link
346_p1201,contencioso_administrativo,capa1,regla:contencioso administrativo
346_p1205,contencioso_administrativo,capa1,regla:contencioso administrativo
346_p1208,tributario,capa2,coocur:tributario_disfrazado(desempate)
346_p1212,penal,capa1,regla:casacion penal
346_p1218,,originaria,originaria
346_p1233,,no_aplica,tipo_entrada=sumario_con_link
346_p1234,salud,capa2,coocur:salud_amparo
346_p1241,contencioso_administrativo,capa2,provincia:ca
346_p1243,,no_aplica,tipo_entrada=sumario_con_link
346_p1248,,pendiente_capa2,sin_ancla
346_p1257,,pendiente_capa2,conflicto_capa2:civil_comercial/lesa_humanidad
346_p1272,,originaria,originaria
346_p1279,,no_aplica,tipo_entrada=sumario_con_link
346_p1280,,pendiente_capa2,sin_ancla
346_p1295,,no_aplica,tipo_entrada=sumario_con_link
346_p1296,,pendiente_capa2,sin_ancla
346_p1304,civil_comercial,capa1,regla:civil y comercial federal
346_p1311,penal,capa1,regla:casacion penal
346_p1313,penal,capa2,kw+objeto(2)
346_p1316,,originaria,originaria
346_p1339,penal,capa1,regla:casacion penal
346_p1355,,originaria,originaria
346_p1361,,originaria,originaria
346_p1377,cambiario,capa2,parte(1)
346_p1379,penal,capa2,kw+norma:24767+objeto(3)
346_p1387,ambiental,capa2,kw(1)
346_p1405,penal,capa2,kw(1)
346_p1415,civil_comercial,capa1,regla:civil y comercial federal
346_p1419,tributario,capa1_refinado,refinamiento:fiscal(\bafip\b|\bdgi\b|d)
346_p1426,constitucional,capa2,objeto(1)
346_p1446,contencioso_administrativo,capa1,regla:contencioso administrativo
346_p1448,tributario,capa2,coocur:tributario_disfrazado(desempate)
346_p1455,contencioso_administrativo,capa2,objeto(1)
346_p1461,,no_aplica,tipo_entrada=sumario_con_link
346_p1462,contencioso_administrativo,capa1,regla:contencioso administrativo
346_p1471,,pendiente_capa2,sin_ancla
346_p1483,laboral,capa1,regla:\bdel trabajo\b
346_p1489,,pendiente_capa2,sin_ancla
346_p1501,,pendiente_capa2,sin_ancla
346_p1514,civil_comercial,capa1,regla:\ben lo civil\b
346_p1520,,no_aplica,tipo_entrada=sumario_con_link
346_p1521,penal,capa1,regla:casacion penal
346_p1526,penal,capa1,regla:casacion penal
346_p1538,penal,capa2,objeto(1)
346_p1545,,no_aplica,tipo_entrada=sumario_con_link
346_p1549,contencioso_administrativo,capa2,provincia:ca
346_p1551,,no_aplica,tipo_entrada=sumario_con_link
346_p1552,civil_comercial,capa1,regla:\ben lo civil\b
346_p1559,,pendiente_capa2,sin_ancla
346_p1564,laboral,capa1,regla:\bdel trabajo\b
347_p1,,no_aplica,tipo_entrada=sumario_con_link
347_p2,laboral,capa1,regla:\bdel trabajo\b
347_p6,previsional,capa1,regla:seguridad social
347_p7,civil_comercial,capa1,regla:\ben lo civil\b
347_p18,contencioso_administrativo,capa2,norma:21499+objeto(2)
347_p36,penal,capa1,regla:casacion penal
347_p43,electoral,capa1,regla:electoral
347_p51,civil_comercial,capa1,regla:\ben lo civil\b
347_p62,penal,capa2,kw+objeto(2)
347_p69,,pendiente_capa2,sin_ancla
347_p73,civil_comercial,capa1,regla:\ben lo civil\b
347_p83,tributario,capa1_refinado,refinamiento:fiscal(\bafip\b|\bdgi\b|d)
347_p94,penal,capa1,regla:casacion penal
347_p100,laboral,capa1,regla:\bdel trabajo\b
347_p105,previsional,capa2,parte(1)
347_p109,,pendiente_capa2,sin_ancla
347_p116,tributario,capa1_refinado,refinamiento:fiscal(\bafip\b|\bdgi\b|d)
347_p127,,no_aplica,tipo_entrada=sumario_con_link
347_p128,,originaria,originaria
347_p178,,originaria,originaria
347_p214,,no_aplica,tipo_entrada=sumario_con_link
347_p216,tributario,capa1_refinado,refinamiento:fiscal(\bafip\b|\bdgi\b|d)
347_p229,penal,capa1,regla:criminal y correccional
347_p237,tributario,capa2,kw+norma:23548(2)
347_p246,,no_aplica,tipo_entrada=sumario_con_link
347_p247,tributario,capa1_refinado,refinamiento:fiscal(\bafip\b|\bdgi\b|d)
347_p257,penal,capa2,kw+objeto(2)
347_p273,tributario,capa1_refinado,refinamiento:fiscal(\bafip\b|\bdgi\b|d)
347_p291,penal,capa1,regla:criminal y correccional
347_p302,penal,capa1,regla:criminal y correccional
347_p311,,pendiente_capa2,sin_ancla
347_p316,,no_aplica,tipo_entrada=sumario_con_link
347_p320,,no_aplica,tipo_entrada=sumario_con_link
347_p321,tributario,capa2,coocur:tributario_disfrazado(desempate)
347_p327,contencioso_administrativo,capa1,regla:contencioso administrativo
347_p329,contencioso_administrativo,capa1,regla:contencioso administrativo
347_p338,,no_aplica,tipo_entrada=sumario_con_link
347_p339,,pendiente_capa2,sin_ancla
347_p344,civil_comercial,capa1,regla:\ben lo civil\b
347_p347,laboral,capa1,regla:\bdel trabajo\b
347_p352,electoral,capa1,regla:electoral
347_p357,contencioso_administrativo,capa1,regla:contencioso administrativo
347_p360,civil_comercial,capa2,kw(1)
347_p367,,no_aplica,tipo_entrada=sumario_con_link
347_p368,,originaria,originaria
347_p375,tributario,capa2,objeto(1)
347_p379,contencioso_administrativo,capa2,provincia:ca
347_p391,laboral,capa2,objeto(1)
347_p392,penal,capa2,objeto(1)
347_p400,tributario,capa2,kw(1)
347_p411,,no_aplica,tipo_entrada=sumario_con_link
347_p412,civil_comercial,capa2,objeto(1)
347_p414,contencioso_administrativo,capa2,provincia:ca
347_p426,,pendiente_capa2,sin_ancla
347_p437,contencioso_administrativo,capa2,norma:25871+objeto(2)
347_p441,civil_comercial,capa2,objeto(1)
347_p459,tributario,capa2,parte(1)
347_p462,,pendiente_capa2,sin_ancla
347_p468,,pendiente_capa2,sin_ancla
347_p472,laboral,capa1,regla:\bdel trabajo\b
347_p474,civil_comercial,capa1,regla:\ben lo civil\b
347_p496,civil_comercial,capa2,objeto(1)
347_p500,civil_comercial,capa1,regla:civil y comercial federal
347_p507,penal,capa1,regla:criminal y correccional
347_p512,penal,capa1,regla:casacion penal
347_p520,penal,capa2,kw(1)
347_p540,civil_comercial,capa1,regla:civil y comercial federal
347_p545,civil_comercial,capa1,regla:\ben lo civil\b
347_p547,civil_comercial,capa1,regla:civil y comercial federal
347_p552,,originaria,originaria
347_p562,penal,capa2,objeto(1)
347_p565,penal,capa1,regla:casacion penal
347_p572,penal,capa1,regla:casacion penal
347_p579,tributario,capa1_refinado,refinamiento:fiscal(\bafip\b|\bdgi\b|d)
347_p593,,no_aplica,tipo_entrada=sumario_con_link
347_p594,laboral,capa1,regla:\bdel trabajo\b
347_p596,tributario,capa2,parte(1)
347_p606,civil_comercial,capa1,regla:civil y comercial federal
347_p614,tributario,capa1_refinado,refinamiento:fiscal(\bafip\b|\bdgi\b|d)
347_p621,,originaria,originaria
347_p629,,pendiente_capa2,sin_ancla
347_p631,,no_aplica,tipo_entrada=sumario_con_link
347_p632,civil_comercial,capa1,regla:\ben lo civil\b
347_p640,,pendiente_capa2,sin_ancla
347_p652,,no_aplica,tipo_entrada=sumario_con_link
347_p653,constitucional,capa2,objeto(1)
347_p673,civil_comercial,capa2,objeto(1)
347_p684,civil_comercial,capa2,objeto(1)
347_p688,contencioso_administrativo,capa2,provincia:ca
347_p721,contencioso_administrativo,capa2,provincia:ca
347_p729,contencioso_administrativo,capa2,provincia:ca
347_p737,,pendiente_capa2,sin_ancla
347_p745,contencioso_administrativo,capa2,norma:25871(1)
347_p751,laboral,capa1,regla:\bdel trabajo\b
347_p759,contencioso_administrativo,capa1,regla:contencioso administrativo
347_p768,electoral,capa1,regla:electoral
347_p775,civil_comercial,capa1,regla:\ben lo civil\b
347_p778,contencioso_administrativo,capa1,regla:contencioso administrativo
347_p785,penal,capa1,regla:casacion penal
347_p790,penal,capa1,regla:casacion penal
347_p802,,pendiente_capa2,sin_ancla
347_p811,contencioso_administrativo,capa2,provincia:ca
347_p818,laboral,capa2,objeto(1)
347_p823,,no_aplica,tipo_entrada=sumario_con_link
347_p824,,no_aplica,tipo_entrada=sumario_con_link
347_p833,,originaria,originaria
347_p843,,pendiente_capa2,sin_ancla
347_p856,penal,capa1,regla:criminal y correccional
347_p863,penal,capa1,regla:casacion penal
347_p876,laboral,capa1,regla:\bdel trabajo\b
347_p880,contencioso_administrativo,capa1,regla:contencioso administrativo
347_p893,,pendiente_capa2,sin_ancla
347_p903,contencioso_administrativo,capa2,objeto(1)
347_p905,,pendiente_capa2,sin_ancla
347_p917,,pendiente_capa2,sin_ancla
347_p924,,pendiente_capa2,sin_ancla
347_p936,penal,capa1,regla:casacion penal
347_p943,previsional,capa1,regla:seguridad social
347_p947,laboral,capa1,regla:\bdel trabajo\b
347_p952,laboral,capa1,regla:\bdel trabajo\b
347_p957,laboral,capa2,objeto+parte(2)
347_p959,,originaria,originaria
347_p969,,pendiente_capa2,sin_ancla
347_p971,tributario,capa2,kw+norma:23548(2)
347_p993,penal,capa2,objeto(1)
347_p1001,civil_comercial,capa1,regla:\ben lo civil\b
347_p1013,previsional,capa2,parte(1)
347_p1021,,no_aplica,tipo_entrada=sumario_con_link
347_p1022,salud,capa2,coocur:salud_amparo
347_p1031,civil_comercial,capa1,regla:\ben lo civil\b
347_p1046,,pendiente_capa2,sin_ancla
347_p1058,previsional,capa1,regla:seguridad social
347_p1061,contencioso_administrativo,capa2,provincia:ca
347_p1081,civil_comercial,capa2,kw(1)
347_p1084,contencioso_administrativo,capa2,provincia:ca
347_p1128,tributario,capa2,parte(1)
347_p1134,salud,capa2,coocur:salud_amparo
347_p1137,penal,capa1,regla:casacion penal
347_p1151,tributario,capa1_refinado,refinamiento:fiscal(\bafip\b|\bdgi\b|d)
347_p1166,contencioso_administrativo,capa1,regla:contencioso administrativo
347_p1177,,pendiente_capa2,sin_ancla
347_p1184,,no_aplica,tipo_entrada=sumario_con_link
347_p1185,contencioso_administrativo,capa1,regla:contencioso administrativo
347_p1191,previsional,capa1,regla:seguridad social
347_p1201,contencioso_administrativo,capa1,regla:contencioso administrativo
347_p1210,tributario,capa2,norma:11683+parte(2)
347_p1215,,pendiente_capa2,sin_ancla
347_p1218,,no_aplica,tipo_entrada=sumario_con_link
347_p1223,,pendiente_capa2,conflicto_capa2:civil_comercial/tributario
347_p1230,civil_comercial,capa2,norma:24901(1)
347_p1234,civil_comercial,capa2,objeto(1)
347_p1248,laboral,capa1,regla:\bdel trabajo\b
347_p1250,civil_comercial,capa1,regla:civil y comercial federal
347_p1254,laboral,capa1,regla:\bdel trabajo\b
347_p1259,laboral,capa1,regla:\bdel trabajo\b
347_p1277,laboral,capa2,objeto(1)
347_p1282,contencioso_administrativo,capa2,provincia:ca
347_p1288,contencioso_administrativo,capa1,regla:contencioso administrativo
347_p1313,contencioso_administrativo,capa1,regla:contencioso administrativo
347_p1327,contencioso_administrativo,capa1,regla:contencioso administrativo
347_p1340,civil_comercial,capa1,regla:\ben lo civil\b
347_p1344,penal,capa1,regla:casacion penal
347_p1353,civil_comercial,capa1,regla:civil y comercial federal
347_p1360,,pendiente_capa2,sin_ancla
347_p1363,,no_aplica,tipo_entrada=sumario_con_link
347_p1375,,no_aplica,tipo_entrada=sumario_con_link
347_p1376,,no_aplica,tipo_entrada=sumario_con_link
347_p1377,,pendiente_capa2,sin_ancla
347_p1378,,no_aplica,tipo_entrada=sumario_con_link
347_p1381,,no_aplica,tipo_entrada=sumario_con_link
347_p1383,,no_aplica,tipo_entrada=sumario_con_link
347_p1384,,no_aplica,tipo_entrada=sumario_con_link
347_p1385,laboral,capa2,kw+objeto+parte(3)
347_p1386,penal,capa1,regla:criminal y correccional
347_p1396,laboral,capa2,objeto(1)
347_p1403,contencioso_administrativo,capa1,regla:contencioso administrativo
347_p1434,penal,capa2,norma:23737(1)
347_p1446,civil_comercial,capa1,regla:\ben lo civil\b
347_p1463,laboral,capa1,regla:\bdel trabajo\b
347_p1471,,pendiente_capa2,sin_ancla
347_p1476,tributario,capa2,parte(1)
347_p1492,,pendiente_capa2,sin_ancla
347_p1495,,originaria,originaria
347_p1527,civil_comercial,capa1,regla:\ben lo civil\b
347_p1586,civil_comercial,capa1,regla:\ben lo civil\b
347_p1593,civil_comercial,capa1,regla:\ben lo civil\b
347_p1620,contencioso_administrativo,capa2,provincia:ca
347_p1632,tributario,capa1_refinado,refinamiento:fiscal(\bafip\b|\bdgi\b|d)
347_p1648,civil_comercial,capa1,regla:\ben lo civil\b
347_p1673,previsional,capa1,regla:seguridad social
347_p1697,previsional,capa1,regla:seguridad social
347_p1701,contencioso_administrativo,capa1,regla:contencioso administrativo
347_p1709,laboral,capa1,regla:\bdel trabajo\b
347_p1726,civil_comercial,capa1,regla:civil y comercial federal
347_p1737,civil_comercial,capa1,regla:\ben lo civil\b
347_p1757,,pendiente_capa2,sin_ancla
347_p1762,,no_aplica,tipo_entrada=sumario_con_link
347_p1763,,no_aplica,tipo_entrada=sumario_con_link
347_p1770,penal,capa1,regla:criminal y correccional
347_p1787,penal,capa1,regla:casacion penal
347_p1802,civil_comercial,capa1,regla:\ben lo civil\b
347_p1807,contencioso_administrativo,capa1,regla:contencioso administrativo
347_p1813,tributario,capa2,kw+norma:23548+parte(3)
347_p1820,civil_comercial,capa1,regla:\ben lo comercial\b
347_p1827,civil_comercial,capa1,regla:\ben lo civil\b
347_p1834,laboral,capa1,regla:\bdel trabajo\b
347_p1839,penal,capa1,regla:casacion penal
347_p1843,,no_aplica,tipo_entrada=sumario_con_link
347_p1844,contencioso_administrativo,capa1,regla:contencioso administrativo
347_p1858,,pendiente_capa2,sin_ancla
347_p1871,penal,capa1,regla:casacion penal
347_p1885,civil_comercial,capa1,regla:\ben lo civil\b
347_p1891,civil_comercial,capa1,regla:civil y comercial federal
347_p1932,constitucional,capa2,objeto(1)
347_p1944,,pendiente_capa2,sin_ancla
347_p1963,,pendiente_capa2,sin_ancla
347_p1990,contencioso_administrativo,capa2,objeto(1)
347_p1996,contencioso_administrativo,capa1,regla:contencioso administrativo
347_p2001,,pendiente_capa2,sin_ancla
347_p2002,contencioso_administrativo,capa1,regla:contencioso administrativo
347_p2015,contencioso_administrativo,capa1,regla:contencioso administrativo
347_p2025,,originaria,originaria
347_p2041,tributario,capa1_refinado,refinamiento:fiscal(\bafip\b|\bdgi\b|d)
347_p2044,,originaria,originaria
347_p2115,contencioso_administrativo,capa2,provincia:ca
347_p2146,civil_comercial,capa2,objeto(1)
347_p2154,civil_comercial,capa1,regla:\ben lo comercial\b
347_p2160,,pendiente_capa2,sin_ancla
347_p2177,civil_comercial,capa1,regla:civil y comercial federal
347_p2186,,pendiente_capa2,sin_ancla
347_p2221,constitucional,capa2,objeto(1)
347_p2241,contencioso_administrativo,capa2,objeto(1)
347_p2242,,originaria,originaria
347_p2278,,originaria,originaria
347_p2286,civil_comercial,capa1,regla:civil y comercial federal
347_p2314,civil_comercial,capa1,regla:civil y comercial federal
347_p2318,civil_comercial,capa1,regla:\ben lo comercial\b
347_p2324,penal,capa1,regla:\ben lo penal\b
347_p2334,tributario,capa1_refinado,refinamiento:fiscal(\bafip\b|\bdgi\b|d)
347_p2352,tributario,capa1_refinado,refinamiento:fiscal(\bafip\b|\bdgi\b|d)
348_p1,civil_comercial,capa1,regla:\ben lo comercial\b
348_p21,tributario,capa2,parte(1)
348_p31,previsional,capa1,regla:seguridad social
348_p33,,no_aplica,tipo_entrada=sumario_con_link
348_p34,civil_comercial,capa1,regla:\ben lo comercial\b
348_p36,contencioso_administrativo,capa2,provincia:ca
348_p43,,pendiente_capa2,sin_ancla
348_p45,,pendiente_capa2,sin_ancla
348_p48,contencioso_administrativo,capa1,regla:contencioso administrativo
348_p53,,no_aplica,tipo_entrada=sumario_con_link
348_p54,,no_aplica,tipo_entrada=sumario_con_link
348_p56,contencioso_administrativo,capa2,objeto(1)
348_p59,,pendiente_capa2,sin_ancla
348_p60,,pendiente_capa2,sin_ancla
348_p61,electoral,capa1,regla:electoral
348_p78,electoral,capa1,regla:electoral
348_p80,contencioso_administrativo,capa2,provincia:ca
348_p82,,no_aplica,tipo_entrada=sumario_con_link
348_p83,,pendiente_capa2,sin_ancla
348_p89,,no_aplica,tipo_entrada=sumario_con_link
348_p90,contencioso_administrativo,capa1,regla:contencioso administrativo
348_p92,,pendiente_capa2,sin_ancla
348_p94,,no_aplica,tipo_entrada=sumario_con_link
348_p95,constitucional,capa2,objeto(1)
348_p100,contencioso_administrativo,capa1,regla:contencioso administrativo
348_p101,tributario,capa2,norma:11683+parte(2)
348_p108,contencioso_administrativo,capa2,provincia:ca
348_p113,penal,capa2,kw+norma:23737(2)
348_p165,laboral,capa1,regla:\bdel trabajo\b
348_p169,,pendiente_capa2,sin_ancla
348_p172,laboral,capa1,regla:\bdel trabajo\b
348_p179,contencioso_administrativo,capa1,regla:contencioso administrativo
348_p189,civil_comercial,capa2,kw+norma:24522+objeto(3)
348_p246,penal,capa1,regla:criminal y correccional
348_p248,civil_comercial,capa2,objeto(1)
348_p256,,pendiente_capa2,sin_ancla
348_p259,civil_comercial,capa2,objeto(1)
348_p260,,no_aplica,tipo_entrada=sumario_con_link
348_p261,,no_aplica,tipo_entrada=sumario_editorial
348_p262,,no_aplica,tipo_entrada=sumario_con_link
348_p267,contencioso_administrativo,capa2,provincia:ca
348_p274,,no_aplica,tipo_entrada=sumario_con_link
348_p275,,no_aplica,tipo_entrada=sumario_con_link
348_p276,,pendiente_capa2,sin_ancla
348_p286,,no_aplica,tipo_entrada=sumario_con_link
348_p287,penal,capa2,objeto(1)
348_p289,contencioso_administrativo,capa1,regla:contencioso administrativo
348_p291,contencioso_administrativo,capa1,regla:contencioso administrativo
348_p293,,no_aplica,tipo_entrada=sumario_con_link
348_p294,,no_aplica,tipo_entrada=sumario_con_link
348_p295,,no_aplica,tipo_entrada=sumario_con_link
348_p296,,pendiente_capa2,sin_ancla
348_p308,,pendiente_capa2,sin_ancla
348_p311,,pendiente_capa2,sin_ancla
348_p313,,no_aplica,tipo_entrada=sumario_con_link
348_p314,civil_comercial,capa2,objeto(1)
348_p323,tributario,capa2,objeto(1)
348_p325,tributario,capa2,kw(1)
348_p328,,no_aplica,tipo_entrada=sumario_con_link
348_p329,,no_aplica,tipo_entrada=sumario_con_link
348_p330,previsional,capa1,regla:seguridad social
348_p332,contencioso_administrativo,capa1,regla:contencioso administrativo
348_p338,,originaria,originaria
348_p346,electoral,capa1,regla:electoral
348_p355,tributario,capa2,kw+norma:23548+parte(4)
348_p372,penal,capa2,kw+norma:24767+objeto(3)
348_p380,laboral,capa1,regla:\bdel trabajo\b
348_p389,contencioso_administrativo,capa2,objeto(1)
348_p405,,originaria,originaria
348_p419,,originaria,originaria
348_p434,contencioso_administrativo,capa1,regla:contencioso administrativo
348_p437,tributario,capa2,objeto(1)
348_p439,,originaria,originaria
348_p443,penal,capa1,regla:casacion penal
348_p452,civil_comercial,capa2,objeto(1)
348_p461,,originaria,originaria
348_p473,civil_comercial,capa2,objeto(1)
348_p474,penal,capa1,regla:casacion penal
348_p487,civil_comercial,capa1,regla:civil y comercial federal
348_p491,civil_comercial,capa1,regla:\ben lo civil\b
348_p494,penal,capa1,regla:casacion penal
348_p519,,pendiente_capa2,sin_ancla
348_p524,laboral,capa1,regla:\bdel trabajo\b
348_p532,,pendiente_capa2,sin_ancla
348_p533,,no_aplica,tipo_entrada=sumario_con_link
348_p534,tributario,capa2,kw+norma:23548(2)
348_p563,,pendiente_capa2,conflicto_capa2:penal/tributario
348_p569,,pendiente_capa2,conflicto_capa2:contencioso_administrativo/tributario
348_p576,tributario,capa2,parte(1)
348_p589,tributario,capa1_refinado,refinamiento:fiscal(\bafip\b|\bdgi\b|d)
348_p611,,pendiente_capa2,conflicto_capa2:lesa_humanidad/penal
348_p635,,pendiente_capa2,sin_ancla
348_p644,penal,capa1,regla:criminal y correccional
348_p659,penal,capa1,regla:criminal y correccional
348_p662,civil_comercial,capa1,regla:\ben lo civil\b
348_p678,contencioso_administrativo,capa2,provincia:ca
348_p680,,pendiente_capa2,sin_ancla
348_p689,laboral,capa1,regla:\bdel trabajo\b
348_p696,laboral,capa1,regla:\bdel trabajo\b
348_p700,penal,capa1,regla:penal economico
348_p708,ambiental,capa2,kw(1)
348_p716,,pendiente_capa2,sin_ancla
348_p719,,pendiente_capa2,sin_ancla
348_p728,,originaria,originaria
348_p747,laboral,capa1,regla:\bdel trabajo\b
348_p751,,pendiente_capa2,sin_ancla
348_p755,civil_comercial,capa1,regla:\ben lo civil\b
348_p756,civil_comercial,capa1,regla:\ben lo civil\b
348_p763,civil_comercial,capa1,regla:\ben lo civil\b
348_p773,,pendiente_capa2,sin_ancla
348_p782,penal,capa1,regla:casacion penal
348_p795,civil_comercial,capa1,regla:\ben lo civil\b
348_p802,civil_comercial,capa1,regla:\ben lo comercial\b
348_p805,tributario,capa2,parte(1)
348_p807,contencioso_administrativo,capa1,regla:contencioso administrativo
348_p809,laboral,capa2,objeto(1)
348_p811,tributario,capa2,parte(1)
348_p813,,originaria,originaria
348_p821,civil_comercial,capa1,regla:\ben lo civil\b
348_p834,laboral,capa1,regla:\bdel trabajo\b
348_p841,tributario,capa1_refinado,refinamiento:fiscal(\bafip\b|\bdgi\b|d)
348_p878,,no_aplica,tipo_entrada=sumario_con_link
348_p879,contencioso_administrativo,capa2,objeto(1)
348_p886,penal,capa1,regla:criminal y correccional
348_p889,laboral,capa1,regla:\bdel trabajo\b
348_p892,tributario,capa2,coocur:tributario_disfrazado(desempate)
348_p895,previsional,capa1,regla:seguridad social
348_p917,civil_comercial,capa1,regla:\ben lo comercial\b
348_p932,civil_comercial,capa1,regla:\ben lo comercial\b
348_p940,contencioso_administrativo,capa2,norma:25871(1)
348_p943,tributario,capa1_refinado,refinamiento:fiscal(\bafip\b|\bdgi\b|d)
348_p953,tributario,capa1_refinado,refinamiento:fiscal(\bafip\b|\bdgi\b|d)
348_p955,,pendiente_capa2,conflicto_capa2:contencioso_administrativo/tributario
348_p957,penal,capa2,kw(1)
348_p967,,originaria,originaria
348_p975,,pendiente_capa2,sin_ancla
348_p983,ambiental,capa2,kw(1)
348_p1028,,no_aplica,tipo_entrada=sumario_con_link
348_p1030,previsional,capa1,regla:seguridad social
348_p1032,,pendiente_capa2,sin_ancla
348_p1035,contencioso_administrativo,capa2,norma:25871+objeto(2)
348_p1045,civil_comercial,capa2,objeto(1)
348_p1058,previsional,capa1,regla:seguridad social
348_p1064,laboral,capa1,regla:\bdel trabajo\b
348_p1076,contencioso_administrativo,capa1,regla:contencioso administrativo
348_p1083,contencioso_administrativo,capa1,regla:contencioso administrativo
348_p1087,contencioso_administrativo,capa1,regla:contencioso administrativo
348_p1097,,pendiente_capa2,conflicto_capa2:contencioso_administrativo/tributario
348_p1104,civil_comercial,capa2,kw+objeto(2)
348_p1109,civil_comercial,capa2,objeto(1)
348_p1130,civil_comercial,capa1,regla:\ben lo civil\b
348_p1133,,pendiente_capa2,sin_ancla
348_p1149,tributario,capa2,parte(1)
348_p1152,tributario,capa2,parte(1)
348_p1159,,pendiente_capa2,sin_ancla
348_p1169,civil_comercial,capa1,regla:\ben lo civil\b
348_p1170,,pendiente_capa2,sin_ancla
348_p1173,civil_comercial,capa1,regla:civil y comercial federal
348_p1178,penal,capa1,regla:casacion penal
348_p1189,civil_comercial,capa1,regla:\ben lo comercial\b
348_p1192,civil_comercial,capa2,norma:11723(1)
348_p1197,penal,capa2,norma:24767+objeto(2)
348_p1225,contencioso_administrativo,capa1,regla:contencioso administrativo
348_p1227,civil_comercial,capa1,regla:civil y comercial federal
348_p1228,tributario,capa2,parte(1)
348_p1230,,no_aplica,tipo_entrada=sumario_editorial
348_p1231,,no_aplica,tipo_entrada=sumario_con_link
348_p1242,,originaria,originaria
348_p1254,,no_aplica,tipo_entrada=sumario_con_link
348_p1255,penal,capa1,regla:criminal y correccional
348_p1262,laboral,capa1,regla:\bdel trabajo\b
348_p1265,civil_comercial,capa1,regla:\ben lo civil\b
348_p1266,tributario,capa2,parte(1)
348_p1269,,pendiente_capa2,sin_ancla
348_p1277,tributario,capa2,parte(1)
348_p1286,tributario,capa1_refinado,refinamiento:fiscal(\bafip\b|\bdgi\b|d)
348_p1316,tributario,capa1_refinado,refinamiento:fiscal(\bafip\b|\bdgi\b|d)
348_p1334,tributario,capa1_refinado,refinamiento:fiscal(\bafip\b|\bdgi\b|d)
348_p1347,civil_comercial,capa2,kw+norma:24522(2)
348_p1351,,no_aplica,tipo_entrada=sumario_con_link
348_p1352,,pendiente_capa2,sin_ancla
348_p1357,penal,capa1,regla:casacion penal
348_p1378,civil_comercial,capa1,regla:\ben lo civil\b
348_p1383,contencioso_administrativo,capa1,regla:contencioso administrativo
348_p1412,laboral,capa1,regla:\bdel trabajo\b
348_p1418,civil_comercial,capa2,coocur:danos_transito
348_p1421,penal,capa1,regla:casacion penal
348_p1429,,no_aplica,tipo_entrada=sumario_con_link
348_p1430,civil_comercial,capa2,objeto(1)
348_p1435,laboral,capa1,regla:\bdel trabajo\b
348_p1447,laboral,capa1,regla:\bdel trabajo\b
348_p1450,contencioso_administrativo,capa1,regla:contencioso administrativo
348_p1471,,pendiente_capa2,sin_ancla
348_p1478,,originaria,originaria
348_p1485,,originaria,originaria
348_p1493,contencioso_administrativo,capa2,provincia:ca
348_p1494,,originaria,originaria
348_p1499,contencioso_administrativo,capa1,regla:contencioso administrativo
348_p1502,,pendiente_capa2,sin_ancla
348_p1505,penal,capa1,regla:casacion penal
348_p1511,,pendiente_capa2,sin_ancla
348_p1516,laboral,capa1,regla:\bdel trabajo\b
348_p1519,,no_aplica,tipo_entrada=sumario_con_link
348_p1523,,no_aplica,tipo_entrada=sumario_editorial
348_p1524,civil_comercial,capa1,regla:\ben lo civil\b
348_p1533,,no_aplica,tipo_entrada=sumario_con_link
348_p1534,,no_aplica,tipo_entrada=sumario_con_link
348_p1535,,pendiente_capa2,sin_ancla
348_p1540,tributario,capa2,norma:20628+parte(2)
348_p1546,,no_aplica,tipo_entrada=sumario_con_link
348_p1547,,pendiente_capa2,sin_ancla
348_p1553,civil_comercial,capa1,regla:\ben lo civil\b
348_p1569,contencioso_administrativo,capa1,regla:contencioso administrativo
348_p1576,,originaria,originaria
348_p1585,previsional,capa1,regla:seguridad social
348_p1587,previsional,capa1,regla:seguridad social
348_p1593,laboral,capa1,regla:\bdel trabajo\b
348_p1599,contencioso_administrativo,capa2,provincia:ca
348_p1604,laboral,capa1,regla:\bdel trabajo\b
348_p1610,laboral,capa1,regla:\bdel trabajo\b
348_p1616,civil_comercial,capa1,regla:\ben lo civil\b
348_p1620,contencioso_administrativo,capa1,regla:contencioso administrativo
348_p1627,civil_comercial,capa1,regla:\ben lo civil\b
348_p1642,,pendiente_capa2,sin_ancla
348_p1645,civil_comercial,capa1,regla:\ben lo civil\b
348_p1655,,pendiente_capa2,sin_ancla
348_p1661,penal,capa1,regla:casacion penal
348_p1675,,originaria,originaria
348_p1686,ambiental,capa2,kw(1)
348_p1698,previsional,capa1,regla:seguridad social
348_p1710,civil_comercial,capa1,regla:\ben lo civil\b
348_p1714,laboral,capa1,regla:\bdel trabajo\b
348_p1717,,pendiente_capa2,sin_ancla
348_p1719,,no_aplica,tipo_entrada=sumario_con_link
348_p1721,,originaria,originaria
348_p1728,,no_aplica,tipo_entrada=sumario_con_link
348_p1729,,no_aplica,tipo_entrada=sumario_editorial
348_p1730,,no_aplica,tipo_entrada=sumario_con_link
348_p1733,ambiental,capa2,kw(1)
348_p1738,tributario,capa2,kw(1)
348_p1741,penal,capa1,regla:criminal y correccional
348_p1746,laboral,capa1,regla:\bdel trabajo\b
348_p1751,penal,capa1,regla:casacion penal
348_p1757,laboral,capa1,regla:\bdel trabajo\b
348_p1761,,pendiente_capa2,sin_ancla
348_p1770,,no_aplica,tipo_entrada=sumario_con_link
348_p1772,penal,capa2,norma:24767+objeto(2)
348_p1783,laboral,capa1,regla:\bdel trabajo\b
348_p1786,laboral,capa1,regla:\bdel trabajo\b
348_p1793,,pendiente_capa2,sin_ancla
348_p1796,contencioso_administrativo,capa1,regla:contencioso administrativo
349_p1,contencioso_administrativo,capa2,provincia:ca
349_p10,,pendiente_capa2,sin_ancla
349_p15,penal,capa2,kw(1)
349_p20,previsional,capa1,regla:seguridad social
349_p22,contencioso_administrativo,capa1,regla:contencioso administrativo
349_p25,tributario,capa2,objeto(1)
349_p28,penal,capa1,regla:criminal y correccional
349_p34,laboral,capa1,regla:\bdel trabajo\b
349_p40,laboral,capa1,regla:\bdel trabajo\b
349_p53,contencioso_administrativo,capa1,regla:contencioso administrativo
349_p60,penal,capa1,regla:criminal y correccional
349_p62,civil_comercial,capa1,regla:civil y comercial federal
349_p73,,originaria,originaria
349_p75,,no_aplica,tipo_entrada=sumario_con_link
349_p77,,originaria,originaria
349_p80,civil_comercial,capa1,regla:\ben lo civil\b
349_p81,penal,capa1,regla:casacion penal
349_p95,penal,capa1,regla:criminal y correccional
349_p105,,pendiente_capa2,sin_ancla
349_p107,contencioso_administrativo,capa1,regla:contencioso administrativo
349_p131,civil_comercial,capa1,regla:\ben lo civil\b
349_p139,contencioso_administrativo,capa1,regla:contencioso administrativo
349_p148,civil_comercial,capa1,regla:\ben lo civil\b
349_p163,contencioso_administrativo,capa1,regla:contencioso administrativo
349_p166,civil_comercial,capa1,regla:\ben lo civil\b
349_p201,previsional,capa2,norma:24241+parte(2)
349_p203,civil_comercial,capa1,regla:\ben lo civil\b
349_p207,contencioso_administrativo,capa2,norma:25871+objeto(2)
349_p210,,pendiente_capa2,sin_ancla
349_p215,previsional,capa2,norma:24018+norma:24241+parte(3)
349_p225,contencioso_administrativo,capa2,provincia:ca
349_p244,civil_comercial,capa1,regla:\ben lo civil\b
349_p247,tributario,capa1_refinado,refinamiento:fiscal(\bafip\b|\bdgi\b|d)
349_p251,contencioso_administrativo,capa1,regla:contencioso administrativo
349_p253,laboral,capa1,regla:\bdel trabajo\b
349_p256,contencioso_administrativo,capa2,objeto(1)
349_p258,previsional,capa2,objeto+parte(2)
349_p260,civil_comercial,capa1,regla:\ben lo comercial\b
349_p269,contencioso_administrativo,capa2,provincia:ca
349_p280,laboral,capa1,regla:\bdel trabajo\b
349_p286,,no_aplica,tipo_entrada=sumario_con_link
349_p287,laboral,capa1,regla:\bdel trabajo\b
349_p291,penal,capa1,regla:casacion penal
349_p300,,pendiente_capa2,sin_ancla
349_p306,civil_comercial,capa2,objeto(1)
