caso_id_canonico,tipo,norma,ambito,n_menciones
329_p9,ley,1285,considerando,2
329_p9,ley,14467,considerando,1
329_p9,ley,21708,considerando,1
329_p40,ley,16986,considerando,1
329_p40,ley,25326,considerando,2
329_p59,ley,12156,considerando,1
329_p59,ley,12778,considerando,1
329_p59,ley,20091,considerando,1
329_p59,ley,22315,considerando,1
329_p59,ley,24241,considerando,8
329_p59,ley,24347,considerando,1
329_p59,ley,25299,considerando,1
329_p59,ley,5368,considerando,1
329_p59,ley,6009,considerando,2
329_p88,ley,19549,considerando,2
329_p88,ley,25344,considerando,2
329_p94,ley,11683,considerando,6
329_p94,ley,1285,considerando,1
329_p94,ley,18820,considerando,1
329_p94,ley,21708,considerando,1
329_p94,ley,21839,considerando,2
329_p94,ley,24432,considerando,3
329_p94,ley,11683,voto,9
329_p94,ley,1285,voto,4
329_p94,ley,18820,voto,2
329_p94,ley,21839,voto,10
329_p94,ley,23658,voto,1
329_p94,ley,24432,voto,6
329_p117,ley,23737,caratula,1
329_p120,ley,12607,considerando,1
329_p142,ley,24521,caratula,1
329_p149,ley,23737,caratula,1
329_p163,ley,23737,considerando,1
329_p171,ley,20661,considerando,1
329_p171,ley,25742,considerando,2
329_p175,ley,23696,considerando,1
329_p177,ley,1285,considerando,1
329_p177,ley,18345,considerando,1
329_p177,ley,23637,considerando,1
329_p177,ley,24557,considerando,1
329_p201,ley,16463,caratula,1
329_p212,ley,24051,considerando,1
329_p222,ley,23660,considerando,1
329_p224,ley,1285,considerando,1
329_p234,ley,18345,considerando,1
329_p234,ley,23551,considerando,1
329_p234,ley,24588,considerando,1
329_p237,ley,24241,considerando,1
329_p237,ley,24655,considerando,1
329_p239,ley,23570,considerando,1
329_p239,ley,2393,considerando,1
329_p239,ley,24463,considerando,1
329_p244,ley,14616,considerando,1
329_p244,ley,20642,considerando,1
329_p244,ley,23492,considerando,1
329_p309,ley,23696,voto,4
329_p329,ley,1285,considerando,1
329_p373,ley,25742,considerando,1
329_p381,ley,18037,considerando,2
329_p381,ley,24241,considerando,1
329_p381,ley,24463,considerando,1
329_p385,ley,23928,considerando,1
329_p385,ley,8069,considerando,5
329_p385,ley,8369,considerando,1
329_p385,ley,23928,voto,1
329_p385,ley,25561,voto,1
329_p385,ley,8069,voto,8
329_p385,ley,8369,voto,3
329_p385,ley,8654,voto,3
329_p463,ley,25344,voto,6
329_p473,ley,20744,voto,1
329_p473,ley,24557,voto,4
329_p491,ley,4055,voto,1
329_p500,ley,1285,considerando,1
329_p500,ley,21526,considerando,1
329_p502,ley,23982,voto,3
329_p502,ley,25344,voto,3
329_p502,ley,25725,voto,4
329_p526,ley,23771,caratula,1
329_p545,ley,22021,considerando,2
329_p545,ley,24764,considerando,1
329_p545,ley,24938,considerando,1
329_p548,ley,25724,considerando,1
329_p548,ley,16986,voto,1
329_p548,ley,25724,voto,1
329_p553,ley,25724,considerando,3
329_p553,ley,16986,voto,2
329_p553,ley,25724,voto,1
329_p570,ley,22415,considerando,1
329_p573,ley,24013,considerando,2
329_p573,ley,24241,considerando,4
329_p576,ley,24241,considerando,4
329_p584,ley,19101,considerando,1
329_p584,ley,24624,considerando,1
329_p595,ley,15336,considerando,9
329_p595,ley,24065,considerando,6
329_p595,ley,6054,considerando,1
329_p620,ley,1285,voto,1
329_p620,ley,24050,voto,1
329_p620,ley,4055,voto,1
329_p624,ley,1285,considerando,1
329_p624,ley,23982,considerando,1
329_p624,ley,24073,considerando,3
329_p624,ley,24463,considerando,4
329_p624,ley,24073,voto,1
329_p639,ley,19640,considerando,2
329_p639,ley,23018,considerando,1
329_p646,ley,24240,voto,3
329_p679,ley,12405,considerando,1
329_p679,ley,12405,voto,1
329_p695,ley,24240,voto,2
329_p710,ley,11719,considerando,1
329_p730,ley,23771,caratula,1
329_p743,ley,2372,considerando,1
329_p743,ley,23984,considerando,1
329_p743,ley,24050,considerando,1
329_p743,ley,24767,considerando,2
329_p753,ley,25344,considerando,1
329_p759,ley,12008,considerando,1
329_p759,ley,1285,considerando,1
329_p759,ley,13101,considerando,1
329_p759,ley,24463,considerando,1
329_p772,ley,5545,considerando,1
329_p776,ley,22285,considerando,1
329_p776,ley,4090,considerando,1
329_p792,ley,19640,considerando,5
329_p803,ley,25561,considerando,1
329_p809,ley,17319,considerando,1
329_p809,ley,17319,voto,2
329_p840,ley,24721,voto,1
329_p847,ley,23515,considerando,1
329_p860,ley,22262,considerando,1
329_p860,ley,25156,considerando,2
329_p865,ley,20387,considerando,1
329_p865,ley,24655,considerando,1
329_p868,ley,18037,considerando,6
329_p868,ley,24241,considerando,3
329_p868,ley,24463,considerando,2
329_p872,ley,18037,considerando,1
329_p872,ley,18464,considerando,3
329_p872,ley,23853,considerando,1
329_p872,ley,25344,dispositivo,1
329_p879,ley,24240,voto,1
329_p888,ley,24043,caratula,1
329_p904,ley,24018,considerando,2
329_p904,ley,25668,considerando,1
329_p926,ley,1285,considerando,1
329_p928,ley,1284,voto,2
329_p928,ley,1305,voto,3
329_p951,ley,23898,considerando,3
329_p951,ley,24522,considerando,1
329_p959,ley,17562,considerando,1
329_p959,ley,20606,considerando,1
329_p959,ley,24463,considerando,1
329_p963,ley,1285,considerando,1
329_p963,ley,21708,considerando,1
329_p963,ley,23871,considerando,1
329_p963,ley,1285,voto,1
329_p963,ley,23349,voto,1
329_p963,ley,23871,voto,1
329_p989,ley,24463,considerando,1
329_p989,ley,24463,voto,1
329_p989,ley,25344,voto,1
329_p997,ley,23982,voto,4
329_p1019,ley,1285,considerando,1
329_p1022,ley,17418,considerando,1
329_p1028,ley,24051,considerando,1
329_p1030,ley,11723,considerando,1
329_p1030,ley,22362,considerando,1
329_p1033,ley,13998,considerando,1
329_p1033,ley,24144,considerando,1
329_p1053,ley,24144,caratula,1
329_p1066,ley,21839,considerando,6
329_p1066,ley,24432,considerando,8
329_p1066,ley,21839,voto,1
329_p1066,ley,24432,voto,2
329_p1092,ley,19549,considerando,1
329_p1092,ley,20628,considerando,2
329_p1092,ley,24631,considerando,3
329_p1092,ley,20628,voto,7
329_p1092,ley,24631,voto,8
329_p1092,ley,4055,voto,1
329_p1180,ley,24283,voto,2
329_p1191,ley,24432,considerando,5
329_p1191,ley,21839,voto,1
329_p1191,ley,24432,voto,3
329_p1236,ley,1285,considerando,2
329_p1236,ley,24655,considerando,1
329_p1236,ley,1285,voto,3
329_p1236,ley,24655,voto,1
329_p1241,ley,25561,considerando,1
329_p1245,ley,24767,considerando,1
329_p1303,ley,1285,considerando,2
329_p1305,ley,1285,considerando,1
329_p1307,ley,23898,considerando,1
329_p1311,ley,1285,considerando,1
329_p1317,ley,24065,considerando,1
329_p1317,ley,25344,considerando,1
329_p1324,ley,25886,considerando,2
329_p1328,ley,13998,considerando,1
329_p1330,ley,1285,considerando,1
329_p1332,ley,20661,considerando,1
329_p1341,ley,25742,considerando,1
329_p1348,ley,1181,considerando,1
329_p1350,ley,24368,voto,1
329_p1350,ley,25519,voto,1
329_p1389,ley,23660,considerando,1
329_p1389,ley,24655,considerando,1
329_p1397,ley,1285,considerando,2
329_p1397,ley,21708,considerando,1
329_p1399,ley,1285,considerando,1
329_p1399,ley,1285,voto,1
329_p1417,ley,24767,considerando,5
329_p1425,ley,24767,considerando,3
329_p1425,ley,24767,voto,1
329_p1434,ley,1285,considerando,1
329_p1434,ley,21708,considerando,1
329_p1473,ley,24411,caratula,1
329_p1493,ley,24769,caratula,1
329_p1506,ley,11683,voto,3
329_p1506,ley,24522,voto,1
329_p1539,ley,1285,considerando,1
329_p1539,ley,21708,considerando,1
329_p1541,ley,23737,considerando,2
329_p1541,ley,4055,considerando,1
329_p1541,ley,1285,voto,1
329_p1541,ley,14467,voto,1
329_p1541,ley,23737,voto,2
329_p1541,ley,23984,voto,1
329_p1541,ley,24050,voto,1
329_p1541,ley,4055,voto,4
329_p1554,ley,24241,considerando,1
329_p1554,ley,5121,considerando,3
329_p1554,ley,5636,considerando,4
329_p1554,ley,6998,considerando,1
329_p1568,ley,1583,considerando,1
329_p1568,ley,1889,considerando,1
329_p1568,ley,24241,considerando,1
329_p1586,ley,24241,considerando,2
329_p1586,ley,6072,considerando,1
329_p1586,ley,6865,considerando,6
329_p1586,ley,6922,considerando,1
329_p1603,ley,1285,considerando,1
329_p1611,ley,1285,considerando,1
329_p1611,ley,21708,considerando,1
329_p1619,ley,18037,considerando,1
329_p1619,ley,24463,considerando,1
329_p1619,ley,24463,voto,2
329_p1626,ley,24922,considerando,1
329_p1628,ley,23696,voto,4
329_p1638,ley,19032,voto,2
329_p1638,ley,25615,voto,1
329_p1655,ley,1285,considerando,1
329_p1655,ley,1285,voto,4
329_p1675,ley,16986,considerando,1
329_p1684,ley,1285,considerando,1
329_p1690,ley,23049,considerando,1
329_p1693,ley,23660,considerando,1
329_p1696,ley,21839,considerando,1
329_p1699,ley,21839,considerando,1
329_p1703,ley,1285,considerando,1
329_p1703,ley,21499,considerando,1
329_p1703,ley,24242,considerando,3
329_p1756,ley,25990,considerando,1
329_p1812,ley,11683,considerando,1
329_p1812,ley,23349,considerando,2
329_p1836,ley,1285,considerando,1
329_p1839,ley,1285,considerando,1
329_p1847,ley,1285,considerando,1
329_p1853,ley,25736,considerando,1
329_p1853,ley,6982,considerando,2
329_p1862,ley,17711,considerando,1
329_p1875,ley,24557,considerando,3
329_p1881,ley,19551,considerando,2
329_p1881,ley,7205,considerando,2
329_p1898,ley,25881,considerando,3
329_p1898,ley,6667,considerando,2
329_p1898,ley,6682,considerando,1
329_p1910,ley,11612,considerando,1
329_p1917,ley,1285,considerando,1
329_p1917,ley,25742,considerando,1
329_p1924,ley,1285,considerando,1
329_p1928,ley,22955,considerando,1
329_p1930,ley,22955,considerando,1
329_p1930,ley,18037,voto,3
329_p1930,ley,22955,voto,9
329_p1930,ley,23966,voto,2
329_p1930,ley,24019,voto,2
329_p1936,ley,1285,considerando,1
329_p1936,ley,24522,considerando,3
329_p1938,ley,1612,caratula,1
329_p1938,ley,24767,considerando,2
329_p1951,ley,22802,caratula,1
329_p1951,ley,22802,voto,2
329_p1972,ley,16986,considerando,1
329_p1974,ley,22415,voto,1
329_p1984,ley,1285,voto,1
329_p1984,ley,24050,voto,1
329_p1984,ley,4055,voto,1
329_p1998,ley,23984,considerando,1
329_p2005,ley,25990,voto,1
329_p2055,ley,23982,considerando,2
329_p2055,ley,25344,considerando,4
329_p2055,ley,23982,voto,1
329_p2055,ley,25344,voto,3
329_p2062,ley,24946,voto,1
329_p2063,ley,24946,voto,2
329_p2069,ley,1285,considerando,1
329_p2069,ley,1285,voto,1
329_p2080,ley,1285,considerando,1
329_p2111,ley,2841,considerando,1
329_p2111,ley,9631,considerando,1
329_p2115,ley,1285,considerando,1
329_p2115,ley,1285,voto,1
329_p2125,ley,23251,considerando,2
329_p2146,ley,23966,considerando,3
329_p2146,ley,24018,considerando,6
329_p2146,ley,24019,considerando,2
329_p2146,ley,24241,considerando,1
329_p2146,ley,24463,considerando,4
329_p2146,ley,25668,considerando,1
329_p2146,ley,24018,dispositivo,1
329_p2149,ley,18037,considerando,1
329_p2149,ley,20475,considerando,6
329_p2149,ley,24463,considerando,1
329_p2158,ley,24764,considerando,1
329_p2158,ley,25401,considerando,1
329_p2158,ley,16986,dispositivo,1
329_p2166,ley,11330,considerando,1
329_p2194,ley,18037,considerando,2
329_p2194,ley,24241,considerando,2
329_p2194,ley,24463,considerando,1
329_p2194,ley,18037,voto,2
329_p2194,ley,24241,voto,2
329_p2194,ley,24463,voto,1
329_p2197,ley,24463,considerando,1
329_p2199,ley,18037,considerando,1
329_p2199,ley,24241,considerando,2
329_p2226,ley,18345,considerando,1
329_p2226,ley,24642,considerando,1
329_p2226,ley,18345,voto,1
329_p2226,ley,24642,voto,1
329_p2251,ley,24655,considerando,1
329_p2253,ley,18345,considerando,1
329_p2261,ley,18037,considerando,1
329_p2261,ley,23604,considerando,4
329_p2261,ley,24241,considerando,2
329_p2261,ley,24463,considerando,1
329_p2261,ley,23604,dispositivo,1
329_p2274,ley,24043,caratula,1
329_p2293,ley,25126,considerando,1
329_p2312,ley,25973,considerando,2
329_p2316,ley,1285,considerando,1
329_p2316,ley,1893,considerando,2
329_p2316,ley,24463,considerando,1
329_p2316,ley,25675,considerando,4
329_p2316,ley,25675,voto,1
329_p2347,ley,22929,considerando,3
329_p2347,ley,22955,considerando,3
329_p2347,ley,23682,considerando,2
329_p2347,ley,24463,considerando,1
329_p2347,ley,22929,voto,5
329_p2347,ley,23682,voto,1
329_p2347,ley,24241,voto,1
329_p2351,ley,24652,considerando,2
329_p2355,ley,1285,considerando,1
329_p2358,ley,24051,considerando,1
329_p2361,ley,22969,considerando,9
329_p2361,ley,23697,considerando,3
329_p2361,ley,23853,considerando,1
329_p2361,ley,23928,considerando,1
329_p2419,ley,15464,considerando,1
329_p2419,ley,18345,considerando,1
329_p2419,ley,19108,considerando,1
329_p2419,ley,22866,considerando,1
329_p2419,ley,22969,considerando,1
329_p2419,ley,23853,considerando,1
329_p2419,ley,4055,considerando,1
329_p2440,ley,23070,considerando,1
329_p2469,ley,24051,considerando,1
329_p2469,ley,25612,considerando,1
329_p2469,ley,25675,considerando,3
329_p2469,ley,5655,considerando,1
329_p2479,ley,25973,considerando,1
329_p2479,ley,5238,considerando,2
329_p2485,ley,23548,considerando,1
329_p2492,ley,1285,considerando,1
329_p2496,ley,24051,considerando,1
329_p2498,ley,1645,considerando,3
329_p2498,ley,18037,considerando,1
329_p2498,ley,24241,considerando,2
329_p2498,ley,24463,considerando,2
329_p2498,ley,24463,voto,1
329_p2503,ley,24241,caratula,1
329_p2503,ley,24241,considerando,3
329_p2503,ley,24241,voto,4
329_p2503,ley,24463,voto,1
329_p2508,ley,25164,considerando,1
329_p2511,ley,11683,considerando,3
329_p2511,ley,1285,considerando,1
329_p2511,ley,17597,considerando,1
329_p2511,ley,23549,considerando,1
329_p2511,ley,11683,voto,1
329_p2511,ley,23549,voto,1
329_p2523,ley,24767,considerando,2
329_p2523,ley,23338,voto,1
329_p2523,ley,23652,voto,1
329_p2523,ley,24767,voto,1
329_p2539,ley,22802,caratula,1
329_p2567,ley,25561,considerando,1
329_p2631,ley,24769,considerando,1
329_p2659,ley,20628,considerando,1
329_p2659,ley,24073,considerando,2
329_p2659,ley,24463,considerando,1
329_p2659,ley,20628,voto,1
329_p2659,ley,24073,voto,2
329_p2680,ley,3839,considerando,1
329_p2680,ley,6754,considerando,1
329_p2680,ley,6975,considerando,2
329_p2680,ley,25973,dispositivo,1
329_p2680,ley,6754,dispositivo,1
329_p2680,ley,7045,dispositivo,1
329_p2719,ley,19550,considerando,1
329_p2726,ley,24624,considerando,1
329_p2726,ley,25973,considerando,2
329_p2733,ley,7216,considerando,1
329_p2735,ley,25344,considerando,1
329_p2737,ley,1285,considerando,1
329_p2745,ley,10397,considerando,1
329_p2757,ley,23660,considerando,2
329_p2759,ley,25724,considerando,1
329_p2764,ley,12183,considerando,1
329_p2764,ley,1285,considerando,1
329_p2764,ley,12183,voto,1
329_p2779,ley,5121,considerando,1
329_p2790,ley,24076,considerando,1
329_p2796,ley,24195,considerando,1
329_p2805,ley,24441,considerando,1
329_p2805,ley,5965,considerando,1
329_p2808,ley,1285,considerando,2
329_p2810,ley,1285,considerando,1
329_p2815,ley,1285,considerando,1
329_p2817,ley,22421,considerando,1
329_p2819,ley,23502,considerando,1
329_p2825,ley,24463,considerando,1
329_p2827,ley,24241,caratula,1
329_p2827,ley,24241,considerando,2
329_p2827,ley,24463,considerando,1
329_p2829,ley,24463,considerando,1
329_p2830,ley,23515,considerando,1
329_p2830,ley,18037,voto,1
329_p2830,ley,23515,voto,1
329_p2834,ley,18037,considerando,1
329_p2834,ley,24463,considerando,1
329_p2844,ley,21965,considerando,1
329_p2844,ley,23982,considerando,1
329_p2844,ley,24624,considerando,1
329_p2864,ley,1893,considerando,3
329_p2876,ley,21526,considerando,1
329_p2876,ley,24144,considerando,1
329_p2876,ley,24485,considerando,1
329_p2876,ley,24627,considerando,1
329_p2886,ley,19549,considerando,3
329_p2886,ley,19549,voto,5
329_p2890,ley,15464,considerando,1
329_p2890,ley,18345,considerando,1
329_p2890,ley,19108,considerando,1
329_p2890,ley,22866,considerando,1
329_p2890,ley,22969,considerando,1
329_p2890,ley,23853,considerando,1
329_p2890,ley,4055,considerando,1
329_p2911,ley,1285,considerando,1
329_p2922,ley,18345,considerando,1
329_p2925,ley,1285,considerando,1
329_p2929,ley,1285,considerando,1
329_p2929,ley,1285,voto,1
329_p2937,ley,24463,considerando,1
329_p2939,ley,24463,considerando,1
329_p2939,ley,4094,considerando,2
329_p2939,ley,4902,considerando,1
329_p2946,ley,1285,dispositivo,1
329_p2946,ley,14467,dispositivo,1
329_p2946,ley,24289,dispositivo,1
329_p2967,ley,20091,considerando,1
329_p3019,ley,25561,considerando,2
329_p3021,ley,5124,considerando,2
329_p3021,ley,5124,voto,2
329_p3027,ley,24779,considerando,1
329_p3027,ley,2818,considerando,2
329_p3027,ley,2818,voto,1
329_p3065,ley,1285,considerando,1
329_p3074,ley,1285,considerando,1
329_p3074,ley,20744,considerando,2
329_p3089,ley,18037,considerando,2
329_p3089,ley,23928,considerando,1
329_p3089,ley,24463,considerando,2
329_p3089,ley,25561,considerando,1
329_p3089,ley,25565,considerando,1
329_p3100,ley,14370,considerando,1
329_p3100,ley,24241,considerando,1
329_p3100,ley,24463,considerando,1
329_p3103,ley,23627,considerando,1
329_p3103,ley,23982,considerando,1
329_p3109,ley,24937,considerando,4
329_p3122,ley,23551,voto,1
329_p3127,ley,24522,dispositivo,1
329_p3134,ley,24522,voto,1
329_p3148,ley,21839,considerando,3
329_p3148,ley,24432,considerando,6
329_p3165,ley,1285,considerando,1
329_p3165,ley,2668,considerando,1
329_p3168,ley,19349,considerando,2
329_p3168,ley,21965,considerando,1
329_p3168,ley,24059,considerando,2
329_p3190,ley,1285,considerando,1
329_p3201,ley,13998,considerando,1
329_p3203,ley,17040,considerando,1
329_p3203,ley,18746,considerando,1
329_p3203,ley,23570,considerando,1
329_p3203,ley,24463,considerando,1
329_p3203,ley,20606,voto,1
329_p3203,ley,24463,voto,1
329_p3207,ley,18037,considerando,2
329_p3207,ley,22955,considerando,7
329_p3207,ley,23682,considerando,5
329_p3207,ley,23966,considerando,3
329_p3207,ley,24019,considerando,2
329_p3207,ley,24463,considerando,2
329_p3211,ley,18037,considerando,2
329_p3211,ley,23928,considerando,1
329_p3211,ley,24463,considerando,1
329_p3211,ley,18037,dispositivo,1
329_p3213,ley,18037,considerando,2
329_p3213,ley,24463,considerando,3
329_p3235,ley,24946,voto,2
329_p3388,ley,24043,caratula,1
329_p3388,ley,20840,voto,4
329_p3388,ley,24043,voto,11
329_p3388,ley,24906,voto,12
329_p3388,ley,3395,voto,1
329_p3403,ley,17285,considerando,2
329_p3445,ley,25675,considerando,5
329_p3457,ley,23570,considerando,2
329_p3457,ley,24463,considerando,1
329_p3478,ley,23982,considerando,1
329_p3478,ley,25344,considerando,2
329_p3493,ley,25675,considerando,7
329_p3493,ley,25675,voto,2
329_p3522,ley,19550,considerando,1
329_p3528,ley,25675,considerando,3
329_p3528,ley,3531,considerando,1
329_p3542,ley,1285,considerando,1
329_p3542,ley,21708,considerando,1
329_p3542,ley,24522,considerando,5
329_p3546,ley,23982,voto,2
329_p3546,ley,24475,voto,1
329_p3546,ley,25344,voto,1
329_p3546,ley,3608,voto,1
329_p3546,ley,3798,voto,5
329_p3589,ley,24073,considerando,1
329_p3589,ley,24463,considerando,1
329_p3600,ley,20840,voto,1
329_p3600,ley,23098,voto,3
329_p3600,ley,23984,voto,1
329_p3600,ley,4055,voto,1
329_p3611,ley,25488,considerando,1
329_p3616,ley,16986,considerando,1
329_p3617,ley,19549,considerando,2
329_p3617,ley,20957,considerando,12
329_p3617,ley,21383,considerando,1
329_p3617,ley,22140,considerando,1
329_p3617,ley,20957,voto,11
329_p3649,ley,19945,caratula,1
329_p3649,ley,4055,voto,1
329_p3666,ley,16463,caratula,1
329_p3666,ley,16463,considerando,2
329_p3680,ley,20942,considerando,1
329_p3680,ley,23057,considerando,2
329_p3680,ley,23737,considerando,1
329_p3680,ley,3335,considerando,1
329_p3800,ley,23521,voto,2
329_p3800,ley,24952,voto,2
329_p3848,ley,18037,considerando,1
329_p3848,ley,22955,considerando,8
329_p3848,ley,24463,considerando,1
329_p3851,ley,24463,considerando,1
329_p3851,ley,26025,considerando,1
329_p3851,ley,1285,voto,2
329_p3851,ley,14467,voto,1
329_p3851,ley,24463,voto,3
329_p3851,ley,4055,voto,2
329_p3879,ley,12665,considerando,2
329_p3879,ley,12665,voto,1
329_p3884,ley,11683,considerando,2
329_p3884,ley,23658,considerando,1
329_p3884,ley,23982,considerando,1
329_p3884,ley,2545,considerando,1
329_p3890,ley,11490,considerando,2
329_p3890,ley,11518,considerando,1
329_p3894,ley,24390,considerando,3
329_p3908,ley,24522,considerando,1
329_p3910,ley,24522,considerando,1
329_p3910,ley,26086,considerando,1
329_p3928,ley,17319,considerando,1
329_p3928,ley,21778,considerando,1
329_p3931,ley,24522,considerando,1
329_p3931,ley,26086,considerando,1
329_p3940,ley,24051,considerando,1
329_p3966,ley,24305,considerando,2
329_p3966,ley,1285,voto,1
329_p3986,ley,24065,considerando,1
329_p3986,ley,25561,considerando,2
329_p3986,ley,25790,considerando,1
329_p3986,ley,25792,considerando,1
329_p3986,ley,25790,voto,1
329_p3986,ley,25792,voto,1
329_p4007,ley,11682,considerando,1
329_p4007,ley,16656,considerando,5
329_p4007,ley,23349,considerando,2
329_p4007,ley,23660,considerando,1
329_p4007,ley,25920,considerando,2
329_p4020,ley,11357,considerando,2
329_p4020,ley,17454,considerando,2
329_p4020,ley,17711,considerando,2
329_p4020,ley,22434,considerando,1
329_p4020,ley,25624,considerando,1
329_p4032,ley,25561,considerando,1
329_p4044,ley,24624,considerando,1
329_p4044,ley,25725,considerando,1
329_p4044,ley,1285,voto,1
329_p4044,ley,14467,voto,1
329_p4044,ley,24624,voto,2
329_p4044,ley,25725,voto,2
329_p4044,ley,4055,voto,3
329_p4057,ley,1285,considerando,1
329_p4058,ley,1285,voto,1
329_p4058,ley,14467,voto,1
329_p4058,ley,23098,voto,2
329_p4058,ley,23984,voto,1
329_p4058,ley,24050,voto,1
329_p4058,ley,4055,voto,1
329_p4066,ley,16986,caratula,1
329_p4087,ley,16463,caratula,1
329_p4087,ley,25344,dispositivo,1
329_p4087,ley,16463,voto,1
329_p4087,ley,25344,voto,1
329_p4097,ley,23898,considerando,1
329_p4133,ley,25561,considerando,1
329_p4140,ley,23982,considerando,1
329_p4140,ley,25344,considerando,2
329_p4140,ley,23982,voto,5
329_p4140,ley,24624,voto,1
329_p4140,ley,25344,voto,6
329_p4140,ley,25725,voto,1
329_p4150,ley,10397,considerando,1
329_p4161,ley,23548,considerando,1
329_p4161,ley,23548,voto,2
329_p4170,ley,25973,considerando,1
329_p4187,ley,1285,considerando,1
329_p4194,ley,1285,considerando,1
329_p4199,ley,1285,considerando,1
329_p4203,ley,24241,caratula,1
329_p4203,ley,24241,considerando,1
329_p4203,ley,24463,considerando,1
329_p4206,ley,19101,considerando,1
329_p4213,ley,11330,considerando,3
329_p4213,ley,11330,voto,5
329_p4255,ley,1285,considerando,1
329_p4266,ley,10397,considerando,1
329_p4271,ley,22731,considerando,3
329_p4271,ley,24241,considerando,1
329_p4271,ley,24463,considerando,3
329_p4273,ley,23982,voto,1
329_p4273,ley,24432,voto,2
329_p4289,ley,24522,considerando,1
329_p4309,ley,23982,considerando,18
329_p4309,ley,24130,considerando,1
329_p4309,ley,24156,considerando,1
329_p4309,ley,25237,considerando,5
329_p4309,ley,25344,considerando,1
329_p4309,ley,25401,considerando,3
329_p4309,ley,25561,considerando,2
329_p4309,ley,25565,considerando,12
329_p4309,ley,25725,considerando,3
329_p4309,ley,25820,considerando,1
329_p4309,ley,25827,considerando,4
329_p4309,ley,25967,considerando,7
329_p4309,ley,26017,considerando,3
329_p4309,ley,4325,considerando,1
329_p4337,ley,17671,considerando,1
329_p4342,ley,16463,considerando,1
329_p4347,ley,24270,considerando,1
329_p4349,ley,24241,considerando,1
329_p4349,ley,24463,considerando,1
329_p4360,ley,23551,voto,1
329_p4360,ley,23660,voto,1
329_p4360,ley,23661,voto,1
329_p4370,ley,4090,considerando,3
329_p4370,ley,4134,considerando,1
329_p4370,ley,4245,considerando,2
329_p4372,ley,16986,considerando,2
329_p4372,ley,18345,considerando,1
329_p4379,ley,22804,considerando,2
329_p4379,ley,24049,considerando,1
329_p4383,ley,22804,considerando,1
329_p4396,ley,11547,considerando,2
329_p4396,ley,1285,considerando,1
329_p4396,ley,17418,considerando,1
329_p4403,ley,24240,considerando,2
329_p4414,ley,23660,considerando,1
329_p4416,ley,23737,caratula,1
329_p4416,ley,26052,considerando,1
329_p4418,ley,23737,caratula,1
329_p4419,ley,17081,considerando,1
329_p4425,ley,11672,considerando,1
329_p4425,ley,20705,considerando,1
329_p4425,ley,23982,considerando,5
329_p4425,ley,24156,considerando,1
329_p4425,ley,24624,considerando,1
329_p4425,ley,25344,considerando,3
329_p4425,ley,25827,considerando,1
329_p4426,ley,3589,voto,1
329_p4430,ley,9688,considerando,3
329_p4447,ley,21839,dispositivo,1
329_p4447,ley,24432,dispositivo,1
329_p4449,ley,17319,considerando,1
329_p4449,ley,21839,considerando,2
329_p4449,ley,3500,considerando,1
329_p4464,ley,24307,considerando,2
329_p4464,ley,9686,considerando,1
329_p4470,ley,1285,considerando,1
329_p4481,ley,16463,considerando,1
329_p4490,ley,23592,considerando,1
329_p4503,ley,18038,considerando,1
329_p4503,ley,24241,considerando,2
329_p4503,ley,24463,considerando,2
329_p4506,ley,1285,considerando,1
329_p4506,ley,21708,considerando,1
329_p4506,ley,21839,considerando,1
329_p4506,ley,24432,considerando,3
329_p4506,ley,24522,considerando,1
329_p4506,ley,1285,voto,3
329_p4506,ley,21708,voto,3
329_p4506,ley,21839,voto,1
329_p4506,ley,24432,voto,2
329_p4542,ley,16986,caratula,1
329_p4542,ley,16986,considerando,1
329_p4542,ley,24240,considerando,2
329_p4542,ley,24284,considerando,1
329_p4570,ley,24043,caratula,1
329_p4570,ley,24043,considerando,4
329_p4570,ley,24906,considerando,2
329_p4584,ley,25561,voto,1
329_p4584,ley,4055,voto,1
329_p4592,ley,21839,dispositivo,1
329_p4592,ley,24432,dispositivo,1
329_p4593,ley,23098,voto,1
329_p4593,ley,25673,voto,2
329_p4622,ley,24076,considerando,1
329_p4628,ley,24043,caratula,1
329_p4715,ley,25798,considerando,2
329_p4717,ley,9245,considerando,2
329_p4717,ley,9539,considerando,1
329_p4730,ley,11683,caratula,1
329_p4730,ley,11683,voto,3
329_p4730,ley,24946,voto,2
329_p4741,ley,16986,voto,1
329_p4755,ley,21839,considerando,1
329_p4755,ley,24432,considerando,1
329_p4755,ley,24432,voto,2
329_p4762,ley,24043,considerando,8
329_p4762,ley,24096,considerando,1
329_p4762,ley,24906,considerando,1
329_p4769,ley,24043,considerando,1
329_p4781,ley,25798,considerando,2
329_p4781,ley,25798,dispositivo,1
329_p4808,ley,23982,considerando,1
329_p4808,ley,24475,considerando,1
329_p4817,ley,25488,considerando,1
329_p4822,ley,17319,considerando,2
329_p4822,ley,2453,considerando,1
329_p4826,ley,25344,considerando,1
329_p4826,ley,25725,considerando,1
329_p4826,ley,25344,voto,1
329_p4826,ley,25725,voto,1
329_p4829,ley,17319,considerando,2
329_p4829,ley,23696,considerando,1
329_p4843,ley,20539,considerando,1
329_p4843,ley,24144,considerando,1
329_p4857,ley,17562,considerando,1
329_p4857,ley,24463,considerando,1
329_p4860,ley,18037,considerando,5
329_p4860,ley,24241,considerando,3
329_p4860,ley,24463,considerando,1
329_p4862,ley,17562,considerando,2
329_p4862,ley,24463,considerando,1
329_p4877,ley,18037,voto,1
329_p4877,ley,25561,voto,1
329_p4925,ley,25561,considerando,1
329_p4944,ley,22939,considerando,2
329_p4944,ley,24240,considerando,1
329_p4944,ley,22939,voto,1
329_p4944,ley,24240,voto,3
329_p4979,ley,25344,considerando,1
329_p4979,ley,25725,considerando,1
329_p4979,ley,25344,voto,1
329_p4979,ley,25725,voto,1
329_p4981,ley,19835,considerando,1
329_p4981,ley,24655,considerando,1
329_p4983,ley,1285,considerando,1
329_p4986,ley,1285,considerando,1
329_p4990,ley,26086,considerando,1
329_p4993,ley,17418,considerando,1
329_p4993,ley,18345,considerando,1
329_p5004,ley,18037,considerando,1
329_p5004,ley,24463,considerando,3
329_p5007,ley,18037,considerando,5
329_p5007,ley,24463,considerando,3
329_p5010,ley,18037,considerando,4
329_p5010,ley,22955,considerando,3
329_p5010,ley,23473,considerando,1
329_p5010,ley,23682,considerando,4
329_p5015,ley,15017,considerando,1
329_p5015,ley,24018,considerando,2
329_p5015,ley,24463,considerando,1
329_p5023,ley,25453,considerando,1
329_p5027,ley,24767,considerando,1
329_p5027,ley,24767,voto,1
329_p5044,ley,25453,voto,2
329_p5044,ley,25725,voto,2
329_p5074,ley,23982,considerando,1
329_p5074,ley,25344,considerando,1
329_p5074,ley,25344,voto,1
329_p5078,ley,16986,caratula,1
329_p5078,ley,25453,caratula,3
329_p5078,ley,25344,considerando,1
329_p5078,ley,25453,considerando,1
329_p5078,ley,25725,considerando,3
329_p5078,ley,25344,voto,1
329_p5078,ley,25453,voto,1
329_p5078,ley,25725,voto,3
329_p5089,ley,4055,voto,1
329_p5103,ley,18345,considerando,1
329_p5108,ley,5328,voto,1
329_p5123,ley,19550,considerando,1
329_p5123,ley,19551,considerando,1
329_p5123,ley,24522,considerando,5
329_p5139,ley,24901,considerando,2
329_p5148,ley,1285,considerando,1
329_p5151,ley,23540,considerando,3
329_p5151,ley,23928,considerando,1
329_p5151,ley,24642,considerando,1
329_p5157,ley,23540,voto,1
329_p5160,ley,22351,considerando,3
329_p5160,ley,22351,voto,3
329_p5169,ley,24901,considerando,1
329_p5172,ley,6970,considerando,1
329_p5175,ley,23349,considerando,1
329_p5178,ley,1285,considerando,1
329_p5187,ley,26086,considerando,1
329_p5195,ley,24283,considerando,1
329_p5195,ley,24463,considerando,1
329_p5198,ley,1285,considerando,1
329_p5198,ley,18398,considerando,1
329_p5198,ley,21708,considerando,1
329_p5198,ley,23982,considerando,1
329_p5198,ley,25344,considerando,1
329_p5203,ley,23719,considerando,1
329_p5203,ley,24072,considerando,1
329_p5210,ley,23871,considerando,2
329_p5239,ley,25326,considerando,4
329_p5239,ley,25326,voto,3
329_p5266,ley,22315,considerando,1
329_p5266,ley,22315,voto,1
329_p5336,ley,1285,considerando,1
329_p5343,ley,1296,considerando,1
329_p5343,ley,1367,considerando,1
329_p5343,ley,1485,considerando,1
329_p5352,ley,25973,considerando,1
329_p5354,ley,1285,considerando,1
329_p5354,ley,21526,considerando,2
329_p5354,ley,21708,considerando,1
329_p5354,ley,23561,considerando,1
329_p5354,ley,24522,considerando,1
329_p5354,ley,25587,considerando,1
329_p5354,ley,26086,considerando,1
329_p5361,ley,3811,considerando,1
329_p5361,ley,4266,considerando,1
329_p5368,ley,24521,caratula,1
329_p5375,ley,24521,caratula,1
329_p5377,ley,22262,caratula,1
329_p5382,ley,23982,considerando,1
329_p5382,ley,25344,considerando,5
329_p5382,ley,23982,voto,6
329_p5382,ley,25344,voto,9
329_p5410,ley,19359,considerando,4
329_p5410,ley,24144,voto,1
329_p5438,ley,1285,considerando,1
329_p5438,ley,23637,considerando,1
329_p5438,ley,24588,considerando,2
329_p5446,ley,23661,considerando,1
329_p5446,ley,23898,considerando,1
329_p5454,ley,24028,voto,2
329_p5467,ley,21499,considerando,1
329_p5467,ley,24283,considerando,6
329_p5467,ley,24522,dispositivo,1
329_p5467,ley,21550,voto,1
329_p5467,ley,21606,voto,1
329_p5467,ley,23928,voto,1
329_p5467,ley,24522,voto,1
329_p5502,ley,11683,considerando,1
329_p5505,ley,24522,considerando,2
329_p5505,ley,25589,considerando,2
329_p5505,ley,24522,voto,3
329_p5505,ley,25589,voto,2
329_p5505,ley,26086,voto,1
329_p5510,ley,24766,considerando,1
329_p5512,ley,1285,considerando,1
329_p5518,ley,18637,considerando,2
329_p5518,ley,20606,considerando,1
329_p5518,ley,24463,considerando,1
329_p5518,ley,20606,dispositivo,1
329_p5525,ley,18037,considerando,7
329_p5525,ley,24463,considerando,2
329_p5534,ley,19101,considerando,2
329_p5534,ley,23848,considerando,4
329_p5534,ley,24241,considerando,1
329_p5534,ley,24652,considerando,1
329_p5543,ley,1285,considerando,1
329_p5567,ley,22439,caratula,3
329_p5575,ley,16986,caratula,1
329_p5578,ley,21839,considerando,1
329_p5578,ley,24432,considerando,1
329_p5607,ley,25587,considerando,1
329_p5611,ley,25820,considerando,1
329_p5648,ley,24076,voto,5
329_p5655,ley,23492,considerando,1
329_p5655,ley,25779,considerando,1
329_p5686,ley,11392,considerando,1
329_p5686,ley,23737,considerando,1
329_p5686,ley,26052,considerando,1
329_p5694,ley,25886,considerando,1
329_p5697,ley,17094,considerando,1
329_p5697,ley,18502,considerando,1
329_p5702,ley,25675,considerando,1
329_p5722,ley,23592,considerando,1
329_p5724,ley,24452,considerando,1
329_p5726,ley,1285,considerando,1
329_p5726,ley,21708,considerando,1
329_p5726,ley,24522,considerando,1
329_p5726,ley,26086,considerando,1
329_p5728,ley,22285,considerando,1
329_p5731,ley,24463,considerando,1
329_p5745,ley,19549,considerando,1
329_p5745,ley,19549,voto,1
329_p5749,ley,1285,considerando,1
329_p5749,ley,19032,considerando,3
329_p5749,ley,19983,considerando,1
329_p5749,ley,20017,considerando,1
329_p5749,ley,21708,considerando,1
329_p5749,ley,24447,considerando,1
329_p5755,ley,9688,caratula,1
329_p5755,ley,25344,considerando,1
329_p5769,ley,25967,considerando,1
329_p5769,ley,25967,voto,1
329_p5778,ley,23982,voto,2
329_p5778,ley,25344,voto,4
329_p5778,ley,25725,voto,1
329_p5789,ley,13003,considerando,1
329_p5789,ley,23898,considerando,1
329_p5798,ley,16986,considerando,2
329_p5798,ley,24059,considerando,1
329_p5829,ley,1285,considerando,1
329_p5836,ley,25752,considerando,1
329_p5837,ley,23737,considerando,1
329_p5837,ley,26052,considerando,1
329_p5839,ley,23737,considerando,1
329_p5851,ley,23592,considerando,1
329_p5853,ley,20094,considerando,1
329_p5861,ley,24767,considerando,1
329_p5861,ley,24767,voto,3
329_p5871,ley,24767,considerando,2
329_p5871,ley,1612,voto,1
329_p5871,ley,23708,voto,1
329_p5871,ley,24767,voto,4
329_p5879,ley,24767,considerando,1
329_p5879,ley,24767,voto,3
329_p5890,ley,1285,considerando,1
329_p5903,ley,24561,considerando,1
329_p5903,ley,25561,considerando,5
329_p5903,ley,25820,considerando,9
329_p5903,ley,25561,voto,3
329_p5903,ley,25820,voto,3
329_p5913,ley,16986,caratula,1
329_p5913,ley,25561,considerando,3
329_p5913,ley,25466,voto,1
329_p5913,ley,25561,voto,2
329_p5949,ley,25798,considerando,1
329_p5985,ley,24522,voto,2
329_p5985,ley,25563,voto,1
329_p5989,ley,19551,voto,7
329_p5989,ley,24522,voto,4
329_p5994,ley,25189,considerando,1
329_p6009,ley,11206,considerando,1
329_p6009,ley,1285,considerando,1
329_p6019,ley,23737,considerando,6
329_p6019,ley,4055,considerando,1
329_p6038,ley,1947,considerando,1
329_p6038,ley,25552,considerando,1
329_p6038,ley,25561,considerando,1
329_p6044,ley,22285,considerando,1
329_p6047,ley,13392,considerando,1
329_p6047,ley,23737,considerando,2
329_p6047,ley,26052,considerando,2
329_p6050,ley,17671,considerando,1
329_p6053,ley,22285,considerando,1
329_p6064,ley,18037,considerando,1
329_p6064,ley,24241,considerando,7
329_p6064,ley,24463,considerando,1
329_p6064,ley,25344,considerando,4
329_p6068,ley,18037,considerando,1
329_p6068,ley,24463,considerando,1
329_p6071,ley,18037,considerando,2
329_p6071,ley,24018,considerando,1
329_p6071,ley,24463,considerando,1
329_p6076,ley,23928,considerando,2
329_p6076,ley,25565,considerando,1
329_p6087,ley,16986,caratula,1
329_p6087,ley,25561,caratula,1
329_p6087,ley,16986,considerando,1
329_p6087,ley,25561,considerando,1
329_p6087,ley,24480,voto,1
330_p5,ley,21758,considerando,2
330_p5,ley,24859,considerando,1
330_p22,ley,25675,considerando,1
330_p45,ley,23473,considerando,1
330_p45,ley,23928,considerando,1
330_p45,ley,24463,considerando,3
330_p45,ley,25561,considerando,1
330_p45,ley,26153,considerando,1
330_p51,ley,16986,caratula,1
330_p51,ley,25561,caratula,1
330_p76,ley,1407,considerando,2
330_p76,ley,1413,considerando,1
330_p103,ley,2860,considerando,1
330_p103,ley,3000,considerando,1
330_p120,ley,25561,considerando,1
330_p130,ley,24241,considerando,2
330_p130,ley,24463,considerando,1
330_p132,ley,1893,considerando,1
330_p132,ley,20581,considerando,1
330_p138,ley,24521,caratula,1
330_p159,ley,25561,considerando,1
330_p173,ley,2860,considerando,1
330_p173,ley,3000,considerando,1
330_p182,ley,23697,considerando,1
330_p182,ley,25488,considerando,1
330_p185,ley,13392,considerando,1
330_p185,ley,23737,considerando,3
330_p185,ley,26052,considerando,1
330_p191,ley,1285,considerando,1
330_p191,ley,24290,considerando,1
330_p215,ley,23592,considerando,1
330_p217,ley,13944,caratula,1
330_p220,ley,24463,considerando,1
330_p246,ley,1285,considerando,1
330_p246,ley,24522,considerando,3
330_p246,ley,26086,considerando,4
330_p249,ley,11723,considerando,1
330_p251,ley,1285,considerando,1
330_p251,ley,1285,voto,1
330_p261,ley,23737,considerando,2
330_p261,ley,24072,considerando,1
330_p261,ley,24767,considerando,1
330_p261,ley,25632,considerando,1
330_p261,ley,23737,voto,2
330_p261,ley,25126,voto,1
330_p284,ley,24767,considerando,1
330_p294,ley,24043,caratula,1
330_p304,ley,16986,caratula,1
330_p304,ley,25065,considerando,5
330_p304,ley,25326,considerando,5
330_p304,ley,25065,voto,2
330_p304,ley,25326,voto,10
330_p331,ley,16986,caratula,1
330_p331,ley,25561,caratula,1
330_p331,ley,16986,considerando,1
330_p331,ley,16986,voto,1
330_p337,ley,24013,considerando,2
330_p345,ley,24156,considerando,1
330_p345,ley,19549,voto,2
330_p358,ley,16463,caratula,1
330_p358,ley,16463,considerando,1
330_p380,ley,18345,considerando,1
330_p380,ley,19587,considerando,2
330_p380,ley,22250,considerando,1
330_p380,ley,25013,considerando,1
330_p399,ley,23049,considerando,1
330_p444,ley,8398,voto,1
330_p472,ley,25798,voto,4
330_p516,ley,25798,considerando,1
330_p529,ley,1285,caratula,1
330_p529,ley,1285,considerando,2
330_p530,ley,1285,considerando,1
330_p547,ley,23898,considerando,3
330_p547,ley,23898,dispositivo,1
330_p563,ley,23184,considerando,8
330_p563,ley,24192,considerando,1
330_p563,ley,24557,considerando,1
330_p618,ley,5469,considerando,1
330_p628,ley,19552,considerando,1
330_p642,ley,23849,considerando,1
330_p642,ley,26061,considerando,1
330_p642,ley,23849,voto,2
330_p685,ley,24557,considerando,1
330_p704,ley,11683,considerando,1
330_p704,ley,21911,considerando,1
330_p704,ley,11683,voto,1
330_p704,ley,21911,voto,1
330_p725,ley,1285,considerando,2
330_p725,ley,24937,considerando,1
330_p778,ley,25973,considerando,2
330_p789,ley,24820,considerando,1
330_p807,ley,23661,considerando,1
330_p811,ley,13998,considerando,1
330_p811,ley,24447,considerando,1
330_p816,ley,4488,considerando,1
330_p818,ley,12925,considerando,3
330_p818,ley,17310,considerando,1
330_p818,ley,18037,considerando,3
330_p818,ley,23429,considerando,8
330_p818,ley,23966,considerando,2
330_p818,ley,24017,considerando,1
330_p818,ley,24241,considerando,2
330_p818,ley,24463,considerando,1
330_p822,ley,20744,considerando,1
330_p822,ley,20774,considerando,1
330_p826,ley,1285,considerando,2
330_p826,ley,14467,considerando,1
330_p826,ley,24463,considerando,3
330_p826,ley,4055,considerando,2
330_p834,ley,23928,considerando,3
330_p834,ley,24522,considerando,14
330_p834,ley,25561,considerando,1
330_p834,ley,25563,considerando,5
330_p834,ley,25589,considerando,6
330_p834,ley,24522,voto,2
330_p834,ley,25589,voto,1
330_p855,ley,16986,considerando,1
330_p855,ley,21526,considerando,1
330_p855,ley,23928,considerando,1
330_p855,ley,25466,considerando,1
330_p855,ley,25561,considerando,15
330_p855,ley,25713,considerando,3
330_p855,ley,25796,considerando,2
330_p855,ley,25798,considerando,8
330_p855,ley,25820,considerando,7
330_p855,ley,25908,considerando,1
330_p855,ley,25967,considerando,2
330_p855,ley,26062,considerando,1
330_p855,ley,26167,considerando,14
330_p855,ley,25798,dispositivo,1
330_p855,ley,16986,voto,1
330_p855,ley,25561,voto,2
330_p855,ley,25798,voto,2
330_p855,ley,26167,voto,1
330_p940,ley,1285,considerando,1
330_p940,ley,14467,considerando,1
330_p940,ley,24767,considerando,1
330_p940,ley,25304,considerando,1
330_p940,ley,1285,dispositivo,1
330_p940,ley,14467,dispositivo,1
330_p940,ley,1285,voto,2
330_p940,ley,14467,voto,2
330_p940,ley,24767,voto,1
330_p940,ley,25304,voto,1
330_p948,ley,23982,considerando,3
330_p950,ley,21839,considerando,4
330_p950,ley,24432,considerando,3
330_p950,ley,21839,dispositivo,1
330_p950,ley,24432,dispositivo,1
330_p950,ley,1181,voto,3
330_p950,ley,18610,voto,1
330_p950,ley,21839,voto,12
330_p950,ley,24432,voto,10
330_p960,ley,24013,voto,1
330_p960,ley,25345,voto,1
330_p963,ley,1285,considerando,1
330_p963,ley,24050,considerando,1
330_p971,ley,16986,considerando,1
330_p971,ley,16986,voto,2
330_p971,ley,23853,voto,1
330_p971,ley,25967,voto,1
330_p1026,ley,24522,considerando,3
330_p1026,ley,24522,voto,1
330_p1094,ley,1285,considerando,1
330_p1095,ley,1285,voto,1
330_p1095,ley,24050,voto,1
330_p1095,ley,4055,voto,1
330_p1103,ley,2316,considerando,1
330_p1103,ley,2492,considerando,1
330_p1114,ley,1134,voto,1
330_p1135,ley,24660,considerando,1
330_p1135,ley,6513,considerando,1
330_p1158,ley,25675,considerando,5
330_p1158,ley,25675,voto,1
330_p1172,ley,23737,considerando,1
330_p1172,ley,26052,considerando,1
330_p1214,ley,23982,voto,1
330_p1214,ley,25344,voto,1
330_p1214,ley,25725,voto,2
330_p1222,ley,23187,considerando,1
330_p1250,ley,23982,considerando,7
330_p1250,ley,25344,considerando,3
330_p1250,ley,25725,considerando,6
330_p1261,ley,12636,considerando,1
330_p1261,ley,23554,considerando,1
330_p1261,ley,6045,considerando,2
330_p1261,ley,6200,considerando,1
330_p1279,ley,16986,considerando,3
330_p1300,ley,24144,considerando,1
330_p1300,ley,24522,considerando,1
330_p1305,ley,24522,considerando,1
330_p1305,ley,26086,considerando,1
330_p1307,ley,24270,considerando,1
330_p1309,ley,24463,considerando,1
330_p1309,ley,1285,voto,1
330_p1309,ley,25488,voto,1
330_p1309,ley,4055,voto,1
330_p1325,ley,23982,considerando,2
330_p1325,ley,24073,considerando,14
330_p1325,ley,24463,considerando,3
330_p1332,ley,1285,considerando,2
330_p1332,ley,21839,considerando,1
330_p1332,ley,1285,voto,1
330_p1332,ley,21708,voto,1
330_p1336,ley,1285,considerando,1
330_p1336,ley,21708,considerando,1
330_p1336,ley,24432,considerando,4
330_p1336,ley,21839,voto,5
330_p1336,ley,24432,voto,4
330_p1356,ley,25344,considerando,1
330_p1356,ley,25344,voto,1
330_p1366,ley,11672,considerando,1
330_p1366,ley,20705,considerando,1
330_p1366,ley,23982,considerando,6
330_p1366,ley,24156,considerando,1
330_p1366,ley,24624,considerando,1
330_p1366,ley,25344,considerando,1
330_p1366,ley,25827,considerando,1
330_p1369,ley,2372,considerando,1
330_p1369,ley,24198,considerando,1
330_p1369,ley,24946,considerando,1
330_p1369,ley,25990,considerando,2
330_p1377,ley,14394,considerando,4
330_p1377,ley,24522,considerando,2
330_p1389,ley,22140,caratula,1
330_p1405,ley,24283,considerando,3
330_p1427,ley,10397,considerando,2
330_p1427,ley,11922,considerando,1
330_p1427,ley,10397,voto,2
330_p1427,ley,11922,voto,1
330_p1436,ley,18957,considerando,1
330_p1436,ley,20588,considerando,2
330_p1436,ley,21795,considerando,1
330_p1436,ley,23059,considerando,3
330_p1436,ley,25625,considerando,1
330_p1436,ley,8111,considerando,1
330_p1474,ley,25561,considerando,1
330_p1526,ley,21650,considerando,1
330_p1526,ley,24043,considerando,2
330_p1528,ley,23898,considerando,1
330_p1528,ley,8904,considerando,1
330_p1545,ley,24557,considerando,1
330_p1545,ley,24557,voto,1
330_p1550,ley,24557,considerando,1
330_p1550,ley,24557,voto,3
330_p1567,ley,16638,considerando,1
330_p1567,ley,24522,considerando,1
330_p1578,ley,24767,considerando,3
330_p1610,ley,22262,considerando,1
330_p1618,ley,23737,considerando,1
330_p1618,ley,26052,considerando,2
330_p1620,ley,1285,considerando,1
330_p1620,ley,24290,considerando,1
330_p1626,ley,24522,considerando,1
330_p1626,ley,26086,considerando,1
330_p1632,ley,20744,considerando,1
330_p1632,ley,23682,considerando,1
330_p1632,ley,24019,considerando,1
330_p1632,ley,24241,considerando,1
330_p1632,ley,24463,considerando,1
330_p1635,ley,14499,considerando,2
330_p1635,ley,18037,considerando,3
330_p1635,ley,18037,dispositivo,1
330_p1642,ley,26183,considerando,2
330_p1644,ley,1285,considerando,1
330_p1644,ley,24522,considerando,3
330_p1733,ley,23561,caratula,1
330_p1733,ley,20774,voto,1
330_p1733,ley,25561,voto,1
330_p1751,ley,24557,voto,2
330_p1763,ley,16463,caratula,1
330_p1763,ley,16463,considerando,3
330_p1777,ley,8085,considerando,3
330_p1777,ley,8085,voto,4
330_p1791,ley,4032,voto,3
330_p1791,ley,5001,voto,1
330_p1802,ley,1285,considerando,1
330_p1807,ley,1285,considerando,1
330_p1807,ley,21799,considerando,4
330_p1817,ley,21839,considerando,1
330_p1817,ley,23982,considerando,1
330_p1823,ley,24051,considerando,1
330_p1832,ley,19550,considerando,1
330_p1832,ley,24485,considerando,1
330_p1838,ley,18037,voto,1
330_p1838,ley,18038,voto,2
330_p1838,ley,24241,voto,1
330_p1854,ley,6070,considerando,1
330_p1895,ley,24585,considerando,1
330_p1918,ley,1285,considerando,1
330_p1927,ley,18017,considerando,1
330_p1927,ley,18037,considerando,2
330_p1927,ley,20744,considerando,1
330_p1927,ley,24241,considerando,6
330_p1927,ley,24700,considerando,8
330_p1927,ley,24714,considerando,1
330_p1927,ley,6561,considerando,1
330_p1927,ley,6685,considerando,1
330_p1927,ley,6857,considerando,2
330_p1945,ley,23592,considerando,1
330_p1947,ley,18037,considerando,4
330_p1947,ley,19101,considerando,2
330_p1947,ley,22955,considerando,2
330_p1947,ley,24019,considerando,1
330_p1947,ley,24463,considerando,1
330_p1961,ley,1612,considerando,1
330_p1961,ley,24767,considerando,2
330_p1961,ley,25302,considerando,1
330_p1971,ley,25304,considerando,1
330_p1987,ley,25561,considerando,1
330_p1987,ley,25798,considerando,1
330_p1987,ley,26167,considerando,1
330_p1987,ley,26167,dispositivo,1
330_p1989,ley,11729,considerando,1
330_p1989,ley,6666,considerando,1
330_p2017,ley,20094,voto,2
330_p2017,ley,25675,voto,1
330_p2033,ley,23592,considerando,1
330_p2033,ley,24635,considerando,1
330_p2040,ley,23492,considerando,2
330_p2040,ley,23521,considerando,6
330_p2040,ley,24952,considerando,1
330_p2040,ley,25779,considerando,1
330_p2040,ley,23492,voto,2
330_p2040,ley,23521,voto,6
330_p2040,ley,24952,voto,1
330_p2046,ley,23521,caratula,1
330_p2047,ley,2492,considerando,1
330_p2059,ley,1285,considerando,2
330_p2061,ley,21839,considerando,1
330_p2061,ley,23898,considerando,2
330_p2074,ley,16986,considerando,1
330_p2074,ley,25557,considerando,1
330_p2074,ley,16986,voto,3
330_p2074,ley,25557,voto,2
330_p2074,ley,25561,voto,1
330_p2081,ley,24240,voto,3
330_p2101,ley,18610,considerando,2
330_p2101,ley,19772,considerando,1
330_p2101,ley,6742,considerando,1
330_p2101,ley,7711,considerando,2
330_p2101,ley,8899,considerando,2
330_p2101,ley,18610,voto,1
330_p2101,ley,6742,voto,1
330_p2101,ley,7711,voto,2
330_p2101,ley,8899,voto,1
330_p2115,ley,19798,voto,3
330_p2115,ley,24240,voto,12
330_p2115,ley,24309,voto,1
330_p2115,ley,7087,voto,1
330_p2131,ley,1285,considerando,1
330_p2140,ley,23898,voto,1
330_p2151,ley,18345,voto,2
330_p2192,ley,22262,caratula,1
330_p2215,ley,13064,considerando,2
330_p2215,ley,12910,voto,1
330_p2215,ley,13064,voto,1
330_p2222,ley,16986,caratula,1
330_p2231,ley,24390,considerando,1
330_p2231,ley,24390,voto,1
330_p2241,ley,24013,considerando,1
330_p2241,ley,24013,voto,2
330_p2268,ley,1285,considerando,2
330_p2268,ley,17418,considerando,1
330_p2268,ley,17741,considerando,2
330_p2274,ley,24018,considerando,4
330_p2274,ley,24463,considerando,3
330_p2274,ley,25668,considerando,1
330_p2274,ley,24463,dispositivo,1
330_p2277,ley,24767,considerando,2
330_p2304,ley,24411,caratula,1
330_p2304,ley,24321,considerando,1
330_p2304,ley,24411,considerando,9
330_p2304,ley,24823,considerando,4
330_p2321,ley,24946,voto,1
330_p2334,ley,12836,considerando,1
330_p2334,ley,12727,voto,2
330_p2334,ley,12836,voto,2
330_p2334,ley,25344,voto,2
330_p2347,ley,14777,considerando,1
330_p2347,ley,14777,voto,1
330_p2347,ley,19101,voto,1
330_p2347,ley,22511,voto,1
330_p2351,ley,25400,voto,1
330_p2361,ley,1285,considerando,1
330_p2361,ley,23498,considerando,1
330_p2361,ley,24937,considerando,4
330_p2361,ley,25876,considerando,2
330_p2361,ley,26080,considerando,1
330_p2361,ley,24937,voto,2
330_p2416,ley,19550,considerando,2
330_p2416,ley,23982,considerando,13
330_p2416,ley,24145,considerando,6
330_p2429,ley,23098,considerando,1
330_p2429,ley,24660,considerando,1
330_p2445,ley,19550,voto,1
330_p2452,ley,23660,voto,1
330_p2452,ley,23661,voto,1
330_p2470,ley,17319,considerando,3
330_p2470,ley,23966,considerando,1
330_p2478,ley,5633,considerando,1
330_p2478,ley,6357,considerando,1
330_p2478,ley,6696,considerando,1
330_p2491,ley,24463,considerando,1
330_p2491,ley,24655,considerando,1
330_p2494,ley,24522,considerando,1
330_p2494,ley,26086,considerando,1
330_p2498,ley,18820,considerando,1
330_p2498,ley,18820,voto,2
330_p2507,ley,24767,considerando,2
330_p2521,ley,19349,considerando,1
330_p2533,ley,24240,voto,1
330_p2548,ley,20646,voto,3
330_p2575,ley,5124,considerando,1
330_p2575,ley,5136,considerando,9
330_p2584,ley,16494,considerando,1
330_p2584,ley,23982,considerando,2
330_p2584,ley,25344,considerando,6
330_p2584,ley,25401,considerando,1
330_p2584,ley,25565,considerando,2
330_p2590,ley,23660,voto,1
330_p2590,ley,23661,voto,1
330_p2599,ley,22262,caratula,1
330_p2610,ley,17319,considerando,2
330_p2610,ley,2453,considerando,1
330_p2626,ley,22421,considerando,1
330_p2628,ley,24767,considerando,1
330_p2630,ley,24767,considerando,1
330_p2639,ley,1285,considerando,1
330_p2658,ley,23984,voto,1
330_p2685,ley,24557,considerando,1
330_p2685,ley,24557,voto,2
330_p2696,ley,24557,voto,3
330_p2711,ley,12910,considerando,3
330_p2711,ley,13064,considerando,1
330_p2711,ley,23696,considerando,1
330_p2711,ley,23982,considerando,1
330_p2711,ley,12910,voto,2
330_p2711,ley,23696,voto,1
330_p2735,ley,1285,considerando,1
330_p2739,ley,10397,considerando,1
330_p2746,ley,25675,considerando,1
330_p2748,ley,17671,considerando,1
330_p2774,ley,1285,voto,1
330_p2786,ley,12921,voto,1
330_p2786,ley,9316,voto,1
330_p2795,ley,25798,voto,1
330_p2795,ley,26167,voto,2
330_p2798,ley,24463,considerando,1
330_p2798,ley,26153,considerando,1
330_p2800,ley,16986,caratula,1
330_p2800,ley,25466,considerando,1
330_p2800,ley,24284,voto,1
330_p2800,ley,25466,voto,1
330_p2826,ley,24390,considerando,2
330_p2849,ley,9477,considerando,4
330_p2849,ley,9521,considerando,1
330_p2877,ley,16986,considerando,1
330_p2877,ley,23696,considerando,1
330_p2877,ley,24093,considerando,1
330_p2900,ley,23853,considerando,1
330_p2902,ley,17711,considerando,1
330_p2902,ley,25561,considerando,2
330_p2902,ley,25798,considerando,8
330_p2902,ley,25820,considerando,1
330_p2902,ley,25908,considerando,2
330_p2902,ley,26167,considerando,6
330_p2902,ley,25561,voto,1
330_p2902,ley,25798,voto,4
330_p2902,ley,25908,voto,1
330_p2902,ley,26167,voto,1
330_p2921,ley,19550,voto,1
330_p2921,ley,24013,voto,1
330_p2921,ley,25561,voto,1
330_p2927,ley,1285,considerando,2
330_p2932,ley,15336,considerando,20
330_p2932,ley,19549,considerando,2
330_p2932,ley,23164,considerando,8
330_p2932,ley,24065,considerando,10
330_p2952,ley,19032,considerando,1
330_p2964,ley,18037,considerando,2
330_p2964,ley,22955,considerando,6
330_p2964,ley,23966,considerando,1
330_p2964,ley,24019,considerando,3
330_p2964,ley,24241,considerando,1
330_p2964,ley,24463,considerando,2
330_p2964,ley,22955,voto,1
330_p2968,ley,23226,considerando,1
330_p2968,ley,23570,considerando,4
330_p2968,ley,24463,considerando,1
330_p2975,ley,4055,considerando,1
330_p2981,ley,25565,voto,1
330_p2999,ley,23697,considerando,1
330_p2999,ley,23697,voto,1
330_p3002,ley,11672,voto,1
330_p3002,ley,17418,voto,1
330_p3002,ley,23982,voto,3
330_p3002,ley,24156,voto,1
330_p3002,ley,25344,voto,1
330_p3002,ley,25565,voto,4
330_p3015,ley,11683,considerando,1
330_p3015,ley,25239,considerando,1
330_p3025,ley,19550,voto,2
330_p3025,ley,24522,voto,1
330_p3025,ley,24552,voto,1
330_p3036,ley,24441,voto,2
330_p3045,ley,11683,considerando,1
330_p3098,ley,19798,voto,1
330_p3098,ley,24240,voto,2
330_p3098,ley,3674,voto,2
330_p3109,ley,23928,considerando,3
330_p3109,ley,24241,considerando,1
330_p3141,ley,23984,voto,1
330_p3145,ley,18038,considerando,1
330_p3145,ley,24241,considerando,2
330_p3145,ley,24463,considerando,1
330_p3145,ley,24476,considerando,3
330_p3145,ley,25231,considerando,1
330_p3145,ley,18038,voto,2
330_p3145,ley,24241,voto,1
330_p3145,ley,24463,voto,1
330_p3145,ley,24476,voto,4
330_p3149,ley,8024,considerando,8
330_p3149,ley,8472,considerando,1
330_p3149,ley,8024,voto,1
330_p3160,ley,16986,voto,1
330_p3248,ley,14467,considerando,1
330_p3248,ley,19865,considerando,1
330_p3248,ley,23492,considerando,1
330_p3248,ley,25390,considerando,1
330_p3379,ley,15869,considerando,1
330_p3379,ley,24767,considerando,1
330_p3400,ley,20572,considerando,4
330_p3400,ley,23982,considerando,4
330_p3400,ley,24241,considerando,3
330_p3400,ley,24463,considerando,1
330_p3400,ley,25344,considerando,4
330_p3400,ley,20572,voto,3
330_p3400,ley,23982,voto,2
330_p3400,ley,24241,voto,3
330_p3400,ley,24463,voto,1
330_p3400,ley,25344,voto,3
330_p3422,ley,18345,voto,1
330_p3422,ley,19550,voto,1
330_p3426,ley,25344,voto,1
330_p3447,ley,1285,considerando,1
330_p3447,ley,17801,considerando,1
330_p3447,ley,4484,considerando,1
330_p3455,ley,23737,considerando,1
330_p3458,ley,18037,considerando,3
330_p3458,ley,24463,considerando,1
330_p3461,ley,17562,considerando,1
330_p3461,ley,2393,considerando,1
330_p3461,ley,24463,considerando,1
330_p3483,ley,17418,voto,1
330_p3483,ley,24449,voto,1
330_p3519,ley,19551,voto,1
330_p3519,ley,21526,voto,1
330_p3519,ley,22529,voto,1
330_p3552,ley,11682,considerando,1
330_p3552,ley,1285,considerando,1
330_p3552,ley,20628,considerando,1
330_p3557,ley,1285,considerando,1
330_p3557,ley,23018,considerando,8
330_p3557,ley,23018,voto,3
330_p3565,ley,16986,caratula,1
330_p3579,ley,16986,caratula,1
330_p3579,ley,16986,considerando,1
330_p3581,ley,16183,considerando,1
330_p3581,ley,26183,considerando,1
330_p3593,ley,25561,considerando,6
330_p3593,ley,25798,considerando,3
330_p3593,ley,25820,considerando,2
330_p3593,ley,26167,considerando,2
330_p3593,ley,25561,dispositivo,1
330_p3609,ley,15336,considerando,4
330_p3609,ley,23164,considerando,3
330_p3609,ley,24065,considerando,1
330_p3609,ley,1303,voto,3
330_p3609,ley,1745,voto,1
330_p3609,ley,2386,voto,1
330_p3623,ley,1285,considerando,1
330_p3659,ley,21839,considerando,2
330_p3659,ley,23982,considerando,1
330_p3673,ley,24767,considerando,1
330_p3680,ley,16986,caratula,1
330_p3680,ley,25561,caratula,1
330_p3680,ley,16986,considerando,2
330_p3680,ley,25561,considerando,2
330_p3680,ley,16986,voto,1
330_p3685,ley,10067,considerando,2
330_p3685,ley,10067,voto,6
330_p3725,ley,23313,considerando,1
330_p3725,ley,23660,considerando,1
330_p3725,ley,23661,considerando,4
330_p3725,ley,24240,considerando,1
330_p3725,ley,24754,considerando,10
330_p3725,ley,24901,considerando,3
330_p3725,ley,22341,voto,1
330_p3725,ley,22431,voto,1
330_p3725,ley,23313,voto,1
330_p3725,ley,23660,voto,1
330_p3725,ley,23661,voto,8
330_p3725,ley,24754,voto,11
330_p3725,ley,24901,voto,7
330_p3725,ley,25404,voto,2
330_p3771,ley,23853,considerando,1
330_p3784,ley,20091,considerando,1
330_p3784,ley,24557,considerando,1
330_p3787,ley,25561,considerando,6
330_p3787,ley,24013,voto,1
330_p3787,ley,25561,voto,1
330_p3793,ley,5113,considerando,3
330_p3801,ley,23737,caratula,1
330_p3801,ley,2372,considerando,1
330_p3801,ley,23737,considerando,3
330_p3801,ley,23737,voto,2
330_p3843,ley,26167,considerando,2
330_p3843,ley,26167,dispositivo,1
330_p3843,ley,25798,voto,1
330_p3843,ley,26167,voto,1
330_p3853,ley,13478,considerando,4
330_p3853,ley,18910,considerando,1
330_p3853,ley,24241,considerando,1
330_p3853,ley,13478,voto,7
330_p3853,ley,16986,voto,1
330_p3853,ley,18910,voto,1
330_p3853,ley,20267,voto,1
330_p3906,ley,23737,considerando,1
330_p3906,ley,26052,considerando,1
330_p3908,ley,16986,considerando,1
330_p3908,ley,16986,voto,1
330_p3977,ley,14294,considerando,1
330_p3977,ley,17016,considerando,1
330_p3977,ley,24767,considerando,1
330_p3977,ley,25095,considerando,1
330_p3977,ley,25304,considerando,2
330_p3994,ley,1285,considerando,1
330_p3994,ley,23349,considerando,1
330_p3994,ley,24037,considerando,1
330_p3994,ley,24156,considerando,1
330_p4001,ley,25561,considerando,3
330_p4001,ley,25713,considerando,2
330_p4001,ley,25796,considerando,1
330_p4001,ley,25798,considerando,1
330_p4001,ley,25908,considerando,1
330_p4001,ley,26167,considerando,6
330_p4001,ley,26167,dispositivo,1
330_p4001,ley,25561,voto,3
330_p4001,ley,25563,voto,1
330_p4001,ley,25713,voto,1
330_p4001,ley,25796,voto,1
330_p4001,ley,25798,voto,1
330_p4001,ley,25908,voto,1
330_p4001,ley,26167,voto,3
330_p4030,ley,25561,considerando,1
330_p4030,ley,25561,voto,1
330_p4045,ley,4677,considerando,2
330_p4045,ley,4677,voto,2
330_p4062,ley,1285,considerando,1
330_p4064,ley,24624,considerando,1
330_p4064,ley,25973,considerando,1
330_p4071,ley,25587,considerando,1
330_p4081,ley,1285,considerando,1
330_p4081,ley,19108,considerando,1
330_p4084,ley,5613,considerando,1
330_p4090,ley,18302,considerando,2
330_p4090,ley,26134,considerando,4
330_p4101,ley,25561,caratula,2
330_p4113,ley,21965,considerando,2
330_p4134,ley,23302,considerando,1
330_p4144,ley,22351,considerando,1
330_p4144,ley,16986,voto,2
330_p4160,ley,24901,voto,5
330_p4170,ley,24767,considerando,2
330_p4172,ley,24767,considerando,3
330_p4172,ley,24767,voto,3
330_p4182,ley,21499,voto,2
330_p4195,ley,15464,considerando,1
330_p4195,ley,18345,considerando,1
330_p4195,ley,19108,considerando,1
330_p4195,ley,20581,considerando,2
330_p4195,ley,22866,considerando,1
330_p4195,ley,22969,considerando,4
330_p4195,ley,4055,considerando,1
330_p4199,ley,25344,considerando,1
330_p4199,ley,23982,voto,2
330_p4199,ley,25344,voto,4
330_p4211,ley,1565,considerando,1
330_p4216,ley,23982,considerando,6
330_p4226,ley,23928,considerando,1
330_p4234,ley,1285,considerando,1
330_p4234,ley,24295,considerando,1
330_p4234,ley,24375,considerando,1
330_p4234,ley,24708,considerando,1
330_p4234,ley,25675,considerando,3
330_p4234,ley,25688,considerando,1
330_p4234,ley,5949,considerando,1
330_p4252,ley,4738,considerando,1
330_p4252,ley,5040,considerando,1
330_p4252,ley,5639,dispositivo,1
330_p4313,ley,23719,voto,2
330_p4313,ley,24767,voto,1
330_p4322,ley,22802,caratula,1
330_p4338,ley,18345,considerando,2
330_p4338,ley,25344,considerando,1
330_p4338,ley,18345,voto,2
330_p4338,ley,25344,voto,2
330_p4368,ley,23898,considerando,2
330_p4368,ley,24133,considerando,1
330_p4372,ley,15336,considerando,1
330_p4396,ley,1285,considerando,1
330_p4399,ley,24767,considerando,2
330_p4399,ley,3495,considerando,2
330_p4399,ley,4055,considerando,1
330_p4411,ley,24441,caratula,1
330_p4413,ley,23098,considerando,1
330_p4416,ley,24390,voto,1
330_p4416,ley,24660,voto,2
330_p4435,ley,25561,voto,6
330_p4445,ley,19359,considerando,1
330_p4489,ley,1960,voto,1
330_p4511,ley,20840,voto,1
330_p4523,ley,23898,considerando,1
330_p4528,ley,24463,considerando,1
330_p4549,ley,25990,voto,1
330_p4549,ley,4055,voto,1
330_p4554,ley,19549,considerando,1
330_p4564,ley,14772,considerando,3
330_p4564,ley,15336,considerando,2
330_p4564,ley,24065,considerando,1
330_p4592,ley,14934,considerando,1
330_p4592,ley,24321,considerando,3
330_p4592,ley,24411,considerando,4
330_p4592,ley,24321,voto,2
330_p4592,ley,24411,voto,1
330_p4633,ley,24557,considerando,1
330_p4633,ley,24557,voto,2
330_p4647,ley,8369,considerando,1
330_p4673,ley,20705,considerando,1
330_p4685,ley,18037,considerando,1
330_p4685,ley,23928,considerando,1
330_p4685,ley,24463,considerando,2
330_p4685,ley,26153,considerando,1
330_p4687,ley,18037,considerando,2
330_p4687,ley,24241,considerando,5
330_p4687,ley,24463,considerando,1
330_p4690,ley,20475,considerando,1
330_p4690,ley,24463,considerando,1
330_p4697,ley,1612,caratula,1
330_p4697,ley,23719,considerando,1
330_p4703,ley,25798,dispositivo,1
330_p4706,ley,25561,voto,5
330_p4706,ley,4055,voto,1
330_p4733,ley,22434,considerando,1
330_p4733,ley,23853,considerando,1
330_p4749,ley,23898,dispositivo,1
330_p4770,ley,24241,voto,1
330_p4770,ley,7173,voto,6
330_p4770,ley,7207,voto,2
330_p4770,ley,7235,voto,1
330_p4782,ley,20606,considerando,1
330_p4782,ley,24463,considerando,1
330_p4782,ley,25344,considerando,2
330_p4786,ley,21965,considerando,1
330_p4788,ley,25798,considerando,1
330_p4797,ley,8767,considerando,1
330_p4811,ley,1285,considerando,2
330_p4811,ley,23251,considerando,3
330_p4820,ley,24241,caratula,1
330_p4820,ley,24241,considerando,2
330_p4820,ley,24241,voto,1
330_p4824,ley,1285,considerando,1
330_p4824,ley,15271,considerando,1
330_p4824,ley,26183,considerando,1
330_p4826,ley,24937,voto,1
330_p4858,ley,22021,considerando,1
330_p4858,ley,23658,considerando,2
330_p4862,ley,17562,considerando,2
330_p4862,ley,18037,considerando,2
330_p4862,ley,21388,considerando,1
330_p4862,ley,22611,considerando,2
330_p4862,ley,23570,considerando,2
330_p4862,ley,24463,considerando,1
330_p4866,ley,18037,considerando,1
330_p4866,ley,24241,considerando,2
330_p4866,ley,24463,considerando,4
330_p4866,ley,26198,considerando,8
330_p4866,ley,24463,dispositivo,1
330_p4900,ley,18037,considerando,3
330_p4900,ley,18038,considerando,2
330_p4900,ley,24463,considerando,1
330_p4914,ley,1285,considerando,1
330_p4914,ley,23696,considerando,2
330_p4914,ley,24156,considerando,1
330_p4936,ley,25565,voto,1
330_p4953,ley,21526,considerando,1
330_p4953,ley,5800,considerando,1
330_p4960,ley,25675,voto,2
330_p4960,ley,25831,voto,1
330_p4960,ley,25841,voto,1
330_p4988,ley,1029,considerando,4
330_p4988,ley,1355,considerando,1
330_p4988,ley,24447,considerando,1
330_p5020,ley,23737,voto,1
330_p5032,ley,25344,considerando,12
330_p5064,ley,16986,caratula,1
330_p5064,ley,24625,voto,2
330_p5064,ley,25239,voto,1
330_p5082,ley,25430,caratula,1
330_p5082,ley,24390,voto,7
330_p5095,ley,1285,considerando,2
330_p5095,ley,18705,considerando,5
330_p5095,ley,6968,considerando,3
330_p5111,ley,24083,considerando,2
330_p5131,ley,21839,voto,1
330_p5144,ley,11585,considerando,1
330_p5144,ley,17319,considerando,1
330_p5144,ley,12161,voto,1
330_p5144,ley,17319,voto,7
330_p5158,ley,13569,voto,1
330_p5158,ley,25990,voto,4
330_p5201,ley,16986,dispositivo,1
330_p5205,ley,19349,considerando,1
330_p5212,ley,22278,voto,1
330_p5226,ley,13648,considerando,2
330_p5226,ley,23548,considerando,2
330_p5226,ley,23966,considerando,1
330_p5234,ley,1285,considerando,1
330_p5251,ley,15336,voto,1
330_p5251,ley,24065,voto,1
330_p5279,ley,1285,considerando,2
330_p5279,ley,1893,considerando,1
330_p5279,ley,23660,considerando,1
330_p5279,ley,23661,considerando,1
330_p5279,ley,1285,voto,2
330_p5279,ley,14467,voto,1
330_p5294,ley,22278,considerando,3
330_p5294,ley,24390,considerando,6
330_p5303,ley,14399,considerando,2
330_p5303,ley,24463,considerando,1
330_p5306,ley,1285,considerando,1
330_p5306,ley,17319,considerando,2
330_p5306,ley,17711,considerando,1
330_p5306,ley,21499,considerando,1
330_p5306,ley,21708,considerando,1
330_p5306,ley,21778,considerando,1
330_p5306,ley,23928,considerando,2
330_p5306,ley,23982,considerando,12
330_p5306,ley,24145,considerando,7
330_p5306,ley,24283,considerando,4
330_p5306,ley,1285,voto,1
330_p5306,ley,21708,voto,1
330_p5306,ley,21778,voto,1
330_p5306,ley,23982,voto,1
330_p5306,ley,24145,voto,1
330_p5342,ley,18037,considerando,1
330_p5342,ley,18038,considerando,2
330_p5342,ley,24463,considerando,3
330_p5342,ley,26198,considerando,1
330_p5345,ley,16986,considerando,1
330_p5345,ley,25561,considerando,13
330_p5345,ley,25713,considerando,5
330_p5345,ley,25820,considerando,7
330_p5345,ley,25967,considerando,2
330_p5345,ley,26167,considerando,3
330_p5345,ley,16986,voto,2
330_p5345,ley,23928,voto,2
330_p5345,ley,25445,voto,1
330_p5345,ley,25561,voto,8
330_p5345,ley,25563,voto,1
330_p5345,ley,25820,voto,3
330_p5345,ley,5392,voto,1
330_p5404,ley,1285,considerando,1
330_p5404,ley,17319,considerando,2
330_p5404,ley,17711,considerando,1
330_p5404,ley,19549,considerando,2
330_p5404,ley,20705,considerando,1
330_p5404,ley,21499,considerando,1
330_p5404,ley,21708,considerando,1
330_p5404,ley,24245,considerando,1
330_p5404,ley,24283,considerando,1
330_p5404,ley,17319,voto,1
330_p5404,ley,19549,voto,1
330_p5404,ley,23982,voto,1
330_p5435,ley,24557,considerando,2
330_p5435,ley,11729,voto,1
330_p5435,ley,12631,voto,1
330_p5435,ley,18913,voto,1
330_p5435,ley,24557,voto,3
330_p5435,ley,9688,voto,2
331_p13,ley,9688,caratula,1
331_p13,ley,24028,considerando,5
331_p13,ley,25561,considerando,3
331_p17,ley,23898,dispositivo,1
331_p17,ley,11683,voto,2
331_p31,ley,5238,voto,2
331_p58,ley,24051,considerando,1
331_p62,ley,11723,considerando,1
331_p62,ley,22362,considerando,1
331_p68,ley,1285,considerando,1
331_p72,ley,18037,considerando,1
331_p72,ley,18037,voto,1
331_p76,ley,24241,considerando,1
331_p76,ley,24463,considerando,1
331_p77,ley,25871,caratula,1
331_p87,ley,25798,considerando,2
331_p89,ley,26167,dispositivo,1
331_p93,ley,23853,considerando,1
331_p116,ley,25752,considerando,1
331_p121,ley,24463,considerando,2
331_p121,ley,26153,considerando,1
331_p123,ley,24241,considerando,2
331_p123,ley,24347,considerando,2
331_p123,ley,24463,considerando,1
331_p127,ley,22765,considerando,1
331_p127,ley,23916,considerando,2
331_p127,ley,24522,considerando,2
331_p127,ley,25561,considerando,2
331_p132,ley,20091,voto,2
331_p144,ley,19419,considerando,1
331_p183,ley,1301,considerando,1
331_p183,ley,24241,considerando,5
331_p194,ley,1285,considerando,1
331_p202,ley,14771,considerando,1
331_p202,ley,22016,considerando,1
331_p202,ley,14771,voto,1
331_p202,ley,22016,voto,1
331_p202,ley,22026,voto,1
331_p211,ley,12318,considerando,1
331_p211,ley,1285,considerando,2
331_p211,ley,21708,considerando,1
331_p211,ley,22431,considerando,1
331_p211,ley,22914,considerando,1
331_p211,ley,25280,considerando,1
331_p232,ley,24241,considerando,3
331_p232,ley,24307,considerando,1
331_p232,ley,24463,considerando,3
331_p232,ley,3900,considerando,6
331_p232,ley,4579,considerando,1
331_p232,ley,5089,considerando,1
331_p238,ley,14370,considerando,2
331_p238,ley,18037,considerando,2
331_p238,ley,21153,considerando,1
331_p238,ley,23604,considerando,5
331_p238,ley,24463,considerando,1
331_p240,ley,24241,considerando,1
331_p240,ley,24463,considerando,2
331_p240,ley,26153,considerando,2
331_p240,ley,26153,dispositivo,1
331_p241,ley,24557,considerando,1
331_p262,ley,24240,caratula,1
331_p266,ley,20744,voto,1
331_p281,ley,19550,voto,1
331_p287,ley,24240,considerando,1
331_p287,ley,25065,considerando,1
331_p287,ley,24240,voto,3
331_p293,ley,23982,considerando,1
331_p293,ley,25344,considerando,3
331_p293,ley,23982,voto,1
331_p293,ley,25344,voto,2
331_p303,ley,19550,voto,2
331_p303,ley,24013,voto,2
331_p310,ley,10397,considerando,2
331_p310,ley,10731,considerando,2
331_p310,ley,11484,considerando,1
331_p310,ley,9420,considerando,5
331_p322,ley,23696,considerando,1
331_p337,ley,10397,considerando,1
331_p337,ley,11484,considerando,1
331_p337,ley,11904,considerando,1
331_p337,ley,9420,considerando,1
331_p352,ley,12836,considerando,1
331_p352,ley,13436,considerando,3
331_p352,ley,23982,considerando,2
331_p352,ley,25344,considerando,2
331_p364,ley,25675,considerando,1
331_p371,ley,24241,caratula,1
331_p371,ley,24241,considerando,1
331_p371,ley,24463,considerando,1
331_p382,ley,1285,considerando,1
331_p382,ley,7764,considerando,5
331_p391,ley,25344,considerando,4
331_p391,ley,25973,considerando,1
331_p391,ley,6987,considerando,2
331_p391,ley,6995,considerando,1
331_p391,ley,7132,considerando,2
331_p400,ley,10397,considerando,1
331_p415,ley,19549,considerando,1
331_p415,ley,25344,considerando,1
331_p419,ley,23853,considerando,1
331_p427,ley,25886,considerando,1
331_p430,ley,18037,considerando,1
331_p430,ley,18038,considerando,1
331_p430,ley,24463,considerando,3
331_p432,ley,18037,considerando,1
331_p432,ley,24463,considerando,1
331_p434,ley,22278,considerando,2
331_p434,ley,26061,considerando,5
331_p439,ley,24767,considerando,2
331_p446,ley,25304,considerando,1
331_p462,ley,26167,considerando,1
331_p505,ley,23737,considerando,2
331_p505,ley,25126,considerando,1
331_p505,ley,25246,considerando,4
331_p505,ley,3759,considerando,1
331_p505,ley,25246,voto,1
331_p525,ley,23737,caratula,1
331_p530,ley,15262,voto,1
331_p570,ley,24557,considerando,1
331_p570,ley,24557,voto,4
331_p588,ley,23551,voto,4
331_p588,ley,24600,voto,2
331_p600,ley,2372,considerando,1
331_p608,ley,24767,considerando,1
331_p608,ley,25126,considerando,1
331_p608,ley,24767,voto,1
331_p608,ley,25126,voto,1
331_p622,ley,17901,voto,1
331_p632,ley,23098,considerando,1
331_p632,ley,23098,voto,1
331_p699,ley,11497,considerando,1
331_p699,ley,20009,considerando,1
331_p699,ley,20099,considerando,2
331_p699,ley,20645,considerando,1
331_p699,ley,25675,considerando,3
331_p710,ley,14346,voto,1
331_p718,ley,23548,considerando,1
331_p748,ley,24240,considerando,2
331_p752,ley,24441,considerando,1
331_p752,ley,6372,considerando,1
331_p756,ley,1285,voto,2
331_p756,ley,24522,voto,2
331_p756,ley,26086,voto,4
331_p769,ley,26165,considerando,1
331_p781,ley,17811,considerando,1
331_p781,ley,22262,considerando,1
331_p781,ley,24065,considerando,1
331_p781,ley,24076,considerando,1
331_p793,ley,11683,considerando,1
331_p831,ley,16986,voto,1
331_p831,ley,24447,voto,2
331_p831,ley,24557,voto,1
331_p846,ley,23660,considerando,1
331_p851,ley,23592,considerando,1
331_p854,ley,24411,considerando,1
331_p854,ley,24820,considerando,1
331_p858,ley,23737,caratula,1
331_p858,ley,23737,considerando,1
331_p858,ley,24050,considerando,1
331_p881,ley,1285,considerando,1
331_p881,ley,21708,considerando,1
331_p886,ley,13512,voto,1
331_p886,ley,22427,voto,2
331_p886,ley,24522,voto,4
331_p901,ley,25561,caratula,3
331_p901,ley,25561,considerando,2
331_p901,ley,25587,considerando,1
331_p901,ley,16986,voto,2
331_p901,ley,25561,voto,6
331_p916,ley,23049,caratula,2
331_p923,ley,16986,considerando,2
331_p923,ley,25561,considerando,1
331_p923,ley,16986,voto,1
331_p926,ley,25798,considerando,1
331_p926,ley,26062,considerando,1
331_p926,ley,26167,considerando,5
331_p994,ley,24946,considerando,4
331_p1007,ley,24463,considerando,1
331_p1013,ley,24521,caratula,1
331_p1013,ley,24195,considerando,2
331_p1013,ley,24521,considerando,5
331_p1013,ley,24658,considerando,1
331_p1024,ley,26167,considerando,2
331_p1028,ley,24767,considerando,2
331_p1040,ley,16986,considerando,1
331_p1040,ley,25561,considerando,9
331_p1040,ley,25713,considerando,5
331_p1040,ley,25796,considerando,2
331_p1040,ley,25820,considerando,6
331_p1040,ley,25967,considerando,2
331_p1040,ley,26167,considerando,2
331_p1040,ley,16986,voto,3
331_p1040,ley,25561,voto,6
331_p1040,ley,25563,voto,1
331_p1040,ley,25798,voto,3
331_p1040,ley,25820,voto,1
331_p1040,ley,25908,voto,1
331_p1040,ley,25967,voto,2
331_p1040,ley,26167,voto,1
331_p1105,ley,25798,considerando,1
331_p1105,ley,26167,considerando,4
331_p1116,ley,18037,considerando,4
331_p1116,ley,22955,considerando,7
331_p1116,ley,23568,considerando,1
331_p1116,ley,23682,considerando,1
331_p1116,ley,23966,considerando,3
331_p1116,ley,24019,considerando,3
331_p1116,ley,24241,considerando,1
331_p1120,ley,25561,dispositivo,1
331_p1123,ley,24521,caratula,1
331_p1123,ley,21658,considerando,1
331_p1123,ley,24521,considerando,11
331_p1123,ley,24521,voto,13
331_p1123,ley,25421,voto,1
331_p1171,ley,1285,considerando,1
331_p1171,ley,19549,considerando,1
331_p1171,ley,19870,considerando,1
331_p1171,ley,21708,considerando,1
331_p1171,ley,24522,considerando,1
331_p1212,ley,14473,considerando,1
331_p1212,ley,18037,considerando,2
331_p1212,ley,24016,considerando,1
331_p1212,ley,24463,considerando,2
331_p1212,ley,26153,considerando,1
331_p1212,ley,26153,dispositivo,1
331_p1215,ley,19032,considerando,1
331_p1215,ley,23360,considerando,1
331_p1215,ley,24764,considerando,1
331_p1224,ley,23737,considerando,2
331_p1224,ley,26052,considerando,1
331_p1231,ley,24051,considerando,1
331_p1234,ley,19798,considerando,5
331_p1243,ley,1893,considerando,1
331_p1243,ley,25675,considerando,6
331_p1243,ley,25688,considerando,1
331_p1255,ley,23660,considerando,1
331_p1255,ley,23661,considerando,1
331_p1262,ley,23660,considerando,3
331_p1262,ley,23661,considerando,5
331_p1262,ley,24049,considerando,2
331_p1262,ley,4762,considerando,1
331_p1282,ley,24463,considerando,1
331_p1282,ley,26198,considerando,1
331_p1284,ley,1285,considerando,1
331_p1284,ley,1285,dispositivo,1
331_p1284,ley,24289,dispositivo,1
331_p1287,ley,24522,voto,1
331_p1293,ley,19550,voto,2
331_p1312,ley,1285,considerando,1
331_p1312,ley,16986,considerando,1
331_p1312,ley,20099,considerando,1
331_p1312,ley,25675,considerando,2
331_p1329,ley,18037,considerando,2
331_p1329,ley,21864,considerando,1
331_p1329,ley,23928,considerando,1
331_p1329,ley,24463,considerando,3
331_p1329,ley,26153,considerando,1
331_p1329,ley,26153,dispositivo,1
331_p1332,ley,25086,caratula,1
331_p1336,ley,1285,considerando,1
331_p1336,ley,26061,considerando,1
331_p1344,ley,1285,considerando,1
331_p1344,ley,26061,considerando,1
331_p1352,ley,26061,considerando,1
331_p1352,ley,26082,considerando,1
331_p1352,ley,23338,voto,1
331_p1352,ley,23652,voto,1
331_p1382,ley,24521,caratula,1
331_p1387,ley,25344,voto,1
331_p1397,ley,1285,voto,1
331_p1399,ley,17562,considerando,3
331_p1399,ley,24463,considerando,2
331_p1403,ley,16986,caratula,1
331_p1412,ley,25232,considerando,6
331_p1412,ley,6584,considerando,1
331_p1412,ley,25232,dispositivo,1
331_p1412,ley,25232,voto,1
331_p1429,ley,25188,caratula,2
331_p1429,ley,25188,considerando,1
331_p1434,ley,1285,considerando,1
331_p1434,ley,21708,considerando,1
331_p1434,ley,23982,considerando,10
331_p1434,ley,24624,considerando,2
331_p1434,ley,25344,considerando,12
331_p1434,ley,25561,considerando,1
331_p1434,ley,25827,considerando,1
331_p1434,ley,25967,considerando,1
331_p1434,ley,26078,considerando,1
331_p1434,ley,26198,considerando,1
331_p1478,ley,17562,considerando,1
331_p1478,ley,2393,considerando,2
331_p1478,ley,24463,considerando,1
331_p1488,ley,9688,considerando,1
331_p1488,ley,24557,voto,1
331_p1496,ley,12992,considerando,1
331_p1496,ley,18037,considerando,4
331_p1496,ley,21695,considerando,1
331_p1496,ley,21965,considerando,3
331_p1496,ley,23570,considerando,4
331_p1496,ley,24241,considerando,2
331_p1496,ley,25370,considerando,1
331_p1510,ley,24557,considerando,5
331_p1510,ley,9688,considerando,1
331_p1524,ley,1285,considerando,1
331_p1528,ley,18037,considerando,1
331_p1528,ley,24463,considerando,1
331_p1581,ley,18037,considerando,1
331_p1581,ley,24463,considerando,1
331_p1583,ley,16986,caratula,1
331_p1583,ley,16986,considerando,1
331_p1583,ley,24946,considerando,1
331_p1592,ley,16986,voto,2
331_p1592,ley,23660,voto,2
331_p1611,ley,8293,considerando,1
331_p1611,ley,8293,voto,1
331_p1620,ley,18037,considerando,1
331_p1620,ley,24463,considerando,1
331_p1620,ley,24463,dispositivo,1
331_p1622,ley,25675,considerando,3
331_p1622,ley,26168,considerando,2
331_p1646,ley,18345,voto,2
331_p1646,ley,25344,voto,3
331_p1651,ley,17562,considerando,1
331_p1651,ley,23263,considerando,2
331_p1651,ley,2393,considerando,4
331_p1651,ley,24463,considerando,1
331_p1655,ley,23853,considerando,1
331_p1655,ley,23898,considerando,3
331_p1658,ley,17562,considerando,1
331_p1658,ley,18037,considerando,1
331_p1658,ley,23263,considerando,3
331_p1658,ley,2363,considerando,1
331_p1658,ley,2393,considerando,1
331_p1658,ley,24463,considerando,1
331_p1676,ley,24946,considerando,4
331_p1679,ley,24051,considerando,1
331_p1679,ley,24145,considerando,2
331_p1679,ley,25675,considerando,3
331_p1690,ley,24432,considerando,1
331_p1701,ley,1285,considerando,1
331_p1701,ley,19550,considerando,2
331_p1730,ley,1285,considerando,1
331_p1730,ley,19640,considerando,3
331_p1730,ley,21708,considerando,1
331_p1755,ley,24660,considerando,4
331_p1755,ley,6944,considerando,2
331_p1771,ley,24043,caratula,2
331_p1771,ley,21650,considerando,1
331_p1771,ley,24043,considerando,7
331_p1804,ley,17132,voto,1
331_p1815,ley,19549,considerando,1
331_p1815,ley,19550,considerando,6
331_p1815,ley,23696,considerando,20
331_p1815,ley,23696,voto,8
331_p1846,ley,23696,considerando,1
331_p1846,ley,25344,considerando,1
331_p1854,ley,1285,considerando,1
331_p1859,ley,1285,considerando,1
331_p1869,ley,1181,considerando,2
331_p1869,ley,2811,considerando,1
331_p1873,ley,24463,considerando,3
331_p1873,ley,13264,voto,1
331_p1873,ley,14236,voto,1
331_p1873,ley,18477,voto,2
331_p1873,ley,23473,voto,1
331_p1873,ley,24463,voto,8
331_p1890,ley,16986,voto,1
331_p1890,ley,25561,voto,1
331_p1900,ley,26061,considerando,1
331_p1910,ley,25675,voto,1
331_p1927,ley,16986,voto,1
331_p1927,ley,25453,voto,3
331_p1942,ley,16986,caratula,1
331_p1942,ley,13041,considerando,3
331_p1942,ley,1957,considerando,1
331_p1942,ley,20393,considerando,2
331_p1942,ley,23928,considerando,2
331_p1942,ley,25561,considerando,10
331_p1942,ley,25565,considerando,1
331_p1942,ley,25725,considerando,1
331_p1942,ley,25790,considerando,1
331_p1942,ley,13041,voto,2
331_p1942,ley,25561,voto,8
331_p1985,ley,23898,considerando,2
331_p1985,ley,24073,considerando,1
331_p1987,ley,23660,considerando,1
331_p1987,ley,24754,considerando,3
331_p2002,ley,25344,voto,1
331_p2006,ley,25561,caratula,2
331_p2006,ley,24241,considerando,5
331_p2006,ley,25561,considerando,2
331_p2006,ley,16986,voto,1
331_p2006,ley,24241,voto,2
331_p2006,ley,24557,voto,1
331_p2006,ley,25561,voto,4
331_p2006,ley,25820,voto,1
331_p2047,ley,25854,considerando,4
331_p2047,ley,26061,considerando,2
331_p2047,ley,24779,voto,1
331_p2047,ley,25854,voto,2
331_p2047,ley,26061,voto,2
331_p2094,ley,24463,considerando,1
331_p2094,ley,24241,voto,1
331_p2094,ley,24463,voto,4
331_p2094,ley,26198,voto,1
331_p2099,ley,1285,considerando,2
331_p2104,ley,24043,caratula,1
331_p2119,ley,16986,considerando,1
331_p2119,ley,7274,considerando,1
331_p2119,ley,7274,voto,3
331_p2135,ley,10592,considerando,3
331_p2135,ley,6982,considerando,2
331_p2135,ley,10592,voto,1
331_p2135,ley,24901,voto,3
331_p2156,ley,22172,considerando,1
331_p2156,ley,2434,considerando,4
331_p2163,ley,24463,considerando,1
331_p2166,ley,24463,considerando,4
331_p2166,ley,26025,considerando,1
331_p2166,ley,26153,dispositivo,1
331_p2169,ley,24557,caratula,1
331_p2174,ley,24557,considerando,1
331_p2178,ley,24076,considerando,2
331_p2178,ley,3146,considerando,1
331_p2178,ley,3701,considerando,2
331_p2195,ley,1095,considerando,1
331_p2202,ley,24767,considerando,3
331_p2202,ley,25304,considerando,3
331_p2202,ley,25304,voto,1
331_p2223,ley,10907,considerando,1
331_p2223,ley,13366,considerando,1
331_p2223,ley,25675,considerando,3
331_p2240,ley,17562,considerando,2
331_p2240,ley,21388,considerando,2
331_p2240,ley,24463,considerando,1
331_p2240,ley,17562,voto,3
331_p2240,ley,21388,voto,2
331_p2240,ley,24463,voto,1
331_p2246,ley,18037,considerando,2
331_p2246,ley,22611,considerando,3
331_p2246,ley,23570,considerando,2
331_p2246,ley,24463,considerando,1
331_p2257,ley,24521,caratula,1
331_p2280,ley,16986,considerando,1
331_p2283,ley,1285,considerando,1
331_p2285,ley,24390,considerando,1
331_p2293,ley,1285,considerando,1
331_p2298,ley,24767,considerando,3
331_p2302,ley,25990,considerando,2
331_p2309,ley,24660,considerando,1
331_p2316,ley,25561,caratula,2
331_p2316,ley,25561,considerando,3
331_p2319,ley,25882,considerando,1
331_p2331,ley,24767,considerando,2
331_p2331,ley,25126,considerando,2
331_p2353,ley,18037,considerando,1
331_p2353,ley,24463,considerando,3
331_p2353,ley,26153,considerando,1
331_p2353,ley,26153,dispositivo,1
331_p2359,ley,1285,considerando,1
331_p2363,ley,23708,considerando,1
331_p2363,ley,24767,considerando,2
331_p2376,ley,24767,considerando,7
331_p2376,ley,24946,voto,1
331_p2382,ley,21526,considerando,1
331_p2382,ley,22529,considerando,1
331_p2382,ley,23737,voto,1
331_p2406,ley,25414,caratula,2
331_p2406,ley,10996,considerando,1
331_p2406,ley,12954,considerando,2
331_p2406,ley,23187,considerando,14
331_p2406,ley,24946,considerando,1
331_p2406,ley,25344,considerando,3
331_p2406,ley,25414,considerando,11
331_p2406,ley,3367,considerando,1
331_p2406,ley,23187,voto,6
331_p2406,ley,25414,voto,1
331_p2453,ley,25565,caratula,2
331_p2453,ley,25565,voto,1
331_p2462,ley,24390,voto,2
331_p2466,ley,24013,considerando,1
331_p2466,ley,25323,considerando,1
331_p2466,ley,25561,considerando,1
331_p2470,ley,25344,considerando,1
331_p2470,ley,25471,considerando,4
331_p2491,ley,26167,considerando,4
331_p2499,ley,23551,considerando,5
331_p2526,ley,1285,considerando,1
331_p2528,ley,17319,considerando,3
331_p2538,ley,18037,considerando,2
331_p2538,ley,24463,considerando,4
331_p2538,ley,26153,considerando,1
331_p2538,ley,26153,dispositivo,1
331_p2538,ley,18037,voto,9
331_p2538,ley,23928,voto,4
331_p2538,ley,24463,voto,4
331_p2550,ley,24145,considerando,6
331_p2567,ley,23928,considerando,1
331_p2567,ley,25561,considerando,1
331_p2573,ley,22969,considerando,3
331_p2573,ley,23982,considerando,1
331_p2590,ley,19550,considerando,3
331_p2608,ley,13018,considerando,2
331_p2608,ley,20416,considerando,2
331_p2638,ley,1285,considerando,1
331_p2638,ley,1285,voto,1
331_p2649,ley,11683,considerando,1
331_p2649,ley,1285,considerando,1
331_p2656,ley,16986,caratula,1
331_p2656,ley,11683,considerando,3
331_p2663,ley,24043,caratula,1
331_p2663,ley,24043,considerando,7
331_p2663,ley,26165,considerando,1
331_p2691,ley,10903,considerando,3
331_p2691,ley,22278,considerando,9
331_p2691,ley,26061,considerando,8
331_p2691,ley,22278,voto,2
331_p2691,ley,26061,voto,5
331_p2715,ley,20744,considerando,1
331_p2715,ley,24635,considerando,1
331_p2720,ley,23737,caratula,2
331_p2720,ley,23737,considerando,2
331_p2720,ley,26052,considerando,1
331_p2720,ley,23737,voto,3
331_p2720,ley,26052,voto,1
331_p2728,ley,19764,considerando,1
331_p2728,ley,25126,considerando,1
331_p2728,ley,3759,considerando,1
331_p2737,ley,11683,considerando,1
331_p2737,ley,23966,considerando,1
331_p2745,ley,25344,considerando,1
331_p2745,ley,25565,considerando,2
331_p2759,ley,22140,considerando,1
331_p2759,ley,23769,considerando,3
331_p2759,ley,24241,considerando,1
331_p2765,ley,25344,considerando,1
331_p2765,ley,25725,considerando,1
331_p2769,ley,11683,considerando,1
331_p2777,ley,1820,considerando,2
331_p2777,ley,5494,considerando,1
331_p2784,ley,1285,considerando,1
331_p2784,ley,13592,considerando,2
331_p2784,ley,16986,considerando,1
331_p2784,ley,25916,considerando,2
331_p2797,ley,24946,considerando,1
331_p2797,ley,25675,considerando,1
331_p2833,ley,23737,caratula,1
331_p2839,ley,24557,considerando,1
331_p2844,ley,25798,considerando,3
331_p2844,ley,26167,considerando,6
331_p2844,ley,26167,dispositivo,1
331_p2848,ley,11683,voto,3
331_p2858,ley,1285,considerando,1
331_p2878,ley,19549,considerando,1
331_p2878,ley,22021,considerando,5
331_p2878,ley,22702,considerando,3
331_p2878,ley,25725,considerando,1
331_p2889,ley,19655,considerando,1
331_p2889,ley,23661,considerando,1
331_p2893,ley,25561,considerando,1
331_p2898,ley,25798,considerando,1
331_p2898,ley,25820,considerando,1
331_p2898,ley,26167,considerando,1
331_p2907,ley,22351,considerando,1
331_p2907,ley,4467,considerando,1
331_p2919,ley,4459,considerando,1
331_p2925,ley,16986,caratula,1
331_p2925,ley,25675,considerando,1
332_p33,ley,1285,considerando,1
332_p33,ley,23551,considerando,1
332_p33,ley,24642,considerando,3
332_p33,ley,9688,considerando,1
332_p33,ley,1285,voto,1
332_p33,ley,14467,voto,1
332_p33,ley,23551,voto,1
332_p33,ley,24557,voto,1
332_p33,ley,24642,voto,4
332_p51,ley,1285,considerando,1
332_p51,ley,19359,considerando,2
332_p51,ley,23982,considerando,1
332_p58,ley,24557,considerando,1
332_p60,ley,24557,caratula,1
332_p66,ley,18284,considerando,1
332_p89,ley,23696,considerando,1
332_p89,ley,25471,considerando,3
332_p102,ley,13998,considerando,1
332_p102,ley,22802,considerando,2
332_p105,ley,15322,considerando,1
332_p105,ley,19550,considerando,2
332_p105,ley,24522,considerando,1
332_p111,ley,16986,caratula,1
332_p111,ley,25873,caratula,2
332_p111,ley,16986,considerando,1
332_p111,ley,19798,considerando,2
332_p111,ley,23187,considerando,1
332_p111,ley,24240,considerando,1
332_p111,ley,25675,considerando,1
332_p111,ley,25760,considerando,1
332_p111,ley,25837,considerando,1
332_p111,ley,25873,considerando,7
332_p111,ley,8078,considerando,1
332_p111,ley,25873,voto,1
332_p155,ley,24521,caratula,1
332_p161,ley,24521,caratula,1
332_p166,ley,19549,caratula,1
332_p166,ley,24521,caratula,1
332_p170,ley,18695,considerando,3
332_p170,ley,25212,considerando,1
332_p170,ley,18695,voto,2
332_p170,ley,25212,voto,1
332_p193,ley,18693,considerando,1
332_p193,ley,18695,considerando,1
332_p193,ley,21844,considerando,2
332_p193,ley,22520,considerando,1
332_p193,ley,24557,considerando,1
332_p193,ley,25212,considerando,1
332_p193,ley,25877,considerando,1
332_p212,ley,15336,considerando,8
332_p212,ley,23164,considerando,5
332_p212,ley,24065,considerando,1
332_p212,ley,24954,considerando,1
332_p238,ley,1285,considerando,1
332_p238,ley,26061,considerando,2
332_p244,ley,1285,considerando,1
332_p244,ley,24522,considerando,2
332_p244,ley,1285,voto,2
332_p244,ley,24522,voto,2
332_p253,ley,25561,considerando,1
332_p253,ley,20091,voto,1
332_p253,ley,25561,voto,1
332_p276,ley,24557,considerando,1
332_p287,ley,1285,considerando,1
332_p287,ley,21708,considerando,1
332_p297,ley,1612,considerando,1
332_p297,ley,23719,considerando,2
332_p297,ley,24767,considerando,1
332_p335,ley,23928,considerando,4
332_p335,ley,25561,considerando,3
332_p335,ley,25820,considerando,1
332_p343,ley,11683,considerando,5
332_p343,ley,1285,considerando,1
332_p343,ley,25795,considerando,1
332_p343,ley,26044,considerando,1
332_p347,ley,1285,considerando,1
332_p347,ley,20628,considerando,4
332_p351,ley,23719,considerando,1
332_p351,ley,24767,considerando,2
332_p357,ley,11683,considerando,2
332_p357,ley,1285,considerando,1
332_p357,ley,24769,considerando,3
332_p363,ley,25561,considerando,1
332_p363,ley,25820,dispositivo,1
332_p370,ley,26167,considerando,1
332_p373,ley,21526,considerando,1
332_p373,ley,23952,considerando,1
332_p373,ley,25561,considerando,1
332_p373,ley,25713,considerando,1
332_p373,ley,25798,considerando,6
332_p377,ley,25561,voto,1
332_p405,ley,24240,voto,4
332_p424,ley,25561,considerando,1
332_p424,ley,25798,considerando,2
332_p424,ley,26167,considerando,2
332_p426,ley,22765,considerando,1
332_p426,ley,23916,considerando,1
332_p426,ley,25561,considerando,2
332_p433,ley,23298,considerando,2
332_p433,ley,23592,considerando,1
332_p433,ley,23298,voto,1
332_p433,ley,23592,voto,2
332_p459,ley,25561,caratula,3
332_p500,ley,24028,considerando,4
332_p500,ley,24557,considerando,3
332_p512,ley,22278,considerando,5
332_p531,ley,23696,considerando,2
332_p531,ley,24145,considerando,1
332_p552,ley,21258,considerando,2
332_p552,ley,23062,considerando,9
332_p552,ley,18188,voto,2
332_p582,ley,25675,considerando,2
332_p585,ley,1285,considerando,1
332_p585,ley,12910,considerando,1
332_p585,ley,21708,considerando,1
332_p585,ley,23696,considerando,6
332_p588,ley,26167,voto,1
332_p591,ley,25798,considerando,1
332_p591,ley,25798,voto,3
332_p591,ley,26167,voto,4
332_p602,ley,17418,considerando,1
332_p611,ley,24043,caratula,1
332_p611,ley,19549,considerando,2
332_p611,ley,24043,considerando,2
332_p640,ley,1622,considerando,5
332_p640,ley,17319,considerando,7
332_p640,ley,26197,considerando,1
332_p640,ley,3543,considerando,5
332_p640,ley,3543,dispositivo,1
332_p663,ley,25675,considerando,1
332_p663,ley,26331,considerando,2
332_p663,ley,7543,considerando,2
332_p672,ley,22362,considerando,2
332_p674,ley,1285,considerando,1
332_p674,ley,12910,considerando,1
332_p674,ley,13064,considerando,1
332_p674,ley,21250,considerando,1
332_p674,ley,22294,considerando,1
332_p674,ley,309874900,considerando,1
332_p709,ley,24557,considerando,1
332_p709,ley,24557,voto,1
332_p731,ley,18037,considerando,1
332_p731,ley,23191,considerando,1
332_p731,ley,24241,considerando,4
332_p731,ley,24463,considerando,2
332_p731,ley,26153,considerando,1
332_p731,ley,26153,dispositivo,1
332_p737,ley,11683,considerando,2
332_p737,ley,1285,considerando,1
332_p737,ley,21708,considerando,1
332_p737,ley,22021,considerando,1
332_p737,ley,24522,considerando,8
332_p752,ley,1285,considerando,1
332_p752,ley,19550,considerando,1
332_p752,ley,1285,voto,1
332_p752,ley,19550,voto,1
332_p752,ley,20840,voto,1
332_p761,ley,12915,considerando,1
332_p761,ley,16986,considerando,1
332_p764,ley,25798,considerando,1
332_p764,ley,25820,considerando,1
332_p764,ley,25798,voto,2
332_p764,ley,26167,voto,3
332_p797,ley,25798,considerando,2
332_p797,ley,26167,dispositivo,1
332_p800,ley,17319,considerando,4
332_p800,ley,25561,considerando,8
332_p800,ley,26197,considerando,2
332_p820,ley,24043,caratula,3
332_p837,ley,16638,considerando,2
332_p837,ley,16638,voto,3
332_p850,ley,18037,considerando,2
332_p850,ley,22431,considerando,1
332_p850,ley,24463,considerando,1
332_p852,ley,18037,considerando,2
332_p852,ley,24463,considerando,2
332_p852,ley,26153,considerando,1
332_p854,ley,25561,considerando,1
332_p854,ley,25798,considerando,1
332_p867,ley,24051,considerando,1
332_p873,ley,25798,considerando,1
332_p873,ley,26167,considerando,2
332_p875,ley,19549,considerando,1
332_p875,ley,25344,considerando,1
332_p892,ley,25561,considerando,1
332_p903,ley,1285,considerando,1
332_p903,ley,26061,considerando,1
332_p908,ley,1285,considerando,1
332_p911,ley,19550,considerando,1
332_p911,ley,24522,considerando,1
332_p911,ley,26086,considerando,1
332_p913,ley,23696,considerando,1
332_p913,ley,24463,considerando,1
332_p921,ley,9688,caratula,1
332_p921,ley,14394,considerando,1
332_p921,ley,18345,considerando,1
332_p921,ley,21839,considerando,1
332_p921,ley,24432,considerando,7
332_p921,ley,24522,considerando,1
332_p952,ley,11683,considerando,1
332_p952,ley,20628,considerando,1
332_p952,ley,23349,considerando,3
332_p952,ley,23871,considerando,1
332_p962,ley,24441,considerando,2
332_p962,ley,25561,considerando,2
332_p962,ley,25798,considerando,1
332_p962,ley,26167,considerando,5
332_p967,ley,24557,voto,2
332_p985,ley,18500,considerando,1
332_p985,ley,1168,voto,1
332_p985,ley,12251,voto,1
332_p985,ley,1447,voto,1
332_p985,ley,1532,voto,1
332_p985,ley,1894,voto,1
332_p985,ley,4141,voto,1
332_p985,ley,5217,voto,1
332_p998,ley,1537,voto,1
332_p1022,ley,23548,considerando,1
332_p1035,ley,1285,considerando,1
332_p1035,ley,17132,considerando,5
332_p1035,ley,23349,considerando,1
332_p1071,ley,25561,considerando,2
332_p1071,ley,25798,considerando,1
332_p1071,ley,26103,considerando,1
332_p1071,ley,26167,considerando,4
332_p1078,ley,24557,considerando,2
332_p1078,ley,24557,dispositivo,1
332_p1085,ley,2818,considerando,1
332_p1085,ley,24946,voto,1
332_p1109,ley,19549,considerando,1
332_p1115,ley,25344,considerando,1
332_p1118,ley,24432,considerando,1
332_p1124,ley,24937,considerando,1
332_p1140,ley,24425,considerando,1
332_p1147,ley,1285,considerando,1
332_p1147,ley,23101,considerando,6
332_p1152,ley,26167,dispositivo,1
332_p1152,ley,25798,voto,1
332_p1152,ley,26167,voto,1
332_p1186,ley,24425,considerando,1
332_p1186,ley,24490,considerando,1
332_p1276,ley,9688,caratula,1
332_p1276,ley,24432,considerando,1
332_p1276,ley,9688,considerando,1
332_p1288,ley,23661,considerando,1
332_p1298,ley,19549,voto,2
332_p1298,ley,24463,voto,11
332_p1298,ley,3784,voto,2
332_p1304,ley,24463,considerando,1
332_p1304,ley,26198,considerando,2
332_p1304,ley,26337,considerando,1
332_p1309,ley,24767,considerando,2
332_p1309,ley,25126,considerando,2
332_p1322,ley,17272,considerando,1
332_p1338,ley,23302,voto,5
332_p1346,ley,24901,voto,1
332_p1346,ley,8501,voto,1
332_p1367,ley,1285,considerando,1
332_p1367,ley,19549,considerando,1
332_p1367,ley,21708,considerando,1
332_p1376,ley,25344,voto,1
332_p1391,ley,25344,considerando,1
332_p1394,ley,2055,considerando,1
332_p1394,ley,24091,considerando,1
332_p1422,ley,21526,considerando,1
332_p1422,ley,23548,considerando,2
332_p1422,ley,2515,considerando,1
332_p1422,ley,4275,considerando,3
332_p1447,ley,23660,considerando,1
332_p1447,ley,23661,considerando,1
332_p1447,ley,3341,dispositivo,1
332_p1453,ley,26052,considerando,1
332_p1466,ley,21610,considerando,1
332_p1466,ley,21795,considerando,1
332_p1466,ley,22439,considerando,1
332_p1466,ley,23059,considerando,9
332_p1466,ley,25871,considerando,1
332_p1488,ley,8998,dispositivo,1
332_p1492,ley,11683,considerando,1
332_p1492,ley,23029,considerando,2
332_p1492,ley,23771,considerando,1
332_p1492,ley,11683,voto,1
332_p1492,ley,23029,voto,3
332_p1519,ley,13529,considerando,2
332_p1531,ley,11683,considerando,1
332_p1531,ley,1285,considerando,1
332_p1531,ley,24196,considerando,6
332_p1531,ley,25063,considerando,4
332_p1531,ley,1285,voto,1
332_p1531,ley,24196,voto,3
332_p1531,ley,25063,voto,3
332_p1544,ley,22415,considerando,1
332_p1544,ley,24331,considerando,3
332_p1555,ley,24410,considerando,1
332_p1571,ley,23928,considerando,1
332_p1571,ley,24073,considerando,2
332_p1571,ley,25561,considerando,1
332_p1571,ley,20628,voto,1
332_p1571,ley,24073,voto,2
332_p1571,ley,25561,voto,1
332_p1600,ley,25561,considerando,1
332_p1600,ley,25675,considerando,2
332_p1629,ley,1285,considerando,1
332_p1629,ley,19549,considerando,5
332_p1629,ley,21708,considerando,1
332_p1629,ley,25344,considerando,1
332_p1633,ley,1285,considerando,1
332_p1633,ley,19831,considerando,1
332_p1633,ley,19870,considerando,2
332_p1633,ley,21708,considerando,1
332_p1633,ley,23697,considerando,1
332_p1633,ley,1285,voto,1
332_p1633,ley,19831,voto,1
332_p1633,ley,21708,voto,1
332_p1651,ley,1285,considerando,1
332_p1651,ley,21708,considerando,1
332_p1655,ley,11683,considerando,6
332_p1655,ley,1285,considerando,1
332_p1655,ley,11683,voto,3
332_p1655,ley,1285,voto,1
332_p1663,ley,16986,caratula,1
332_p1663,ley,25873,caratula,2
332_p1670,ley,21839,considerando,1
332_p1670,ley,24432,considerando,1
332_p1671,ley,25561,considerando,1
332_p1688,ley,17418,considerando,2
332_p1688,ley,23928,considerando,1
332_p1688,ley,25561,considerando,1
332_p1738,ley,1285,considerando,1
332_p1738,ley,13998,considerando,1
332_p1741,ley,18345,considerando,1
332_p1741,ley,24241,considerando,1
332_p1741,ley,24655,considerando,1
332_p1743,ley,24767,considerando,3
332_p1743,ley,25126,considerando,1
332_p1743,ley,25126,voto,1
332_p1743,ley,25763,voto,2
332_p1759,ley,16986,caratula,1
332_p1769,ley,23511,voto,1
332_p1823,ley,19549,considerando,1
332_p1823,ley,24240,considerando,1
332_p1823,ley,25561,considerando,3
332_p1914,ley,18037,considerando,1
332_p1914,ley,23928,considerando,2
332_p1914,ley,24241,considerando,4
332_p1914,ley,24463,considerando,3
332_p1914,ley,25561,considerando,1
332_p1914,ley,24241,voto,3
332_p1914,ley,24463,voto,1
332_p1914,ley,25237,voto,1
332_p1928,ley,24463,considerando,2
332_p1928,ley,24624,considerando,3
332_p1928,ley,26153,considerando,1
332_p1928,ley,26337,considerando,1
332_p1928,ley,24463,voto,2
332_p1928,ley,24624,voto,3
332_p1928,ley,26153,voto,1
332_p1928,ley,26337,voto,1
332_p1933,ley,18037,considerando,1
332_p1933,ley,24018,considerando,1
332_p1933,ley,24241,considerando,4
332_p1933,ley,24463,considerando,9
332_p1933,ley,4042,considerando,3
332_p1933,ley,4903,considerando,1
332_p1933,ley,24463,voto,1
332_p1952,ley,16986,caratula,1
332_p1957,ley,23737,caratula,1
332_p1957,ley,23737,considerando,2
332_p1957,ley,26052,considerando,2
332_p1957,ley,26052,dispositivo,1
332_p1957,ley,23737,voto,2
332_p1957,ley,26052,voto,3
332_p1960,ley,1285,considerando,1
332_p1960,ley,24522,considerando,1
332_p1963,ley,1999,considerando,1
332_p1963,ley,20771,considerando,1
332_p1963,ley,23737,considerando,20
332_p2043,ley,24700,considerando,5
332_p2043,ley,20744,voto,2
332_p2043,ley,24700,voto,4
332_p2043,ley,26341,voto,1
332_p2068,ley,22914,voto,1
332_p2088,ley,1285,considerando,1
332_p2094,ley,17319,considerando,2
332_p2094,ley,18502,considerando,1
332_p2094,ley,19640,considerando,1
332_p2094,ley,24922,considerando,1
332_p2099,ley,23708,considerando,2
332_p2099,ley,24767,considerando,2
332_p2099,ley,25930,considerando,2
332_p2099,ley,23708,voto,1
332_p2099,ley,2372,voto,1
332_p2099,ley,24767,voto,2
332_p2099,ley,25930,voto,1
332_p2120,ley,23548,considerando,1
332_p2136,ley,16896,considerando,2
332_p2139,ley,4459,considerando,1
332_p2152,ley,18037,considerando,1
332_p2159,ley,1285,considerando,1
332_p2159,ley,12990,considerando,2
332_p2159,ley,21708,considerando,1
332_p2159,ley,22383,considerando,2
332_p2159,ley,23982,considerando,1
332_p2159,ley,1285,voto,2
332_p2159,ley,12990,voto,2
332_p2159,ley,21708,voto,2
332_p2159,ley,22383,voto,2
332_p2208,ley,5048,voto,1
332_p2250,ley,11683,considerando,3
332_p2250,ley,11808,considerando,1
332_p2250,ley,7290,dispositivo,1
332_p2250,ley,11683,voto,3
332_p2250,ley,11808,voto,2
332_p2250,ley,7290,voto,1
332_p2265,ley,23548,considerando,2
332_p2265,ley,6876,considerando,1
332_p2280,ley,11683,considerando,2
332_p2280,ley,24587,considerando,5
332_p2288,ley,1285,considerando,1
332_p2288,ley,21708,considerando,1
332_p2288,ley,23696,considerando,1
332_p2288,ley,23982,considerando,2
332_p2288,ley,24156,considerando,1
332_p2288,ley,24447,considerando,8
332_p2295,ley,24521,caratula,1
332_p2307,ley,24937,considerando,1
332_p2307,ley,24946,considerando,8
332_p2307,ley,4055,considerando,1
332_p2339,ley,17811,considerando,1
332_p2339,ley,24522,considerando,1
332_p2339,ley,17811,voto,1
332_p2339,ley,24522,voto,1
332_p2339,ley,4055,voto,1
332_p2425,ley,1782,considerando,1
332_p2425,ley,2404,considerando,5
332_p2425,ley,2600,considerando,1
332_p2454,ley,18037,considerando,3
332_p2454,ley,24241,considerando,4
332_p2463,ley,24767,considerando,1
332_p2481,ley,22285,voto,1
332_p2504,ley,1436,considerando,1
332_p2504,ley,1565,considerando,9
332_p2504,ley,23737,considerando,1
332_p2504,ley,24946,voto,1
332_p2522,ley,1285,considerando,2
332_p2522,ley,25519,considerando,2
332_p2522,ley,25873,considerando,1
332_p2529,ley,11682,considerando,1
332_p2529,ley,20628,considerando,1
332_p2586,ley,19549,considerando,1
332_p2586,ley,22021,considerando,2
332_p2586,ley,24764,considerando,1
332_p2599,ley,1285,considerando,1
332_p2604,ley,25990,considerando,2
332_p2614,ley,11388,considerando,1
332_p2614,ley,16593,considerando,1
332_p2614,ley,20337,considerando,2
332_p2614,ley,23427,considerando,1
332_p2614,ley,24557,considerando,1
332_p2614,ley,25791,considerando,1
332_p2625,ley,23982,considerando,2
332_p2625,ley,24145,considerando,1
332_p2633,ley,19587,voto,1
332_p2633,ley,24557,voto,3
332_p2675,ley,1285,considerando,1
332_p2675,ley,25557,considerando,1
332_p2675,ley,25561,considerando,2
332_p2675,ley,1285,voto,1
332_p2675,ley,25561,voto,1
332_p2686,ley,25561,caratula,3
332_p2698,ley,25013,considerando,2
332_p2698,ley,20744,voto,1
332_p2698,ley,25013,voto,7
332_p2698,ley,25345,voto,1
332_p2715,ley,23551,considerando,9
332_p2715,ley,23551,voto,5
332_p2735,ley,23853,considerando,1
332_p2735,ley,23898,considerando,3
332_p2738,ley,1285,considerando,1
332_p2738,ley,24557,considerando,1
332_p2741,ley,19549,considerando,2
332_p2741,ley,25164,considerando,1
332_p2741,ley,19549,voto,3
332_p2741,ley,25164,voto,1
332_p2759,ley,15787,considerando,1
332_p2759,ley,20094,considerando,3
332_p2759,ley,15787,voto,1
332_p2759,ley,20094,voto,4
332_p2779,ley,24463,considerando,1
332_p2779,ley,24463,voto,1
332_p2783,ley,8024,considerando,9
332_p2783,ley,8472,considerando,4
332_p2783,ley,8575,considerando,1
332_p2783,ley,8576,considerando,2
332_p2797,ley,1285,considerando,1
332_p2797,ley,21839,considerando,1
332_p2797,ley,24432,considerando,1
332_p2801,ley,1285,considerando,1
332_p2801,ley,21708,considerando,1
332_p2801,ley,25344,considerando,1
332_p2806,ley,16986,considerando,1
332_p2806,ley,25453,considerando,1
332_p2806,ley,26181,considerando,1
332_p2806,ley,16986,voto,1
332_p2806,ley,25453,voto,1
332_p2806,ley,26181,voto,1
332_p2815,ley,4055,considerando,1
332_p2815,ley,4055,voto,1
332_p2835,ley,24642,considerando,1
332_p2835,ley,25344,voto,1
332_p2838,ley,1581,considerando,1
332_p2838,ley,23548,considerando,1
332_p2838,ley,3633,considerando,1
332_p2842,ley,12256,considerando,1
332_p2898,ley,16986,dispositivo,1
333_p9,ley,16986,considerando,2
333_p9,ley,23928,considerando,1
333_p9,ley,26563,considerando,1
333_p31,ley,23928,considerando,1
333_p31,ley,25561,considerando,2
333_p31,ley,21499,dispositivo,1
333_p31,ley,21499,voto,2
333_p39,ley,17319,considerando,7
333_p39,ley,24145,considerando,1
333_p39,ley,25561,considerando,1
333_p39,ley,25820,considerando,1
333_p39,ley,26197,considerando,3
333_p39,ley,11585,voto,1
333_p39,ley,17139,voto,1
333_p60,ley,26020,considerando,2
333_p60,ley,4468,considerando,2
333_p68,ley,18037,considerando,1
333_p68,ley,24016,considerando,2
333_p68,ley,24463,considerando,1
333_p68,ley,18037,voto,1
333_p68,ley,24016,voto,2
333_p68,ley,24463,voto,1
333_p71,ley,24241,considerando,4
333_p71,ley,24463,considerando,3
333_p71,ley,26153,considerando,1
333_p78,ley,18037,considerando,1
333_p78,ley,23278,considerando,6
333_p78,ley,24463,considerando,2
333_p78,ley,24736,considerando,1
333_p82,ley,1285,considerando,1
333_p82,ley,21708,considerando,1
333_p82,ley,23349,considerando,2
333_p86,ley,11683,considerando,4
333_p86,ley,1285,considerando,1
333_p95,ley,2533,considerando,1
333_p108,ley,16986,considerando,3
333_p108,ley,23928,considerando,2
333_p108,ley,25561,considerando,3
333_p108,ley,25570,considerando,1
333_p108,ley,25967,considerando,3
333_p108,ley,9774,considerando,1
333_p119,ley,12331,considerando,1
333_p119,ley,24364,considerando,1
333_p123,ley,23853,considerando,1
333_p138,ley,23982,considerando,2
333_p138,ley,25344,considerando,2
333_p138,ley,25565,considerando,1
333_p138,ley,25725,considerando,1
333_p138,ley,25827,considerando,1
333_p138,ley,23982,voto,2
333_p138,ley,25344,voto,1
333_p138,ley,25565,voto,1
333_p155,ley,11683,considerando,2
333_p155,ley,23658,considerando,1
333_p161,ley,11683,considerando,7
333_p161,ley,15265,considerando,1
333_p161,ley,19549,considerando,1
333_p171,ley,1285,considerando,2
333_p171,ley,21708,considerando,1
333_p171,ley,1285,voto,2
333_p171,ley,21708,voto,1
333_p203,ley,2873,considerando,1
333_p215,ley,21270,considerando,1
333_p215,ley,21499,considerando,5
333_p215,ley,23530,considerando,2
333_p215,ley,4459,considerando,1
333_p215,ley,21499,dispositivo,1
333_p215,ley,21499,voto,1
333_p215,ley,23530,voto,2
333_p225,ley,1285,considerando,2
333_p228,ley,11672,considerando,1
333_p228,ley,11683,considerando,3
333_p228,ley,19983,considerando,3
333_p228,ley,23290,considerando,1
333_p228,ley,23660,considerando,6
333_p228,ley,23661,considerando,1
333_p228,ley,24037,considerando,2
333_p228,ley,24156,considerando,1
333_p228,ley,25239,considerando,1
333_p228,ley,25827,considerando,1
333_p228,ley,19983,voto,1
333_p228,ley,23660,voto,3
333_p228,ley,24037,voto,1
333_p244,ley,25561,considerando,2
333_p244,ley,4738,considerando,3
333_p244,ley,5639,considerando,6
333_p244,ley,4738,dispositivo,1
333_p287,ley,18345,considerando,1
333_p287,ley,24588,considerando,1
333_p311,ley,24156,considerando,1
333_p311,ley,24938,considerando,1
333_p311,ley,25164,considerando,2
333_p311,ley,24938,voto,1
333_p329,ley,1285,considerando,1
333_p329,ley,21708,considerando,1
333_p329,ley,1285,voto,1
333_p329,ley,21708,voto,1
333_p335,ley,24156,considerando,2
333_p335,ley,24447,considerando,1
333_p335,ley,24156,voto,1
333_p335,ley,24447,voto,3
333_p360,ley,25675,considerando,1
333_p364,ley,23548,considerando,1
333_p373,ley,16986,considerando,4
333_p373,ley,23592,considerando,1
333_p385,ley,1285,considerando,1
333_p385,ley,25156,considerando,6
333_p385,ley,1285,voto,1
333_p385,ley,25156,voto,3
333_p385,ley,4055,voto,1
333_p405,ley,23737,dispositivo,1
333_p405,ley,23737,voto,2
333_p440,ley,26167,considerando,1
333_p440,ley,26497,considerando,3
333_p440,ley,26647,considerando,1
333_p440,ley,26647,dispositivo,1
333_p442,ley,22262,caratula,1
333_p447,ley,23928,considerando,7
333_p447,ley,25561,considerando,7
333_p447,ley,25820,considerando,1
333_p447,ley,25561,voto,1
333_p447,ley,25820,voto,1
333_p462,ley,25990,voto,1
333_p479,ley,1285,considerando,1
333_p479,ley,16986,considerando,1
333_p487,ley,22351,considerando,1
333_p498,ley,23264,considerando,1
333_p503,ley,1285,considerando,1
333_p503,ley,25344,considerando,1
333_p519,ley,23984,considerando,1
333_p519,ley,24121,considerando,2
333_p519,ley,24946,considerando,1
333_p538,ley,10397,considerando,2
333_p538,ley,12346,considerando,1
333_p538,ley,15336,considerando,1
333_p538,ley,18524,considerando,1
333_p538,ley,22146,considerando,1
333_p538,ley,22687,considerando,1
333_p538,ley,22780,considerando,1
333_p538,ley,22903,considerando,1
333_p538,ley,23495,considerando,1
333_p538,ley,24073,considerando,3
333_p538,ley,9420,considerando,1
333_p563,ley,24283,voto,1
333_p570,ley,1285,considerando,1
333_p570,ley,23482,considerando,1
333_p570,ley,24946,considerando,1
333_p570,ley,25018,considerando,3
333_p570,ley,25279,considerando,2
333_p570,ley,25675,considerando,1
333_p589,ley,24588,considerando,1
333_p589,ley,25761,considerando,1
333_p596,ley,25246,considerando,1
333_p596,ley,26215,considerando,1
333_p604,ley,23857,considerando,1
333_p633,ley,16986,caratula,1
333_p633,ley,20091,caratula,2
333_p633,ley,16986,considerando,1
333_p633,ley,20091,considerando,4
333_p633,ley,24309,considerando,1
333_p633,ley,25561,considerando,1
333_p633,ley,20091,voto,2
333_p633,ley,25561,voto,1
333_p633,ley,26122,voto,1
333_p662,ley,24240,caratula,1
333_p667,ley,24573,voto,1
333_p667,ley,25725,voto,1
333_p699,ley,14250,voto,1
333_p724,ley,24769,considerando,1
333_p735,ley,1285,voto,1
333_p735,ley,13047,voto,1
333_p735,ley,14467,voto,1
333_p735,ley,24714,voto,3
333_p735,ley,4055,voto,3
333_p748,ley,24051,voto,2
333_p748,ley,25612,voto,1
333_p748,ley,25675,voto,4
333_p748,ley,25765,voto,1
333_p769,ley,1285,considerando,1
333_p772,ley,24522,considerando,1
333_p777,ley,16986,caratula,1
333_p825,ley,1285,considerando,1
333_p825,ley,24522,considerando,2
333_p825,ley,26086,considerando,2
333_p828,ley,18037,considerando,4
333_p828,ley,23966,considerando,1
333_p828,ley,24016,considerando,6
333_p828,ley,24241,considerando,1
333_p828,ley,24463,considerando,2
333_p847,ley,25561,caratula,3
333_p855,ley,16986,caratula,1
333_p866,ley,23077,considerando,2
333_p866,ley,24660,considerando,1
333_p866,ley,25928,considerando,1
333_p866,ley,23077,voto,2
333_p866,ley,24660,voto,1
333_p866,ley,25928,voto,1
333_p914,ley,25798,considerando,4
333_p914,ley,26167,considerando,2
333_p914,ley,26167,dispositivo,1
333_p927,ley,24767,considerando,1
333_p927,ley,25304,considerando,2
333_p935,ley,11683,considerando,8
333_p935,ley,21526,considerando,1
333_p935,ley,23658,considerando,1
333_p935,ley,25239,considerando,6
333_p935,ley,25293,considerando,1
333_p935,ley,11683,dispositivo,1
333_p935,ley,25239,dispositivo,1
333_p935,ley,11683,voto,6
333_p935,ley,25239,voto,3
333_p993,ley,25063,caratula,3
333_p993,ley,25063,considerando,2
333_p993,ley,25063,voto,2
333_p1023,ley,26522,considerando,3
333_p1023,ley,26522,voto,2
333_p1088,ley,12573,voto,5
333_p1088,ley,24118,voto,1
333_p1133,ley,16986,caratula,1
333_p1179,ley,24767,considerando,6
333_p1205,ley,1160,considerando,1
333_p1205,ley,1160,voto,1
333_p1212,ley,16986,caratula,1
333_p1212,ley,26124,caratula,2
333_p1212,ley,26124,considerando,1
333_p1212,ley,26124,voto,1
333_p1217,ley,16986,caratula,1
333_p1217,ley,26122,caratula,2
333_p1217,ley,16986,considerando,1
333_p1217,ley,26124,considerando,1
333_p1244,ley,25565,considerando,1
333_p1251,ley,26124,caratula,2
333_p1251,ley,16986,considerando,1
333_p1251,ley,23853,considerando,1
333_p1251,ley,23898,considerando,1
333_p1251,ley,26124,considerando,1
333_p1254,ley,26122,caratula,2
333_p1254,ley,23853,considerando,1
333_p1254,ley,23898,considerando,1
333_p1273,ley,24441,considerando,6
333_p1279,ley,10606,dispositivo,1
333_p1279,ley,11328,dispositivo,1
333_p1279,ley,10606,voto,2
333_p1279,ley,11328,voto,1
333_p1279,ley,16463,voto,1
333_p1279,ley,17565,voto,2
333_p1279,ley,22164,voto,1
333_p1304,ley,20416,considerando,1
333_p1304,ley,23896,considerando,1
333_p1309,ley,23928,considerando,1
333_p1309,ley,25344,considerando,2
333_p1316,ley,25561,considerando,1
333_p1316,ley,25798,considerando,1
333_p1316,ley,26167,considerando,4
333_p1316,ley,26497,considerando,2
333_p1318,ley,25344,considerando,2
333_p1318,ley,23982,voto,4
333_p1318,ley,25344,voto,2
333_p1325,ley,4923,considerando,2
333_p1354,ley,22969,considerando,1
333_p1354,ley,23982,considerando,1
333_p1354,ley,25344,considerando,2
333_p1361,ley,23643,considerando,5
333_p1361,ley,23653,considerando,1
333_p1361,ley,9688,considerando,9
333_p1361,ley,23643,voto,3
333_p1361,ley,23653,voto,1
333_p1361,ley,9688,voto,4
333_p1376,ley,26061,considerando,1
333_p1386,ley,17319,considerando,3
333_p1386,ley,21778,considerando,1
333_p1386,ley,26197,considerando,1
333_p1386,ley,17319,voto,1
333_p1386,ley,26197,voto,1
333_p1404,ley,1285,considerando,1
333_p1404,ley,25344,considerando,1
333_p1433,ley,24557,voto,3
333_p1446,ley,10397,considerando,1
333_p1446,ley,1285,considerando,1
333_p1446,ley,13404,considerando,2
333_p1446,ley,13613,considerando,3
333_p1446,ley,10397,voto,1
333_p1446,ley,13404,voto,2
333_p1446,ley,13613,voto,1
333_p1467,ley,26167,considerando,2
333_p1467,ley,26497,considerando,5
333_p1467,ley,26497,dispositivo,1
333_p1474,ley,26618,considerando,2
333_p1613,ley,25637,considerando,1
333_p1613,ley,25637,voto,1
333_p1623,ley,1285,considerando,1
333_p1623,ley,14574,considerando,1
333_p1623,ley,21708,considerando,1
333_p1643,ley,18695,caratula,1
333_p1643,ley,18695,considerando,4
333_p1674,ley,23737,caratula,1
333_p1674,ley,23737,considerando,3
333_p1735,ley,1638,considerando,1
333_p1784,ley,26160,considerando,1
333_p1784,ley,7543,considerando,3
333_p1805,ley,23737,considerando,1
333_p1808,ley,1893,considerando,1
333_p1817,ley,11683,considerando,1
333_p1817,ley,1285,considerando,1
333_p1820,ley,1285,considerando,1
333_p1820,ley,23549,considerando,1
333_p1820,ley,23551,considerando,6
333_p1820,ley,25920,considerando,3
333_p1820,ley,23349,voto,1
333_p1820,ley,23551,voto,1
333_p1820,ley,23660,voto,1
333_p1820,ley,25920,voto,2
333_p1841,ley,20628,considerando,2
333_p1841,ley,24631,considerando,1
333_p1841,ley,7543,considerando,3
333_p1849,ley,25675,voto,1
333_p1863,ley,14250,considerando,1
333_p1863,ley,25237,considerando,1
333_p1885,ley,22285,considerando,2
333_p1885,ley,26522,considerando,10
333_p1891,ley,5140,considerando,2
333_p1891,ley,6619,considerando,1
333_p1891,ley,6756,considerando,1
333_p1909,ley,21965,considerando,4
333_p1930,ley,1285,considerando,3
333_p1930,ley,14467,considerando,3
333_p1930,ley,2372,considerando,2
333_p1930,ley,24050,considerando,1
333_p1930,ley,24767,considerando,6
333_p1942,ley,11683,considerando,1
333_p1942,ley,1285,considerando,1
333_p1942,ley,23349,considerando,1
333_p1942,ley,23871,considerando,2
333_p1946,ley,25561,considerando,1
333_p1946,ley,25820,considerando,1
333_p1959,ley,24015,considerando,1
333_p1966,ley,25126,considerando,1
333_p1987,ley,22415,caratula,1
333_p1987,ley,22021,considerando,1
333_p1987,ley,22415,considerando,1
333_p1987,ley,23771,considerando,1
333_p2001,ley,19549,considerando,1
333_p2001,ley,19549,voto,2
333_p2055,ley,21768,considerando,1
333_p2065,ley,11586,considerando,1
333_p2065,ley,11682,considerando,1
333_p2065,ley,11683,considerando,1
333_p2065,ley,1285,considerando,1
333_p2065,ley,12922,considerando,1
333_p2065,ley,14338,considerando,1
333_p2065,ley,2072,considerando,1
333_p2065,ley,21526,considerando,1
333_p2065,ley,24144,considerando,1
333_p2136,ley,18037,considerando,1
333_p2136,ley,18464,considerando,2
333_p2136,ley,20572,considerando,1
333_p2136,ley,24463,considerando,2
333_p2136,ley,26153,considerando,1
333_p2136,ley,26153,dispositivo,1
333_p2136,ley,18037,voto,1
333_p2136,ley,18464,voto,2
333_p2136,ley,20572,voto,1
333_p2136,ley,24463,voto,2
333_p2136,ley,26153,voto,1
333_p2141,ley,19101,considerando,1
333_p2141,ley,23109,considerando,1
333_p2141,ley,23848,considerando,3
333_p2141,ley,24343,considerando,1
333_p2141,ley,24892,considerando,1
333_p2141,ley,23109,voto,1
333_p2141,ley,23848,voto,2
333_p2141,ley,24343,voto,1
333_p2141,ley,24652,voto,1
333_p2141,ley,24892,voto,1
333_p2156,ley,16463,considerando,1
333_p2156,ley,26364,considerando,1
333_p2159,ley,11683,considerando,1
333_p2159,ley,14772,considerando,6
333_p2159,ley,15336,considerando,2
333_p2184,ley,21526,voto,1
333_p2208,ley,19550,voto,1
333_p2208,ley,20488,voto,1
333_p2222,ley,23548,considerando,1
333_p2237,ley,23551,considerando,1
333_p2237,ley,23853,considerando,1
333_p2237,ley,25561,considerando,1
333_p2237,ley,7125,considerando,6
333_p2237,ley,7125,dispositivo,1
333_p2237,ley,23928,voto,1
333_p2237,ley,4322,voto,2
333_p2237,ley,5082,voto,4
333_p2237,ley,7125,voto,1
333_p2261,ley,1285,considerando,1
333_p2261,ley,19551,considerando,2
333_p2261,ley,21526,considerando,1
333_p2261,ley,21708,considerando,1
333_p2261,ley,22529,considerando,3
333_p2261,ley,24522,considerando,1
333_p2271,ley,11683,voto,8
333_p2271,ley,24946,voto,4
333_p2271,ley,25239,voto,6
333_p2296,ley,23592,considerando,3
333_p2306,ley,23592,considerando,7
333_p2306,ley,25212,considerando,1
333_p2306,ley,23592,voto,4
333_p2335,ley,19549,considerando,1
333_p2335,ley,24552,considerando,1
333_p2338,ley,18037,considerando,3
333_p2338,ley,2344,considerando,1
333_p2338,ley,24241,considerando,6
333_p2338,ley,24463,considerando,1
333_p2367,ley,24922,considerando,6
333_p2367,ley,2632,considerando,10
333_p2367,ley,2632,dispositivo,1
333_p2367,ley,17094,voto,2
333_p2367,ley,24922,voto,1
333_p2367,ley,2632,voto,3
333_p2396,ley,23849,considerando,1
333_p2396,ley,23857,considerando,1
333_p2396,ley,744301,considerando,2
333_p2426,ley,26061,considerando,1
333_p2439,ley,23982,considerando,1
333_p2439,ley,23982,voto,1
334_p5,ley,1285,considerando,1
334_p13,ley,21526,considerando,9
334_p13,ley,24144,considerando,1
334_p13,ley,24522,considerando,5
334_p13,ley,24627,considerando,1
334_p13,ley,25589,considerando,5
334_p13,ley,25780,considerando,4
334_p30,ley,16986,caratula,1
334_p53,ley,11682,considerando,1
334_p53,ley,11683,considerando,1
334_p53,ley,1285,considerando,1
334_p53,ley,17319,considerando,1
334_p53,ley,20628,considerando,6
334_p62,ley,1285,considerando,1
334_p62,ley,19549,considerando,1
334_p62,ley,21839,considerando,1
334_p95,ley,1285,considerando,1
334_p95,ley,19184,considerando,1
334_p95,ley,24447,considerando,1
334_p95,ley,19184,voto,1
334_p109,ley,16986,caratula,1
334_p109,ley,16986,considerando,1
334_p139,ley,19798,caratula,2
334_p187,ley,11723,considerando,1
334_p187,ley,25140,considerando,1
334_p198,ley,16986,considerando,1
334_p198,ley,24463,considerando,2
334_p198,ley,26198,considerando,1
334_p198,ley,26417,considerando,1
334_p210,ley,18037,considerando,1
334_p210,ley,24463,considerando,3
334_p210,ley,25561,considerando,1
334_p210,ley,26153,considerando,2
334_p210,ley,26153,dispositivo,1
334_p236,ley,25156,considerando,3
334_p240,ley,23554,considerando,1
334_p240,ley,4807,considerando,1
334_p240,ley,5463,considerando,2
334_p240,ley,6045,considerando,1
334_p240,ley,23554,voto,1
334_p240,ley,6045,voto,1
334_p249,ley,11683,considerando,4
334_p249,ley,1285,considerando,1
334_p256,ley,24043,caratula,2
334_p275,ley,14777,considerando,1
334_p275,ley,19101,considerando,9
334_p287,ley,18345,considerando,1
334_p287,ley,18345,voto,1
334_p312,ley,21526,considerando,2
334_p312,ley,24144,considerando,1
334_p312,ley,24441,considerando,10
334_p312,ley,24485,considerando,3
334_p312,ley,25780,considerando,3
334_p349,ley,1285,considerando,1
334_p349,ley,23982,considerando,1
334_p349,ley,25344,considerando,1
334_p362,ley,24767,considerando,4
334_p419,ley,1996,considerando,1
334_p419,ley,24946,considerando,1
334_p419,ley,26061,considerando,1
334_p434,ley,24241,considerando,1
334_p434,ley,6486,considerando,4
334_p445,ley,25326,considerando,3
334_p445,ley,25520,considerando,2
334_p490,ley,2148,considerando,3
334_p490,ley,2148,voto,5
334_p509,ley,23928,considerando,1
334_p516,ley,21526,considerando,1
334_p516,ley,23928,considerando,1
334_p516,ley,25561,considerando,3
334_p516,ley,25967,considerando,1
334_p541,ley,23928,voto,2
334_p552,ley,23619,considerando,3
334_p559,ley,25892,considerando,2
334_p573,ley,20429,considerando,1
334_p573,ley,24557,considerando,1
334_p596,ley,16986,considerando,6
334_p596,ley,25561,considerando,7
334_p596,ley,25570,considerando,2
334_p596,ley,25725,considerando,2
334_p596,ley,25967,considerando,1
334_p596,ley,26017,considerando,1
334_p596,ley,3311,considerando,5
334_p596,ley,25561,voto,4
334_p596,ley,25565,voto,1
334_p596,ley,25570,voto,2
334_p596,ley,25725,voto,2
334_p596,ley,25967,voto,1
334_p596,ley,26017,voto,1
334_p596,ley,3311,voto,1
334_p626,ley,12346,considerando,2
334_p626,ley,8669,considerando,2
334_p626,ley,12346,voto,2
334_p626,ley,8669,voto,2
334_p666,ley,24767,considerando,4
334_p666,ley,24767,voto,2
334_p698,ley,24240,considerando,1
334_p698,ley,25561,considerando,5
334_p698,ley,24240,voto,2
334_p698,ley,25561,voto,7
334_p715,ley,25243,considerando,1
334_p715,ley,25675,considerando,3
334_p715,ley,26639,considerando,5
334_p754,ley,16986,considerando,1
334_p763,ley,11683,considerando,1
334_p763,ley,1285,considerando,1
334_p763,ley,23349,considerando,2
334_p763,ley,23871,considerando,1
334_p763,ley,24447,considerando,1
334_p763,ley,24447,voto,1
334_p778,ley,3467,considerando,7
334_p778,ley,4463,considerando,1
334_p778,ley,4464,considerando,3
334_p778,ley,24463,dispositivo,1
334_p784,ley,11683,considerando,5
334_p784,ley,20628,considerando,1
334_p784,ley,24769,considerando,1
334_p784,ley,26476,considerando,1
334_p799,ley,25561,considerando,3
334_p799,ley,25972,considerando,1
334_p799,ley,25561,voto,12
334_p799,ley,25972,voto,3
334_p829,ley,24241,considerando,1
334_p829,ley,24421,considerando,1
334_p837,ley,1285,considerando,1
334_p837,ley,21708,considerando,1
334_p837,ley,25344,considerando,1
334_p842,ley,1285,considerando,1
334_p842,ley,23982,considerando,1
334_p842,ley,25344,considerando,1
334_p842,ley,25561,considerando,1
334_p842,ley,25967,considerando,1
334_p842,ley,26017,considerando,1
334_p842,ley,26378,considerando,2
334_p875,ley,11683,voto,2
334_p875,ley,23966,voto,1
334_p875,ley,25585,voto,1
334_p896,ley,24937,considerando,1
334_p896,ley,25488,considerando,1
334_p902,ley,4366,considerando,1
334_p902,ley,6582,considerando,2
334_p902,ley,6583,considerando,1
334_p913,ley,26061,considerando,1
334_p913,ley,24946,dispositivo,1
334_p941,ley,1285,considerando,1
334_p941,ley,21708,considerando,1
334_p941,ley,24076,considerando,12
334_p941,ley,24348,considerando,2
334_p965,ley,11683,considerando,1
334_p965,ley,1285,considerando,1
334_p965,ley,17418,considerando,2
334_p965,ley,20091,considerando,1
334_p996,ley,7290,dispositivo,1
334_p1018,ley,1285,considerando,1
334_p1018,ley,25561,considerando,1
334_p1033,ley,1285,considerando,1
334_p1041,ley,1285,considerando,1
334_p1041,ley,21708,considerando,1
334_p1043,ley,11683,considerando,1
334_p1043,ley,19549,considerando,1
334_p1043,ley,22021,considerando,1
334_p1047,ley,11683,considerando,1
334_p1047,ley,1285,considerando,1
334_p1047,ley,22016,considerando,1
334_p1047,ley,23871,considerando,1
334_p1063,ley,1612,considerando,1
334_p1063,ley,23492,considerando,1
334_p1063,ley,2372,considerando,1
334_p1063,ley,24767,considerando,6
334_p1063,ley,25126,considerando,1
334_p1063,ley,25779,considerando,2
334_p1070,ley,1285,considerando,1
334_p1070,ley,1285,voto,1
334_p1074,ley,1285,considerando,1
334_p1074,ley,21708,considerando,1
334_p1074,ley,24098,considerando,2
334_p1074,ley,24315,considerando,4
334_p1081,ley,25344,considerando,2
334_p1099,ley,16986,caratula,1
334_p1099,ley,24411,caratula,2
334_p1106,ley,25675,considerando,1
334_p1123,ley,1182,considerando,1
334_p1123,ley,24588,considerando,1
334_p1143,ley,10699,considerando,1
334_p1143,ley,11273,considerando,2
334_p1143,ley,11354,considerando,1
334_p1143,ley,1285,considerando,2
334_p1143,ley,16986,considerando,1
334_p1143,ley,25675,considerando,4
334_p1143,ley,9164,considerando,2
334_p1143,ley,25675,voto,1
334_p1162,ley,17319,considerando,1
334_p1162,ley,2453,considerando,2
334_p1162,ley,26197,considerando,1
334_p1162,ley,2453,dispositivo,1
334_p1172,ley,18037,voto,1
334_p1172,ley,18464,voto,4
334_p1172,ley,24018,voto,1
334_p1172,ley,24241,voto,1
334_p1172,ley,24463,voto,2
334_p1182,ley,11683,considerando,4
334_p1182,ley,1285,considerando,1
334_p1187,ley,16986,caratula,1
334_p1193,ley,11683,considerando,1
334_p1193,ley,1285,considerando,1
334_p1193,ley,23771,considerando,1
334_p1204,ley,24632,voto,1
334_p1204,ley,26485,voto,2
334_p1216,ley,24660,considerando,6
334_p1231,ley,11683,considerando,6
334_p1231,ley,1285,considerando,1
334_p1231,ley,24522,considerando,2
334_p1237,ley,16986,considerando,1
334_p1237,ley,24946,considerando,1
334_p1237,ley,16986,dispositivo,1
334_p1237,ley,25344,dispositivo,1
334_p1239,ley,25732,caratula,2
334_p1239,ley,25732,considerando,2
334_p1241,ley,19549,considerando,1
334_p1241,ley,21526,considerando,7
334_p1241,ley,21526,voto,3
334_p1264,ley,11683,voto,1
334_p1272,ley,25561,considerando,1
334_p1272,ley,25798,considerando,4
334_p1272,ley,25908,considerando,1
334_p1272,ley,26167,considerando,4
334_p1272,ley,26497,considerando,2
334_p1272,ley,25798,dispositivo,1
334_p1276,ley,17838,considerando,1
334_p1276,ley,19628,considerando,1
334_p1276,ley,19812,considerando,1
334_p1276,ley,25326,considerando,10
334_p1276,ley,27489,considerando,1
334_p1276,ley,8078,considerando,1
334_p1287,ley,26378,considerando,1
334_p1327,ley,25326,considerando,10
334_p1346,ley,11089,considerando,3
334_p1346,ley,11291,considerando,1
334_p1346,ley,2419,considerando,1
334_p1346,ley,24241,considerando,1
334_p1346,ley,26425,considerando,1
334_p1346,ley,4889,considerando,5
334_p1346,ley,6729,considerando,6
334_p1361,ley,11672,considerando,3
334_p1361,ley,1285,considerando,1
334_p1361,ley,23982,considerando,7
334_p1361,ley,25344,considerando,1
334_p1372,ley,23187,voto,3
334_p1372,ley,24452,voto,1
334_p1372,ley,24760,voto,1
334_p1387,ley,23592,considerando,4
334_p1412,ley,19549,considerando,1
334_p1412,ley,24521,considerando,2
334_p1437,ley,19549,considerando,1
334_p1472,ley,23548,considerando,1
334_p1580,ley,14772,considerando,1
334_p1580,ley,15336,considerando,4
334_p1580,ley,24065,considerando,8
334_p1609,ley,22262,considerando,2
334_p1609,ley,25156,considerando,5
334_p1659,ley,25126,considerando,1
334_p1659,ley,25126,voto,4
334_p1703,ley,25561,considerando,1
334_p1703,ley,25561,voto,2
334_p1754,ley,16986,caratula,1
334_p1754,ley,25675,considerando,1
334_p1754,ley,26331,considerando,5
334_p1754,ley,7107,considerando,1
334_p1754,ley,7543,considerando,4
334_p1754,ley,7543,dispositivo,1
334_p1791,ley,8085,considerando,1
334_p1808,ley,1285,considerando,1
334_p1808,ley,19549,considerando,1
334_p1808,ley,20628,considerando,1
334_p1808,ley,21526,considerando,2
334_p1821,ley,17418,considerando,1
334_p1821,ley,23184,considerando,2
334_p1821,ley,24192,considerando,1
334_p1842,ley,15336,considerando,5
334_p1876,ley,1285,considerando,1
334_p1876,ley,1285,voto,1
334_p1897,ley,22250,considerando,4
334_p1903,ley,11683,considerando,1
334_p1903,ley,1285,considerando,1
334_p1903,ley,24073,considerando,3
334_p1909,ley,19549,considerando,5
334_p1909,ley,24156,considerando,3
334_p1920,ley,24767,considerando,1
337_p23,ley,26160,considerando,4
337_p23,ley,26160,voto,3
337_p37,ley,16648,considerando,4
337_p37,ley,25188,considerando,5
337_p47,ley,16986,caratula,2
337_p47,ley,26522,considerando,1
337_p47,ley,24946,voto,1
337_p47,ley,26522,voto,1
337_p58,ley,11683,considerando,5
337_p58,ley,1285,considerando,1
337_p58,ley,11683,dispositivo,1
337_p88,ley,13577,considerando,1
337_p88,ley,22016,considerando,2
337_p88,ley,23548,considerando,1
337_p97,ley,25156,considerando,5
337_p112,ley,19549,voto,2
337_p119,ley,11683,considerando,1
337_p119,ley,1285,considerando,1
337_p119,ley,20628,considerando,1
337_p123,ley,11683,considerando,7
337_p123,ley,23349,considerando,1
337_p133,ley,1285,considerando,1
337_p133,ley,21708,considerando,1
337_p133,ley,24946,considerando,1
337_p133,ley,25561,considerando,1
337_p133,ley,25565,considerando,1
337_p133,ley,26017,considerando,1
337_p149,ley,24522,considerando,3
337_p149,ley,25284,considerando,5
337_p154,ley,23226,considerando,1
337_p154,ley,24241,considerando,1
337_p154,ley,24411,considerando,7
337_p154,ley,24441,considerando,1
337_p154,ley,24823,considerando,5
337_p166,ley,16986,caratula,2
337_p166,ley,16986,considerando,1
337_p166,ley,24937,considerando,2
337_p166,ley,26080,considerando,5
337_p166,ley,26855,considerando,1
337_p166,ley,26080,voto,3
337_p166,ley,26855,voto,2
337_p196,ley,24240,caratula,2
337_p196,ley,24240,considerando,2
337_p205,ley,1029,voto,1
337_p205,ley,1355,voto,1
337_p205,ley,24240,voto,9
337_p205,ley,25065,voto,3
337_p222,ley,10592,considerando,1
337_p222,ley,26378,considerando,1
337_p234,ley,21526,considerando,2
337_p234,ley,24144,considerando,1
337_p234,ley,26739,considerando,2
337_p234,ley,8293,considerando,6
337_p234,ley,9376,considerando,2
337_p234,ley,9912,considerando,5
337_p256,ley,16986,caratula,2
337_p256,ley,25152,considerando,1
337_p256,ley,25326,considerando,15
337_p256,ley,26097,considerando,1
337_p256,ley,25326,voto,4
337_p291,ley,17811,voto,5
337_p291,ley,19549,voto,1
337_p307,ley,25790,voto,2
337_p315,ley,13560,considerando,1
337_p315,ley,19551,considerando,1
337_p315,ley,24285,considerando,4
337_p315,ley,24522,considerando,2
337_p315,ley,24285,voto,1
337_p329,ley,24449,considerando,2
337_p329,ley,26361,considerando,2
337_p339,ley,24411,considerando,2
337_p339,ley,25967,considerando,4
337_p346,ley,11683,considerando,7
337_p346,ley,24769,considerando,3
337_p354,ley,13569,considerando,1
337_p354,ley,23077,considerando,1
337_p354,ley,25990,considerando,5
337_p365,ley,20744,considerando,1
337_p365,ley,23041,considerando,7
337_p373,ley,11683,considerando,2
337_p373,ley,19550,considerando,1
337_p373,ley,23458,considerando,1
337_p373,ley,23982,considerando,1
337_p373,ley,24073,considerando,2
337_p373,ley,24463,considerando,2
337_p373,ley,24578,considerando,1
337_p388,ley,22415,considerando,3
337_p388,ley,25148,considerando,4
337_p388,ley,25561,considerando,2
337_p388,ley,25645,considerando,5
337_p388,ley,25918,considerando,1
337_p388,ley,26519,considerando,1
337_p388,ley,25561,voto,2
337_p448,ley,17811,considerando,2
337_p469,ley,21499,considerando,2
337_p486,ley,11683,considerando,2
337_p486,ley,1285,considerando,1
337_p486,ley,20631,considerando,2
337_p486,ley,21526,considerando,2
337_p492,ley,16986,caratula,1
337_p505,ley,24660,considerando,3
337_p505,ley,26855,considerando,1
337_p518,ley,11683,considerando,5
337_p518,ley,23660,considerando,3
337_p518,ley,24447,considerando,3
337_p530,ley,1285,considerando,1
337_p530,ley,21708,considerando,1
337_p530,ley,23473,considerando,2
337_p530,ley,23848,considerando,1
337_p530,ley,24463,considerando,12
337_p530,ley,24655,considerando,1
337_p530,ley,24463,dispositivo,2
337_p530,ley,1285,voto,2
337_p530,ley,13998,voto,1
337_p530,ley,14467,voto,1
337_p530,ley,24463,voto,2
337_p548,ley,1285,considerando,1
337_p548,ley,21708,considerando,1
337_p548,ley,1285,voto,2
337_p548,ley,21708,voto,2
337_p580,ley,24754,considerando,1
337_p580,ley,24901,considerando,1
337_p590,ley,24946,considerando,1
337_p611,ley,26485,considerando,1
337_p627,ley,16986,considerando,1
337_p627,ley,25675,considerando,4
337_p627,ley,26331,considerando,1
337_p627,ley,9814,considerando,1
337_p647,ley,1258,considerando,1
337_p647,ley,23101,considerando,1
337_p647,ley,24674,considerando,5
337_p647,ley,26474,considerando,1
337_p647,ley,2774,considerando,1
337_p647,ley,3764,considerando,2
337_p654,ley,26862,considerando,1
337_p675,ley,24043,caratula,2
337_p675,ley,24043,considerando,1
337_p692,ley,11683,considerando,7
337_p692,ley,1285,considerando,1
337_p692,ley,20628,considerando,1
337_p692,ley,24769,considerando,1
337_p703,ley,19640,considerando,4
337_p703,ley,25561,considerando,6
337_p703,ley,26217,considerando,4
337_p712,ley,22804,considerando,5
337_p712,ley,24049,considerando,8
337_p712,ley,4762,considerando,1
337_p748,ley,24642,considerando,3
337_p753,ley,24240,considerando,4
337_p753,ley,24946,considerando,1
337_p762,ley,24240,considerando,4
337_p762,ley,24946,considerando,1
337_p771,ley,16986,caratula,2
337_p771,ley,24314,considerando,1
337_p822,ley,13405,considerando,1
337_p822,ley,13529,considerando,1
337_p822,ley,21526,considerando,1
337_p822,ley,22172,considerando,1
337_p822,ley,9618,considerando,1
337_p843,ley,13642,considerando,2
337_p843,ley,25675,considerando,1
337_p843,ley,25676,considerando,1
337_p843,ley,26168,considerando,4
337_p850,ley,1285,considerando,1
337_p850,ley,17091,considerando,1
337_p858,ley,19789,considerando,1
337_p858,ley,19798,considerando,8
337_p858,ley,22016,considerando,3
337_p858,ley,4470,considerando,1
337_p877,ley,16986,caratula,2
337_p877,ley,26095,caratula,2
337_p877,ley,16986,considerando,1
337_p877,ley,24076,considerando,2
337_p877,ley,26095,considerando,4
337_p939,ley,1285,considerando,1
337_p948,ley,20628,considerando,1
337_p948,ley,20631,considerando,1
337_p948,ley,25063,considerando,1
337_p948,ley,20628,voto,1
337_p948,ley,25063,voto,1
337_p966,ley,23660,caratula,2
337_p966,ley,22250,considerando,3
337_p966,ley,23660,considerando,15
337_p966,ley,23661,considerando,13
337_p966,ley,24013,considerando,1
337_p966,ley,25371,considerando,2
337_p993,ley,11683,considerando,1
337_p993,ley,20628,considerando,3
337_p993,ley,24043,voto,2
337_p1006,ley,24043,caratula,1
337_p1006,ley,24043,considerando,7
337_p1006,ley,24436,considerando,1
337_p1013,ley,1285,considerando,5
337_p1013,ley,14467,considerando,1
337_p1013,ley,21708,considerando,5
337_p1013,ley,23928,considerando,5
337_p1013,ley,25561,considerando,1
337_p1013,ley,26536,considerando,1
337_p1013,ley,4055,considerando,5
337_p1013,ley,21708,dispositivo,1
337_p1024,ley,16986,considerando,1
337_p1024,ley,20680,considerando,2
337_p1024,ley,24240,considerando,3
337_p1024,ley,26361,considerando,1
337_p1024,ley,16986,voto,1
337_p1024,ley,24240,voto,1
337_p1037,ley,18038,considerando,1
337_p1037,ley,19549,considerando,1
337_p1037,ley,24241,considerando,2
337_p1037,ley,25994,considerando,1
337_p1042,ley,24156,considerando,2
337_p1042,ley,24241,considerando,2
337_p1042,ley,24447,considerando,1
337_p1042,ley,24557,considerando,2
337_p1042,ley,25345,considerando,6
337_p1042,ley,25401,considerando,4
337_p1081,ley,7050,considerando,5
337_p1095,ley,24043,caratula,2
337_p1108,ley,16986,considerando,2
337_p1108,ley,4444,considerando,1
337_p1117,ley,25063,considerando,1
337_p1117,ley,25414,considerando,1
337_p1117,ley,26982,considerando,1
337_p1136,ley,23982,considerando,1
337_p1136,ley,25827,considerando,3
337_p1136,ley,25967,considerando,1
337_p1136,ley,26546,considerando,4
337_p1136,ley,26728,considerando,1
337_p1142,ley,1285,considerando,1
337_p1142,ley,23592,considerando,1
337_p1142,ley,1285,voto,1
337_p1142,ley,23592,voto,2
337_p1152,ley,16986,caratula,2
337_p1174,ley,11723,considerando,2
337_p1174,ley,12965,considerando,1
337_p1174,ley,17336,considerando,1
337_p1174,ley,20345,considerando,1
337_p1174,ley,26032,considerando,1
337_p1174,ley,11723,voto,2
337_p1217,ley,24767,considerando,1
337_p1217,ley,25126,considerando,2
337_p1234,ley,23982,considerando,8
337_p1234,ley,25646,considerando,1
337_p1234,ley,25967,considerando,2
337_p1234,ley,26546,considerando,1
337_p1234,ley,26728,considerando,3
337_p1263,ley,23548,considerando,2
337_p1263,ley,8034,considerando,1
337_p1263,ley,8149,considerando,1
337_p1277,ley,24241,considerando,1
337_p1277,ley,26417,considerando,1
337_p1289,ley,11922,considerando,1
337_p1307,ley,25561,considerando,1
337_p1307,ley,25565,considerando,1
337_p1307,ley,25725,considerando,1
337_p1307,ley,26017,considerando,1
337_p1307,ley,26078,considerando,2
337_p1323,ley,24521,considerando,8
337_p1323,ley,24521,voto,3
337_p1337,ley,21965,considerando,1
337_p1337,ley,25164,considerando,2
337_p1337,ley,6581,considerando,5
337_p1361,ley,13928,considerando,1
337_p1361,ley,14192,considerando,1
337_p1361,ley,18284,considerando,1
337_p1361,ley,24240,considerando,1
337_p1361,ley,25675,considerando,1
337_p1375,ley,25561,considerando,6
337_p1375,ley,25790,considerando,1
337_p1393,ley,17319,considerando,1
337_p1393,ley,24076,considerando,9
337_p1393,ley,25561,considerando,1
337_p1403,ley,23551,caratula,2
337_p1403,ley,23551,considerando,1
337_p1408,ley,13064,considerando,2
337_p1408,ley,17804,considerando,2
337_p1420,ley,25612,considerando,1
337_p1420,ley,25675,considerando,7
337_p1439,ley,16986,considerando,1
337_p1439,ley,23919,considerando,1
337_p1439,ley,24375,considerando,1
337_p1439,ley,25675,considerando,2
337_p1439,ley,26815,considerando,1
337_p1439,ley,9603,considerando,1
337_p1447,ley,16986,considerando,1
337_p1447,ley,24521,considerando,1
337_p1447,ley,25675,considerando,3
337_p1451,ley,23981,considerando,2
337_p1451,ley,26795,considerando,1
337_p1464,ley,10397,considerando,1
337_p1464,ley,13404,considerando,1
337_p1464,ley,13613,considerando,4
337_p1464,ley,14333,considerando,1
337_p1464,ley,14357,considerando,3
337_p1464,ley,14394,considerando,1
337_p1491,ley,19550,considerando,1
337_p1494,ley,23548,considerando,1
337_p1503,ley,1285,considerando,2
337_p1503,ley,19550,considerando,2
337_p1503,ley,2747,considerando,1
337_p1511,ley,19550,considerando,6
337_p1511,ley,23966,considerando,3
337_p1511,ley,25063,considerando,1
337_p1511,ley,25585,considerando,7
337_p1521,ley,18037,considerando,1
337_p1521,ley,18464,considerando,1
337_p1521,ley,18037,voto,1
337_p1521,ley,18464,voto,1
337_p1530,ley,16338,considerando,1
337_p1530,ley,16638,considerando,1
337_p1530,ley,24432,considerando,1
337_p1540,ley,26639,considerando,3
337_p1548,ley,23660,considerando,1
337_p1548,ley,23661,considerando,2
337_p1555,ley,20744,considerando,1
337_p1555,ley,23898,considerando,1
337_p1555,ley,24557,considerando,1
337_p1564,ley,24241,considerando,4
337_p1564,ley,26425,considerando,13
337_p1564,ley,26425,dispositivo,1
337_p1564,ley,26425,voto,3
337_p1581,ley,19101,considerando,3
338_p29,ley,22431,considerando,2
338_p29,ley,24658,considerando,1
338_p40,ley,24240,dispositivo,1
338_p48,ley,22802,considerando,4
338_p68,ley,23098,considerando,2
338_p80,ley,25675,considerando,7
338_p88,ley,13512,considerando,1
338_p88,ley,20628,considerando,1
338_p102,ley,17285,considerando,4
338_p113,ley,1285,considerando,1
338_p113,ley,19549,considerando,4
338_p113,ley,21391,considerando,1
338_p113,ley,21708,considerando,1
338_p123,ley,23349,considerando,1
338_p123,ley,24522,considerando,1
338_p130,ley,1559,considerando,3
338_p141,ley,13965,considerando,1
338_p141,ley,23660,considerando,1
338_p141,ley,23661,considerando,1
338_p141,ley,13945,dispositivo,1
338_p148,ley,24241,considerando,3
338_p155,ley,14467,considerando,2
338_p155,ley,6070,considerando,2
338_p161,ley,1285,considerando,1
338_p161,ley,21708,considerando,1
338_p169,ley,11683,considerando,5
338_p169,ley,1285,considerando,1
338_p176,ley,25156,caratula,2
338_p193,ley,25743,caratula,1
338_p203,ley,23548,considerando,1
338_p203,ley,24760,considerando,1
338_p212,ley,4233,considerando,1
338_p221,ley,23551,considerando,3
338_p234,ley,22262,considerando,9
338_p234,ley,24307,considerando,1
338_p234,ley,25156,considerando,8
338_p234,ley,4055,considerando,1
338_p234,ley,25156,voto,1
338_p234,ley,26993,voto,1
338_p249,ley,5233,considerando,1
338_p249,ley,7469,considerando,4
338_p249,ley,8340,considerando,1
338_p249,ley,8917,considerando,1
338_p249,ley,7469,voto,1
338_p284,ley,1285,considerando,6
338_p284,ley,14467,considerando,5
338_p284,ley,26855,considerando,1
338_p298,ley,21526,considerando,5
338_p298,ley,24144,considerando,1
338_p298,ley,24485,considerando,2
338_p313,ley,18588,considerando,1
338_p313,ley,19640,considerando,4
338_p340,ley,26061,caratula,2
338_p349,ley,26167,considerando,2
338_p349,ley,26497,considerando,6
338_p353,ley,1285,considerando,2
338_p362,ley,12103,considerando,1
338_p362,ley,14294,considerando,1
338_p362,ley,19549,considerando,1
338_p362,ley,21809,considerando,1
338_p362,ley,22351,considerando,7
338_p362,ley,25675,considerando,1
338_p386,ley,26476,voto,4
338_p399,ley,4917,considerando,2
338_p399,ley,4917,dispositivo,1
338_p404,ley,25675,considerando,1
338_p412,ley,23109,considerando,2
338_p412,ley,23848,considerando,3
338_p412,ley,24892,considerando,4
338_p412,ley,24892,dispositivo,1
338_p419,ley,26831,caratula,1
338_p419,ley,1285,considerando,1
338_p432,ley,23737,caratula,1
338_p435,ley,25675,considerando,4
338_p435,ley,26168,considerando,3
338_p435,ley,25675,voto,2
338_p435,ley,26168,voto,3
338_p451,ley,19549,considerando,1
338_p451,ley,25344,considerando,1
338_p453,ley,11683,considerando,2
338_p453,ley,20628,considerando,3
338_p463,ley,24051,caratula,1
338_p463,ley,24051,considerando,4
338_p474,ley,26425,considerando,1
338_p488,ley,22431,considerando,1
338_p488,ley,24901,considerando,5
338_p493,ley,18345,caratula,1
338_p493,ley,14250,considerando,1
338_p493,ley,14786,considerando,1
338_p493,ley,18345,considerando,2
338_p505,ley,1285,considerando,1
338_p505,ley,23349,considerando,1
338_p508,ley,26685,considerando,1
338_p508,ley,26685,voto,2
338_p515,ley,6843,considerando,1
338_p515,ley,8142,considerando,2
338_p525,ley,24241,caratula,2
338_p534,ley,24028,considerando,2
338_p539,ley,23109,considerando,4
338_p556,ley,24193,considerando,2
338_p556,ley,26061,considerando,2
338_p556,ley,2611,considerando,1
338_p556,ley,26378,considerando,1
338_p556,ley,26529,considerando,15
338_p556,ley,26742,considerando,7
338_p556,ley,26855,considerando,1
338_p556,ley,26994,considerando,1
338_p556,ley,27044,considerando,1
338_p556,ley,27077,considerando,1
338_p599,ley,26546,considerando,2
338_p601,ley,3491,caratula,2
338_p601,ley,7050,voto,1
338_p613,ley,16443,considerando,1
338_p613,ley,20774,considerando,2
338_p613,ley,21965,considerando,2
338_p613,ley,23898,voto,1
338_p628,ley,26571,considerando,6
338_p628,ley,26571,voto,3
338_p651,ley,1285,considerando,2
338_p651,ley,14467,considerando,2
338_p651,ley,4055,considerando,1
338_p652,ley,17801,considerando,1
338_p652,ley,19587,considerando,2
338_p652,ley,21414,considerando,1
338_p652,ley,24028,considerando,1
338_p699,ley,12836,considerando,4
338_p699,ley,13436,considerando,1
338_p699,ley,21839,considerando,1
338_p699,ley,12836,dispositivo,1
338_p706,ley,18248,considerando,4
338_p706,ley,26618,considerando,1
338_p706,ley,26994,considerando,2
338_p706,ley,27077,considerando,1
338_p706,ley,18248,dispositivo,1
338_p711,ley,23737,caratula,2
338_p711,ley,23737,considerando,2
338_p714,ley,25320,considerando,1
338_p724,ley,1285,considerando,5
338_p724,ley,16986,considerando,1
338_p724,ley,20744,considerando,1
338_p724,ley,23774,considerando,1
338_p724,ley,24013,considerando,7
338_p724,ley,24463,considerando,1
338_p724,ley,25323,considerando,1
338_p724,ley,25587,considerando,1
338_p724,ley,26025,considerando,1
338_p724,ley,26790,considerando,1
338_p724,ley,4055,considerando,2
338_p724,ley,1285,dispositivo,1
338_p748,ley,22449,considerando,1
338_p748,ley,22742,considerando,6
338_p748,ley,22992,considerando,1
338_p757,ley,25561,caratula,2
338_p767,ley,4459,considerando,2
338_p779,ley,23660,considerando,1
338_p779,ley,26862,considerando,4
338_p793,ley,1285,considerando,1
338_p793,ley,16986,considerando,1
338_p793,ley,25243,considerando,1
338_p799,ley,1285,considerando,1
338_p802,ley,13286,considerando,1
338_p811,ley,25675,considerando,2
338_p815,ley,23848,considerando,2
338_p815,ley,16986,dispositivo,1
338_p823,ley,24557,considerando,1
338_p830,ley,25688,considerando,1
338_p830,ley,26168,considerando,2
338_p830,ley,25675,voto,1
338_p830,ley,26168,voto,1
338_p837,ley,24071,considerando,1
338_p845,ley,23548,considerando,1
338_p845,ley,24076,considerando,1
338_p875,ley,25520,considerando,1
338_p902,ley,15336,considerando,2
338_p902,ley,24156,considerando,1
338_p902,ley,26566,considerando,3
338_p902,ley,7543,considerando,1
338_p921,ley,22802,caratula,2
338_p921,ley,22802,considerando,1
338_p923,ley,23898,considerando,3
338_p923,ley,23898,dispositivo,1
338_p927,ley,23548,considerando,1
338_p942,ley,1285,considerando,2
338_p942,ley,21708,considerando,1
338_p942,ley,23344,considerando,2
338_p942,ley,24240,considerando,3
338_p949,ley,24018,considerando,3
338_p949,ley,16986,dispositivo,1
338_p962,ley,17319,considerando,13
338_p962,ley,21778,considerando,1
338_p962,ley,23678,considerando,1
338_p962,ley,25561,considerando,2
338_p962,ley,26197,considerando,1
338_p962,ley,27007,considerando,1
338_p991,ley,24043,caratula,2
338_p991,ley,24043,considerando,1
338_p993,ley,10526,considerando,1
338_p993,ley,9686,considerando,1
338_p1009,ley,24241,considerando,6
338_p1017,ley,24241,considerando,6
338_p1017,ley,24463,considerando,1
338_p1017,ley,24241,dispositivo,1
338_p1048,ley,12988,considerando,4
338_p1048,ley,20091,considerando,3
338_p1060,ley,1168,considerando,2
338_p1060,ley,14315,considerando,1
338_p1060,ley,14408,considerando,1
338_p1060,ley,1532,considerando,2
338_p1060,ley,17324,considerando,1
338_p1060,ley,18500,considerando,2
338_p1060,ley,2001,considerando,1
338_p1060,ley,22683,considerando,1
338_p1060,ley,3906,considerando,2
338_p1060,ley,9375,considerando,1
338_p1084,ley,16986,caratula,2
338_p1084,ley,24076,considerando,2
338_p1084,ley,26095,considerando,2
338_p1084,ley,26784,considerando,2
338_p1092,ley,16986,considerando,1
338_p1092,ley,24241,considerando,5
338_p1092,ley,26222,considerando,1
338_p1092,ley,26417,considerando,1
338_p1092,ley,26425,considerando,5
338_p1104,ley,19550,considerando,2
338_p1104,ley,20705,considerando,2
338_p1104,ley,21622,considerando,2
338_p1104,ley,25164,considerando,1
338_p1110,ley,12432,considerando,6
338_p1110,ley,26687,considerando,5
338_p1110,ley,12432,dispositivo,1
338_p1110,ley,26687,voto,1
338_p1156,ley,11682,considerando,2
338_p1156,ley,11683,considerando,1
338_p1156,ley,18229,considerando,1
338_p1156,ley,20628,considerando,4
338_p1171,ley,23551,considerando,1
338_p1183,ley,11720,considerando,2
338_p1183,ley,23922,considerando,1
338_p1183,ley,24051,considerando,17
338_p1183,ley,25675,considerando,1
338_p1183,ley,5965,considerando,1
338_p1216,ley,1285,considerando,1
338_p1216,ley,14467,considerando,1
338_p1216,ley,24937,considerando,2
338_p1216,ley,26372,considerando,1
338_p1216,ley,26376,considerando,1
338_p1216,ley,26855,considerando,2
338_p1216,ley,27145,considerando,8
338_p1248,ley,10996,considerando,2
338_p1252,ley,17418,considerando,1
338_p1258,ley,16986,considerando,1
338_p1258,ley,19550,considerando,2
338_p1258,ley,24156,considerando,1
338_p1258,ley,25326,considerando,1
338_p1258,ley,25675,considerando,1
338_p1258,ley,25831,considerando,3
338_p1258,ley,26741,considerando,7
338_p1291,ley,23551,considerando,3
338_p1291,ley,24660,considerando,1
338_p1299,ley,17418,considerando,2
338_p1304,ley,24557,considerando,1
338_p1304,ley,26773,considerando,2
338_p1325,ley,18038,considerando,6
338_p1325,ley,23987,considerando,4
338_p1325,ley,24241,considerando,2
338_p1325,ley,6449,considerando,1
338_p1344,ley,24240,considerando,1
338_p1344,ley,26361,considerando,2
338_p1347,ley,25191,considerando,3
338_p1347,ley,26727,considerando,2
338_p1356,ley,11725,considerando,1
338_p1356,ley,11879,considerando,1
338_p1356,ley,12139,considerando,1
338_p1356,ley,12143,considerando,1
338_p1356,ley,12147,considerando,1
338_p1356,ley,12956,considerando,1
338_p1356,ley,14060,considerando,1
338_p1356,ley,20221,considerando,1
338_p1356,ley,23548,considerando,4
338_p1356,ley,24130,considerando,1
338_p1356,ley,24241,considerando,1
338_p1356,ley,24307,considerando,2
338_p1356,ley,24309,considerando,2
338_p1356,ley,24468,considerando,1
338_p1356,ley,24625,considerando,1
338_p1356,ley,25235,considerando,1
338_p1356,ley,25239,considerando,1
338_p1356,ley,25400,considerando,1
338_p1356,ley,26078,considerando,9
338_p1356,ley,26417,considerando,1
338_p1356,ley,26425,considerando,3
338_p1356,ley,26078,dispositivo,1
338_p1389,ley,23349,considerando,2
338_p1389,ley,23548,considerando,8
338_p1389,ley,24130,considerando,1
338_p1389,ley,24309,considerando,1
338_p1389,ley,24855,considerando,1
338_p1389,ley,24977,considerando,1
338_p1389,ley,25085,considerando,2
338_p1389,ley,25235,considerando,1
338_p1389,ley,25344,considerando,1
338_p1389,ley,25400,considerando,1
338_p1389,ley,25413,considerando,3
338_p1389,ley,25414,considerando,6
338_p1389,ley,25514,considerando,1
338_p1389,ley,25570,considerando,5
338_p1389,ley,25967,considerando,1
338_p1389,ley,23349,dispositivo,1
338_p1431,ley,24240,caratula,2
338_p1444,ley,23551,voto,1
338_p1444,ley,23660,voto,2
338_p1455,ley,10191,considerando,1
338_p1455,ley,10542,considerando,1
338_p1455,ley,14333,considerando,3
338_p1455,ley,14357,considerando,1
338_p1455,ley,24441,considerando,1
338_p1455,ley,26994,considerando,1
338_p1455,ley,9020,considerando,1
338_p1477,ley,1285,considerando,2
338_p1477,ley,16986,considerando,3
338_p1477,ley,21078,considerando,1
338_p1477,ley,25603,considerando,2
338_p1492,ley,24240,considerando,4
338_p1492,ley,26573,considerando,1
338_p1492,ley,24240,dispositivo,1
338_p1498,ley,23548,considerando,1
338_p1498,ley,24625,considerando,1
338_p1498,ley,24977,considerando,1
338_p1498,ley,25239,considerando,1
338_p1498,ley,26078,considerando,4
338_p1517,ley,23098,considerando,2
338_p1517,ley,23984,considerando,1
338_p1517,ley,24588,considerando,2
338_p1524,ley,24240,voto,6
338_p1524,ley,26361,voto,2
338_p1545,ley,22520,considerando,2
338_p1545,ley,25877,considerando,1
338_p1551,ley,24767,considerando,1
338_p1575,ley,23849,considerando,1
338_p1575,ley,23857,considerando,1
338_p1575,ley,26165,considerando,1
339_p61,ley,24241,considerando,6
339_p61,ley,26417,considerando,3
339_p61,ley,26425,considerando,2
339_p90,ley,1285,considerando,1
339_p90,ley,19419,considerando,1
339_p94,ley,23708,considerando,1
339_p94,ley,24767,considerando,2
339_p94,ley,25126,considerando,1
339_p94,ley,27148,considerando,1
339_p94,ley,27149,considerando,1
339_p111,ley,24051,caratula,1
339_p111,ley,24051,considerando,3
339_p115,ley,24521,caratula,2
339_p115,ley,24521,considerando,3
339_p142,ley,25675,considerando,3
339_p142,ley,25675,voto,1
339_p155,ley,23551,considerando,2
339_p160,ley,22421,caratula,1
339_p160,ley,22344,considerando,1
339_p160,ley,22421,considerando,4
339_p168,ley,22421,caratula,1
339_p168,ley,22344,considerando,1
339_p168,ley,22421,considerando,2
339_p173,ley,22344,considerando,1
339_p173,ley,22421,considerando,4
339_p183,ley,1285,considerando,1
339_p183,ley,14467,considerando,1
339_p183,ley,4055,considerando,1
339_p189,ley,16986,caratula,2
339_p189,ley,24016,considerando,2
339_p189,ley,24241,considerando,1
339_p189,ley,24463,considerando,1
339_p189,ley,16986,dispositivo,1
339_p201,ley,25675,considerando,1
339_p216,ley,1285,considerando,2
339_p216,ley,21708,considerando,1
339_p216,ley,21839,considerando,2
339_p216,ley,24432,considerando,1
339_p219,ley,18037,considerando,1
339_p219,ley,24463,considerando,1
339_p225,ley,12346,considerando,2
339_p230,ley,25344,considerando,2
339_p230,ley,7153,considerando,1
339_p234,ley,16986,caratula,2
339_p245,ley,16986,caratula,2
339_p245,ley,26689,considerando,1
339_p259,ley,21839,considerando,1
339_p260,ley,11683,considerando,10
339_p260,ley,1285,considerando,1
339_p260,ley,15265,considerando,1
339_p260,ley,19549,considerando,1
339_p267,ley,23660,considerando,1
339_p267,ley,24241,considerando,2
339_p267,ley,24700,considerando,1
339_p274,ley,20744,considerando,1
339_p274,ley,23898,considerando,2
339_p274,ley,8904,considerando,1
339_p276,ley,23511,considerando,1
339_p276,ley,26485,considerando,1
339_p290,ley,23660,considerando,1
339_p290,ley,23661,considerando,1
339_p290,ley,24901,considerando,1
339_p307,ley,23737,caratula,2
339_p307,ley,23737,considerando,3
339_p316,ley,24488,considerando,3
339_p323,ley,24018,considerando,4
339_p323,ley,24018,voto,4
339_p349,ley,26994,considerando,1
339_p353,ley,25675,considerando,1
339_p353,ley,25688,considerando,1
339_p357,ley,23982,considerando,1
339_p357,ley,25344,considerando,1
339_p357,ley,27198,considerando,1
339_p359,ley,20744,considerando,1
339_p359,ley,22250,considerando,1
339_p359,ley,25250,considerando,6
339_p359,ley,25877,considerando,3
339_p372,ley,20744,considerando,1
339_p389,ley,23661,considerando,1
339_p389,ley,24901,considerando,2
339_p405,ley,23696,considerando,2
339_p414,ley,11672,considerando,1
339_p414,ley,23982,considerando,1
339_p414,ley,24624,considerando,3
339_p419,ley,23898,considerando,1
339_p423,ley,24901,considerando,3
339_p434,ley,11683,considerando,2
339_p434,ley,20628,considerando,2
339_p444,ley,11683,considerando,1
339_p464,ley,24284,considerando,1
339_p468,ley,1285,considerando,2
339_p468,ley,18594,considerando,4
339_p468,ley,20656,considerando,4
339_p468,ley,21499,considerando,7
339_p468,ley,22351,considerando,1
339_p468,ley,21499,dispositivo,1
339_p477,ley,4055,considerando,1
339_p490,ley,21799,considerando,1
339_p493,ley,1485,considerando,1
339_p493,ley,24624,considerando,1
339_p493,ley,25561,considerando,2
339_p493,ley,26077,considerando,1
339_p506,ley,24144,caratula,2
339_p506,ley,19359,considerando,2
339_p515,ley,25675,considerando,3
339_p515,ley,23879,voto,1
339_p515,ley,25675,voto,2
339_p515,ley,26639,voto,1
339_p525,ley,10787,considerando,1
339_p525,ley,13441,considerando,1
339_p525,ley,18204,considerando,1
339_p525,ley,21297,considerando,1
339_p525,ley,24307,considerando,1
339_p533,ley,24043,caratula,2
339_p533,ley,24043,considerando,3
339_p536,ley,19032,considerando,2
339_p536,ley,25615,considerando,1
339_p536,ley,26272,considerando,1
339_p542,ley,24241,considerando,1
339_p542,ley,24660,considerando,2
339_p551,ley,24953,considerando,1
339_p551,ley,26082,considerando,1
339_p569,ley,15336,considerando,4
339_p569,ley,24065,considerando,2
339_p584,ley,11683,considerando,11
339_p584,ley,1285,considerando,1
339_p584,ley,24073,considerando,11
339_p602,ley,24051,considerando,3
339_p643,ley,1285,considerando,2
339_p643,ley,21708,considerando,1
339_p643,ley,21839,considerando,2
339_p643,ley,24432,considerando,1
339_p649,ley,11672,considerando,1
339_p649,ley,18037,considerando,1
339_p649,ley,23982,considerando,2
339_p649,ley,24624,considerando,5
339_p652,ley,26485,considerando,1
339_p662,ley,24144,caratula,2
339_p662,ley,19359,considerando,9
339_p676,ley,26994,considerando,1
339_p680,ley,24521,caratula,2
339_p680,ley,19549,considerando,1
339_p680,ley,24521,considerando,2
339_p683,ley,23660,considerando,1
339_p704,ley,24240,considerando,3
339_p704,ley,26361,considerando,1
339_p711,ley,21839,considerando,1
339_p740,ley,24463,considerando,3
339_p740,ley,24655,considerando,1
339_p760,ley,23592,considerando,1
339_p781,ley,20695,considerando,3
339_p781,ley,24557,considerando,7
339_p781,ley,26773,considerando,11
339_p781,ley,9688,considerando,1
339_p812,ley,23187,caratula,2
339_p812,ley,23898,considerando,1
339_p819,ley,1285,considerando,3
339_p822,ley,11672,considerando,1
339_p822,ley,25344,considerando,3
339_p824,ley,24043,caratula,2
339_p824,ley,24043,considerando,2
339_p827,ley,16986,caratula,2
339_p827,ley,25326,considerando,5
339_p827,ley,4055,considerando,1
339_p841,ley,24767,considerando,1
339_p859,ley,26657,considerando,1
339_p873,ley,26853,considerando,1
339_p889,ley,16986,caratula,2
339_p891,ley,16986,caratula,2
339_p897,ley,11683,considerando,1
339_p897,ley,20628,considerando,1
339_p906,ley,24767,considerando,1
339_p906,ley,26082,considerando,1
339_p919,ley,24441,caratula,2
339_p919,ley,26167,dispositivo,1
339_p930,ley,13018,considerando,2
339_p930,ley,20416,considerando,3
339_p1041,ley,18037,considerando,1
339_p1041,ley,24463,considerando,2
339_p1045,ley,1285,considerando,2
339_p1045,ley,21708,considerando,1
339_p1058,ley,19349,considerando,3
339_p1058,ley,23515,considerando,2
339_p1058,ley,2393,considerando,1
339_p1077,ley,16986,considerando,3
339_p1077,ley,17319,considerando,2
339_p1077,ley,24076,considerando,2
339_p1077,ley,25790,considerando,2
339_p1077,ley,26095,considerando,1
339_p1077,ley,26095,voto,1
339_p1172,ley,17319,considerando,1
339_p1172,ley,25561,considerando,2
339_p1172,ley,26217,considerando,1
339_p1193,ley,1285,considerando,1
339_p1203,ley,23898,considerando,1
339_p1204,ley,22415,caratula,2
339_p1206,ley,21526,caratula,2
339_p1207,ley,21526,caratula,2
339_p1219,ley,1285,considerando,2
339_p1219,ley,14467,considerando,2
339_p1219,ley,4055,considerando,1
339_p1223,ley,16986,caratula,1
339_p1223,ley,13834,considerando,6
339_p1223,ley,16986,considerando,2
339_p1223,ley,26854,considerando,2
339_p1223,ley,27098,considerando,2
339_p1254,ley,16986,caratula,2
339_p1254,ley,1285,considerando,1
339_p1254,ley,16986,considerando,6
339_p1254,ley,4055,considerando,1
339_p1254,ley,16986,dispositivo,1
339_p1302,ley,26685,considerando,1
339_p1311,ley,23853,considerando,2
339_p1323,ley,23737,caratula,1
339_p1323,ley,23737,considerando,1
339_p1323,ley,23737,dispositivo,1
339_p1323,ley,23737,voto,4
339_p1331,ley,25675,considerando,2
339_p1355,ley,22278,considerando,1
339_p1357,ley,25304,considerando,1
339_p1371,ley,26183,considerando,1
339_p1373,ley,24144,caratula,1
339_p1423,ley,25675,considerando,1
339_p1423,ley,26061,considerando,1
339_p1436,ley,16986,caratula,1
339_p1441,ley,22415,caratula,2
339_p1441,ley,23771,considerando,1
339_p1463,ley,10160,considerando,2
339_p1463,ley,7050,considerando,6
339_p1463,ley,7050,voto,1
339_p1478,ley,26994,considerando,1
339_p1489,ley,24557,considerando,1
339_p1514,ley,23737,caratula,2
339_p1520,ley,19349,considerando,2
339_p1523,ley,24557,considerando,1
339_p1530,ley,17091,caratula,2
339_p1530,ley,17091,considerando,5
339_p1534,ley,23849,considerando,1
339_p1534,ley,23857,considerando,1
339_p1534,ley,26061,considerando,1
339_p1562,ley,24284,considerando,1
339_p1577,ley,23592,caratula,2
339_p1591,ley,1285,considerando,1
339_p1591,ley,4055,considerando,1
339_p1601,ley,24270,caratula,2
339_p1622,ley,24767,considerando,3
339_p1635,ley,22105,considerando,3
339_p1635,ley,23551,considerando,3
339_p1659,ley,23592,caratula,1
339_p1680,ley,26364,caratula,1
339_p1683,ley,16986,caratula,2
339_p1689,ley,26361,caratula,2
339_p1689,ley,16986,considerando,1
339_p1732,ley,15336,considerando,2
339_p1732,ley,23879,considerando,3
339_p1732,ley,24539,considerando,1
339_p1732,ley,25675,considerando,1
339_p1732,ley,23879,dispositivo,1
339_p1760,ley,16986,caratula,1
339_p1763,ley,18895,considerando,1
339_p1763,ley,23857,considerando,1
339_p1795,ley,26168,considerando,1
339_p1804,ley,24624,voto,2
339_p1804,ley,25488,voto,1
339_p1804,ley,26685,voto,2
339_p1804,ley,4055,voto,1
339_p1808,ley,11672,considerando,1
339_p1808,ley,23982,considerando,1
339_p1808,ley,24624,considerando,5
339_p1812,ley,11672,considerando,2
339_p1812,ley,23982,considerando,2
339_p1812,ley,24624,considerando,1
339_p1812,ley,26895,considerando,3
339_p1812,ley,3952,considerando,1
339_p1820,ley,4055,considerando,1
340_p21,ley,18037,considerando,6
340_p21,ley,24241,considerando,2
340_p21,ley,18037,dispositivo,1
340_p47,ley,23054,voto,1
340_p76,ley,23660,considerando,2
340_p76,ley,24241,considerando,2
340_p76,ley,24700,considerando,1
340_p76,ley,23660,voto,1
340_p76,ley,24241,voto,1
340_p88,ley,24240,considerando,1
340_p98,ley,26790,considerando,1
340_p98,ley,4055,considerando,2
340_p103,ley,13998,considerando,1
340_p103,ley,18345,considerando,2
340_p103,ley,1893,considerando,1
340_p103,ley,23592,considerando,1
340_p103,ley,25164,considerando,1
340_p103,ley,26522,considerando,1
340_p113,ley,1285,considerando,1
340_p121,ley,25561,caratula,2
340_p121,ley,16986,considerando,1
340_p121,ley,25561,considerando,3
340_p122,ley,23660,considerando,2
340_p122,ley,27148,voto,1
340_p128,ley,16986,caratula,1
340_p130,ley,24557,caratula,2
340_p141,ley,21839,voto,4
340_p141,ley,24432,voto,1
340_p169,ley,1285,considerando,1
340_p169,ley,19511,considerando,4
340_p172,ley,24240,considerando,2
340_p172,ley,26361,considerando,2
340_p172,ley,26739,considerando,1
340_p188,ley,14616,caratula,2
340_p204,ley,21839,considerando,1
340_p204,ley,24432,considerando,1
340_p204,ley,21839,dispositivo,1
340_p204,ley,24432,dispositivo,1
340_p204,ley,21839,voto,3
340_p204,ley,24432,voto,1
340_p207,ley,21839,dispositivo,1
340_p207,ley,24432,dispositivo,1
340_p207,ley,21839,voto,2
340_p207,ley,24432,voto,1
340_p218,ley,26842,caratula,1
340_p226,ley,13512,voto,1
340_p226,ley,4004,voto,1
340_p229,ley,19349,considerando,2
340_p229,ley,26884,considerando,1
340_p251,ley,1285,considerando,1
340_p251,ley,1285,voto,1
340_p257,ley,24309,considerando,8
340_p257,ley,24309,voto,2
340_p345,ley,14394,considerando,1
340_p345,ley,24043,considerando,2
340_p345,ley,24321,considerando,1
340_p345,ley,24411,considerando,3
340_p345,ley,24499,considerando,1
340_p345,ley,27143,considerando,1
340_p345,ley,23982,voto,2
340_p387,ley,26160,considerando,1
340_p411,ley,24241,considerando,8
340_p411,ley,24463,considerando,1
340_p411,ley,26425,considerando,1
340_p411,ley,24241,dispositivo,1
340_p421,ley,1285,considerando,1
340_p421,ley,26061,considerando,1
340_p421,ley,1285,voto,1
340_p421,ley,26061,voto,1
340_p437,ley,13982,considerando,2
340_p437,ley,21965,considerando,2
340_p437,ley,23328,considerando,1
340_p437,ley,23544,considerando,2
340_p437,ley,23551,considerando,4
340_p437,ley,25344,considerando,1
340_p437,ley,26884,considerando,1
340_p437,ley,23544,voto,2
340_p437,ley,23551,voto,5
340_p483,ley,27260,considerando,1
340_p493,ley,24660,considerando,2
340_p493,ley,25390,considerando,1
340_p493,ley,26200,considerando,1
340_p518,ley,25973,considerando,1
340_p526,ley,25675,considerando,1
340_p545,ley,16986,caratula,2
340_p549,ley,14616,considerando,1
340_p549,ley,20642,considerando,1
340_p549,ley,24390,considerando,15
340_p549,ley,24410,considerando,2
340_p549,ley,24556,considerando,1
340_p549,ley,24820,considerando,1
340_p549,ley,25430,considerando,2
340_p549,ley,26200,considerando,1
340_p549,ley,14616,voto,1
340_p549,ley,20642,voto,1
340_p549,ley,24390,voto,17
340_p549,ley,25430,voto,4
340_p611,ley,1285,considerando,2
340_p611,ley,15271,considerando,1
340_p614,ley,24521,caratula,2
340_p620,ley,1285,considerando,1
340_p620,ley,19587,considerando,1
340_p620,ley,21708,considerando,1
340_p628,ley,16986,caratula,1
340_p641,ley,18345,considerando,2
340_p641,ley,19587,considerando,1
340_p644,ley,11683,considerando,1
340_p644,ley,19865,considerando,1
340_p644,ley,20628,considerando,2
340_p644,ley,22426,considerando,7
340_p644,ley,22747,considerando,3
340_p644,ley,26476,considerando,1
340_p669,ley,24660,considerando,1
340_p689,ley,1285,considerando,1
340_p693,ley,13944,caratula,1
340_p711,ley,25246,caratula,2
340_p711,ley,19550,considerando,1
340_p711,ley,25246,considerando,6
340_p725,ley,16986,considerando,1
340_p725,ley,22861,considerando,1
340_p745,ley,13834,considerando,1
340_p745,ley,20221,considerando,2
340_p745,ley,20628,considerando,6
340_p745,ley,23548,considerando,8
340_p745,ley,23928,considerando,1
340_p745,ley,24073,considerando,2
340_p745,ley,24621,considerando,2
340_p757,ley,6960,considerando,2
340_p765,ley,17418,considerando,1
340_p765,ley,24240,considerando,1
340_p765,ley,26361,considerando,2
340_p765,ley,24240,voto,1
340_p765,ley,24449,voto,1
340_p786,ley,23737,caratula,2
340_p786,ley,23737,considerando,1
340_p802,ley,1285,considerando,2
340_p802,ley,23187,considerando,1
340_p815,ley,25326,considerando,1
340_p827,ley,24270,caratula,2
340_p853,ley,24588,considerando,1
340_p878,ley,24065,considerando,1
340_p878,ley,24240,considerando,3
340_p878,ley,26361,considerando,1
340_p878,ley,24240,dispositivo,1
340_p898,ley,24241,caratula,2
340_p898,ley,24241,considerando,2
340_p905,ley,24240,considerando,3
340_p905,ley,26361,considerando,3
340_p910,ley,24557,considerando,1
340_p914,ley,7876,considerando,1
340_p914,ley,7876,voto,1
340_p951,ley,25156,caratula,2
340_p951,ley,22262,considerando,2
340_p951,ley,25156,considerando,6
340_p951,ley,26993,considerando,1
340_p979,ley,3918,considerando,2
340_p983,ley,11672,voto,1
340_p983,ley,23929,voto,1
340_p991,ley,12103,considerando,8
340_p991,ley,14294,considerando,4
340_p991,ley,18501,considerando,2
340_p991,ley,18594,considerando,1
340_p991,ley,18801,considerando,3
340_p991,ley,18991,considerando,3
340_p991,ley,19292,considerando,1
340_p991,ley,22351,considerando,2
340_p991,ley,23896,considerando,1
340_p991,ley,24302,considerando,2
340_p991,ley,2932,considerando,1
340_p991,ley,3804,considerando,1
340_p991,ley,4192,considerando,1
340_p991,ley,5411,considerando,2
340_p991,ley,5559,considerando,1
340_p991,ley,6712,considerando,6
340_p1038,ley,24557,considerando,3
340_p1038,ley,26773,considerando,1
340_p1038,ley,24557,voto,1
340_p1062,ley,24901,considerando,2
340_p1084,ley,26571,considerando,6
340_p1094,ley,22415,caratula,2
340_p1110,ley,16986,caratula,2
340_p1129,ley,14653,considerando,1
340_p1136,ley,26854,considerando,2
340_p1144,ley,24043,caratula,2
340_p1144,ley,24043,considerando,3
340_p1149,ley,22431,considerando,1
340_p1149,ley,24901,considerando,1
340_p1154,ley,17711,voto,2
340_p1175,ley,26082,considerando,1
340_p1193,ley,25675,considerando,1
340_p1193,ley,26331,considerando,2
340_p1213,ley,19101,considerando,5
340_p1213,ley,22511,considerando,1
340_p1213,ley,22674,considerando,2
340_p1213,ley,23109,considerando,1
340_p1213,ley,23848,considerando,1
340_p1213,ley,24310,considerando,6
340_p1232,ley,12962,considerando,1
340_p1232,ley,15348,considerando,2
340_p1236,ley,11723,considerando,4
340_p1236,ley,25326,considerando,3
340_p1236,ley,11723,voto,1
340_p1236,ley,25326,voto,1
340_p1259,ley,24557,considerando,2
340_p1269,ley,22431,considerando,2
340_p1269,ley,23660,considerando,4
340_p1269,ley,23890,considerando,1
340_p1269,ley,24314,considerando,1
340_p1269,ley,24901,considerando,2
340_p1296,ley,16443,voto,1
340_p1296,ley,19101,voto,1
340_p1296,ley,20774,voto,1
340_p1296,ley,21965,voto,6
340_p1296,ley,9688,voto,1
340_p1338,ley,14653,considerando,1
340_p1398,ley,24557,considerando,1
340_p1398,ley,26773,considerando,3
340_p1401,ley,18345,voto,1
340_p1401,ley,24557,voto,1
340_p1401,ley,26773,voto,2
340_p1414,ley,20337,voto,1
340_p1414,ley,25877,voto,1
340_p1426,ley,24767,considerando,2
340_p1428,ley,16986,considerando,1
340_p1428,ley,18037,considerando,1
340_p1428,ley,24241,considerando,1
340_p1433,ley,16986,caratula,2
340_p1450,ley,22278,considerando,3
340_p1472,ley,1285,considerando,1
340_p1472,ley,13891,considerando,1
340_p1472,ley,17285,voto,2
340_p1480,ley,3456,considerando,2
340_p1480,ley,3650,considerando,1
340_p1513,ley,11683,considerando,6
340_p1513,ley,1285,considerando,2
340_p1513,ley,24769,considerando,1
340_p1513,ley,5507,considerando,1
340_p1513,ley,6560,considerando,1
340_p1513,ley,11683,voto,3
340_p1513,ley,24769,voto,1
340_p1542,ley,24521,caratula,2
340_p1547,ley,1285,considerando,1
340_p1547,ley,19550,considerando,1
340_p1547,ley,24522,considerando,1
340_p1551,ley,24577,considerando,1
340_p1551,ley,26844,considerando,1
340_p1554,ley,25246,caratula,1
340_p1557,ley,21526,considerando,2
340_p1570,ley,19013,considerando,2
340_p1581,ley,16986,caratula,2
340_p1581,ley,26861,considerando,5
340_p1581,ley,4055,considerando,1
340_p1581,ley,26861,voto,3
340_p1581,ley,4055,voto,1
340_p1594,ley,26168,considerando,1
340_p1594,ley,26168,dispositivo,1
340_p1594,ley,26168,voto,1
340_p1600,ley,24901,considerando,1
340_p1600,ley,26480,considerando,1
340_p1644,ley,11683,considerando,3
340_p1644,ley,19550,considerando,2
340_p1644,ley,20628,considerando,2
340_p1644,ley,11683,voto,4
340_p1644,ley,19550,voto,1
340_p1671,ley,21839,considerando,1
340_p1675,ley,24557,considerando,1
340_p1680,ley,26944,considerando,1
340_p1680,ley,26994,considerando,1
340_p1695,ley,12650,considerando,1
340_p1695,ley,24701,considerando,1
340_p1695,ley,25675,considerando,2
340_p1695,ley,26438,considerando,1
340_p1695,ley,8681,considerando,1
340_p1695,ley,25675,dispositivo,1
340_p1695,ley,1285,voto,1
340_p1753,ley,11672,considerando,2
340_p1753,ley,18345,considerando,2
340_p1753,ley,25164,considerando,1
340_p1775,ley,26146,considerando,1
340_p1775,ley,27120,considerando,7
340_p1775,ley,27120,dispositivo,1
340_p1795,ley,1420,considerando,4
340_p1795,ley,2393,considerando,1
340_p1795,ley,25326,considerando,1
340_p1795,ley,7546,considerando,5
340_p1795,ley,7546,dispositivo,1
340_p1795,ley,7546,voto,2
340_p1883,ley,24018,considerando,1
340_p1884,ley,11683,considerando,3
340_p1884,ley,25413,considerando,7
340_p1884,ley,25453,considerando,6
340_p1884,ley,11683,voto,1
340_p1884,ley,25413,voto,8
340_p1884,ley,25453,voto,3
340_p1913,ley,23298,considerando,3
340_p1918,ley,24043,caratula,2
340_p1918,ley,24043,considerando,3
340_p1927,ley,13661,considerando,6
340_p1927,ley,13661,voto,1
340_p1940,ley,23184,voto,1
340_p1965,ley,22262,considerando,1
340_p1976,ley,16443,voto,2
340_p1976,ley,16973,voto,2
340_p1976,ley,20774,voto,1
340_p1976,ley,21965,voto,2
340_p1976,ley,24557,voto,1
340_p1993,ley,1285,considerando,1
340_p1993,ley,26183,considerando,2
340_p1995,ley,22431,considerando,2
340_p1995,ley,23660,considerando,2
340_p1995,ley,23890,considerando,2
340_p1995,ley,24901,considerando,2
340_p2000,ley,23898,considerando,1
340_p2021,ley,24241,caratula,2
340_p2021,ley,24241,considerando,6
340_p2021,ley,24241,voto,3
340_p2029,ley,23898,considerando,4
341_p25,ley,23592,considerando,2
341_p29,ley,23592,considerando,1
341_p32,ley,1285,considerando,1
341_p32,ley,24240,considerando,1
341_p39,ley,22351,considerando,1
341_p39,ley,25675,considerando,2
341_p54,ley,3923,considerando,2
341_p71,ley,10397,considerando,1
341_p71,ley,14394,considerando,1
341_p71,ley,23548,considerando,1
341_p84,ley,23551,considerando,3
341_p84,ley,25801,considerando,1
341_p84,ley,23551,voto,7
341_p101,ley,11683,considerando,1
341_p101,ley,25414,considerando,2
341_p101,ley,25414,voto,3
341_p122,ley,16986,caratula,2
341_p124,ley,26994,considerando,1
341_p146,ley,24240,dispositivo,1
341_p150,ley,23737,caratula,2
341_p169,ley,8573,considerando,6
341_p169,ley,8877,considerando,1
341_p169,ley,9643,voto,1
341_p180,ley,12257,considerando,1
341_p180,ley,14159,considerando,1
341_p180,ley,26994,considerando,1
341_p207,ley,23737,considerando,1
341_p207,ley,23737,voto,1
341_p221,ley,24309,considerando,1
341_p242,ley,25436,considerando,2
341_p247,ley,24922,considerando,2
341_p260,ley,24557,considerando,1
341_p260,ley,26773,considerando,3
341_p274,ley,16986,considerando,4
341_p274,ley,24714,considerando,1
341_p289,ley,26994,considerando,1
341_p289,ley,3943,considerando,12
341_p289,ley,4978,considerando,2
341_p289,ley,7408,considerando,3
341_p307,ley,26364,caratula,1
341_p307,ley,26842,caratula,1
341_p311,ley,16986,voto,1
341_p321,ley,23898,considerando,1
341_p324,ley,25675,considerando,1
341_p331,ley,1285,considerando,2
341_p331,ley,14467,considerando,2
341_p331,ley,4055,considerando,2
341_p335,ley,24051,caratula,2
341_p336,ley,23492,considerando,2
341_p336,ley,23521,considerando,1
341_p336,ley,24952,considerando,1
341_p336,ley,25779,considerando,1
341_p413,ley,27148,considerando,1
341_p414,ley,16986,caratula,2
341_p414,ley,1285,considerando,1
341_p414,ley,4055,considerando,1
341_p424,ley,27149,considerando,1
341_p461,ley,19101,voto,2
341_p480,ley,14771,considerando,8
341_p480,ley,14771,voto,4
341_p500,ley,16986,considerando,1
341_p500,ley,25871,considerando,10
341_p500,ley,25871,voto,1
341_p512,ley,5848,considerando,5
341_p512,ley,5848,voto,1
341_p531,ley,19101,considerando,1
341_p536,ley,26415,considerando,2
341_p566,ley,21309,considerando,1
341_p570,ley,24043,caratula,2
341_p581,ley,20628,considerando,1
341_p581,ley,24073,considerando,1
341_p581,ley,25561,considerando,1
341_p592,ley,22415,caratula,2
341_p611,ley,1285,considerando,1
341_p611,ley,14467,considerando,1
341_p611,ley,24051,considerando,3
341_p611,ley,24588,considerando,1
341_p611,ley,1285,voto,3
341_p611,ley,14467,voto,1
341_p611,ley,21708,voto,1
341_p611,ley,24051,voto,2
341_p619,ley,22351,considerando,5
341_p619,ley,22421,considerando,3
341_p619,ley,25675,considerando,1
341_p623,ley,24522,voto,2
341_p631,ley,24463,caratula,2
341_p631,ley,18037,considerando,4
341_p631,ley,24241,considerando,7
341_p648,ley,17418,voto,1
341_p666,ley,23898,considerando,2
341_p668,ley,1285,voto,2
341_p668,ley,16986,voto,1
341_p668,ley,26854,voto,3
341_p678,ley,23928,considerando,1
341_p678,ley,25798,considerando,1
341_p684,ley,1285,considerando,1
341_p688,ley,24557,considerando,1
341_p688,ley,24557,voto,1
341_p696,ley,11683,considerando,1
341_p696,ley,18345,considerando,4
341_p696,ley,23660,considerando,2
341_p696,ley,24642,considerando,6
341_p701,ley,24316,considerando,1
341_p715,ley,23898,voto,1
341_p715,ley,27149,voto,1
341_p717,ley,1285,considerando,2
341_p717,ley,19549,considerando,3
341_p717,ley,21708,considerando,2
341_p717,ley,24557,considerando,2
341_p727,ley,18924,considerando,1
341_p727,ley,21526,considerando,4
341_p727,ley,24144,considerando,1
341_p727,ley,25782,considerando,1
341_p739,ley,1285,considerando,1
341_p739,ley,21799,considerando,1
341_p745,ley,19945,considerando,1
341_p745,ley,23054,considerando,1
341_p745,ley,26378,considerando,2
341_p745,ley,26571,considerando,3
341_p745,ley,26657,considerando,2
341_p745,ley,26994,considerando,1
341_p745,ley,27044,considerando,1
341_p762,ley,24463,considerando,2
341_p764,ley,1285,considerando,1
341_p764,ley,14467,considerando,1
341_p764,ley,23660,considerando,2
341_p764,ley,24588,considerando,1
341_p764,ley,24655,considerando,1
341_p764,ley,1285,voto,2
341_p770,ley,24073,considerando,1
341_p770,ley,25561,considerando,1
341_p774,ley,11723,considerando,3
341_p774,ley,22362,considerando,3
341_p876,ley,24073,considerando,1
341_p876,ley,25561,considerando,1
341_p878,ley,12915,voto,6
341_p878,ley,23660,voto,1
341_p914,ley,1285,considerando,1
341_p914,ley,14467,considerando,1
341_p914,ley,4055,considerando,1
341_p919,ley,22431,considerando,3
341_p919,ley,23660,considerando,4
341_p919,ley,23890,considerando,1
341_p919,ley,24901,considerando,3
341_p919,ley,26061,considerando,1
341_p925,ley,1285,considerando,1
341_p929,ley,26862,considerando,4
341_p939,ley,23548,considerando,2
341_p939,ley,24855,considerando,1
341_p939,ley,6426,considerando,3
341_p961,ley,24241,caratula,2
341_p961,ley,24241,voto,4
341_p966,ley,24901,considerando,1
341_p971,ley,20429,considerando,1
341_p971,ley,24767,considerando,4
341_p971,ley,25938,considerando,1
341_p971,ley,26165,considerando,1
341_p971,ley,24767,voto,2
341_p1010,ley,11683,considerando,3
341_p1010,ley,26476,considerando,1
341_p1015,ley,18345,caratula,2
341_p1015,ley,11672,considerando,2
341_p1015,ley,23982,considerando,2
341_p1015,ley,25344,considerando,3
341_p1015,ley,25471,considerando,2
341_p1015,ley,25725,considerando,1
341_p1015,ley,27198,considerando,2
341_p1017,ley,25246,considerando,7
341_p1017,ley,25632,considerando,1
341_p1017,ley,26023,considerando,1
341_p1017,ley,26024,considerando,1
341_p1017,ley,26097,considerando,1
341_p1017,ley,4055,considerando,1
341_p1017,ley,25246,voto,10
341_p1017,ley,4055,voto,2
341_p1063,ley,1285,considerando,1
341_p1063,ley,14467,considerando,1
341_p1063,ley,21839,considerando,3
341_p1063,ley,24432,considerando,1
341_p1063,ley,27423,considerando,3
341_p1063,ley,27423,dispositivo,1
341_p1067,ley,16986,caratula,2
341_p1067,ley,16986,voto,1
341_p1067,ley,19485,voto,7
341_p1075,ley,26522,considerando,1
341_p1095,ley,18524,considerando,1
341_p1095,ley,23898,considerando,1
341_p1106,ley,23551,considerando,10
341_p1106,ley,23592,considerando,3
341_p1106,ley,23551,voto,4
341_p1106,ley,23592,voto,2
341_p1130,ley,16443,voto,1
341_p1130,ley,21965,voto,4
341_p1148,ley,23302,considerando,4
341_p1192,ley,26854,considerando,1
341_p1195,ley,23898,considerando,1
341_p1204,ley,24270,caratula,1
341_p1204,ley,24270,considerando,2
341_p1207,ley,21261,considerando,1
341_p1207,ley,21263,considerando,1
341_p1207,ley,21356,considerando,1
341_p1207,ley,21400,considerando,1
341_p1207,ley,22105,considerando,1
341_p1207,ley,24411,considerando,1
341_p1227,ley,12200,considerando,1
341_p1227,ley,14148,considerando,1
341_p1227,ley,16986,considerando,1
341_p1227,ley,23898,considerando,1
341_p1228,ley,23660,considerando,1
341_p1237,ley,23737,caratula,2
341_p1246,ley,14491,voto,1
341_p1251,ley,23898,voto,1
341_p1258,ley,23850,considerando,1
341_p1258,ley,26536,considerando,1
341_p1258,ley,26536,voto,1
341_p1268,ley,24557,considerando,3
341_p1268,ley,26773,considerando,5
341_p1268,ley,24557,voto,4
341_p1268,ley,26773,voto,9
341_p1284,ley,24642,considerando,4
341_p1298,ley,11683,voto,2
341_p1298,ley,18038,voto,3
341_p1298,ley,23987,voto,3
341_p1298,ley,24241,voto,1
341_p1298,ley,6716,voto,4
341_p1306,ley,1285,considerando,3
341_p1306,ley,26741,considerando,1
341_p1322,ley,24543,voto,1
341_p1338,ley,19655,considerando,1
341_p1338,ley,23660,considerando,1
341_p1338,ley,24049,considerando,8
341_p1346,ley,1285,voto,1
341_p1352,ley,24557,considerando,3
341_p1356,ley,16986,caratula,2
341_p1356,ley,19101,considerando,1
341_p1356,ley,22511,considerando,1
341_p1356,ley,25616,considerando,1
341_p1356,ley,26061,considerando,1
341_p1367,ley,23898,considerando,4
341_p1367,ley,23898,dispositivo,1
341_p1372,ley,6581,voto,4
341_p1378,ley,24767,considerando,3
341_p1390,ley,1285,considerando,3
341_p1390,ley,17250,considerando,2
341_p1390,ley,25063,considerando,9
341_p1423,ley,20416,voto,6
341_p1423,ley,20774,voto,2
341_p1432,ley,16986,caratula,2
341_p1432,ley,25561,voto,1
341_p1432,ley,25967,voto,1
341_p1439,ley,17418,considerando,1
341_p1443,ley,26773,considerando,4
341_p1443,ley,18345,voto,1
341_p1443,ley,26773,voto,3
341_p1450,ley,27149,considerando,3
341_p1450,ley,27149,voto,2
341_p1459,ley,1285,considerando,1
341_p1460,ley,21965,considerando,5
341_p1460,ley,21965,voto,4
341_p1466,ley,16986,caratula,2
341_p1466,ley,25871,considerando,3
341_p1466,ley,25871,voto,4
341_p1483,ley,27148,considerando,1
341_p1485,ley,1285,considerando,2
341_p1485,ley,21708,considerando,1
341_p1485,ley,23396,considerando,4
341_p1485,ley,25344,considerando,1
341_p1485,ley,1285,voto,2
341_p1485,ley,21708,voto,1
341_p1485,ley,23396,voto,1
341_p1485,ley,25344,voto,2
341_p1502,ley,22802,caratula,2
341_p1502,ley,16463,voto,1
341_p1502,ley,19549,voto,1
341_p1502,ley,22802,voto,8
341_p1511,ley,17418,considerando,1
341_p1511,ley,24522,considerando,4
341_p1511,ley,26061,considerando,3
341_p1511,ley,24522,voto,3
341_p1511,ley,26061,voto,2
341_p1555,ley,20091,voto,5
341_p1570,ley,19549,voto,2
341_p1570,ley,25871,voto,8
341_p1617,ley,26685,considerando,1
341_p1625,ley,19279,voto,2
341_p1625,ley,22431,voto,1
341_p1625,ley,25280,voto,1
341_p1625,ley,26378,voto,1
341_p1625,ley,27044,voto,1
341_p1659,ley,24240,considerando,1
341_p1661,ley,11683,considerando,2
341_p1661,ley,23697,considerando,1
341_p1661,ley,23928,considerando,1
341_p1661,ley,24076,considerando,1
341_p1661,ley,26994,considerando,1
341_p1679,ley,1285,considerando,2
341_p1679,ley,1697,considerando,1
341_p1679,ley,19549,considerando,8
341_p1679,ley,21708,considerando,1
341_p1679,ley,24522,considerando,2
341_p1704,ley,8024,voto,1
341_p1717,ley,26854,considerando,1
341_p1717,ley,27346,considerando,2
341_p1727,ley,16986,caratula,1
341_p1733,ley,25854,considerando,1
341_p1733,ley,26061,considerando,7
341_p1763,ley,18345,considerando,1
341_p1763,ley,23696,considerando,1
341_p1768,ley,11179,caratula,1
341_p1768,ley,14616,caratula,3
341_p1768,ley,14616,considerando,1
341_p1768,ley,23492,considerando,6
341_p1768,ley,23521,considerando,2
341_p1768,ley,23737,considerando,1
341_p1768,ley,24390,considerando,39
341_p1768,ley,25430,considerando,6
341_p1768,ley,25779,considerando,2
341_p1768,ley,27148,considerando,1
341_p1768,ley,27156,considerando,5
341_p1768,ley,27362,considerando,43
341_p1768,ley,24390,voto,8
341_p1768,ley,25430,voto,3
341_p1768,ley,27148,voto,1
341_p1768,ley,27156,voto,1
341_p1768,ley,27362,voto,2
341_p1846,ley,24557,considerando,1
341_p1846,ley,24557,voto,2
341_p1846,ley,26773,voto,1
341_p1854,ley,12008,considerando,1
341_p1854,ley,13101,considerando,1
341_p1854,ley,25561,considerando,1
341_p1854,ley,12008,voto,1
341_p1854,ley,13101,voto,1
341_p1854,ley,25561,voto,1
341_p1869,ley,1499,considerando,2
341_p1869,ley,2052,considerando,5
341_p1869,ley,3415,considerando,12
341_p1869,ley,2052,voto,1
341_p1924,ley,18037,considerando,1
341_p1924,ley,23928,considerando,2
341_p1924,ley,24241,considerando,20
341_p1924,ley,26417,considerando,12
341_p1924,ley,27260,considerando,4
341_p1924,ley,23928,voto,1
341_p1924,ley,24241,voto,5
341_p1924,ley,26417,voto,3
341_p1924,ley,27260,voto,2
341_p1998,ley,24240,dispositivo,1
341_p2006,ley,24241,caratula,2
341_p2006,ley,24016,considerando,1
341_p2006,ley,24241,considerando,2
341_p2010,ley,3258,considerando,1
341_p2019,ley,23857,voto,1
341_p2027,ley,16986,considerando,1
342_p1,ley,10161,considerando,3
342_p1,ley,10161,voto,6
342_p42,ley,26364,caratula,2
342_p43,ley,26994,considerando,1
342_p49,ley,24557,considerando,1
342_p49,ley,26773,considerando,2
342_p49,ley,24557,voto,1
342_p49,ley,26773,voto,5
342_p58,ley,4193,considerando,2
342_p65,ley,23077,considerando,1
342_p73,ley,23551,considerando,1
342_p77,ley,11544,considerando,7
342_p77,ley,12908,considerando,4
342_p126,ley,25675,considerando,1
342_p126,ley,3010,considerando,1
342_p142,ley,21526,caratula,2
342_p142,ley,24144,considerando,1
342_p148,ley,24557,considerando,1
342_p159,ley,25246,considerando,3
342_p162,ley,23928,voto,1
342_p171,ley,10161,considerando,5
342_p171,ley,16986,considerando,1
342_p171,ley,5989,considerando,2
342_p171,ley,16986,dispositivo,1
342_p193,ley,25344,considerando,1
342_p193,ley,26546,considerando,1
342_p193,ley,24130,voto,1
342_p193,ley,24463,voto,2
342_p193,ley,25344,voto,5
342_p197,ley,23551,voto,1
342_p197,ley,24660,voto,1
342_p208,ley,16986,caratula,2
342_p208,ley,25326,considerando,1
342_p208,ley,25520,considerando,3
342_p208,ley,27275,considerando,6
342_p227,ley,24557,voto,1
342_p235,ley,16986,considerando,2
342_p235,ley,16986,dispositivo,1
342_p250,ley,24557,considerando,1
342_p259,ley,24043,caratula,2
342_p259,ley,24043,considerando,4
342_p266,ley,22431,considerando,1
342_p271,ley,24521,considerando,1
342_p287,ley,16986,considerando,5
342_p287,ley,16986,voto,2
342_p343,ley,10161,considerando,4
342_p343,ley,16986,considerando,1
342_p343,ley,4826,considerando,1
342_p343,ley,4863,considerando,1
342_p343,ley,5989,considerando,1
342_p343,ley,8135,considerando,2
342_p343,ley,10161,voto,6
342_p411,ley,20628,considerando,4
342_p411,ley,27346,considerando,3
342_p411,ley,27360,considerando,1
342_p411,ley,27430,considerando,1
342_p411,ley,20628,dispositivo,1
342_p411,ley,20628,voto,1
342_p459,ley,24522,considerando,5
342_p459,ley,24522,dispositivo,1
342_p459,ley,24522,voto,3
342_p459,ley,26061,voto,1
342_p509,ley,1285,considerando,2
342_p509,ley,2257,considerando,1
342_p509,ley,24588,considerando,1
342_p509,ley,5935,considerando,1
342_p509,ley,1285,dispositivo,1
342_p509,ley,1285,voto,4
342_p509,ley,24588,voto,2
342_p509,ley,25752,voto,2
342_p509,ley,26702,voto,1
342_p509,ley,5935,voto,1
342_p526,ley,18037,considerando,3
342_p526,ley,19485,considerando,3
342_p526,ley,24463,considerando,4
342_p526,ley,2753,considerando,1
342_p533,ley,1029,considerando,1
342_p533,ley,1285,considerando,1
342_p533,ley,1355,considerando,1
342_p533,ley,14467,considerando,1
342_p533,ley,2257,considerando,1
342_p533,ley,5935,considerando,1
342_p533,ley,1285,voto,1
342_p533,ley,14467,voto,1
342_p584,ley,23771,considerando,1
342_p606,ley,19101,considerando,1
342_p606,ley,25453,considerando,1
342_p609,ley,24557,considerando,1
342_p609,ley,24557,voto,1
342_p633,ley,23540,considerando,1
342_p633,ley,23551,considerando,1
342_p645,ley,23548,considerando,2
342_p667,ley,20661,considerando,2
342_p667,ley,23817,considerando,1
342_p667,ley,23984,considerando,1
342_p667,ley,25742,considerando,1
342_p667,ley,25760,considerando,2
342_p667,ley,25764,considerando,1
342_p667,ley,25886,considerando,2
342_p685,ley,16986,caratula,2
342_p697,ley,2784,considerando,5
342_p738,ley,8024,considerando,1
342_p744,ley,7050,considerando,1
342_p761,ley,24411,considerando,1
342_p761,ley,9688,considerando,4
342_p761,ley,9688,voto,7
342_p812,ley,26020,considerando,2
342_p812,ley,26020,voto,2
342_p832,ley,19101,considerando,3
342_p832,ley,19101,voto,3
342_p852,ley,24522,considerando,1
342_p853,ley,22285,considerando,2
342_p860,ley,23660,considerando,1
342_p867,ley,18345,considerando,1
342_p867,ley,24557,considerando,3
342_p867,ley,26773,considerando,1
342_p867,ley,24557,voto,2
342_p884,ley,2240,considerando,1
342_p884,ley,26061,considerando,1
342_p899,ley,26685,voto,1
342_p917,ley,26639,considerando,6
342_p917,ley,25675,voto,1
342_p917,ley,26639,voto,2
342_p971,ley,21526,considerando,1
342_p971,ley,23548,considerando,2
342_p988,ley,13661,considerando,5
342_p988,ley,14441,considerando,1
342_p988,ley,13661,voto,1
342_p1001,ley,26773,considerando,2
342_p1001,ley,24240,voto,3
342_p1004,ley,24240,considerando,2
342_p1011,ley,24065,considerando,1
342_p1017,ley,24577,considerando,1
342_p1017,ley,24577,voto,1
342_p1031,ley,10067,considerando,1
342_p1031,ley,1285,considerando,1
342_p1031,ley,26061,considerando,2
342_p1039,ley,10397,considerando,1
342_p1048,ley,15336,considerando,2
342_p1061,ley,25675,considerando,1
342_p1061,ley,27078,considerando,1
342_p1061,ley,2813,considerando,1
342_p1061,ley,19798,voto,1
342_p1143,ley,16986,considerando,2
342_p1143,ley,26095,considerando,1
342_p1143,ley,26874,considerando,1
342_p1152,ley,24557,considerando,1
342_p1170,ley,11683,considerando,15
342_p1170,ley,1285,considerando,2
342_p1170,ley,23982,considerando,3
342_p1170,ley,24447,considerando,1
342_p1170,ley,25344,considerando,1
342_p1170,ley,25725,considerando,1
342_p1203,ley,23919,considerando,1
342_p1203,ley,25675,considerando,7
342_p1203,ley,9718,considerando,1
342_p1227,ley,26061,voto,1
342_p1227,ley,26854,voto,2
342_p1249,ley,23551,considerando,1
342_p1261,ley,24754,considerando,2
342_p1261,ley,24901,considerando,4
342_p1261,ley,26682,considerando,1
342_p1302,ley,22140,considerando,2
342_p1302,ley,25344,considerando,1
342_p1309,ley,24070,considerando,3
342_p1313,ley,16986,considerando,1
342_p1315,ley,24521,caratula,2
342_p1327,ley,24051,caratula,1
342_p1327,ley,24051,considerando,6
342_p1327,ley,25675,considerando,4
342_p1327,ley,25688,considerando,1
342_p1327,ley,26438,considerando,1
342_p1327,ley,24051,voto,5
342_p1343,ley,5848,considerando,1
342_p1372,ley,24557,considerando,3
342_p1372,ley,27348,considerando,1
342_p1376,ley,24660,considerando,2
342_p1376,ley,25892,considerando,1
342_p1376,ley,26200,considerando,1
342_p1393,ley,16986,caratula,2
342_p1393,ley,19549,voto,4
342_p1393,ley,6582,voto,1
342_p1404,ley,21499,considerando,2
342_p1412,ley,5315,considerando,1
342_p1417,ley,25675,considerando,1
342_p1417,ley,26854,considerando,1
342_p1417,ley,25675,voto,2
342_p1429,ley,24432,considerando,1
342_p1429,ley,24557,considerando,1
342_p1434,ley,19549,considerando,4
342_p1434,ley,25344,considerando,2
342_p1434,ley,19549,voto,2
342_p1447,ley,23737,caratula,1
342_p1447,ley,23737,dispositivo,1
342_p1450,ley,24557,considerando,2
342_p1450,ley,26773,considerando,1
342_p1456,ley,24043,caratula,2
342_p1456,ley,24043,considerando,1
342_p1459,ley,24557,considerando,1
342_p1477,ley,25675,considerando,3
342_p1484,ley,16986,voto,1
342_p1490,ley,24043,caratula,1
342_p1511,ley,21965,considerando,1
342_p1511,ley,21965,voto,4
342_p1524,ley,1285,considerando,2
342_p1524,ley,17418,considerando,1
342_p1524,ley,21708,considerando,1
342_p1524,ley,23619,considerando,1
342_p1524,ley,23982,considerando,3
342_p1524,ley,24624,considerando,1
342_p1524,ley,25565,considerando,1
342_p1524,ley,1285,voto,4
342_p1524,ley,21708,voto,2
342_p1524,ley,23619,voto,2
342_p1524,ley,23982,voto,2
342_p1524,ley,24624,voto,1
342_p1549,ley,1472,considerando,1
342_p1549,ley,16768,considerando,1
342_p1549,ley,21039,considerando,8
342_p1549,ley,2148,considerando,1
342_p1549,ley,6769,considerando,3
342_p1549,ley,21039,voto,1
342_p1568,ley,22921,considerando,1
342_p1591,ley,23349,considerando,1
342_p1591,ley,23548,considerando,1
342_p1591,ley,24241,considerando,1
342_p1591,ley,26854,considerando,1
342_p1591,ley,23548,voto,1
342_p1613,ley,1285,considerando,1
342_p1625,ley,24043,caratula,2
342_p1625,ley,24043,considerando,21
342_p1644,ley,24557,considerando,2
342_p1644,ley,26773,considerando,6
342_p1644,ley,26773,voto,1
342_p1665,ley,26551,considerando,3
342_p1665,ley,26551,voto,1
342_p1747,ley,16986,caratula,2
342_p1747,ley,16986,considerando,1
342_p1753,ley,22400,considerando,3
342_p1753,ley,25323,considerando,1
342_p1767,ley,23187,considerando,1
342_p1847,ley,11672,considerando,1
342_p1847,ley,23853,considerando,3
342_p1847,ley,23928,considerando,15
342_p1847,ley,23982,considerando,2
342_p1847,ley,25453,considerando,1
342_p1847,ley,25561,considerando,3
342_p1847,ley,4055,considerando,1
342_p1847,ley,23928,voto,2
342_p1847,ley,25561,voto,1
342_p1900,ley,26773,voto,1
342_p1903,ley,26994,considerando,1
342_p1903,ley,27077,considerando,1
342_p1921,ley,20744,considerando,3
342_p2009,ley,19945,considerando,1
342_p2009,ley,23298,considerando,1
342_p2009,ley,26571,considerando,3
342_p2009,ley,27412,considerando,9
342_p2009,ley,19945,voto,1
342_p2009,ley,27412,voto,2
342_p2056,ley,24557,considerando,2
342_p2056,ley,26773,considerando,3
342_p2063,ley,16986,caratula,2
342_p2063,ley,24901,considerando,1
342_p2068,ley,22421,considerando,2
342_p2068,ley,1285,voto,1
342_p2068,ley,21708,voto,1
342_p2068,ley,22421,voto,1
342_p2075,ley,18695,considerando,3
342_p2079,ley,24557,considerando,1
342_p2083,ley,22415,considerando,1
342_p2083,ley,24385,considerando,2
342_p2100,ley,19549,considerando,1
342_p2115,ley,19550,considerando,2
342_p2115,ley,19550,voto,2
342_p2125,ley,16986,caratula,2
342_p2125,ley,11683,considerando,1
342_p2125,ley,16986,considerando,4
342_p2125,ley,26994,considerando,1
342_p2125,ley,11683,voto,1
342_p2125,ley,16986,voto,3
342_p2136,ley,14938,considerando,1
342_p2136,ley,25675,considerando,2
342_p2136,ley,27509,considerando,1
342_p2187,ley,26032,considerando,1
342_p2198,ley,26994,considerando,1
342_p2198,ley,27077,considerando,1
342_p2236,ley,10149,considerando,1
342_p2244,ley,25156,caratula,2
342_p2244,ley,25156,voto,3
342_p2251,ley,1285,considerando,1
342_p2251,ley,24522,considerando,1
342_p2256,ley,1447,considerando,1
342_p2256,ley,25675,considerando,2
342_p2256,ley,5026,considerando,1
342_p2256,ley,6045,considerando,6
342_p2256,ley,6200,considerando,3
342_p2256,ley,7422,considerando,4
342_p2256,ley,12636,voto,6
342_p2256,ley,1447,voto,2
342_p2256,ley,6045,voto,2
342_p2295,ley,1285,considerando,1
342_p2298,ley,5848,considerando,3
342_p2317,ley,23898,considerando,2
342_p2344,ley,25990,considerando,2
342_p2362,ley,11179,considerando,3
342_p2362,ley,14467,considerando,1
342_p2362,ley,24390,considerando,7
342_p2362,ley,24660,considerando,7
342_p2362,ley,25430,considerando,1
342_p2362,ley,27362,considerando,1
342_p2362,ley,24390,voto,4
342_p2362,ley,24660,voto,1
342_p2389,ley,22278,considerando,1
342_p2399,ley,23661,considerando,1
343_p1,ley,26773,considerando,2
343_p3,ley,23059,considerando,3
343_p3,ley,24533,considerando,1
343_p15,ley,23098,considerando,5
343_p15,ley,24463,considerando,1
343_p15,ley,24660,considerando,4
343_p15,ley,24714,considerando,7
343_p15,ley,26061,considerando,1
343_p15,ley,26485,considerando,1
343_p25,ley,23898,considerando,3
343_p28,ley,16986,caratula,2
343_p28,ley,13064,considerando,1
343_p28,ley,19549,considerando,1
343_p28,ley,23982,considerando,2
343_p28,ley,25344,considerando,5
343_p28,ley,23982,voto,2
343_p28,ley,25344,voto,2
343_p33,ley,23898,considerando,2
343_p42,ley,26215,caratula,2
343_p47,ley,23737,caratula,2
343_p52,ley,26773,considerando,1
343_p55,ley,18037,considerando,3
343_p55,ley,22955,considerando,8
343_p55,ley,22955,dispositivo,1
343_p63,ley,24767,considerando,2
343_p86,ley,16986,caratula,2
343_p86,ley,26682,voto,6
343_p113,ley,22415,caratula,2
343_p116,ley,23982,considerando,4
343_p116,ley,25344,considerando,4
343_p116,ley,25561,considerando,1
343_p116,ley,25565,considerando,1
343_p116,ley,25725,considerando,1
343_p116,ley,26204,considerando,2
343_p139,ley,7434,caratula,1
343_p140,ley,19549,considerando,1
343_p140,ley,26944,considerando,6
343_p161,ley,16986,caratula,2
343_p161,ley,16986,considerando,2
343_p168,ley,23737,caratula,2
343_p168,ley,23737,considerando,5
343_p168,ley,24072,considerando,1
343_p168,ley,23737,voto,3
343_p193,ley,22415,caratula,2
343_p193,ley,22415,considerando,1
343_p264,ley,11672,considerando,3
343_p264,ley,23982,considerando,5
343_p264,ley,25344,considerando,1
343_p264,ley,26378,considerando,2
343_p264,ley,26422,considerando,1
343_p264,ley,26546,considerando,2
343_p264,ley,27360,considerando,1
343_p264,ley,11672,voto,1
343_p264,ley,23982,voto,4
343_p264,ley,26546,voto,3
343_p283,ley,1285,considerando,1
343_p283,ley,14263,considerando,1
343_p283,ley,27360,considerando,1
343_p283,ley,27541,considerando,2
343_p319,ley,10374,considerando,1
343_p319,ley,1285,considerando,1
343_p319,ley,13656,considerando,1
343_p319,ley,16986,considerando,2
343_p319,ley,25675,considerando,2
343_p319,ley,25688,considerando,2
343_p373,ley,24051,caratula,1
343_p373,ley,24051,considerando,5
343_p373,ley,25675,considerando,2
343_p373,ley,25688,considerando,1
343_p373,ley,3230,considerando,1
343_p373,ley,24051,voto,5
343_p396,ley,24051,considerando,6
343_p396,ley,25675,considerando,2
343_p396,ley,25688,considerando,1
343_p396,ley,24051,voto,9
343_p412,ley,1528,considerando,1
343_p412,ley,25053,considerando,2
343_p412,ley,25053,voto,2
343_p432,ley,1285,considerando,1
343_p432,ley,19032,considerando,1
343_p432,ley,24588,considerando,1
343_p432,ley,1285,voto,1
343_p440,ley,5848,considerando,3
343_p473,ley,25561,caratula,1
343_p476,ley,24557,considerando,4
343_p476,ley,26773,considerando,5
343_p476,ley,24557,voto,1
343_p476,ley,26773,voto,3
343_p486,ley,24767,considerando,1
343_p506,ley,17418,considerando,1
343_p506,ley,21965,considerando,2
343_p506,ley,23737,considerando,1
343_p506,ley,21965,voto,2
343_p519,ley,11720,considerando,1
343_p519,ley,25675,considerando,4
343_p536,ley,26361,considerando,1
343_p538,ley,16986,caratula,2
343_p547,ley,23548,considerando,2
343_p547,ley,23968,considerando,1
343_p547,ley,24922,considerando,4
343_p547,ley,25675,considerando,3
343_p576,ley,23982,considerando,2
343_p576,ley,25344,considerando,1
343_p603,ley,25675,considerando,1
343_p637,ley,24076,voto,2
343_p656,ley,16986,voto,1
343_p681,ley,13577,voto,6
343_p681,ley,22016,voto,1
343_p711,ley,16986,caratula,1
343_p711,ley,24583,considerando,1
343_p720,ley,24073,considerando,2
343_p720,ley,25561,considerando,1
343_p723,ley,24463,considerando,2
343_p723,ley,24463,dispositivo,1
343_p726,ley,25675,considerando,2
343_p726,ley,26331,considerando,1
343_p726,ley,26562,considerando,3
343_p726,ley,26815,considerando,1
343_p726,ley,27520,considerando,1
343_p749,ley,11820,voto,2
343_p763,ley,25675,considerando,1
343_p767,ley,8058,considerando,1
343_p767,ley,8231,considerando,5
343_p767,ley,9728,considerando,2
343_p767,ley,23551,voto,2
343_p795,ley,25344,considerando,1
343_p795,ley,25565,considerando,1
343_p795,ley,25344,voto,1
343_p798,ley,1285,voto,1
343_p803,ley,18037,considerando,1
343_p806,ley,22021,voto,4
343_p815,ley,26061,considerando,1
343_p819,ley,20628,voto,2
343_p827,ley,25561,caratula,4
343_p827,ley,25561,voto,2
343_p840,ley,11683,considerando,3
343_p840,ley,24769,considerando,1
343_p840,ley,25063,considerando,1
343_p867,ley,14250,considerando,3
343_p867,ley,23551,considerando,13
343_p867,ley,23551,voto,1
343_p892,ley,18037,considerando,4
343_p892,ley,24241,considerando,1
343_p944,ley,23098,considerando,2
343_p956,ley,25798,considerando,5
343_p956,ley,26167,considerando,3
343_p956,ley,26497,considerando,2
343_p961,ley,19550,considerando,1
343_p970,ley,16707,considerando,1
343_p970,ley,18250,considerando,1
343_p970,ley,25304,considerando,1
343_p970,ley,25909,considerando,1
343_p970,ley,8080,considerando,1
343_p990,ley,25871,considerando,34
343_p990,ley,25871,voto,7
343_p990,ley,26202,voto,1
343_p1019,ley,27149,considerando,2
343_p1024,ley,11672,considerando,1
343_p1024,ley,23982,considerando,1
343_p1024,ley,24013,considerando,2
343_p1024,ley,25344,considerando,2
343_p1024,ley,26078,considerando,1
343_p1024,ley,27198,considerando,1
343_p1024,ley,24013,voto,6
343_p1024,ley,25344,voto,1
343_p1024,ley,26078,voto,1
343_p1031,ley,25164,caratula,2
343_p1037,ley,12383,considerando,1
343_p1037,ley,21297,considerando,2
343_p1037,ley,23451,considerando,1
343_p1037,ley,23592,considerando,1
343_p1037,ley,23592,voto,1
343_p1075,ley,24767,considerando,1
343_p1086,ley,18502,voto,1
343_p1086,ley,23968,voto,2
343_p1086,ley,24922,voto,1
343_p1086,ley,26552,voto,1
343_p1096,ley,16986,caratula,2
343_p1096,ley,21628,considerando,1
343_p1096,ley,16986,voto,1
343_p1096,ley,4055,voto,1
343_p1109,ley,8912,considerando,8
343_p1121,ley,23696,considerando,1
343_p1129,ley,11683,voto,1
343_p1129,ley,27260,voto,4
343_p1142,ley,24573,considerando,5
343_p1142,ley,25661,considerando,1
343_p1142,ley,26589,considerando,3
343_p1146,ley,11497,voto,1
343_p1163,ley,26061,considerando,1
343_p1163,ley,26485,considerando,1
343_p1172,ley,24043,caratula,2
343_p1172,ley,24043,considerando,2
343_p1172,ley,26564,considerando,7
343_p1218,ley,26994,considerando,1
343_p1218,ley,27077,considerando,1
343_p1218,ley,1284,voto,1
343_p1233,ley,24240,considerando,2
343_p1233,ley,27148,considerando,2
343_p1237,ley,23898,considerando,1
343_p1239,ley,26093,considerando,2
343_p1259,ley,17520,considerando,1
343_p1259,ley,19549,considerando,1
343_p1259,ley,25873,considerando,1
343_p1307,ley,25930,considerando,1
343_p1332,ley,16986,considerando,1
343_p1332,ley,23879,considerando,3
343_p1332,ley,23897,considerando,1
343_p1332,ley,25675,considerando,2
343_p1352,ley,24240,voto,1
343_p1362,ley,23849,considerando,1
343_p1362,ley,23857,considerando,2
343_p1362,ley,25358,considerando,1
343_p1389,ley,9996,considerando,1
343_p1406,ley,16986,considerando,1
343_p1406,ley,24901,considerando,2
343_p1416,ley,22250,considerando,5
343_p1421,ley,1285,considerando,1
343_p1421,ley,14467,considerando,1
343_p1421,ley,24767,considerando,6
343_p1421,ley,26097,considerando,1
343_p1444,ley,24522,considerando,1
343_p1447,ley,16986,voto,1
343_p1457,ley,16986,caratula,2
343_p1457,ley,16986,considerando,1
343_p1457,ley,23637,considerando,1
343_p1457,ley,23984,considerando,1
343_p1457,ley,25292,considerando,1
343_p1457,ley,27145,considerando,2
343_p1457,ley,27307,considerando,8
343_p1457,ley,16986,voto,1
343_p1599,ley,1605,considerando,1
343_p1611,ley,25675,considerando,1
343_p1611,ley,27148,dispositivo,1
343_p1617,ley,24241,considerando,1
343_p1624,ley,16986,caratula,2
343_p1624,ley,16986,considerando,1
343_p1646,ley,25561,considerando,3
343_p1646,ley,25796,considerando,4
343_p1646,ley,25827,considerando,1
343_p1657,ley,24557,caratula,2
343_p1663,ley,16986,caratula,2
343_p1673,ley,22431,considerando,1
343_p1673,ley,23660,considerando,1
343_p1673,ley,24901,considerando,5
343_p1679,ley,22362,voto,1
343_p1684,ley,20094,considerando,1
343_p1688,ley,4787,considerando,2
343_p1688,ley,5012,considerando,1
343_p1688,ley,4787,voto,1
343_p1688,ley,5012,voto,1
343_p1704,ley,23054,considerando,1
343_p1704,ley,23313,considerando,1
343_p1738,ley,13569,considerando,1
343_p1738,ley,24767,considerando,1
343_p1738,ley,25302,considerando,3
343_p1738,ley,25990,considerando,1
343_p1738,ley,3035,considerando,1
343_p1750,ley,24043,caratula,1
343_p1750,ley,24043,considerando,2
343_p1752,ley,16986,caratula,2
343_p1752,ley,24901,considerando,2
343_p1758,ley,24557,considerando,1
343_p1758,ley,24635,considerando,1
343_p1758,ley,26773,considerando,1
343_p1762,ley,24557,considerando,1
343_p1762,ley,24557,voto,2
343_p1784,ley,24557,considerando,1
343_p1784,ley,24557,voto,1
343_p1794,ley,24557,considerando,1
343_p1794,ley,24557,voto,1
343_p1794,ley,24901,voto,1
343_p1794,ley,26480,voto,1
343_p1800,ley,24901,considerando,2
343_p1800,ley,26480,considerando,1
343_p1827,ley,25713,considerando,1
343_p1841,ley,23551,considerando,2
343_p1841,ley,25344,considerando,1
343_p1841,ley,5654,considerando,3
343_p1841,ley,5797,considerando,2
343_p1853,ley,26061,caratula,2
343_p1854,ley,17801,considerando,1
343_p1854,ley,21799,considerando,1
343_p1854,ley,25299,considerando,1
343_p1854,ley,21799,voto,3
343_p1854,ley,25299,voto,1
343_p1869,ley,25561,considerando,1
343_p1871,ley,13478,considerando,1
343_p1871,ley,13478,voto,3
343_p1871,ley,16986,voto,1
343_p1871,ley,18910,voto,1
343_p1894,ley,11672,considerando,7
343_p1894,ley,23982,considerando,3
343_p1894,ley,26895,considerando,1
343_p1894,ley,3952,considerando,1
343_p1894,ley,11672,voto,4
343_p1894,ley,23982,voto,5
343_p1894,ley,26895,voto,1
343_p1910,ley,24449,considerando,1
343_p1910,ley,4055,considerando,1
343_p1914,ley,24425,considerando,1
343_p1914,ley,24481,considerando,5
343_p1923,ley,1285,considerando,2
343_p1923,ley,14467,considerando,1
343_p1929,ley,27423,considerando,1
343_p1932,ley,19865,considerando,1
343_p1932,ley,27022,considerando,1
343_p1944,ley,17319,considerando,15
343_p1944,ley,23678,considerando,11
343_p1944,ley,23696,considerando,1
343_p1944,ley,23697,considerando,23
343_p1944,ley,23897,considerando,10
343_p1944,ley,24145,considerando,2
343_p1944,ley,26197,considerando,1
343_p1944,ley,27007,considerando,1
343_p1944,ley,17319,voto,2
343_p1944,ley,23678,voto,1
343_p1944,ley,23697,voto,7
343_p1944,ley,23897,voto,2
343_p1987,ley,1285,considerando,1
343_p1987,ley,26735,considerando,1
343_p1987,ley,27346,considerando,2
343_p2011,ley,24521,considerando,5
343_p2039,ley,20221,considerando,1
343_p2039,ley,22006,considerando,1
343_p2039,ley,23548,considerando,1
343_p2039,ley,24653,considerando,1
343_p2039,ley,12346,voto,3
343_p2039,ley,20628,voto,1
343_p2039,ley,23548,voto,2
343_p2039,ley,24653,voto,1
343_p2067,ley,17319,considerando,6
343_p2080,ley,27469,considerando,1
343_p2087,ley,10412,considerando,2
343_p2087,ley,10508,considerando,4
343_p2087,ley,10509,considerando,2
343_p2087,ley,10510,considerando,2
343_p2087,ley,6006,considerando,1
343_p2087,ley,10508,voto,1
343_p2095,ley,16986,caratula,2
343_p2095,ley,16986,considerando,1
343_p2135,ley,18820,considerando,1
343_p2135,ley,21864,considerando,1
343_p2135,ley,18820,voto,1
343_p2135,ley,21864,voto,1
343_p2145,ley,24557,considerando,2
343_p2151,ley,14771,considerando,1
343_p2151,ley,18345,considerando,1
343_p2151,ley,23696,voto,2
343_p2161,ley,17272,considerando,1
343_p2161,ley,24767,considerando,8
343_p2176,ley,16986,caratula,2
343_p2176,ley,23661,considerando,3
343_p2211,ley,11723,considerando,1
343_p2243,ley,27149,considerando,1
343_p2255,ley,24240,considerando,1
343_p2255,ley,24240,voto,1
343_p2271,ley,17319,considerando,3
343_p2271,ley,26994,considerando,1
344_p1,ley,24043,caratula,1
344_p1,ley,24043,considerando,2
344_p5,ley,21965,considerando,3
344_p21,ley,1638,considerando,1
344_p21,ley,25632,considerando,1
344_p21,ley,27401,considerando,1
344_p48,ley,24767,considerando,1
344_p62,ley,18345,considerando,3
344_p62,ley,24557,considerando,1
344_p116,ley,17418,considerando,1
344_p116,ley,19518,considerando,9
344_p116,ley,22400,considerando,5
344_p126,ley,1285,considerando,2
344_p126,ley,16986,considerando,1
344_p126,ley,23098,considerando,1
344_p126,ley,27148,considerando,1
344_p140,ley,11683,considerando,3
344_p140,ley,20628,considerando,1
344_p140,ley,23576,considerando,9
344_p140,ley,23928,considerando,1
344_p140,ley,23962,considerando,6
344_p140,ley,23982,considerando,4
344_p140,ley,25344,considerando,2
344_p140,ley,25561,considerando,2
344_p140,ley,25565,considerando,3
344_p140,ley,27430,considerando,1
344_p159,ley,16986,caratula,1
344_p159,ley,25561,considerando,1
344_p159,ley,27198,considerando,1
344_p159,ley,27341,considerando,1
344_p159,ley,16986,dispositivo,1
344_p161,ley,26842,caratula,2
344_p174,ley,17319,considerando,2
344_p174,ley,22351,considerando,4
344_p174,ley,24051,considerando,1
344_p174,ley,24145,considerando,1
344_p174,ley,24702,considerando,1
344_p174,ley,25675,considerando,12
344_p174,ley,25688,considerando,1
344_p174,ley,26197,considerando,1
344_p174,ley,26331,considerando,1
344_p174,ley,26854,considerando,1
344_p174,ley,33598,considerando,1
344_p174,ley,3586,considerando,1
344_p174,ley,5889,considerando,1
344_p277,ley,11683,considerando,3
344_p307,ley,11683,considerando,1
344_p307,ley,20628,considerando,3
344_p316,ley,23054,considerando,2
344_p316,ley,23313,considerando,1
344_p316,ley,23849,considerando,1
344_p316,ley,26529,considerando,1
344_p316,ley,26742,considerando,1
344_p329,ley,16986,caratula,2
344_p336,ley,1285,considerando,2
344_p336,ley,14467,considerando,1
344_p336,ley,16463,considerando,2
344_p336,ley,26371,considerando,3
344_p344,ley,16986,caratula,2
344_p344,ley,19549,voto,1
344_p344,ley,23187,voto,1
344_p355,ley,14880,considerando,1
344_p355,ley,14983,considerando,3
344_p362,ley,27362,considerando,1
344_p362,ley,27362,voto,1
344_p378,ley,23771,considerando,1
344_p386,ley,1285,considerando,1
344_p409,ley,16986,caratula,1
344_p409,ley,1285,considerando,1
344_p431,ley,16986,caratula,2
344_p441,ley,2439,voto,4
344_p494,ley,25675,considerando,4
344_p494,ley,25688,considerando,1
344_p494,ley,3122,considerando,1
344_p494,ley,25675,voto,3
344_p494,ley,25688,voto,1
344_p527,ley,23592,voto,1
344_p535,ley,24557,considerando,1
344_p535,ley,24557,voto,2
344_p551,ley,16986,caratula,2
344_p551,ley,16986,considerando,1
344_p551,ley,24901,considerando,3
344_p551,ley,24901,voto,1
344_p566,ley,26773,considerando,1
344_p572,ley,11179,caratula,2
344_p572,ley,27372,dispositivo,1
344_p575,ley,13133,considerando,1
344_p575,ley,24065,considerando,1
344_p575,ley,24240,considerando,3
344_p575,ley,27467,considerando,1
344_p575,ley,24065,voto,1
344_p603,ley,1285,considerando,1
344_p603,ley,16986,considerando,2
344_p603,ley,22847,considerando,4
344_p603,ley,23775,considerando,1
344_p603,ley,16986,voto,1
344_p603,ley,22847,voto,4
344_p603,ley,23775,voto,1
344_p645,ley,23898,dispositivo,1
344_p660,ley,1285,considerando,1
344_p660,ley,14467,considerando,1
344_p684,ley,24065,considerando,3
344_p684,ley,24240,considerando,2
344_p684,ley,1285,voto,1
344_p698,ley,16986,considerando,1
344_p724,ley,18345,considerando,1
344_p724,ley,20744,considerando,1
344_p724,ley,26168,considerando,1
344_p731,ley,26773,considerando,3
344_p741,ley,24557,considerando,1
344_p750,ley,13982,considerando,1
344_p750,ley,23551,considerando,2
344_p750,ley,9578,considerando,1
344_p757,ley,25063,caratula,2
344_p757,ley,21839,considerando,1
344_p757,ley,24432,considerando,1
344_p757,ley,21839,voto,2
344_p757,ley,24432,voto,1
344_p757,ley,25063,voto,1
344_p782,ley,20091,voto,1
344_p782,ley,24240,voto,4
344_p802,ley,16986,caratula,2
344_p807,ley,23187,caratula,1
344_p807,ley,16986,considerando,1
344_p807,ley,23187,considerando,1
344_p807,ley,23898,considerando,2
344_p809,ley,27541,voto,1
344_p936,ley,14772,considerando,2
344_p936,ley,15336,considerando,5
344_p936,ley,24065,considerando,7
344_p936,ley,25561,considerando,1
344_p936,ley,15336,voto,1
344_p936,ley,24065,voto,1
344_p980,ley,24557,considerando,2
344_p980,ley,26773,considerando,2
344_p983,ley,20628,considerando,1
344_p997,ley,21499,considerando,1
344_p1002,ley,21499,considerando,4
344_p1010,ley,23982,considerando,4
344_p1010,ley,25561,considerando,1
344_p1013,ley,25871,considerando,8
344_p1013,ley,25871,voto,10
344_p1030,ley,18345,considerando,1
344_p1033,ley,14653,considerando,3
344_p1033,ley,14880,considerando,2
344_p1033,ley,14983,considerando,3
344_p1043,ley,23898,voto,1
344_p1047,ley,23898,considerando,1
344_p1070,ley,16986,caratula,2
344_p1082,ley,24767,considerando,1
344_p1082,ley,25126,considerando,2
344_p1151,ley,11640,considerando,1
344_p1151,ley,18204,considerando,2
344_p1151,ley,20744,considerando,2
344_p1151,ley,25212,considerando,1
344_p1151,ley,25877,considerando,1
344_p1151,ley,4661,considerando,1
344_p1151,ley,8350,considerando,2
344_p1151,ley,18204,voto,1
344_p1151,ley,20744,voto,1
344_p1151,ley,24307,voto,1
344_p1235,ley,23879,considerando,2
344_p1235,ley,25675,considerando,2
344_p1235,ley,25688,considerando,1
344_p1235,ley,23879,voto,2
344_p1235,ley,25675,voto,1
344_p1235,ley,25688,voto,1
344_p1245,ley,16986,caratula,1
344_p1252,ley,21839,considerando,1
344_p1253,ley,1285,voto,1
344_p1253,ley,26061,voto,1
344_p1270,ley,4970,caratula,2
344_p1270,ley,4970,considerando,4
344_p1315,ley,17418,considerando,2
344_p1336,ley,23592,voto,1
344_p1353,ley,1285,voto,1
344_p1357,ley,23737,caratula,2
344_p1362,ley,23708,considerando,1
344_p1388,ley,18398,considerando,1
344_p1388,ley,18398,voto,2
344_p1388,ley,19101,voto,2
344_p1388,ley,19349,voto,1
344_p1411,ley,11683,considerando,9
344_p1411,ley,17811,considerando,1
344_p1411,ley,21383,considerando,4
344_p1411,ley,21526,considerando,1
344_p1411,ley,24284,considerando,2
344_p1411,ley,24759,considerando,3
344_p1411,ley,24946,considerando,8
344_p1411,ley,25246,considerando,2
344_p1411,ley,26097,considerando,2
344_p1411,ley,26683,considerando,1
344_p1411,ley,27148,considerando,7
344_p1411,ley,27275,considerando,1
344_p1411,ley,27430,considerando,1
344_p1435,ley,18695,considerando,1
344_p1442,ley,23898,considerando,1
344_p1444,ley,22415,caratula,2
344_p1451,ley,16986,caratula,1
344_p1451,ley,1285,considerando,1
344_p1458,ley,20628,considerando,1
344_p1458,ley,24073,considerando,3
344_p1458,ley,25561,considerando,2
344_p1464,ley,1285,considerando,2
344_p1464,ley,21526,considerando,1
344_p1464,ley,21708,considerando,1
344_p1481,ley,11723,voto,1
344_p1497,ley,26061,caratula,2
344_p1507,ley,16986,considerando,1
344_p1509,ley,23737,caratula,2
344_p1509,ley,11179,considerando,1
344_p1509,ley,22278,considerando,7
344_p1509,ley,22803,considerando,1
344_p1509,ley,23984,considerando,1
344_p1557,ley,10606,considerando,16
344_p1557,ley,11328,considerando,2
344_p1557,ley,17565,considerando,3
344_p1557,ley,24307,considerando,1
344_p1557,ley,25156,considerando,1
344_p1557,ley,10606,voto,6
344_p1557,ley,11328,voto,1
344_p1557,ley,11463,voto,1
344_p1557,ley,17565,voto,1
344_p1557,ley,24307,voto,2
344_p1642,ley,24051,caratula,1
344_p1642,ley,24051,considerando,7
344_p1642,ley,25675,considerando,2
344_p1642,ley,25688,considerando,1
344_p1642,ley,24051,voto,4
344_p1685,ley,23898,voto,1
344_p1703,ley,17122,considerando,1
344_p1703,ley,19983,considerando,1
344_p1703,ley,21976,considerando,5
344_p1744,ley,23660,considerando,1
344_p1757,ley,23857,voto,1
344_p1763,ley,23660,considerando,1
344_p1763,ley,24655,considerando,1
344_p1769,ley,19798,voto,4
344_p1785,ley,24937,considerando,1
344_p1785,ley,25488,considerando,1
344_p1788,ley,24241,caratula,2
344_p1788,ley,24241,considerando,10
344_p1788,ley,24463,considerando,1
344_p1788,ley,24241,dispositivo,1
344_p1788,ley,24241,voto,1
344_p1810,ley,11683,considerando,2
344_p1810,ley,23260,considerando,2
344_p1810,ley,23576,considerando,10
344_p1810,ley,23962,considerando,7
344_p1845,ley,23548,considerando,3
344_p1857,ley,11837,considerando,1
344_p1857,ley,23619,considerando,3
344_p1887,ley,11683,considerando,1
344_p1906,ley,24557,considerando,1
344_p1906,ley,26773,considerando,1
344_p1911,ley,24144,caratula,2
344_p1911,ley,19359,considerando,3
344_p1920,ley,12103,considerando,1
344_p1920,ley,14073,considerando,1
344_p1920,ley,17915,considerando,1
344_p1920,ley,22351,considerando,1
344_p1920,ley,23919,considerando,1
344_p1920,ley,25997,considerando,1
344_p1928,ley,25344,dispositivo,1
344_p1930,ley,23771,considerando,1
344_p1930,ley,25882,considerando,1
344_p1952,ley,27147,voto,1
344_p2002,ley,26206,considerando,1
344_p2029,ley,20744,voto,2
344_p2029,ley,25013,voto,1
344_p2029,ley,25323,voto,1
344_p2057,ley,24901,considerando,4
344_p2062,ley,24946,considerando,1
344_p2062,ley,27148,considerando,1
344_p2062,ley,25095,voto,1
344_p2080,ley,1285,voto,1
344_p2086,ley,17319,considerando,1
344_p2098,ley,1285,voto,1
344_p2098,ley,19032,voto,1
344_p2123,ley,10559,voto,2
344_p2175,ley,11683,considerando,6
344_p2175,ley,19840,considerando,2
344_p2175,ley,19865,considerando,3
344_p2175,ley,23228,considerando,5
344_p2175,ley,24769,considerando,6
344_p2175,ley,27274,considerando,1
344_p2175,ley,11683,voto,2
344_p2175,ley,19840,voto,4
344_p2175,ley,23228,voto,2
344_p2175,ley,24769,voto,4
344_p2256,ley,24557,considerando,2
344_p2307,ley,11317,considerando,1
344_p2307,ley,12637,considerando,1
344_p2307,ley,18870,considerando,1
344_p2307,ley,24028,considerando,1
344_p2307,ley,24065,considerando,1
344_p2307,ley,24076,considerando,1
344_p2307,ley,24241,considerando,2
344_p2307,ley,24557,considerando,8
344_p2307,ley,24635,considerando,1
344_p2307,ley,26773,considerando,1
344_p2307,ley,27348,considerando,10
344_p2307,ley,32347,considerando,1
344_p2307,ley,4548,considerando,1
344_p2307,ley,9688,considerando,2
344_p2404,ley,24522,considerando,3
344_p2409,ley,20771,voto,1
344_p2409,ley,23737,voto,7
344_p2428,ley,24043,caratula,2
344_p2428,ley,24043,considerando,1
344_p2441,ley,1565,considerando,8
344_p2465,ley,23548,considerando,1
344_p2471,ley,13298,considerando,2
344_p2471,ley,26061,considerando,4
344_p2482,ley,1285,voto,1
344_p2507,ley,1285,voto,1
344_p2513,ley,1285,considerando,1
344_p2513,ley,27148,voto,1
344_p2543,ley,25675,considerando,7
344_p2573,ley,24184,voto,1
344_p2581,ley,26773,considerando,1
344_p2581,ley,26773,voto,1
344_p2591,ley,22929,considerando,3
344_p2591,ley,24521,considerando,3
344_p2591,ley,26508,considerando,9
344_p2601,ley,19798,voto,1
344_p2644,ley,23898,considerando,3
344_p2644,ley,23898,dispositivo,1
344_p2647,ley,26061,considerando,1
344_p2659,ley,23098,considerando,2
344_p2669,ley,26061,considerando,6
344_p2690,ley,19349,considerando,2
344_p2690,ley,20796,considerando,1
344_p2690,ley,22043,considerando,1
344_p2690,ley,22788,considerando,9
344_p2690,ley,22919,considerando,1
344_p2690,ley,22043,voto,2
344_p2690,ley,22788,voto,10
344_p2690,ley,22919,voto,2
344_p2690,ley,26122,voto,1
344_p2690,ley,4349,voto,2
344_p2728,ley,23548,considerando,2
344_p2728,ley,24076,considerando,2
344_p2728,ley,23548,voto,1
344_p2728,ley,24076,voto,1
344_p2752,ley,23853,considerando,1
344_p2752,ley,23928,considerando,2
344_p2752,ley,23982,considerando,3
344_p2752,ley,25344,considerando,2
344_p2779,ley,23592,considerando,1
344_p2779,ley,6582,considerando,1
344_p2779,ley,14467,voto,1
344_p2779,ley,21053,voto,1
344_p2779,ley,6582,voto,2
344_p2791,ley,23719,considerando,1
344_p2811,ley,6582,considerando,1
344_p2811,ley,6582,voto,2
344_p2811,ley,9798,voto,1
344_p2835,ley,24240,considerando,6
344_p2835,ley,26361,considerando,4
344_p2849,ley,23660,considerando,1
344_p2849,ley,24901,considerando,1
344_p2849,ley,24901,voto,3
344_p2849,ley,25421,voto,1
344_p2858,ley,18398,considerando,1
344_p2858,ley,14467,voto,1
344_p2858,ley,18398,voto,1
344_p2858,ley,21965,voto,1
344_p2868,ley,10623,considerando,1
344_p2868,ley,24901,considerando,3
344_p2868,ley,27044,considerando,1
344_p2868,ley,27350,considerando,9
344_p2868,ley,24901,voto,1
344_p2868,ley,27350,voto,1
344_p2868,ley,9972,voto,1
344_p2901,ley,26061,considerando,4
344_p2922,ley,1285,considerando,1
344_p2922,ley,20284,considerando,1
344_p2922,ley,24051,considerando,1
344_p2922,ley,25675,considerando,3
344_p2922,ley,26639,considerando,3
344_p2922,ley,8144,considerando,1
344_p2922,ley,25675,voto,1
344_p2955,ley,24522,voto,1
344_p2991,ley,23928,considerando,1
344_p3006,ley,11683,considerando,7
344_p3011,ley,16986,caratula,2
344_p3011,ley,20744,considerando,2
344_p3011,ley,20744,voto,4
344_p3057,ley,23551,considerando,7
344_p3057,ley,23592,considerando,1
344_p3057,ley,25164,considerando,3
344_p3057,ley,23551,voto,4
344_p3057,ley,25164,voto,1
344_p3070,ley,20628,considerando,2
344_p3070,ley,24475,considerando,3
344_p3070,ley,27346,considerando,1
344_p3095,ley,24240,considerando,4
344_p3095,ley,24240,voto,5
344_p3095,ley,26361,voto,2
344_p3132,ley,16986,caratula,2
344_p3132,ley,16986,considerando,1
344_p3132,ley,17671,considerando,3
344_p3132,ley,25871,considerando,2
344_p3146,ley,11672,considerando,1
344_p3146,ley,23982,considerando,1
344_p3146,ley,27423,considerando,1
344_p3146,ley,11672,voto,5
344_p3146,ley,21839,voto,1
344_p3146,ley,23982,voto,4
344_p3146,ley,27423,voto,7
344_p3156,ley,24769,caratula,2
344_p3156,ley,12330,considerando,1
344_p3156,ley,1285,considerando,2
344_p3156,ley,12948,considerando,1
344_p3156,ley,14467,considerando,2
344_p3156,ley,18345,considerando,1
344_p3156,ley,21369,considerando,1
344_p3156,ley,21526,considerando,1
344_p3156,ley,21898,considerando,1
344_p3156,ley,22415,considerando,1
344_p3156,ley,23771,considerando,1
344_p3156,ley,23928,considerando,1
344_p3156,ley,24050,considerando,6
344_p3156,ley,24144,considerando,1
344_p3156,ley,24587,considerando,1
344_p3156,ley,24769,considerando,15
344_p3156,ley,25561,considerando,1
344_p3156,ley,26063,considerando,5
344_p3156,ley,26371,considerando,1
344_p3156,ley,26735,considerando,10
344_p3156,ley,27430,considerando,29
344_p3156,ley,32347,considerando,1
344_p3156,ley,7055,considerando,1
344_p3230,ley,19549,considerando,1
344_p3249,ley,19798,voto,1
344_p3289,ley,12833,considerando,1
344_p3289,ley,13278,considerando,1
344_p3289,ley,13998,considerando,4
344_p3289,ley,16986,considerando,5
344_p3289,ley,23735,considerando,1
344_p3289,ley,24164,considerando,1
344_p3289,ley,24946,considerando,1
344_p3289,ley,26854,considerando,2
344_p3289,ley,27148,considerando,1
344_p3289,ley,4055,considerando,1
344_p3307,ley,16986,caratula,2
344_p3307,ley,13478,considerando,2
344_p3307,ley,16986,considerando,1
344_p3307,ley,13478,voto,1
344_p3330,ley,21499,considerando,2
344_p3330,ley,24076,voto,1
344_p3345,ley,24557,considerando,4
344_p3345,ley,20744,voto,1
344_p3345,ley,24557,voto,3
344_p3345,ley,25323,voto,1
344_p3368,ley,24488,voto,1
344_p3368,ley,25875,voto,1
344_p3385,ley,24767,considerando,2
344_p3413,ley,26020,considerando,1
344_p3418,ley,14370,voto,2
344_p3418,ley,23775,voto,3
344_p3418,ley,9316,voto,1
344_p3431,ley,24144,considerando,2
344_p3431,ley,25990,considerando,1
344_p3442,ley,25675,considerando,2
344_p3442,ley,16986,dispositivo,1
344_p3451,ley,16986,caratula,2
344_p3451,ley,22431,considerando,1
344_p3451,ley,23660,considerando,2
344_p3451,ley,24901,considerando,1
344_p3458,ley,22415,considerando,4
344_p3472,ley,16986,caratula,1
344_p3476,ley,2316,considerando,3
344_p3476,ley,2355,considerando,1
344_p3476,ley,2372,considerando,1
344_p3476,ley,2387,considerando,1
344_p3476,ley,2425,considerando,1
344_p3476,ley,2442,considerando,1
344_p3476,ley,2492,considerando,2
344_p3476,ley,2580,considerando,1
344_p3476,ley,2662,considerando,2
344_p3476,ley,3466,considerando,3
344_p3476,ley,2492,dispositivo,1
344_p3476,ley,2316,voto,5
344_p3476,ley,2662,voto,1
344_p3547,ley,17418,considerando,5
344_p3547,ley,24240,considerando,1
344_p3551,ley,26571,considerando,3
344_p3567,ley,25344,considerando,1
344_p3567,ley,27360,considerando,1
344_p3580,ley,25871,considerando,7
344_p3585,ley,23737,considerando,1
344_p3600,ley,25871,considerando,8
344_p3600,ley,25871,voto,8
344_p3610,ley,27541,considerando,1
344_p3613,ley,18345,considerando,2
344_p3613,ley,24185,considerando,1
344_p3618,ley,26078,considerando,2
344_p3625,ley,1285,considerando,2
344_p3625,ley,18380,considerando,6
344_p3625,ley,19647,considerando,1
344_p3625,ley,21708,considerando,1
344_p3625,ley,23982,considerando,1
344_p3636,ley,26080,caratula,2
344_p3636,ley,24937,considerando,14
344_p3636,ley,24939,considerando,5
344_p3636,ley,26080,considerando,21
344_p3636,ley,26855,considerando,4
344_p3636,ley,24937,dispositivo,1
344_p3636,ley,24939,dispositivo,1
344_p3636,ley,24937,voto,2
344_p3636,ley,26080,voto,6
344_p3683,ley,24072,considerando,1
344_p3683,ley,25871,considerando,10
344_p3695,ley,19549,considerando,1
344_p3695,ley,24522,considerando,4
344_p3706,ley,1285,voto,1
344_p3720,ley,1285,considerando,1
344_p3720,ley,27146,considerando,1
344_p3725,ley,10092,considerando,1
344_p3725,ley,10284,considerando,1
344_p3725,ley,16986,considerando,1
344_p3725,ley,22344,considerando,1
344_p3725,ley,23919,considerando,1
344_p3725,ley,25675,considerando,5
344_p3725,ley,26331,considerando,1
344_p3725,ley,26562,considerando,1
344_p3725,ley,8967,considerando,1
344_p3725,ley,9092,considerando,1
344_p3725,ley,9172,considerando,1
344_p3725,ley,9603,considerando,1
344_p3725,ley,9757,considerando,1
344_p3725,ley,9868,considerando,1
344_p3741,ley,16986,caratula,2
344_p3741,ley,16986,considerando,1
344_p3741,ley,24071,considerando,1
344_p3749,ley,25488,considerando,1
344_p3749,ley,25871,considerando,2
344_p3749,ley,25488,voto,1
344_p3749,ley,25871,voto,2
345_p13,ley,16986,caratula,2
345_p13,ley,26854,voto,2
345_p22,ley,6769,considerando,1
345_p22,ley,6769,voto,1
345_p37,ley,24051,caratula,1
345_p37,ley,24051,considerando,5
345_p37,ley,25675,considerando,2
345_p37,ley,25688,considerando,1
345_p37,ley,24051,voto,5
345_p61,ley,7161,considerando,1
345_p61,ley,9871,considerando,1
345_p61,ley,1055,voto,2
345_p61,ley,4828,voto,1
345_p76,ley,10412,dispositivo,1
345_p81,ley,18345,considerando,1
345_p84,ley,24946,considerando,1
345_p84,ley,26061,considerando,1
345_p84,ley,27149,considerando,1
345_p89,ley,21499,considerando,4
345_p89,ley,23928,considerando,2
345_p89,ley,24522,considerando,1
345_p89,ley,26761,considerando,9
345_p101,ley,16986,caratula,1
345_p102,ley,23982,considerando,1
345_p102,ley,25344,considerando,1
345_p154,ley,16986,caratula,1
345_p163,ley,23338,considerando,1
345_p163,ley,23652,considerando,1
345_p191,ley,16986,caratula,2
345_p191,ley,16986,considerando,3
345_p191,ley,24937,considerando,3
345_p191,ley,24939,considerando,1
345_p191,ley,26854,considerando,3
345_p191,ley,16986,dispositivo,1
345_p197,ley,26080,caratula,2
345_p197,ley,24937,considerando,6
345_p197,ley,24939,considerando,4
345_p197,ley,26080,considerando,3
345_p197,ley,26855,considerando,1
345_p217,ley,16986,caratula,2
345_p220,ley,21839,considerando,2
345_p220,ley,24432,considerando,1
345_p220,ley,27423,considerando,4
345_p229,ley,17272,considerando,1
345_p229,ley,17671,considerando,1
345_p229,ley,24767,considerando,2
345_p229,ley,24942,considerando,1
345_p229,ley,26413,considerando,1
345_p229,ley,26994,considerando,1
345_p229,ley,27077,considerando,1
345_p229,ley,8204,considerando,1
345_p241,ley,24635,considerando,1
345_p241,ley,27348,considerando,2
345_p270,ley,23737,considerando,4
345_p270,ley,24702,considerando,1
345_p270,ley,25871,considerando,11
345_p278,ley,23737,considerando,1
345_p278,ley,24767,considerando,1
345_p278,ley,26082,considerando,1
345_p297,ley,16986,caratula,1
345_p298,ley,24632,considerando,2
345_p298,ley,26485,considerando,1
345_p298,ley,21338,voto,1
345_p298,ley,24632,voto,1
345_p358,ley,23857,considerando,1
345_p358,ley,25358,considerando,1
345_p386,ley,24557,caratula,1
345_p416,ley,24051,caratula,1
345_p417,ley,16986,caratula,2
345_p417,ley,13018,voto,2
345_p417,ley,16986,voto,1
345_p417,ley,19485,voto,9
345_p417,ley,23769,voto,1
345_p440,ley,23737,considerando,1
345_p440,ley,4055,considerando,1
345_p482,ley,11723,considerando,1
345_p482,ley,25326,considerando,1
345_p482,ley,26032,considerando,2
345_p533,ley,11867,considerando,6
345_p533,ley,19550,considerando,5
345_p549,ley,16986,caratula,2
345_p549,ley,16463,considerando,4
345_p549,ley,16986,considerando,1
345_p549,ley,17132,considerando,2
345_p549,ley,17565,considerando,2
345_p549,ley,17818,considerando,4
345_p549,ley,19303,considerando,3
345_p549,ley,23054,considerando,1
345_p549,ley,23737,considerando,13
345_p549,ley,23849,considerando,1
345_p549,ley,24072,considerando,1
345_p549,ley,25326,considerando,1
345_p549,ley,26061,considerando,2
345_p549,ley,26529,considerando,3
345_p549,ley,26742,considerando,1
345_p549,ley,27350,considerando,18
345_p549,ley,27669,considerando,1
345_p549,ley,7672,considerando,1
345_p583,ley,20396,considerando,1
345_p583,ley,20396,voto,1
345_p608,ley,12665,considerando,2
345_p608,ley,21836,considerando,1
345_p608,ley,25197,considerando,1
345_p630,ley,16986,caratula,2
345_p632,ley,23898,considerando,1
345_p645,ley,11672,considerando,1
345_p645,ley,23982,considerando,1
345_p647,ley,22278,considerando,1
345_p647,ley,23054,considerando,1
345_p647,ley,22278,voto,1
345_p694,ley,24767,considerando,3
345_p694,ley,25126,considerando,1
345_p694,ley,25302,considerando,2
345_p702,ley,21965,voto,2
345_p728,ley,24557,considerando,2
345_p728,ley,26536,considerando,1
345_p730,ley,26061,considerando,1
345_p730,ley,26206,considerando,1
345_p730,ley,6970,considerando,2
345_p730,ley,2589,voto,1
345_p730,ley,26061,voto,1
345_p783,ley,21526,considerando,2
345_p783,ley,3210,considerando,1
345_p783,ley,3220,considerando,2
345_p789,ley,19549,voto,1
345_p789,ley,23929,voto,1
345_p789,ley,24521,voto,1
345_p801,ley,23548,considerando,1
345_p801,ley,25148,considerando,1
345_p801,ley,25561,considerando,1
345_p801,ley,25972,considerando,1
345_p801,ley,22415,voto,1
345_p801,ley,23548,voto,2
345_p801,ley,25418,voto,1
345_p801,ley,25561,voto,1
345_p876,ley,11683,considerando,1
345_p881,ley,24043,caratula,2
345_p881,ley,24043,considerando,2
345_p884,ley,3921,considerando,1
345_p905,ley,25871,considerando,9
345_p905,ley,26061,considerando,1
345_p905,ley,19549,voto,1
345_p905,ley,25871,voto,3
345_p938,ley,16986,caratula,2
345_p951,ley,15336,voto,2
345_p951,ley,25670,voto,4
345_p1010,ley,24241,caratula,1
345_p1021,ley,22415,caratula,2
345_p1025,ley,11658,considerando,1
345_p1034,ley,25871,considerando,5
345_p1042,ley,16986,caratula,2
345_p1042,ley,16986,considerando,1
345_p1044,ley,19983,dispositivo,1
345_p1044,ley,11683,voto,6
345_p1044,ley,1285,voto,3
345_p1044,ley,13064,voto,1
345_p1044,ley,19549,voto,1
345_p1044,ley,19983,voto,9
345_p1044,ley,23871,voto,1
345_p1044,ley,24156,voto,2
345_p1044,ley,25964,voto,3
345_p1079,ley,22415,considerando,1
345_p1079,ley,24937,considerando,1
345_p1079,ley,25871,considerando,4
345_p1086,ley,25871,considerando,1
345_p1086,ley,25871,voto,4
345_p1111,ley,23898,considerando,2
345_p1113,ley,27260,considerando,1
345_p1114,ley,25871,considerando,4
345_p1114,ley,19549,voto,3
345_p1114,ley,25871,voto,5
345_p1125,ley,2808,considerando,1
345_p1140,ley,16986,considerando,3
345_p1143,ley,23737,caratula,4
345_p1150,ley,11179,caratula,2
345_p1184,ley,24073,voto,1
345_p1205,ley,24901,considerando,2
345_p1205,ley,26682,considerando,2
345_p1210,ley,23660,considerando,3
345_p1210,ley,24901,considerando,5
345_p1210,ley,26682,considerando,1
345_p1210,ley,6983,considerando,1
345_p1210,ley,23660,voto,4
345_p1210,ley,24901,voto,4
345_p1210,ley,6983,voto,2
345_p1219,ley,18345,considerando,1
345_p1219,ley,23551,considerando,2
345_p1219,ley,25164,considerando,1
345_p1219,ley,26854,considerando,1
345_p1249,ley,11683,considerando,1
345_p1249,ley,17250,considerando,1
345_p1249,ley,22161,considerando,1
345_p1249,ley,22415,considerando,5
345_p1249,ley,23427,considerando,1
345_p1249,ley,27260,considerando,11
345_p1249,ley,11683,voto,1
345_p1249,ley,17250,voto,1
345_p1249,ley,22161,voto,1
345_p1249,ley,22415,voto,2
345_p1249,ley,27260,voto,6
345_p1266,ley,23982,considerando,2
345_p1266,ley,25344,considerando,1
345_p1269,ley,16986,caratula,2
345_p1269,ley,24937,considerando,10
345_p1269,ley,24939,considerando,2
345_p1269,ley,26080,considerando,4
345_p1269,ley,26854,considerando,1
345_p1290,ley,24521,caratula,1
345_p1303,ley,24767,considerando,1
345_p1322,ley,16986,caratula,2
345_p1322,ley,24018,considerando,3
345_p1322,ley,27546,considerando,1
345_p1336,ley,1285,considerando,2
345_p1336,ley,24018,considerando,3
345_p1336,ley,27546,considerando,1
345_p1342,ley,16986,caratula,2
345_p1342,ley,11683,considerando,2
345_p1342,ley,19549,considerando,1
345_p1342,ley,24769,considerando,1
345_p1363,ley,16986,caratula,2
345_p1365,ley,25164,caratula,2
345_p1365,ley,19549,considerando,1
345_p1365,ley,25164,considerando,1
345_p1370,ley,23719,considerando,1
345_p1370,ley,24767,considerando,1
345_p1394,ley,16986,caratula,2
345_p1457,ley,26060,voto,1
345_p1470,ley,23551,considerando,1
345_p1481,ley,16986,caratula,2
345_p1481,ley,25724,voto,2
345_p1498,ley,1008,considerando,2
345_p1498,ley,19987,considerando,4
345_p1498,ley,20221,considerando,1
345_p1498,ley,23548,considerando,9
345_p1498,ley,24588,considerando,7
345_p1498,ley,26288,considerando,4
345_p1498,ley,26854,considerando,2
345_p1498,ley,27606,considerando,16
345_p1498,ley,23548,dispositivo,1
345_p1519,ley,19359,caratula,2
345_p1531,ley,10996,considerando,1
345_p1531,ley,19550,considerando,1
345_p1531,ley,23551,considerando,1
345_p1531,ley,24240,considerando,1
345_p1531,ley,26854,considerando,1
345_p1531,ley,27346,considerando,2
345_p1531,ley,26854,voto,1
345_p1531,ley,27346,voto,1
345_p1549,ley,24521,considerando,1
345_p1549,ley,23898,voto,1
346_p1,ley,22140,voto,1
346_p12,ley,16986,caratula,2
346_p12,ley,16986,voto,2
346_p12,ley,27149,voto,3
346_p25,ley,24411,caratula,2
346_p25,ley,24043,considerando,16
346_p25,ley,24411,considerando,14
346_p42,ley,25344,considerando,1
346_p47,ley,16986,caratula,1
346_p84,ley,10996,considerando,2
346_p84,ley,25871,considerando,3
346_p84,ley,10996,voto,1
346_p84,ley,25871,voto,1
346_p116,ley,25344,considerando,2
346_p129,ley,24767,considerando,5
346_p150,ley,16986,caratula,2
346_p182,ley,16986,caratula,2
346_p182,ley,17040,considerando,1
346_p182,ley,24241,considerando,2
346_p182,ley,17040,voto,1
346_p182,ley,24241,voto,2
346_p209,ley,25675,considerando,2
346_p209,ley,25688,considerando,1
346_p209,ley,26854,considerando,1
346_p233,ley,21526,caratula,1
346_p236,ley,14932,considerando,1
346_p236,ley,23551,considerando,10
346_p236,ley,26854,considerando,1
346_p259,ley,17418,considerando,5
346_p259,ley,25561,considerando,1
346_p265,ley,26061,considerando,1
346_p287,ley,26061,considerando,1
346_p304,ley,11683,considerando,1
346_p314,ley,23982,considerando,3
346_p314,ley,25344,considerando,1
346_p314,ley,25344,voto,1
346_p326,ley,27149,considerando,1
346_p333,ley,17032,considerando,5
346_p333,ley,19865,considerando,1
346_p333,ley,25326,considerando,1
346_p333,ley,26743,considerando,1
346_p347,ley,23283,considerando,13
346_p347,ley,23412,considerando,1
346_p347,ley,24156,considerando,1
346_p347,ley,24241,considerando,1
346_p347,ley,25401,considerando,1
346_p361,ley,10149,considerando,1
346_p361,ley,12346,considerando,3
346_p361,ley,25212,considerando,1
346_p382,ley,24013,considerando,4
346_p387,ley,26082,considerando,1
346_p407,ley,14129,considerando,3
346_p407,ley,14792,considerando,1
346_p407,ley,21898,considerando,1
346_p407,ley,22415,considerando,4
346_p407,ley,23771,considerando,1
346_p407,ley,23928,considerando,1
346_p407,ley,24769,considerando,2
346_p407,ley,25896,considerando,1
346_p407,ley,25986,considerando,4
346_p407,ley,27430,considerando,22
346_p432,ley,2766,considerando,2
346_p432,ley,2766,dispositivo,1
346_p439,ley,24557,considerando,2
346_p439,ley,26536,considerando,1
346_p461,ley,16986,considerando,1
346_p461,ley,16986,dispositivo,1
346_p476,ley,21453,considerando,8
346_p476,ley,22415,considerando,1
346_p476,ley,27260,considerando,7
346_p484,ley,18345,considerando,1
346_p494,ley,20628,considerando,2
346_p494,ley,27429,considerando,1
346_p494,ley,27432,considerando,1
346_p497,ley,1285,considerando,1
346_p497,ley,23302,considerando,1
346_p502,ley,23928,voto,1
346_p502,ley,25561,voto,1
346_p502,ley,25713,voto,1
346_p515,ley,24241,voto,2
346_p515,ley,26417,voto,1
346_p532,ley,24241,considerando,1
346_p532,ley,26417,considerando,2
346_p535,ley,18345,considerando,2
346_p535,ley,23982,considerando,1
346_p535,ley,25344,considerando,1
346_p535,ley,25827,considerando,1
346_p580,ley,1138,voto,1
346_p580,ley,2159,voto,2
346_p580,ley,4317,voto,4
346_p610,ley,16986,caratula,2
346_p610,ley,24241,considerando,1
346_p613,ley,11615,voto,1
346_p646,ley,24557,considerando,5
346_p646,ley,26773,considerando,1
346_p668,ley,23708,considerando,1
346_p668,ley,24767,considerando,4
346_p675,ley,25871,considerando,5
346_p678,ley,17091,caratula,2
346_p678,ley,17091,considerando,5
346_p695,ley,22788,considerando,1
346_p718,ley,19331,considerando,2
346_p718,ley,24946,considerando,1
346_p718,ley,19331,voto,3
346_p730,ley,16986,caratula,2
346_p736,ley,24767,considerando,8
346_p750,ley,16986,caratula,2
346_p750,ley,16986,considerando,1
346_p754,ley,16986,voto,1
346_p767,ley,23548,considerando,1
346_p767,ley,24076,considerando,2
346_p767,ley,25561,considerando,2
346_p767,ley,25790,considerando,1
346_p767,ley,26095,considerando,3
346_p776,ley,18284,considerando,5
346_p776,ley,18824,considerando,2
346_p776,ley,5313,considerando,1
346_p802,ley,27149,considerando,1
346_p807,ley,24557,considerando,1
346_p811,ley,24016,considerando,5
346_p811,ley,24241,considerando,1
346_p814,ley,25871,considerando,9
346_p814,ley,25871,voto,7
346_p821,ley,1285,considerando,1
346_p821,ley,17094,considerando,1
346_p821,ley,23968,considerando,1
346_p821,ley,24543,considerando,1
346_p821,ley,24922,considerando,3
346_p821,ley,25675,considerando,1
346_p834,ley,18820,considerando,2
346_p834,ley,19032,considerando,3
346_p866,ley,23660,considerando,1
346_p866,ley,23661,considerando,4
346_p866,ley,23898,considerando,1
346_p866,ley,26682,considerando,1
346_p944,ley,23548,considerando,1
346_p944,ley,9782,considerando,2
346_p960,ley,16986,caratula,2
346_p960,ley,16986,considerando,1
346_p960,ley,21673,considerando,2
346_p960,ley,24922,considerando,1
346_p970,ley,16986,caratula,2
346_p970,ley,16986,considerando,2
346_p970,ley,24240,considerando,3
346_p970,ley,24521,considerando,1
346_p970,ley,24522,considerando,2
346_p970,ley,24946,considerando,2
346_p970,ley,27148,considerando,8
346_p970,ley,27204,considerando,6
346_p970,ley,27148,dispositivo,1
346_p970,ley,16986,voto,2
346_p970,ley,24240,voto,1
346_p970,ley,24521,voto,2
346_p970,ley,24522,voto,1
346_p970,ley,24946,voto,2
346_p970,ley,27148,voto,3
346_p970,ley,27204,voto,9
346_p1015,ley,17811,considerando,1
346_p1015,ley,21526,considerando,1
346_p1015,ley,23548,considerando,1
346_p1015,ley,2515,considerando,1
346_p1015,ley,26831,considerando,1
346_p1015,ley,4366,considerando,1
346_p1015,ley,17811,voto,1
346_p1015,ley,26831,voto,1
346_p1039,ley,11683,voto,5
346_p1070,ley,12346,voto,1
346_p1070,ley,26939,voto,1
346_p1075,ley,16986,caratula,2
346_p1075,ley,14467,considerando,1
346_p1075,ley,6582,considerando,2
346_p1089,ley,22351,considerando,8
346_p1089,ley,24015,considerando,3
346_p1089,ley,24071,considerando,1
346_p1089,ley,24375,considerando,1
346_p1089,ley,26160,considerando,2
346_p1108,ley,25688,considerando,1
346_p1117,ley,20560,considerando,1
346_p1117,ley,21608,considerando,4
346_p1117,ley,22021,considerando,7
346_p1117,ley,22702,considerando,1
346_p1117,ley,23658,considerando,9
346_p1117,ley,25237,considerando,1
346_p1139,ley,1285,voto,3
346_p1139,ley,21708,voto,1
346_p1139,ley,23984,voto,1
346_p1139,ley,24050,voto,1
346_p1139,ley,24241,voto,1
346_p1159,ley,24521,caratula,2
346_p1159,ley,19549,voto,2
346_p1159,ley,24521,voto,1
346_p1175,ley,25871,considerando,5
346_p1180,ley,22021,considerando,7
346_p1180,ley,22201,considerando,1
346_p1180,ley,22702,considerando,3
346_p1180,ley,24938,considerando,7
346_p1208,ley,23898,considerando,5
346_p1218,ley,21526,considerando,1
346_p1218,ley,23548,considerando,2
346_p1218,ley,21526,voto,1
346_p1218,ley,23548,voto,1
346_p1241,ley,16986,caratula,1
346_p1248,ley,19798,considerando,1
346_p1248,ley,27146,considerando,1
346_p1248,ley,19798,voto,1
346_p1248,ley,27146,voto,1
346_p1257,ley,19550,considerando,1
346_p1257,ley,23302,considerando,1
346_p1280,ley,12569,considerando,1
346_p1280,ley,14509,considerando,1
346_p1280,ley,26061,considerando,3
346_p1313,ley,17272,considerando,1
346_p1316,ley,12346,considerando,2
346_p1316,ley,12346,voto,2
346_p1316,ley,20221,voto,1
346_p1316,ley,20628,voto,2
346_p1316,ley,22006,voto,1
346_p1316,ley,23548,voto,1
346_p1361,ley,4828,considerando,1
346_p1361,ley,9871,considerando,1
346_p1361,ley,9871,voto,2
346_p1377,ley,21526,caratula,2
346_p1377,ley,16986,considerando,1
346_p1379,ley,17798,considerando,1
346_p1379,ley,24767,considerando,1
346_p1426,ley,21526,considerando,3
346_p1426,ley,1949,voto,3
346_p1426,ley,21526,voto,2
346_p1448,ley,16937,considerando,1
346_p1448,ley,24937,considerando,1
346_p1462,ley,16986,caratula,2
346_p1462,ley,16986,considerando,1
346_p1462,ley,24937,considerando,6
346_p1462,ley,24939,considerando,2
346_p1462,ley,26080,considerando,1
346_p1462,ley,27148,considerando,2
346_p1471,ley,19549,considerando,1
346_p1471,ley,24946,considerando,1
346_p1471,ley,24946,voto,1
346_p1501,ley,7690,considerando,1
346_p1552,ley,17418,considerando,1
346_p1552,ley,24449,considerando,2
346_p1552,ley,17418,voto,1
346_p1552,ley,24449,voto,2
346_p1559,ley,16986,caratula,2
347_p6,ley,24241,caratula,2
347_p18,ley,21499,considerando,1
347_p18,ley,25675,considerando,1
347_p62,ley,17272,considerando,2
347_p83,ley,24425,considerando,1
347_p105,ley,16986,caratula,2
347_p105,ley,16986,considerando,2
347_p109,ley,3975,considerando,3
347_p128,ley,12155,considerando,1
347_p128,ley,26944,considerando,1
347_p128,ley,26994,considerando,1
347_p128,ley,24557,voto,1
347_p178,ley,26944,considerando,1
347_p178,ley,26994,considerando,1
347_p178,ley,24557,voto,1
347_p229,ley,1638,considerando,1
347_p229,ley,25304,considerando,1
347_p229,ley,25632,considerando,1
347_p229,ley,26097,considerando,1
347_p237,ley,20221,considerando,1
347_p237,ley,22006,considerando,2
347_p237,ley,23548,considerando,8
347_p237,ley,2444,considerando,1
347_p237,ley,23548,voto,2
347_p237,ley,2444,voto,1
347_p257,ley,26082,considerando,1
347_p273,ley,21453,considerando,1
347_p273,ley,25063,considerando,2
347_p273,ley,25784,considerando,1
347_p273,ley,25874,considerando,1
347_p302,ley,25126,considerando,1
347_p327,ley,16986,caratula,2
347_p327,ley,27149,considerando,1
347_p329,ley,16986,caratula,2
347_p329,ley,16986,considerando,1
347_p339,ley,16986,caratula,2
347_p347,ley,24557,considerando,1
347_p352,ley,26571,considerando,4
347_p357,ley,16986,considerando,1
347_p357,ley,26122,considerando,1
347_p360,ley,1285,considerando,1
347_p368,ley,23548,considerando,1
347_p375,ley,5689,considerando,1
347_p392,ley,25302,considerando,1
347_p437,ley,19549,considerando,1
347_p437,ley,25871,considerando,3
347_p441,ley,26061,considerando,1
347_p459,ley,16986,caratula,2
347_p459,ley,16986,considerando,1
347_p459,ley,25413,considerando,1
347_p474,ley,26061,caratula,2
347_p474,ley,26061,considerando,2
347_p520,ley,11179,considerando,2
347_p520,ley,24937,considerando,10
347_p520,ley,26080,considerando,1
347_p520,ley,26855,considerando,2
347_p520,ley,27372,considerando,2
347_p520,ley,27499,considerando,1
347_p520,ley,27610,considerando,1
347_p540,ley,16986,considerando,1
347_p547,ley,24901,considerando,2
347_p552,ley,12103,considerando,2
347_p552,ley,14408,considerando,4
347_p552,ley,14467,considerando,2
347_p552,ley,14487,considerando,1
347_p552,ley,17830,considerando,2
347_p552,ley,18594,considerando,1
347_p552,ley,19292,considerando,3
347_p552,ley,22351,considerando,3
347_p552,ley,3978,considerando,2
347_p552,ley,3978,dispositivo,1
347_p579,ley,11683,considerando,1
347_p579,ley,21453,considerando,4
347_p579,ley,25063,considerando,1
347_p579,ley,25239,considerando,1
347_p596,ley,24674,considerando,1
347_p596,ley,26467,considerando,1
347_p596,ley,27430,considerando,3
347_p614,ley,27430,considerando,1
347_p614,ley,16986,voto,1
347_p629,ley,23898,considerando,4
347_p629,ley,23898,dispositivo,1
347_p640,ley,3487,considerando,5
347_p640,ley,3487,voto,2
347_p653,ley,23548,voto,1
347_p673,ley,21526,considerando,2
347_p673,ley,24485,considerando,1
347_p688,ley,24449,considerando,2
347_p688,ley,6082,considerando,4
347_p688,ley,9024,considerando,1
347_p688,ley,6082,voto,1
347_p688,ley,9024,voto,1
347_p729,ley,16986,caratula,2
347_p729,ley,16986,considerando,1
347_p729,ley,23302,considerando,2
347_p729,ley,24521,considerando,1
347_p729,ley,26160,considerando,3
347_p737,ley,19549,voto,1
347_p745,ley,25871,considerando,8
347_p759,ley,16986,caratula,2
347_p759,ley,16986,considerando,1
347_p759,ley,24560,voto,1
347_p759,ley,26146,voto,3
347_p759,ley,27120,voto,6
347_p768,ley,16986,voto,1
347_p775,ley,21839,considerando,2
347_p775,ley,24432,considerando,2
347_p775,ley,27423,considerando,2
347_p778,ley,25561,caratula,4
347_p778,ley,27249,dispositivo,1
347_p785,ley,23737,caratula,2
347_p785,ley,23737,considerando,3
347_p802,ley,2222,considerando,1
347_p802,ley,2876,considerando,1
347_p833,ley,10407,considerando,1
347_p856,ley,24632,voto,1
347_p863,ley,24759,considerando,1
347_p863,ley,26097,considerando,1
347_p880,ley,25871,voto,4
347_p903,ley,1285,considerando,1
347_p903,ley,14467,considerando,1
347_p917,ley,25871,voto,8
347_p924,ley,12967,considerando,1
347_p924,ley,26061,considerando,4
347_p936,ley,25297,considerando,2
347_p943,ley,24241,caratula,2
347_p943,ley,20606,considerando,1
347_p943,ley,24241,considerando,2
347_p947,ley,23928,considerando,1
347_p947,ley,25561,considerando,2
347_p947,ley,25713,considerando,2
347_p952,ley,24013,considerando,1
347_p952,ley,25323,considerando,1
347_p952,ley,25345,considerando,1
347_p952,ley,27742,considerando,1
347_p959,ley,19550,considerando,3
347_p959,ley,6723,considerando,3
347_p971,ley,23548,considerando,2
347_p971,ley,8834,considerando,3
347_p971,ley,23548,voto,1
347_p971,ley,8467,voto,1
347_p971,ley,8834,voto,4
347_p1001,ley,24240,considerando,1
347_p1001,ley,24522,considerando,1
347_p1001,ley,26994,considerando,2
347_p1001,ley,27148,considerando,1
347_p1001,ley,27149,considerando,1
347_p1001,ley,26862,voto,1
347_p1001,ley,27148,voto,1
347_p1001,ley,27149,voto,1
347_p1013,ley,16986,caratula,2
347_p1013,ley,16986,considerando,1
347_p1031,ley,26682,voto,1
347_p1058,ley,24241,considerando,1
347_p1058,ley,24463,considerando,1
347_p1061,ley,4970,considerando,2
347_p1061,ley,6523,considerando,1
347_p1061,ley,6758,considerando,1
347_p1084,ley,7469,voto,3
347_p1134,ley,16986,considerando,2
347_p1151,ley,11682,considerando,2
347_p1151,ley,20628,considerando,3
347_p1151,ley,20744,considerando,1
347_p1166,ley,20680,considerando,33
347_p1166,ley,24307,considerando,6
347_p1166,ley,24344,considerando,3
347_p1166,ley,26045,considerando,3
347_p1166,ley,26991,considerando,1
347_p1185,ley,25871,considerando,3
347_p1201,ley,15869,considerando,2
347_p1201,ley,25871,considerando,11
347_p1201,ley,26165,considerando,9
347_p1210,ley,11683,considerando,1
347_p1230,ley,16986,caratula,2
347_p1230,ley,24901,considerando,3
347_p1248,ley,23898,considerando,1
347_p1259,ley,23551,voto,5
347_p1277,ley,23982,considerando,4
347_p1277,ley,25344,considerando,1
347_p1282,ley,23302,considerando,1
347_p1288,ley,10620,considerando,3
347_p1288,ley,11463,considerando,1
347_p1288,ley,11785,considerando,1
347_p1288,ley,20476,considerando,1
347_p1288,ley,20488,considerando,2
347_p1288,ley,23696,considerando,3
347_p1288,ley,24307,considerando,1
347_p1288,ley,10620,voto,1
347_p1288,ley,20488,voto,1
347_p1288,ley,23696,voto,1
347_p1327,ley,23982,considerando,1
347_p1327,ley,26102,considerando,2
347_p1377,ley,27348,caratula,1
347_p1386,ley,24660,considerando,1
347_p1403,ley,20464,considerando,18
347_p1403,ley,20464,voto,4
347_p1434,ley,23737,considerando,1
347_p1434,ley,23984,considerando,1
347_p1434,ley,27063,considerando,1
347_p1434,ley,27146,considerando,2
347_p1434,ley,27482,considerando,3
347_p1434,ley,4055,considerando,1
347_p1446,ley,17418,considerando,1
347_p1446,ley,17418,voto,1
347_p1446,ley,23928,voto,1
347_p1463,ley,24557,considerando,2
347_p1463,ley,24557,voto,1
347_p1476,ley,24674,voto,1
347_p1476,ley,27430,voto,2
347_p1492,ley,27022,considerando,1
347_p1495,ley,13642,considerando,1
347_p1495,ley,26168,considerando,7
347_p1495,ley,27148,considerando,1
347_p1527,ley,23515,considerando,1
347_p1527,ley,26061,considerando,1
347_p1527,ley,26994,considerando,1
347_p1527,ley,27610,considerando,1
347_p1527,ley,26061,voto,3
347_p1527,ley,26994,voto,1
347_p1593,ley,11723,voto,1
347_p1673,ley,24018,considerando,6
347_p1697,ley,24241,caratula,2
347_p1697,ley,24241,considerando,3
347_p1709,ley,27348,considerando,1
347_p1709,ley,27348,voto,4
347_p1770,ley,24660,considerando,11
347_p1770,ley,25892,considerando,2
347_p1770,ley,25948,considerando,1
347_p1787,ley,18302,considerando,1
347_p1787,ley,22415,considerando,1
347_p1787,ley,23771,considerando,1
347_p1787,ley,24759,considerando,1
347_p1787,ley,26097,considerando,1
347_p1802,ley,19549,considerando,7
347_p1802,ley,22315,considerando,3
347_p1807,ley,23187,considerando,2
347_p1813,ley,23548,considerando,4
347_p1813,ley,4366,considerando,1
347_p1820,ley,27250,considerando,1
347_p1820,ley,24240,dispositivo,1
347_p1844,ley,10996,considerando,1
347_p1844,ley,17233,considerando,1
347_p1844,ley,19550,considerando,1
347_p1844,ley,21844,considerando,3
347_p1844,ley,24240,considerando,1
347_p1858,ley,24071,considerando,1
347_p1858,ley,26160,considerando,13
347_p1858,ley,26554,considerando,2
347_p1858,ley,27400,considerando,1
347_p1885,ley,25561,considerando,2
347_p1885,ley,27444,considerando,1
347_p1885,ley,27541,considerando,1
347_p1885,ley,9667,considerando,1
347_p1891,ley,10606,considerando,1
347_p1891,ley,12980,considerando,3
347_p1891,ley,19492,considerando,6
347_p1891,ley,20447,considerando,1
347_p1891,ley,24385,considerando,2
347_p1891,ley,26778,considerando,1
347_p1891,ley,27419,considerando,1
347_p1891,ley,7049,considerando,1
347_p1891,ley,19492,dispositivo,1
347_p1891,ley,10606,voto,1
347_p1891,ley,12980,voto,1
347_p1891,ley,19492,voto,2
347_p1891,ley,20447,voto,1
347_p1891,ley,7049,voto,1
347_p1932,ley,2425,voto,2
347_p1932,ley,7751,voto,2
347_p1932,ley,9993,voto,1
347_p1963,ley,10407,considerando,4
347_p1963,ley,6902,considerando,2
347_p1963,ley,9283,considerando,17
347_p1963,ley,9513,considerando,2
347_p2001,ley,23737,caratula,2
347_p2002,ley,25871,considerando,1
347_p2002,ley,26165,considerando,5
347_p2002,ley,25871,voto,3
347_p2002,ley,26165,voto,3
347_p2044,ley,16648,considerando,1
347_p2044,ley,4161,considerando,1
347_p2115,ley,12464,considerando,1
347_p2115,ley,22207,considerando,1
347_p2115,ley,23952,considerando,1
347_p2115,ley,24632,considerando,1
347_p2115,ley,26485,considerando,1
347_p2115,ley,27360,considerando,2
347_p2115,ley,27700,considerando,1
347_p2115,ley,6915,considerando,1
347_p2115,ley,9020,considerando,1
347_p2115,ley,12464,voto,1
347_p2115,ley,6915,voto,1
347_p2154,ley,23982,considerando,5
347_p2160,ley,3765,considerando,1
347_p2160,ley,23302,voto,1
347_p2160,ley,24071,voto,1
347_p2177,ley,25561,considerando,1
347_p2186,ley,22195,voto,1
347_p2186,ley,22362,voto,3
347_p2186,ley,22802,voto,1
347_p2186,ley,24425,voto,1
347_p2221,ley,2471,considerando,5
347_p2221,ley,2533,considerando,2
347_p2242,ley,24653,voto,2
347_p2242,ley,4073,voto,1
347_p2242,ley,6960,voto,2
347_p2278,ley,15170,considerando,2
347_p2278,ley,15226,considerando,1
347_p2278,ley,2285,considerando,1
347_p2278,ley,24093,considerando,2
347_p2286,ley,1285,considerando,2
347_p2286,ley,24588,considerando,2
347_p2286,ley,1029,voto,1
347_p2286,ley,1285,voto,1
347_p2286,ley,24588,voto,1
347_p2286,ley,4055,voto,1
347_p2318,ley,24240,considerando,5
347_p2324,ley,24660,considerando,2
347_p2334,ley,24073,voto,3
347_p2334,ley,25561,voto,2
347_p2352,ley,11683,considerando,1
347_p2352,ley,23260,considerando,2
348_p1,ley,26994,considerando,1
348_p1,ley,14394,voto,1
348_p1,ley,14432,voto,1
348_p31,ley,19101,considerando,3
348_p36,ley,16986,caratula,2
348_p43,ley,4915,considerando,1
348_p45,ley,4915,considerando,1
348_p48,ley,1285,considerando,1
348_p48,ley,24588,considerando,1
348_p48,ley,6452,considerando,4
348_p59,ley,16986,caratula,2
348_p61,ley,24937,considerando,7
348_p61,ley,26485,considerando,1
348_p61,ley,26855,considerando,2
348_p61,ley,27580,considerando,1
348_p61,ley,24937,voto,1
348_p61,ley,26855,voto,1
348_p61,ley,27580,voto,1
348_p80,ley,21859,considerando,2
348_p80,ley,23898,considerando,1
348_p101,ley,16986,caratula,2
348_p101,ley,11683,considerando,1
348_p101,ley,27260,considerando,11
348_p101,ley,27541,considerando,2
348_p101,ley,27562,considerando,2
348_p113,ley,23737,considerando,14
348_p113,ley,26052,considerando,15
348_p113,ley,27302,considerando,1
348_p113,ley,23737,voto,5
348_p113,ley,26052,voto,3
348_p179,ley,5785,considerando,3
348_p189,ley,12837,considerando,1
348_p189,ley,14932,considerando,1
348_p189,ley,17677,considerando,1
348_p189,ley,19865,considerando,1
348_p189,ley,23313,considerando,1
348_p189,ley,23338,considerando,1
348_p189,ley,23782,considerando,1
348_p189,ley,23849,considerando,1
348_p189,ley,24080,considerando,5
348_p189,ley,24285,considerando,11
348_p189,ley,24309,considerando,2
348_p189,ley,24522,considerando,2
348_p189,ley,25801,considerando,1
348_p189,ley,25896,considerando,1
348_p189,ley,26921,considerando,1
348_p189,ley,6945,considerando,1
348_p189,ley,9870,considerando,1
348_p189,ley,24285,voto,3
348_p189,ley,24522,voto,1
348_p276,ley,23548,voto,5
348_p289,ley,19550,considerando,1
348_p289,ley,26831,considerando,1
348_p308,ley,16986,caratula,2
348_p313,ley,22415,caratula,1
348_p314,ley,23898,voto,2
348_p323,ley,23898,considerando,2
348_p323,ley,27423,considerando,1
348_p325,ley,23898,considerando,4
348_p325,ley,23898,dispositivo,1
348_p330,ley,27423,considerando,1
348_p332,ley,24937,considerando,1
348_p332,ley,25781,considerando,1
348_p332,ley,25871,considerando,4
348_p338,ley,19550,considerando,1
348_p338,ley,24156,considerando,1
348_p338,ley,6006,considerando,1
348_p346,ley,19108,considerando,1
348_p355,ley,20221,considerando,5
348_p355,ley,21526,considerando,1
348_p355,ley,22006,considerando,7
348_p355,ley,23548,considerando,13
348_p372,ley,24767,considerando,1
348_p389,ley,24521,caratula,2
348_p389,ley,24521,considerando,5
348_p389,ley,24521,voto,2
348_p405,ley,10324,considerando,1
348_p405,ley,6006,considerando,1
348_p405,ley,10324,dispositivo,1
348_p419,ley,17319,considerando,5
348_p419,ley,17319,voto,4
348_p434,ley,26093,considerando,5
348_p434,ley,27640,considerando,2
348_p437,ley,21839,considerando,3
348_p439,ley,23898,considerando,1
348_p452,ley,25730,considerando,1
348_p461,ley,11672,considerando,1
348_p461,ley,19640,considerando,1
348_p461,ley,22021,considerando,1
348_p461,ley,25237,considerando,9
348_p491,ley,21839,considerando,1
348_p491,ley,24432,considerando,2
348_p491,ley,27423,considerando,3
348_p494,ley,25602,considerando,1
348_p494,ley,27148,considerando,1
348_p532,ley,25561,considerando,2
348_p533,ley,16986,caratula,1
348_p534,ley,23548,considerando,2
348_p534,ley,23966,considerando,7
348_p534,ley,24966,considerando,1
348_p534,ley,5928,considerando,1
348_p534,ley,23548,voto,2
348_p534,ley,23966,voto,5
348_p563,ley,24206,considerando,1
348_p589,ley,20628,voto,1
348_p589,ley,21499,voto,3
348_p589,ley,21878,voto,1
348_p589,ley,24769,voto,1
348_p611,ley,11179,considerando,1
348_p611,ley,17032,considerando,1
348_p611,ley,25390,considerando,1
348_p611,ley,26200,considerando,1
348_p611,ley,26705,considerando,4
348_p611,ley,27206,considerando,2
348_p635,ley,22278,considerando,2
348_p644,ley,23719,considerando,1
348_p644,ley,24767,considerando,1
348_p680,ley,1285,voto,4
348_p689,ley,19550,considerando,3
348_p719,ley,1285,voto,4
348_p728,ley,14692,considerando,6
348_p728,ley,24076,considerando,2
348_p728,ley,24240,considerando,1
348_p728,ley,14692,voto,1
348_p728,ley,14962,voto,7
348_p728,ley,24076,voto,1
348_p795,ley,21839,considerando,1
348_p795,ley,27423,considerando,1
348_p802,ley,24240,considerando,2
348_p802,ley,27148,considerando,2
348_p805,ley,21859,considerando,2
348_p805,ley,23898,considerando,1
348_p821,ley,11723,considerando,1
348_p841,ley,23562,considerando,1
348_p841,ley,24674,considerando,2
348_p841,ley,25156,considerando,1
348_p841,ley,26467,considerando,1
348_p841,ley,27148,considerando,1
348_p841,ley,27430,considerando,14
348_p841,ley,27743,considerando,3
348_p879,ley,23548,voto,1
348_p886,ley,26082,considerando,2
348_p889,ley,24557,considerando,2
348_p895,ley,16986,considerando,1
348_p895,ley,24284,considerando,1
348_p895,ley,24463,considerando,2
348_p895,ley,27260,considerando,1
348_p895,ley,24284,voto,1
348_p895,ley,24463,voto,1
348_p917,ley,11683,voto,1
348_p917,ley,19549,voto,1
348_p917,ley,24522,voto,1
348_p917,ley,27260,voto,1
348_p940,ley,25871,considerando,1
348_p953,ley,27423,considerando,2
348_p957,ley,22278,considerando,2
348_p967,ley,22804,considerando,1
348_p967,ley,24049,considerando,3
348_p983,ley,16986,considerando,1
348_p983,ley,17319,considerando,4
348_p983,ley,24145,considerando,2
348_p983,ley,26197,considerando,2
348_p983,ley,26331,considerando,4
348_p983,ley,5889,considerando,2
348_p983,ley,6097,considerando,2
348_p983,ley,25675,voto,1
348_p1035,ley,25871,caratula,2
348_p1035,ley,25871,considerando,15
348_p1035,ley,25871,voto,3
348_p1045,ley,24452,considerando,1
348_p1076,ley,25871,considerando,9
348_p1076,ley,25871,voto,1
348_p1083,ley,25871,considerando,9
348_p1087,ley,23077,considerando,1
348_p1087,ley,23737,considerando,1
348_p1087,ley,25871,considerando,7
348_p1109,ley,26165,considerando,2
348_p1109,ley,15869,voto,1
348_p1109,ley,23857,voto,1
348_p1109,ley,26165,voto,1
348_p1133,ley,14772,voto,1
348_p1173,ley,23660,considerando,1
348_p1189,ley,1285,considerando,1
348_p1192,ley,11723,considerando,2
348_p1192,ley,8990,considerando,1
348_p1197,ley,24767,considerando,1
348_p1242,ley,1285,considerando,1
348_p1242,ley,16986,considerando,1
348_p1255,ley,24767,considerando,1
348_p1255,ley,26082,considerando,1
348_p1266,ley,23898,considerando,1
348_p1269,ley,1285,considerando,1
348_p1269,ley,26061,considerando,1
348_p1269,ley,26485,considerando,3
348_p1269,ley,27372,considerando,1
348_p1286,ley,16986,caratula,2
348_p1286,ley,11683,considerando,5
348_p1286,ley,23018,considerando,3
348_p1286,ley,25326,considerando,1
348_p1286,ley,27275,considerando,5
348_p1286,ley,27430,considerando,1
348_p1286,ley,11683,voto,4
348_p1286,ley,23018,voto,1
348_p1286,ley,27275,voto,4
348_p1286,ley,27430,voto,1
348_p1316,ley,16986,caratula,2
348_p1316,ley,11683,considerando,4
348_p1316,ley,16986,considerando,1
348_p1316,ley,27264,considerando,1
348_p1316,ley,27275,considerando,4
348_p1316,ley,11683,voto,2
348_p1316,ley,27264,voto,1
348_p1316,ley,27275,voto,2
348_p1316,ley,27430,voto,1
348_p1334,ley,16986,caratula,2
348_p1334,ley,11683,considerando,2
348_p1334,ley,16986,considerando,1
348_p1334,ley,27275,considerando,11
348_p1334,ley,11683,voto,1
348_p1334,ley,27275,voto,2
348_p1347,ley,24522,considerando,2
348_p1357,ley,24390,considerando,12
348_p1357,ley,25430,considerando,1
348_p1378,ley,17418,considerando,3
348_p1378,ley,23928,considerando,1
348_p1378,ley,25561,considerando,1
348_p1383,ley,18339,considerando,1
348_p1383,ley,24093,considerando,1
348_p1383,ley,24588,considerando,5
348_p1383,ley,25436,considerando,6
348_p1429,ley,16986,caratula,1
348_p1435,ley,11672,considerando,3
348_p1435,ley,23982,considerando,8
348_p1435,ley,25344,considerando,2
348_p1435,ley,25565,considerando,1
348_p1435,ley,26546,considerando,5
348_p1447,ley,27348,caratula,2
348_p1447,ley,27348,considerando,1
348_p1450,ley,19798,considerando,1
348_p1450,ley,22285,considerando,2
348_p1450,ley,25000,considerando,1
348_p1485,ley,1597,considerando,1
348_p1485,ley,16986,considerando,3
348_p1485,ley,24071,considerando,3
348_p1485,ley,24804,considerando,1
348_p1499,ley,16986,caratula,2
348_p1499,ley,27275,considerando,1
348_p1511,ley,24557,caratula,2
348_p1516,ley,26773,considerando,1
348_p1519,ley,24240,dispositivo,1
348_p1519,ley,26361,dispositivo,1
348_p1540,ley,16986,caratula,2
348_p1540,ley,16986,considerando,2
348_p1540,ley,20628,considerando,2
348_p1540,ley,27346,considerando,1
348_p1540,ley,16986,voto,2
348_p1540,ley,20628,voto,2
348_p1540,ley,27346,voto,1
348_p1627,ley,24240,considerando,1
348_p1627,ley,24240,voto,1
348_p1655,ley,11672,considerando,5
348_p1655,ley,23982,considerando,2
348_p1655,ley,26895,considerando,1
348_p1655,ley,3952,considerando,1
348_p1655,ley,11672,voto,3
348_p1655,ley,21839,voto,1
348_p1655,ley,23982,voto,2
348_p1655,ley,3952,voto,1
348_p1675,ley,19798,considerando,1
348_p1698,ley,24241,considerando,1
348_p1698,ley,26417,considerando,11
348_p1698,ley,27426,considerando,23
348_p1714,ley,18345,considerando,1
348_p1714,ley,23187,considerando,1
348_p1721,ley,27431,considerando,1
348_p1738,ley,23898,considerando,2
348_p1738,ley,23898,dispositivo,1
348_p1741,ley,24767,considerando,2
348_p1741,ley,27148,considerando,1
348_p1741,ley,27149,considerando,1
348_p1741,ley,27404,considerando,1
348_p1751,ley,24660,considerando,1
348_p1772,ley,23984,considerando,3
348_p1772,ley,24050,considerando,1
348_p1772,ley,24767,considerando,10
348_p1772,ley,26082,considerando,2
348_p1772,ley,27063,considerando,6
348_p1772,ley,27146,considerando,2
348_p1772,ley,27482,considerando,1
348_p1783,ley,24557,considerando,3
349_p1,ley,3097,considerando,3
349_p1,ley,27551,voto,1
349_p1,ley,3097,voto,3
349_p10,ley,1285,considerando,1
349_p28,ley,24767,considerando,1
349_p28,ley,27404,considerando,2
349_p81,ley,23737,considerando,1
349_p81,ley,24759,considerando,1
349_p81,ley,26364,considerando,1
349_p81,ley,27260,considerando,1
349_p81,ley,27260,voto,1
349_p95,ley,24767,considerando,3
349_p95,ley,24767,voto,2
349_p139,ley,21839,considerando,1
349_p139,ley,23898,considerando,14
349_p139,ley,23928,considerando,3
349_p139,ley,25561,considerando,1
349_p148,ley,1913,considerando,1
349_p163,ley,23879,considerando,3
349_p166,ley,14586,considerando,1
349_p166,ley,26061,considerando,2
349_p166,ley,26413,considerando,1
349_p166,ley,26994,considerando,2
349_p166,ley,27148,considerando,1
349_p201,ley,18038,considerando,1
349_p201,ley,24241,considerando,1
349_p207,ley,25871,considerando,3
349_p215,ley,16986,caratula,2
349_p215,ley,24018,considerando,4
349_p215,ley,24241,considerando,1
349_p215,ley,7770,considerando,1
349_p225,ley,3978,considerando,2
349_p225,ley,22351,voto,1
349_p225,ley,3978,voto,3
349_p251,ley,25871,considerando,3
349_p253,ley,23696,considerando,1
349_p260,ley,13560,considerando,2
349_p260,ley,24522,considerando,4
349_p260,ley,24557,considerando,3
349_p260,ley,13560,voto,1
349_p260,ley,24522,voto,2
349_p260,ley,24557,voto,2
349_p287,ley,24488,considerando,1
349_p291,ley,24769,considerando,6
349_p291,ley,25874,considerando,3
349_p300,ley,17091,caratula,2
349_p300,ley,17091,considerando,1
349_p300,ley,27453,considerando,1
