caso_id_canonico,disposicion,reenvia,parte_ganadora,via_recurso,multi_recurso,es_revision_fondo,admisibilidad,causa_inadmisibilidad,es_queja
329_p5,revoca,si,recurrente_gana,recurso_extraordinario,no,si,admite,,0
329_p9,no_fondo,no,no_aplica,recurso_ordinario,si,no,inadmite,INADMISIBLE_SIN_CAUSAL_EXPLICITA,1
329_p12,no_fondo,no,no_aplica,recurso_extraordinario,no,no,inadmite,INADMISIBLE_SIN_CAUSAL_EXPLICITA,1
329_p15,revoca,si,recurrente_gana,,no,si,admite,,1
329_p19,no_fondo,no,no_aplica,recurso_extraordinario,no,no,inadmite,INADMISIBLE_SIN_CAUSAL_EXPLICITA,1
329_p20,deja_sin_efecto,no,recurrente_gana,recurso_extraordinario,no,si,admite,,1
329_p28,deja_sin_efecto,si,recurrente_gana,,no,si,admite,,1
329_p40,no_fondo,no,no_aplica,,no,no,no_aplica,,0
329_p47,no_fondo,no,no_aplica,,no,no,no_aplica,,0
329_p49,no_fondo,no,no_aplica,,no,no,no_aplica,,0
329_p53,no_revision_procesal,no,no_aplica,recurso_extraordinario,no,no,no_aplica,,0
329_p59,no_revision_demanda,no,no_aplica,,no,no,no_aplica,,0
329_p78,no_revision_procesal,no,no_aplica,,no,no,no_aplica,,0
329_p80,no_revision_competencia,no,no_aplica,,no,no,sin_marcador,,0
329_p83,no_revision_competencia,no,no_aplica,,no,no,sin_marcador,,0
329_p85,no_revision_competencia,no,no_aplica,,no,no,sin_marcador,,0
329_p88,deja_sin_efecto,si,recurrente_gana,recurso_extraordinario,no,si,admite,,1
329_p94,deja_sin_efecto,no,recurrente_gana,recurso_ordinario,no,si,admite,,0
329_p117,no_fondo,no,no_aplica,recurso_extraordinario,no,no,inadmite,INADMISIBLE_SIN_CAUSAL_EXPLICITA,0
329_p120,nulidad,si,recurrente_gana,recurso_extraordinario,no,si,admite,,0
329_p123,revoca,no,recurrente_gana,recurso_extraordinario,no,si,admite,,0
329_p134,no_fondo,no,no_aplica,recurso_extraordinario,no,no,sin_marcador,,0
329_p135,no_fondo,no,no_aplica,recurso_extraordinario,no,no,inadmite,ART_280,1
329_p142,deja_sin_efecto,si,recurrente_gana,recurso_extraordinario,no,si,admite,,1
329_p147,no_fondo,no,no_aplica,recurso_extraordinario,no,no,inadmite,INADMISIBLE_SIN_CAUSAL_EXPLICITA,1
329_p149,deja_sin_efecto,si,recurrente_gana,recurso_extraordinario,no,si,admite,,1
329_p158,no_fondo,no,no_aplica,,no,no,inadmite,INADMISIBLE_REMITE_DICTAMEN,1
329_p163,no_fondo,no,no_aplica,,no,no,no_aplica,,0
329_p165,no_fondo,no,no_aplica,,no,no,no_aplica,,0
329_p167,no_revision_competencia,no,no_aplica,,no,no,sin_marcador,,0
329_p171,no_revision_competencia,no,no_aplica,,no,no,sin_marcador,,0
329_p175,no_revision_competencia,no,no_aplica,,no,no,sin_marcador,,0
329_p177,no_revision_competencia,no,no_aplica,,no,no,sin_marcador,,0
329_p182,no_revision_procesal,no,no_aplica,recurso_extraordinario,no,no,inadmite,INADMISIBLE_SIN_CAUSAL_EXPLICITA,0
329_p184,confirma,no,recurrente_pierde,recurso_extraordinario,no,si,admite,,0
329_p187,confirma,no,recurrente_pierde,recurso_extraordinario,no,si,admite,,0
329_p201,revoca,si,recurrente_gana,recurso_extraordinario,no,si,admite,,1
329_p206,no_fondo,no,no_aplica,,no,no,inadmite,INADMISIBLE_REMITE_DICTAMEN,1
329_p212,no_fondo,no,no_aplica,,no,no,no_aplica,,0
329_p215,no_revision_procesal,no,no_aplica,,no,no,sin_marcador,,0
329_p218,no_fondo,no,no_aplica,,no,no,sin_marcador,,0
329_p222,no_revision_procesal,no,no_aplica,,no,no,sin_marcador,,0
329_p224,no_fondo,no,no_aplica,recurso_extraordinario,no,no,no_aplica,,0
329_p229,no_revision_competencia,no,no_aplica,,no,no,sin_marcador,,0
329_p231,no_revision_competencia,no,no_aplica,,no,no,sin_marcador,,0
329_p234,no_revision_competencia,no,no_aplica,,no,no,sin_marcador,,0
329_p237,no_revision_competencia,no,no_aplica,,no,no,sin_marcador,,0
329_p239,revoca,no,recurrente_gana,recurso_ordinario,no,si,admite,,0
329_p241,no_fondo,no,no_aplica,,no,no,no_aplica,,0
329_p243,no_revision_procesal,no,no_aplica,,no,no,inadmite,INADMISIBLE_SIN_CAUSAL_EXPLICITA,0
329_p244,no_fondo,no,no_aplica,recurso_extraordinario,no,no,inadmite,INADMISIBLE_SIN_CAUSAL_EXPLICITA,0
329_p292,no_revision_procesal,no,no_aplica,recurso_extraordinario,no,no,inadmite,ART_280,0
329_p297,no_fondo,no,no_aplica,recurso_extraordinario,no,no,inadmite,FALTA_SENTENCIA_DEFINITIVA,0
329_p300,confirma,no,recurrente_pierde,recurso_extraordinario,no,si,admite,,0
329_p304,confirma,no,recurrente_pierde,recurso_extraordinario,no,si,admite,,0
329_p309,no_fondo,no,no_aplica,recurso_extraordinario,no,no,inadmite,ART_280,0
329_p314,deja_sin_efecto,si,recurrente_gana,recurso_extraordinario,no,si,admite,,0
329_p317,no_fondo,no,no_aplica,,no,no,sin_marcador,,1
329_p318,deja_sin_efecto,si,recurrente_gana,recurso_extraordinario,no,si,admite,,1
329_p324,no_fondo,no,no_aplica,,no,no,sin_marcador,,0
329_p326,no_fondo,no,no_aplica,,no,no,sin_marcador,,0
329_p329,no_fondo,no,no_aplica,recurso_ordinario,no,no,inadmite,INADMISIBLE_SIN_CAUSAL_EXPLICITA,1
329_p330,no_fondo,no,no_aplica,recurso_extraordinario,no,no,inadmite,ART_280,1
329_p335,deja_sin_efecto,no,recurrente_gana,recurso_extraordinario,no,si,admite,,1
329_p342,no_fondo,no,no_aplica,recurso_extraordinario,no,no,inadmite,ART_280,1
329_p349,no_revision_procesal,no,no_aplica,,no,no,sin_marcador,,0
329_p353,no_fondo,no,no_aplica,,no,no,no_aplica,,0
329_p358,no_revision_demanda,no,no_aplica,,no,no,no_aplica,,0
329_p370,no_revision_competencia,no,no_aplica,,no,no,sin_marcador,,0
329_p373,no_revision_competencia,no,no_aplica,,no,no,sin_marcador,,0
329_p381,no_fondo,no,no_aplica,recurso_ordinario,no,no,inadmite,INADMISIBLE_SIN_CAUSAL_EXPLICITA,0
329_p383,no_revision_procesal,no,no_aplica,,no,no,inadmite,RESOLUCION_NO_RECURRIBLE,0
329_p385,confirma,no,recurrente_pierde,recurso_extraordinario,no,si,admite,,0
329_p429,nulidad,si,recurrente_gana,recurso_extraordinario,si,si,admite,,0
329_p431,no_revision_procesal,no,no_aplica,recurso_extraordinario,no,no,admite,,1
329_p432,revoca,no,recurrente_gana,recurso_extraordinario,no,si,admite,,0
329_p437,no_revision_procesal,no,no_aplica,recurso_extraordinario,no,no,inadmite,INADMISIBLE_SIN_CAUSAL_EXPLICITA,0
329_p440,no_revision_procesal,no,no_aplica,recurso_extraordinario,no,no,inadmite,INADMISIBLE_REMITE_DICTAMEN,0
329_p445,revoca,no,recurrente_gana,recurso_extraordinario,si,si,admite,,0
329_p463,revoca,no,recurrente_gana,recurso_extraordinario,no,si,admite,,0
329_p471,nulidad_concesion,no,no_aplica,recurso_extraordinario,no,no,sin_marcador,,0
329_p472,nulidad_concesion,no,no_aplica,recurso_extraordinario,no,no,sin_marcador,,0
329_p473,revoca,no,recurrente_gana,recurso_extraordinario,no,si,admite,,1
329_p491,no_fondo,no,no_aplica,recurso_extraordinario,no,no,inadmite,FALTA_SENTENCIA_DEFINITIVA,1
329_p493,no_revision_procesal,no,no_aplica,recurso_extraordinario,no,no,inadmite,INADMISIBLE_SIN_CAUSAL_EXPLICITA,0
329_p495,no_fondo,no,no_aplica,recurso_extraordinario,no,no,inadmite,ART_280,1
329_p500,no_fondo,no,no_aplica,recurso_ordinario,no,no,inadmite,INADMISIBLE_SIN_CAUSAL_EXPLICITA,1
329_p502,deja_sin_efecto,si,recurrente_gana,,no,si,admite,,1
329_p510,no_fondo,no,no_aplica,recurso_extraordinario,no,no,inadmite,ART_280,1
329_p513,deja_sin_efecto,no,recurrente_gana,recurso_extraordinario,no,si,admite,,1
329_p518,revoca,si,recurrente_gana,recurso_extraordinario,no,si,admite,,1
329_p526,deja_sin_efecto,si,recurrente_gana,recurso_extraordinario,no,si,admite,,1
329_p530,deja_sin_efecto,si,recurrente_gana,recurso_extraordinario,no,si,admite,,1
329_p537,no_fondo,no,no_aplica,,no,no,sin_marcador,,0
329_p542,no_fondo,no,no_aplica,,no,no,no_aplica,,0
329_p545,no_fondo,no,no_aplica,,no,no,no_aplica,,0
329_p548,no_revision_procesal,no,no_aplica,,no,no,sin_marcador,,0
329_p551,no_fondo,no,no_aplica,,no,no,no_aplica,,0
329_p553,no_revision_procesal,no,no_aplica,,no,no,no_aplica,,0
329_p560,no_fondo,no,no_aplica,,no,no,no_aplica,,0
329_p565,no_revision_competencia,no,no_aplica,,no,no,sin_marcador,,0
329_p568,no_revision_competencia,no,no_aplica,,no,no,sin_marcador,,0
329_p570,no_revision_competencia,no,no_aplica,,no,no,sin_marcador,,0
329_p573,revoca,no,recurrente_gana,recurso_ordinario,si,si,admite,,0
329_p576,revoca,no,recurrente_gana,recurso_ordinario,no,si,admite,,0
329_p584,confirma,no,recurrente_pierde,recurso_extraordinario,no,si,admite,,0
329_p595,revoca,no,recurrente_gana,recurso_extraordinario,si,si,admite,,0
329_p617,no_fondo,no,no_aplica,,no,no,no_aplica,,0
329_p619,no_fondo,no,no_aplica,,no,no,inadmite,INADMISIBLE_SIN_CAUSAL_EXPLICITA,0
329_p620,no_fondo,no,no_aplica,recurso_extraordinario,no,no,inadmite,FALTA_SENTENCIA_DEFINITIVA,1
329_p622,no_fondo,no,no_aplica,,no,no,inadmite,INADMISIBLE_SIN_CAUSAL_EXPLICITA,0
329_p623,no_fondo,no,no_aplica,recurso_extraordinario,no,no,admite,,1
329_p624,revoca,si,recurrente_gana,recurso_ordinario,no,si,admite,,0
329_p629,no_fondo,no,no_aplica,recurso_extraordinario,no,no,inadmite,CUESTION_ABSTRACTA,0
329_p634,deja_sin_efecto,no,recurrente_gana,recurso_extraordinario,no,si,admite,,0
329_p639,revoca,no,recurrente_gana,recurso_extraordinario,no,si,admite,,0
329_p646,no_fondo,no,no_aplica,recurso_extraordinario,no,no,inadmite,ART_280,0
329_p669,confirma,no,recurrente_pierde,recurso_extraordinario,no,si,admite,,0
329_p679,deja_sin_efecto,si,recurrente_gana,recurso_extraordinario,no,si,admite,,0
329_p689,no_fondo,no,no_aplica,recurso_extraordinario,no,no,inadmite,ART_280,0
329_p695,no_fondo,no,no_aplica,recurso_extraordinario,no,no,inadmite,ART_280,1
329_p710,deja_sin_efecto,si,recurrente_gana,recurso_extraordinario,no,si,admite,,1
329_p716,no_fondo,no,no_aplica,recurso_extraordinario,no,no,inadmite,ART_280,1
329_p717,no_fondo,no,no_aplica,,no,no,inadmite,INADMISIBLE_REMITE_DICTAMEN,1
329_p723,deja_sin_efecto,si,recurrente_gana,recurso_extraordinario,no,si,admite,,1
329_p730,no_fondo,no,no_aplica,,no,no,inadmite,INADMISIBLE_REMITE_DICTAMEN,1
329_p734,no_fondo,no,no_aplica,recurso_extraordinario,no,no,inadmite,INADMISIBLE_SIN_CAUSAL_EXPLICITA,1
329_p741,no_fondo,no,no_aplica,recurso_extraordinario,no,no,inadmite,ART_280,1
329_p743,no_fondo,no,no_aplica,recurso_ordinario,si,no,sin_marcador,,0
329_p752,no_fondo,no,no_aplica,,no,no,inadmite,INADMISIBLE_SIN_CAUSAL_EXPLICITA,0
329_p753,no_fondo,no,no_aplica,,no,no,inadmite,CUESTION_ABSTRACTA,0
329_p755,no_fondo,no,no_aplica,,no,no,inadmite,INADMISIBLE_SIN_CAUSAL_EXPLICITA,0
329_p759,no_fondo,no,no_aplica,recurso_extraordinario,no,no,no_aplica,,0
329_p772,no_fondo,no,no_aplica,,no,no,no_aplica,,0
329_p776,no_revision_procesal,no,no_aplica,,no,no,no_aplica,,0
329_p780,no_fondo,no,no_aplica,,no,no,no_aplica,,0
329_p783,no_revision_procesal,no,no_aplica,recurso_extraordinario,no,no,no_aplica,,0
329_p789,no_fondo,no,no_aplica,,no,no,sin_marcador,,0
329_p792,no_revision_demanda,no,no_aplica,,no,no,no_aplica,,0
329_p803,no_revision_procesal,no,no_aplica,,no,no,sin_marcador,,0
329_p805,no_fondo,no,no_aplica,,no,no,sin_marcador,,0
329_p809,no_revision_demanda,no,no_aplica,,no,no,no_aplica,,0
329_p833,no_fondo,no,no_aplica,,no,no,no_aplica,,0
329_p838,no_revision_procesal,no,no_aplica,,no,no,sin_marcador,,0
329_p840,no_revision_competencia,no,no_aplica,,no,no,sin_marcador,,0
329_p845,no_revision_competencia,no,no_aplica,,no,no,sin_marcador,,0
329_p847,no_revision_competencia,no,no_aplica,,no,no,sin_marcador,,0
329_p851,no_revision_competencia,no,no_aplica,recurso_extraordinario,no,no,no_aplica,,0
329_p857,no_revision_competencia,no,no_aplica,,no,no,sin_marcador,,0
329_p860,no_revision_competencia,no,no_aplica,,no,no,sin_marcador,,0
329_p863,no_fondo,no,no_aplica,,no,no,no_aplica,,0
329_p865,no_revision_competencia,no,no_aplica,,no,no,sin_marcador,,0
329_p868,revoca,no,recurrente_gana,recurso_ordinario,no,si,admite,,0
329_p872,confirma,no,recurrente_pierde,recurso_extraordinario,no,si,admite,,0
329_p879,no_fondo,no,no_aplica,recurso_extraordinario,no,no,inadmite,ART_280,0
329_p888,revoca,si,recurrente_gana,,no,si,admite,,0
329_p892,no_fondo,no,no_aplica,recurso_extraordinario,no,no,inadmite,ART_280,0
329_p899,deja_sin_efecto,si,recurrente_gana,recurso_extraordinario,no,si,admite,,0
329_p904,confirma,no,recurrente_pierde,recurso_extraordinario,no,si,admite,,0
329_p906,no_fondo,no,no_aplica,,no,no,inadmite,INADMISIBLE_SIN_CAUSAL_EXPLICITA,1
329_p909,deja_sin_efecto,si,recurrente_gana,recurso_extraordinario,no,si,admite,,1
329_p926,no_revision_procesal,no,no_aplica,recurso_ordinario,no,no,inadmite,INADMISIBLE_SIN_CAUSAL_EXPLICITA,1
329_p928,no_fondo,no,no_aplica,recurso_extraordinario,no,no,inadmite,ART_280,1
329_p937,no_fondo,no,no_aplica,,no,no,no_aplica,,0
329_p942,no_fondo,no,no_aplica,,no,no,sin_marcador,,0
329_p951,no_fondo,no,no_aplica,,no,no,sin_marcador,,0
329_p955,no_fondo,no,no_aplica,,no,no,no_aplica,,0
329_p959,revoca,no,recurrente_gana,recurso_ordinario,no,si,admite,,0
329_p963,no_fondo,no,no_aplica,recurso_ordinario,no,no,inadmite,INADMISIBLE_SIN_CAUSAL_EXPLICITA,0
329_p972,confirma,no,recurrente_pierde,recurso_extraordinario,no,si,admite,,0
329_p976,confirma,no,recurrente_pierde,recurso_extraordinario,no,si,admite,,1
329_p984,confirma,no,recurrente_pierde,recurso_extraordinario,no,si,admite,,0
329_p988,confirma,no,recurrente_pierde,recurso_extraordinario,no,si,admite,,0
329_p989,no_revision_procesal,no,no_aplica,recurso_ordinario,no,no,inadmite,ART_280,1
329_p991,no_fondo,no,no_aplica,recurso_extraordinario,no,no,sin_marcador,,0
329_p993,no_revision_procesal,no,no_aplica,recurso_extraordinario,no,no,inadmite,ART_280,1
329_p997,deja_sin_efecto,si,recurrente_gana,recurso_extraordinario,no,si,admite,,1
329_p1002,deja_sin_efecto,no,recurrente_gana,recurso_extraordinario,no,si,admite,,1
329_p1007,confirma,no,recurrente_pierde,recurso_extraordinario,no,si,admite,,1
329_p1012,deja_sin_efecto,si,recurrente_gana,recurso_extraordinario,no,si,admite,,1
329_p1019,no_revision_competencia,no,no_aplica,,no,no,no_aplica,,0
329_p1022,no_fondo,no,no_aplica,,no,no,inadmite,INADMISIBLE_SIN_CAUSAL_EXPLICITA,0
329_p1024,no_revision_competencia,no,no_aplica,,no,no,sin_marcador,,0
329_p1028,no_revision_competencia,no,no_aplica,,no,no,sin_marcador,,0
329_p1030,no_revision_competencia,no,no_aplica,,no,no,sin_marcador,,0
329_p1033,no_revision_competencia,no,no_aplica,,no,no,sin_marcador,,0
329_p1035,no_revision_procesal,no,no_aplica,,no,no,sin_marcador,,0
329_p1040,deja_sin_efecto,si,recurrente_gana,recurso_extraordinario,no,si,admite,,0
329_p1045,revoca,no,recurrente_gana,recurso_extraordinario,no,si,admite,,0
329_p1049,no_fondo,no,no_aplica,,no,no,inadmite,INADMISIBLE_REMITE_DICTAMEN,1
329_p1053,revoca,si,recurrente_gana,recurso_extraordinario,no,si,admite,,1
329_p1066,revoca,si,recurrente_gana,recurso_extraordinario,no,si,admite,,1
329_p1092,confirma,no,recurrente_pierde,recurso_extraordinario,no,si,admite,,1
329_p1180,no_fondo,no,no_aplica,recurso_extraordinario,no,no,inadmite,ART_280,1
329_p1191,no_fondo,no,no_aplica,recurso_extraordinario,no,no,inadmite,INADMISIBLE_SIN_CAUSAL_EXPLICITA,1
329_p1209,no_fondo,no,no_aplica,recurso_extraordinario,no,no,inadmite,ART_280,1
329_p1219,deja_sin_efecto,no,recurrente_gana,recurso_extraordinario,no,si,admite,,1
329_p1224,no_revision_procesal,no,no_aplica,,no,no,sin_marcador,,0
329_p1226,no_fondo,no,no_aplica,,no,no,sin_marcador,,0
329_p1236,no_fondo,no,no_aplica,,no,no,sin_marcador,,0
329_p1241,no_revision_competencia,no,no_aplica,,no,no,sin_marcador,,0
329_p1243,no_revision_competencia,no,no_aplica,,no,no,sin_marcador,,0
329_p1245,confirma,no,recurrente_pierde,recurso_ordinario,no,si,admite,,0
329_p1301,no_fondo,no,no_aplica,recurso_extraordinario,no,no,inadmite,CUESTION_ABSTRACTA,0
329_p1303,no_fondo,no,no_aplica,,no,no,inadmite,INADMISIBLE_SIN_CAUSAL_EXPLICITA,0
329_p1305,no_fondo,no,no_aplica,,no,no,sin_marcador,,0
329_p1306,no_fondo,no,no_aplica,recurso_extraordinario,no,no,sin_marcador,,0
329_p1307,no_revision_procesal,no,no_aplica,recurso_extraordinario,no,no,inadmite,INADMISIBLE_SIN_CAUSAL_EXPLICITA,1
329_p1309,no_revision_procesal,no,no_aplica,recurso_extraordinario,no,no,sin_marcador,,0
329_p1310,no_revision_procesal,no,no_aplica,,no,no,sin_marcador,,0
329_p1311,no_fondo,no,no_aplica,,no,no,no_aplica,,0
329_p1317,no_revision_demanda,no,no_aplica,,no,no,no_aplica,,0
329_p1324,no_fondo,no,no_aplica,,no,no,sin_marcador,,0
329_p1328,no_revision_competencia,no,no_aplica,,no,no,sin_marcador,,0
329_p1330,no_revision_competencia,no,no_aplica,,no,no,no_aplica,,0
329_p1332,no_revision_competencia,no,no_aplica,,no,no,sin_marcador,,0
329_p1336,no_revision_competencia,no,no_aplica,,no,no,sin_marcador,,0
329_p1338,no_revision_competencia,no,no_aplica,,no,no,sin_marcador,,0
329_p1341,no_revision_competencia,no,no_aplica,,no,no,sin_marcador,,0
329_p1343,no_fondo,no,no_aplica,,no,no,sin_marcador,,0
329_p1348,no_revision_competencia,no,no_aplica,,no,no,sin_marcador,,0
329_p1350,revoca,no,recurrente_gana,recurso_extraordinario,no,si,admite,,0
329_p1375,no_revision_competencia,no,no_aplica,,no,no,sin_marcador,,0
329_p1377,no_revision_competencia,no,no_aplica,,no,no,sin_marcador,,0
329_p1380,no_revision_competencia,no,no_aplica,,no,no,sin_marcador,,0
329_p1383,no_revision_competencia,no,no_aplica,,no,no,sin_marcador,,0
329_p1385,no_revision_competencia,no,no_aplica,,no,no,no_aplica,,0
329_p1389,no_revision_competencia,no,no_aplica,,no,no,sin_marcador,,0
329_p1391,deja_sin_efecto,si,recurrente_gana,recurso_extraordinario,no,si,admite,,1
329_p1397,no_revision_procesal,no,no_aplica,recurso_ordinario,no,no,inadmite,INADMISIBLE_SIN_CAUSAL_EXPLICITA,0
329_p1399,revoca,no,recurrente_gana,recurso_ordinario,si,si,admite,,0
329_p1417,confirma,no,recurrente_pierde,recurso_ordinario,no,si,admite,,0
329_p1425,revoca,no,recurrente_gana,recurso_ordinario,no,si,admite,,0
329_p1434,no_revision_procesal,no,no_aplica,recurso_ordinario,no,no,inadmite,INADMISIBLE_SIN_CAUSAL_EXPLICITA,0
329_p1436,revoca,si,recurrente_gana,recurso_extraordinario,no,si,admite,,0
329_p1440,confirma,no,recurrente_pierde,recurso_extraordinario,no,si,admite,,0
329_p1447,deja_sin_efecto,si,recurrente_gana,recurso_extraordinario,no,si,admite,,0
329_p1473,confirma,no,recurrente_pierde,,no,si,admite,,0
329_p1480,deja_sin_efecto,si,recurrente_gana,recurso_extraordinario,no,si,admite,,0
329_p1487,no_fondo,no,no_aplica,,no,no,inadmite,CUESTION_ABSTRACTA,1
329_p1488,no_fondo,no,no_aplica,,no,no,inadmite,INADMISIBLE_REMITE_DICTAMEN,1
329_p1490,no_fondo,no,no_aplica,recurso_extraordinario,no,no,sin_marcador,,0
329_p1493,no_fondo,no,no_aplica,,no,no,inadmite,INADMISIBLE_REMITE_DICTAMEN,1
329_p1501,no_fondo,no,no_aplica,recurso_extraordinario,no,no,inadmite,ART_280,1
329_p1506,no_fondo,no,no_aplica,recurso_extraordinario,no,no,inadmite,ART_280,1
329_p1514,deja_sin_efecto,si,recurrente_gana,recurso_extraordinario,no,si,admite,,1
329_p1521,no_fondo,no,no_aplica,,no,no,sin_marcador,,0
329_p1522,no_fondo,no,no_aplica,,no,no,inadmite,INADMISIBLE_REMITE_DICTAMEN,1
329_p1538,no_fondo,no,no_aplica,recurso_extraordinario,no,no,inadmite,INADMISIBLE_SIN_CAUSAL_EXPLICITA,1
329_p1539,no_revision_procesal,no,no_aplica,recurso_ordinario,no,no,admite,,1
329_p1541,deja_sin_efecto,no,recurrente_gana,recurso_extraordinario,no,si,admite,,1
329_p1554,nulidad,no,recurrente_gana,,no,no,no_aplica,,0
329_p1568,no_revision_demanda,no,no_aplica,,no,no,no_aplica,,0
329_p1586,no_revision_demanda,no,no_aplica,,no,no,no_aplica,,0
329_p1603,no_fondo,no,no_aplica,,no,no,no_aplica,,0
329_p1609,no_revision_competencia,no,no_aplica,,no,no,sin_marcador,,0
329_p1611,no_revision_competencia,no,no_aplica,,no,no,sin_marcador,,0
329_p1619,revoca,no,recurrente_gana,recurso_ordinario,no,si,admite,,0
329_p1622,deja_sin_efecto,no,recurrente_gana,recurso_extraordinario,no,si,admite,,1
329_p1626,nulidad_concesion,no,no_aplica,recurso_extraordinario,no,no,sin_marcador,,0
329_p1628,no_fondo,no,no_aplica,recurso_extraordinario,no,no,inadmite,ART_280,0
329_p1631,no_fondo,no,no_aplica,recurso_extraordinario,no,no,inadmite,INADMISIBLE_REMITE_DICTAMEN,0
329_p1638,revoca,no,recurrente_gana,recurso_extraordinario,no,si,admite,,0
329_p1655,no_fondo,no,no_aplica,recurso_ordinario,no,no,inadmite,INADMISIBLE_SIN_CAUSAL_EXPLICITA,1
329_p1661,deja_sin_efecto,no,recurrente_gana,recurso_extraordinario,no,si,admite,,1
329_p1669,no_fondo,no,no_aplica,recurso_extraordinario,no,no,sin_marcador,,0
329_p1671,no_fondo,no,no_aplica,,no,no,inadmite,INADMISIBLE_SIN_CAUSAL_EXPLICITA,0
329_p1672,no_fondo,no,no_aplica,,no,no,sin_marcador,,0
329_p1673,no_revision_procesal,no,no_aplica,,no,no,sin_marcador,,0
329_p1675,no_revision_demanda,no,no_aplica,,no,no,no_aplica,,0
329_p1684,no_fondo,no,no_aplica,,no,no,no_aplica,,0
329_p1690,no_revision_competencia,no,no_aplica,,no,no,sin_marcador,,0
329_p1693,no_revision_competencia,no,no_aplica,,no,no,sin_marcador,,0
329_p1696,no_revision_procesal,no,no_aplica,,no,no,sin_marcador,,0
329_p1699,no_revision_procesal,no,no_aplica,,no,no,sin_marcador,,0
329_p1703,revoca,no,recurrente_gana,recurso_ordinario,si,si,admite,,0
329_p1714,no_revision_procesal,no,no_aplica,recurso_ordinario,no,no,sin_marcador,,0
329_p1715,deja_sin_efecto,si,recurrente_gana,recurso_extraordinario,no,si,admite,,0
329_p1723,no_fondo,no,no_aplica,recurso_extraordinario,no,no,inadmite,ART_280,1
329_p1756,no_fondo,no,no_aplica,recurso_extraordinario,no,no,inadmite,INADMISIBLE_SIN_CAUSAL_EXPLICITA,1
329_p1758,no_fondo,no,no_aplica,recurso_extraordinario,no,no,inadmite,ART_280,1
329_p1762,deja_sin_efecto,si,recurrente_gana,recurso_extraordinario,no,si,admite,,1
329_p1767,deja_sin_efecto,si,recurrente_gana,,no,si,inadmite,INADMISIBLE_SIN_CAUSAL_EXPLICITA,1
329_p1779,revoca,si,recurrente_gana,recurso_extraordinario,no,si,admite,,1
329_p1787,no_fondo,no,no_aplica,,no,no,inadmite,INADMISIBLE_SIN_CAUSAL_EXPLICITA,1
329_p1794,nulidad,no,recurrente_gana,recurso_extraordinario,no,si,admite,,1
329_p1805,no_fondo,no,no_aplica,recurso_extraordinario,no,no,inadmite,INADMISIBLE_REMITE_DICTAMEN,1
329_p1812,deja_sin_efecto,si,recurrente_gana,recurso_extraordinario,no,si,admite,,1
329_p1821,revoca,no,recurrente_gana,recurso_extraordinario,no,si,admite,,1
329_p1826,no_fondo,no,no_aplica,,no,no,inadmite,CUESTION_ABSTRACTA,0
329_p1831,no_fondo,no,no_aplica,,no,no,no_aplica,,0
329_p1834,no_fondo,no,no_aplica,,no,no,sin_marcador,,0
329_p1836,no_fondo,no,no_aplica,,no,no,no_aplica,,0
329_p1839,no_fondo,no,no_aplica,,no,no,no_aplica,,0
329_p1843,no_fondo,no,no_aplica,,no,no,no_aplica,,0
329_p1847,no_fondo,no,no_aplica,,no,no,no_aplica,,0
329_p1853,no_fondo,no,no_aplica,,no,no,inadmite,CUESTION_ABSTRACTA,0
329_p1857,no_fondo,no,no_aplica,,no,no,no_aplica,,0
329_p1859,no_fondo,no,no_aplica,,no,no,inadmite,CUESTION_ABSTRACTA,0
329_p1862,no_revision_demanda,no,no_aplica,,no,no,sin_marcador,,0
329_p1875,no_revision_procesal,no,no_aplica,,no,no,no_aplica,,0
329_p1881,no_revision_demanda,no,no_aplica,,no,no,no_aplica,,0
329_p1898,no_fondo,no,no_aplica,,no,no,no_aplica,,0
329_p1905,no_revision_competencia,no,no_aplica,,no,no,sin_marcador,,0
329_p1908,no_revision_competencia,no,no_aplica,,no,no,sin_marcador,,0
329_p1910,nulidad,no,recurrente_gana,,no,no,admite,,0
329_p1912,no_revision_competencia,no,no_aplica,,no,no,sin_marcador,,0
329_p1915,no_revision_competencia,no,no_aplica,,no,no,sin_marcador,,0
329_p1917,no_revision_competencia,no,no_aplica,,no,no,sin_marcador,,0
329_p1921,no_revision_competencia,no,no_aplica,,no,no,sin_marcador,,0
329_p1924,no_revision_competencia,no,no_aplica,,no,no,sin_marcador,,0
329_p1928,no_fondo,no,no_aplica,,no,no,sin_marcador,,0
329_p1930,confirma,no,recurrente_pierde,,no,si,admite,,0
329_p1933,no_fondo,no,no_aplica,recurso_ordinario,no,no,inadmite,INADMISIBLE_SIN_CAUSAL_EXPLICITA,0
329_p1936,confirma,no,recurrente_pierde,recurso_ordinario,no,si,admite,,0
329_p1938,confirma,no,recurrente_pierde,,no,si,admite,,0
329_p1951,confirma,no,recurrente_pierde,recurso_extraordinario,no,si,admite,,0
329_p1963,revoca,si,recurrente_gana,recurso_extraordinario,no,si,admite,,0
329_p1969,confirma,no,recurrente_pierde,recurso_extraordinario,no,si,admite,,0
329_p1972,no_revision_procesal,no,no_aplica,recurso_extraordinario,no,no,inadmite,CADUCIDAD_INSTANCIA,0
329_p1974,no_revision_procesal,no,no_aplica,recurso_extraordinario,no,no,inadmite,INADMISIBLE_SIN_CAUSAL_EXPLICITA,0
329_p1984,no_fondo,no,no_aplica,recurso_extraordinario,no,no,inadmite,INADMISIBLE_REMITE_DICTAMEN,0
329_p1998,revoca,no,recurrente_gana,recurso_extraordinario,no,si,admite,,0
329_p2005,no_revision_procesal,no,no_aplica,recurso_extraordinario,no,no,inadmite,INADMISIBLE_SIN_CAUSAL_EXPLICITA,0
329_p2024,deja_sin_efecto,si,recurrente_gana,recurso_extraordinario,no,si,admite,,1
329_p2030,no_fondo,no,no_aplica,recurso_extraordinario,no,no,inadmite,ART_280,1
329_p2037,deja_sin_efecto,si,recurrente_gana,recurso_extraordinario,no,si,admite,,1
329_p2043,no_fondo,no,no_aplica,recurso_extraordinario,no,no,inadmite,INADMISIBLE_SIN_CAUSAL_EXPLICITA,0
329_p2045,no_fondo,no,no_aplica,recurso_extraordinario,no,no,inadmite,ART_280,1
329_p2051,deja_sin_efecto,si,recurrente_gana,recurso_extraordinario,no,si,admite,,1
329_p2055,deja_sin_efecto,si,recurrente_gana,recurso_extraordinario,no,si,admite,,1
329_p2060,no_fondo,no,no_aplica,,no,no,inadmite,INADMISIBLE_SIN_CAUSAL_EXPLICITA,1
329_p2062,no_fondo,no,no_aplica,recurso_extraordinario,no,no,inadmite,ART_280,1
329_p2063,no_fondo,no,no_aplica,,no,no,sin_marcador,,0
329_p2064,no_fondo,no,no_aplica,,no,no,inadmite,INADMISIBLE_SIN_CAUSAL_EXPLICITA,0
329_p2065,no_fondo,no,no_aplica,,no,no,no_aplica,,0
329_p2067,no_fondo,no,no_aplica,,no,no,no_aplica,,0
329_p2069,no_fondo,no,no_aplica,,no,no,no_aplica,,0
329_p2080,no_fondo,no,no_aplica,recurso_extraordinario,no,no,no_aplica,,0
329_p2085,no_fondo,no,no_aplica,,no,no,no_aplica,,0
329_p2088,no_revision_demanda,no,no_aplica,,no,no,sin_marcador,,0
329_p2105,no_fondo,no,no_aplica,,no,no,no_aplica,,0
329_p2111,no_fondo,no,no_aplica,,no,no,no_aplica,,0
329_p2115,no_fondo,no,no_aplica,,no,no,no_aplica,,0
329_p2121,no_fondo,no,no_aplica,,no,no,no_aplica,,0
329_p2125,no_revision_procesal,no,no_aplica,,no,no,sin_marcador,,0
329_p2130,no_revision_competencia,no,no_aplica,,no,no,sin_marcador,,0
329_p2133,no_revision_competencia,no,no_aplica,,no,no,sin_marcador,,0
329_p2136,no_revision_competencia,no,no_aplica,,no,no,sin_marcador,,0
329_p2139,no_fondo,no,no_aplica,,no,no,sin_marcador,,0
329_p2142,no_revision_competencia,no,no_aplica,,no,no,sin_marcador,,0
329_p2144,no_revision_competencia,no,no_aplica,,no,no,sin_marcador,,0
329_p2146,revoca,no,recurrente_gana,recurso_ordinario,no,si,admite,,0
329_p2149,revoca,no,recurrente_gana,recurso_ordinario,no,si,admite,,0
329_p2152,revoca,si,recurrente_gana,recurso_extraordinario,no,si,admite,,0
329_p2158,revoca,no,recurrente_gana,recurso_extraordinario,no,si,admite,,1
329_p2162,no_fondo,no,no_aplica,,no,no,inadmite,INADMISIBLE_REMITE_DICTAMEN,1
329_p2166,deja_sin_efecto,no,recurrente_gana,recurso_extraordinario,no,si,admite,,1
329_p2173,no_fondo,no,no_aplica,,no,no,inadmite,INADMISIBLE_SIN_CAUSAL_EXPLICITA,1
329_p2174,deja_sin_efecto,no,recurrente_gana,recurso_extraordinario,no,si,admite,,1
329_p2179,deja_sin_efecto,si,recurrente_gana,recurso_extraordinario,no,si,admite,,1
329_p2186,no_revision_competencia,no,no_aplica,,no,no,sin_marcador,,0
329_p2188,no_revision_competencia,no,no_aplica,,no,no,sin_marcador,,0
329_p2191,revoca,si,recurrente_gana,recurso_ordinario,no,si,admite,,0
329_p2194,revoca,no,recurrente_gana,recurso_ordinario,no,si,admite,,0
329_p2197,confirma,no,recurrente_pierde,recurso_ordinario,no,si,admite,,0
329_p2199,revoca,no,recurrente_gana,recurso_extraordinario,no,si,admite,,1
329_p2206,no_fondo,no,no_aplica,recurso_extraordinario,no,no,inadmite,INADMISIBLE_REMITE_DICTAMEN,0
329_p2212,deja_sin_efecto,si,recurrente_gana,recurso_extraordinario,no,si,admite,,0
329_p2217,no_fondo,no,no_aplica,recurso_extraordinario,no,no,inadmite,FALTA_FUNDAMENTACION_AUTONOMA,1
329_p2218,no_fondo,no,no_aplica,,no,no,inadmite,INADMISIBLE_SIN_CAUSAL_EXPLICITA,1
329_p2219,no_fondo,no,no_aplica,recurso_extraordinario,no,no,inadmite,FALTA_SENTENCIA_DEFINITIVA,1
329_p2221,no_revision_procesal,no,no_aplica,recurso_extraordinario,no,no,admite,,1
329_p2223,no_fondo,no,no_aplica,recurso_extraordinario,no,no,inadmite,FALTA_SENTENCIA_DEFINITIVA,1
329_p2224,no_fondo,no,no_aplica,recurso_ordinario,no,no,inadmite,INADMISIBLE_SIN_CAUSAL_EXPLICITA,1
329_p2226,no_revision_procesal,no,no_aplica,,no,no,sin_marcador,,0
329_p2231,no_revision_demanda,no,no_aplica,,no,no,no_aplica,,0
329_p2240,no_revision_procesal,no,no_aplica,,no,no,sin_marcador,,0
329_p2244,no_revision_competencia,no,no_aplica,,no,no,sin_marcador,,0
329_p2248,no_revision_competencia,no,no_aplica,,no,no,sin_marcador,,0
329_p2251,no_revision_competencia,no,no_aplica,,no,no,sin_marcador,,0
329_p2253,no_revision_competencia,no,no_aplica,,no,no,sin_marcador,,0
329_p2256,no_revision_competencia,no,no_aplica,,no,no,sin_marcador,,0
329_p2258,no_revision_competencia,no,no_aplica,,no,no,sin_marcador,,0
329_p2261,revoca,no,recurrente_gana,recurso_ordinario,no,si,admite,,0
329_p2263,no_revision_procesal,no,no_aplica,recurso_extraordinario,no,no,inadmite,FALTA_SENTENCIA_DEFINITIVA,0
329_p2265,revoca,si,recurrente_gana,recurso_extraordinario,no,si,admite,,0
329_p2274,deja_sin_efecto,si,recurrente_gana,recurso_extraordinario,no,si,admite,,0
329_p2280,confirma,no,recurrente_pierde,,no,si,admite,,0
329_p2284,revoca,si,recurrente_gana,recurso_extraordinario,no,si,admite,,1
329_p2293,no_fondo,no,no_aplica,,no,no,inadmite,CUESTION_ABSTRACTA,1
329_p2296,no_revision_procesal,no,no_aplica,,no,no,sin_marcador,,0
329_p2312,no_fondo,no,no_aplica,,no,no,inadmite,INADMISIBLE_SIN_CAUSAL_EXPLICITA,0
329_p2314,no_fondo,no,no_aplica,,no,no,sin_marcador,,0
329_p2316,no_fondo,no,no_aplica,recurso_ordinario,no,no,no_aplica,,0
329_p2342,no_revision_competencia,no,no_aplica,,no,no,sin_marcador,,0
329_p2344,no_revision_competencia,no,no_aplica,,no,no,sin_marcador,,0
329_p2347,revoca,no,recurrente_gana,recurso_ordinario,no,si,admite,,0
329_p2351,deja_sin_efecto,si,recurrente_gana,recurso_extraordinario,no,si,admite,,0
329_p2355,no_fondo,no,no_aplica,,no,no,inadmite,INADMISIBLE_SIN_CAUSAL_EXPLICITA,0
329_p2356,no_fondo,no,no_aplica,recurso_extraordinario,no,no,inadmite,INADMISIBLE_SIN_CAUSAL_EXPLICITA,1
329_p2358,no_revision_competencia,no,no_aplica,,no,no,sin_marcador,,0
329_p2361,revoca,no,recurrente_gana,recurso_extraordinario,si,si,inadmite,INADMISIBLE_SIN_CAUSAL_EXPLICITA,0
329_p2367,confirma,no,recurrente_pierde,recurso_extraordinario,no,si,admite,,0
329_p2413,revoca,si,recurrente_gana,recurso_extraordinario,si,si,admite,,0
329_p2419,deja_sin_efecto,si,recurrente_gana,recurso_extraordinario,no,si,admite,,0
329_p2425,no_fondo,no,no_aplica,recurso_extraordinario,no,no,inadmite,INADMISIBLE_REMITE_DICTAMEN,0
329_p2429,revoca,si,recurrente_gana,recurso_extraordinario,no,si,admite,,1
329_p2433,deja_sin_efecto,no,recurrente_gana,recurso_extraordinario,no,si,admite,,1
329_p2440,deja_sin_efecto,si,recurrente_gana,recurso_extraordinario,no,si,admite,,1
329_p2450,deja_sin_efecto,si,recurrente_gana,recurso_extraordinario,no,si,admite,,1
329_p2459,deja_sin_efecto,si,recurrente_gana,recurso_extraordinario,no,si,admite,,1
329_p2465,no_fondo,no,no_aplica,,no,no,no_aplica,,0
329_p2467,no_fondo,no,no_aplica,,no,no,no_aplica,,0
329_p2469,no_fondo,no,no_aplica,recurso_extraordinario,no,no,no_aplica,,0
329_p2479,no_fondo,no,no_aplica,,no,no,sin_marcador,,0
329_p2485,no_fondo,no,no_aplica,,no,no,no_aplica,,0
329_p2492,no_fondo,no,no_aplica,,no,no,no_aplica,,0
329_p2496,no_revision_competencia,no,no_aplica,,no,no,sin_marcador,,0
329_p2498,revoca,no,recurrente_gana,recurso_ordinario,no,si,admite,,0
329_p2503,confirma,no,recurrente_pierde,recurso_ordinario,no,si,admite,,0
329_p2508,no_fondo,no,no_aplica,,no,no,sin_marcador,,0
329_p2511,revoca,no,recurrente_gana,recurso_ordinario,no,si,admite,,0
329_p2523,confirma,no,recurrente_pierde,recurso_ordinario,no,si,inadmite,INADMISIBLE_SIN_CAUSAL_EXPLICITA,0
329_p2532,deja_sin_efecto,no,recurrente_gana,recurso_extraordinario,no,si,admite,,0
329_p2539,confirma,no,recurrente_pierde,recurso_extraordinario,no,si,admite,,0
329_p2547,revoca,si,recurrente_gana,recurso_extraordinario,no,si,admite,,0
329_p2552,confirma,no,recurrente_pierde,recurso_extraordinario,no,si,admite,,0
329_p2563,deja_sin_efecto,si,recurrente_gana,recurso_extraordinario,no,si,admite,,0
329_p2567,no_fondo,no,no_aplica,recurso_extraordinario,no,no,inadmite,INADMISIBLE_SIN_CAUSAL_EXPLICITA,0
329_p2569,revoca,si,recurrente_gana,recurso_extraordinario,no,si,admite,,0
329_p2575,deja_sin_efecto,no,recurrente_gana,recurso_extraordinario,no,si,admite,,0
329_p2584,no_fondo,no,no_aplica,recurso_extraordinario,no,no,inadmite,ART_280,0
329_p2588,no_fondo,no,no_aplica,recurso_extraordinario,no,no,inadmite,ART_280,1
329_p2591,deja_sin_efecto,no,recurrente_gana,recurso_extraordinario,no,si,admite,,1
329_p2596,deja_sin_efecto,no,recurrente_gana,recurso_extraordinario,no,si,admite,,1
329_p2600,no_fondo,no,no_aplica,,no,no,inadmite,INADMISIBLE_SIN_CAUSAL_EXPLICITA,0
329_p2601,confirma,no,recurrente_pierde,recurso_extraordinario,no,si,admite,,1
329_p2606,no_fondo,no,no_aplica,recurso_extraordinario,no,no,inadmite,ART_280,1
329_p2610,no_revision_procesal,no,no_aplica,,no,no,inadmite,INADMISIBLE_SIN_CAUSAL_EXPLICITA,1
329_p2614,deja_sin_efecto,si,recurrente_gana,recurso_extraordinario,no,si,admite,,1
329_p2620,no_fondo,no,no_aplica,,no,no,inadmite,INADMISIBLE_REMITE_DICTAMEN,1
329_p2626,deja_sin_efecto,no,recurrente_gana,recurso_extraordinario,no,si,admite,,1
329_p2631,deja_sin_efecto,si,recurrente_gana,recurso_extraordinario,no,si,admite,,1
329_p2645,no_revision_competencia,no,no_aplica,recurso_extraordinario,no,no,admite,,1
329_p2649,no_fondo,no,no_aplica,recurso_extraordinario,no,no,inadmite,ART_280,1
329_p2655,no_fondo,no,no_aplica,recurso_extraordinario,no,no,inadmite,ART_280,1
329_p2659,revoca,si,recurrente_gana,recurso_extraordinario,no,si,admite,,1
329_p2667,deja_sin_efecto,si,recurrente_gana,recurso_extraordinario,no,si,admite,,1
329_p2672,no_revision_procesal,no,no_aplica,recurso_extraordinario,no,no,sin_marcador,,0
329_p2674,no_fondo,no,no_aplica,recurso_extraordinario,no,no,inadmite,ART_280,1
329_p2680,no_revision_procesal,no,no_aplica,,no,no,no_aplica,,0
329_p2684,no_fondo,no,no_aplica,,no,no,no_aplica,,0
329_p2688,no_revision_demanda,no,no_aplica,,no,no,sin_marcador,,0
329_p2714,no_fondo,no,no_aplica,,no,no,sin_marcador,,0
329_p2719,no_revision_procesal,no,no_aplica,,no,no,inadmite,INADMISIBLE_SIN_CAUSAL_EXPLICITA,0
329_p2726,no_fondo,no,no_aplica,,no,no,inadmite,INADMISIBLE_SIN_CAUSAL_EXPLICITA,0
329_p2729,no_revision_procesal,no,no_aplica,,no,no,sin_marcador,,0
329_p2731,no_fondo,no,no_aplica,,no,no,inadmite,INADMISIBLE_SIN_CAUSAL_EXPLICITA,0
329_p2733,no_fondo,no,no_aplica,,no,no,inadmite,CUESTION_ABSTRACTA,0
329_p2735,no_revision_procesal,no,no_aplica,,no,no,sin_marcador,,0
329_p2737,no_fondo,no,no_aplica,,no,no,no_aplica,,0
329_p2745,no_revision_demanda,no,no_aplica,,no,no,no_aplica,,0
329_p2754,no_revision_demanda,no,no_aplica,,no,no,sin_marcador,,0
329_p2757,no_revision_procesal,no,no_aplica,,no,no,sin_marcador,,0
329_p2759,no_revision_procesal,no,no_aplica,,no,no,sin_marcador,,0
329_p2761,no_fondo,no,no_aplica,,no,no,sin_marcador,,0
329_p2764,no_fondo,no,no_aplica,,no,no,no_aplica,,0
329_p2779,no_revision_procesal,no,no_aplica,,no,no,sin_marcador,,0
329_p2781,no_revision_competencia,no,no_aplica,,no,no,sin_marcador,,0
329_p2784,no_revision_competencia,no,no_aplica,,no,no,sin_marcador,,0
329_p2787,no_fondo,no,no_aplica,,no,no,sin_marcador,,0
329_p2790,no_revision_competencia,no,no_aplica,,no,no,sin_marcador,,0
329_p2793,no_fondo,no,no_aplica,,no,no,sin_marcador,,0
329_p2796,no_revision_competencia,no,no_aplica,,no,no,sin_marcador,,0
329_p2800,no_revision_competencia,no,no_aplica,,no,no,sin_marcador,,0
329_p2802,no_revision_competencia,no,no_aplica,,no,no,sin_marcador,,0
329_p2805,no_revision_competencia,no,no_aplica,,no,no,sin_marcador,,0
329_p2808,no_revision_competencia,no,no_aplica,,no,no,sin_marcador,,0
329_p2810,no_revision_competencia,no,no_aplica,,no,no,sin_marcador,,0
329_p2815,no_fondo,no,no_aplica,,no,no,inadmite,CUESTION_ABSTRACTA,0
329_p2817,no_revision_competencia,no,no_aplica,,no,no,sin_marcador,,0
329_p2819,no_revision_competencia,no,no_aplica,,no,no,sin_marcador,,0
329_p2823,no_revision_competencia,no,no_aplica,,no,no,sin_marcador,,0
329_p2825,confirma,no,recurrente_pierde,recurso_ordinario,no,si,admite,,0
329_p2827,revoca,no,recurrente_gana,recurso_ordinario,no,si,admite,,0
329_p2829,revoca,no,recurrente_gana,recurso_ordinario,no,si,admite,,0
329_p2830,revoca,no,recurrente_gana,recurso_ordinario,no,si,admite,,0
329_p2834,revoca,no,recurrente_gana,recurso_ordinario,no,si,admite,,0
329_p2837,deja_sin_efecto,si,recurrente_gana,recurso_extraordinario,no,si,admite,,0
329_p2844,revoca,no,recurrente_gana,recurso_extraordinario,si,si,admite,,0
329_p2847,no_fondo,no,no_aplica,recurso_extraordinario,no,no,inadmite,ART_280,0
329_p2856,deja_sin_efecto,no,recurrente_gana,recurso_extraordinario,no,si,admite,,1
329_p2860,no_revision_procesal,no,no_aplica,,no,no,sin_marcador,,0
329_p2864,modifica,no,parcial,,no,si,admite,,0
329_p2874,no_revision_procesal,no,no_aplica,,no,no,sin_marcador,,0
329_p2876,deja_sin_efecto,si,recurrente_gana,recurso_extraordinario,si,si,admite,,0
329_p2886,deja_sin_efecto,si,recurrente_gana,recurso_extraordinario,no,si,admite,,0
329_p2890,deja_sin_efecto,si,recurrente_gana,recurso_extraordinario,no,si,admite,,0
329_p2896,no_revision_procesal,no,no_aplica,,no,no,sin_marcador,,0
329_p2897,deja_sin_efecto,si,recurrente_gana,recurso_extraordinario,no,si,admite,,1
329_p2903,no_fondo,no,no_aplica,,no,no,inadmite,INADMISIBLE_REMITE_DICTAMEN,1
329_p2907,no_fondo,no,no_aplica,recurso_extraordinario,no,no,inadmite,ART_280,1
329_p2908,no_fondo,no,no_aplica,recurso_extraordinario,no,no,inadmite,INADMISIBLE_SIN_CAUSAL_EXPLICITA,1
329_p2910,no_fondo,no,no_aplica,,no,no,inadmite,INADMISIBLE_SIN_CAUSAL_EXPLICITA,0
329_p2911,no_fondo,no,no_aplica,,no,no,no_aplica,,0
329_p2916,no_fondo,no,no_aplica,,no,no,sin_marcador,,0
329_p2920,no_revision_competencia,no,no_aplica,,no,no,sin_marcador,,0
329_p2922,no_revision_competencia,no,no_aplica,,no,no,sin_marcador,,0
329_p2925,no_fondo,no,no_aplica,,no,no,no_aplica,,0
329_p2929,no_fondo,no,no_aplica,,no,no,sin_marcador,,0
329_p2937,confirma,no,recurrente_pierde,recurso_ordinario,no,si,admite,,0
329_p2939,confirma,no,recurrente_pierde,recurso_ordinario,no,si,admite,,0
329_p2941,no_fondo,no,no_aplica,recurso_extraordinario,si,no,inadmite,INADMISIBLE_REMITE_DICTAMEN,0
329_p2944,no_revision_procesal,no,no_aplica,,no,no,sin_marcador,,0
329_p2946,no_fondo,no,no_aplica,,no,no,sin_marcador,,0
329_p2948,no_fondo,no,no_aplica,,no,no,sin_marcador,,0
329_p2949,no_revision_procesal,no,no_aplica,,no,no,sin_marcador,,0
329_p2967,deja_sin_efecto,si,recurrente_gana,recurso_extraordinario,no,si,admite,,0
329_p2975,revoca,si,recurrente_gana,recurso_extraordinario,no,si,admite,,0
329_p2985,no_fondo,no,no_aplica,recurso_extraordinario,no,no,sin_marcador,,0
329_p2986,deja_sin_efecto,si,recurrente_gana,recurso_extraordinario,no,si,admite,,1
329_p3006,deja_sin_efecto,si,recurrente_gana,recurso_extraordinario,no,si,admite,,0
329_p3019,revoca,si,recurrente_gana,recurso_extraordinario,no,si,admite,,1
329_p3021,deja_sin_efecto,no,recurrente_gana,recurso_extraordinario,no,si,admite,,1
329_p3027,no_fondo,no,no_aplica,recurso_extraordinario,no,no,inadmite,INADMISIBLE_SIN_CAUSAL_EXPLICITA,1
329_p3034,revoca,si,recurrente_gana,recurso_extraordinario,no,si,admite,,1
329_p3046,revoca,si,recurrente_gana,recurso_extraordinario,no,si,admite,,1
329_p3048,deja_sin_efecto,no,recurrente_gana,recurso_extraordinario,no,si,admite,,1
329_p3053,no_fondo,no,no_aplica,,no,no,inadmite,INADMISIBLE_SIN_CAUSAL_EXPLICITA,1
329_p3054,deja_sin_efecto,no,recurrente_gana,recurso_extraordinario,no,si,admite,,1
329_p3059,deja_sin_efecto,si,recurrente_gana,recurso_extraordinario,no,no,admite,,1
329_p3065,no_fondo,no,no_aplica,,no,no,no_aplica,,0
329_p3074,no_fondo,no,no_aplica,recurso_extraordinario,no,no,no_aplica,,0
329_p3082,no_revision_competencia,no,no_aplica,,no,no,sin_marcador,,0
329_p3087,no_revision_competencia,no,no_aplica,,no,no,sin_marcador,,0
329_p3089,no_fondo,no,no_aplica,recurso_ordinario,si,no,sin_marcador,,0
329_p3100,confirma,no,recurrente_pierde,recurso_ordinario,si,si,admite,,0
329_p3103,revoca,no,recurrente_gana,recurso_extraordinario,si,si,admite,,0
329_p3106,deja_sin_efecto,no,recurrente_gana,recurso_extraordinario,no,si,admite,,1
329_p3109,no_fondo,no,no_aplica,,no,no,sin_marcador,,0
329_p3115,revoca,si,recurrente_gana,recurso_extraordinario,no,si,admite,,1
329_p3121,no_fondo,no,no_aplica,,no,no,inadmite,INADMISIBLE_SIN_CAUSAL_EXPLICITA,1
329_p3122,deja_sin_efecto,no,recurrente_gana,recurso_extraordinario,no,no,admite,,1
329_p3127,no_revision_procesal,no,no_aplica,recurso_extraordinario,no,no,inadmite,ART_280,1
329_p3129,deja_sin_efecto,no,recurrente_gana,recurso_extraordinario,no,si,admite,,1
329_p3134,no_fondo,no,no_aplica,recurso_extraordinario,no,no,inadmite,ART_280,1
329_p3139,grant_remand_implicito,si,recurrente_gana,recurso_extraordinario,no,si,admite,,1
329_p3148,revoca,no,recurrente_gana,recurso_extraordinario,no,si,admite,,1
329_p3162,no_fondo,no,no_aplica,,no,no,no_aplica,,0
329_p3165,no_fondo,no,no_aplica,,no,no,no_aplica,,0
329_p3168,no_revision_demanda,no,no_aplica,,no,no,sin_marcador,,0
329_p3176,no_revision_demanda,no,no_aplica,,no,no,no_aplica,,0
329_p3184,no_revision_demanda,no,no_aplica,,no,no,inadmite,INADMISIBLE_SIN_CAUSAL_EXPLICITA,0
329_p3190,no_fondo,no,no_aplica,,no,no,no_aplica,,0
329_p3196,no_revision_competencia,no,no_aplica,,no,no,sin_marcador,,0
329_p3198,no_revision_competencia,no,no_aplica,,no,no,sin_marcador,,0
329_p3201,no_revision_competencia,no,no_aplica,,no,no,sin_marcador,,0
329_p3203,revoca,no,recurrente_gana,recurso_ordinario,no,si,admite,,0
329_p3207,revoca,no,recurrente_gana,recurso_ordinario,no,si,admite,,0
329_p3211,revoca,no,recurrente_gana,recurso_ordinario,si,si,admite,,0
329_p3213,confirma,no,recurrente_pierde,recurso_ordinario,no,si,admite,,0
329_p3215,no_fondo,no,no_aplica,recurso_extraordinario,no,no,inadmite,CUESTION_ABSTRACTA,0
329_p3218,deja_sin_efecto,si,recurrente_gana,recurso_extraordinario,no,si,admite,,1
329_p3221,no_fondo,no,no_aplica,recurso_extraordinario,no,no,inadmite,CUESTION_ABSTRACTA,1
329_p3235,no_fondo,no,no_aplica,recurso_extraordinario,no,no,inadmite,INADMISIBLE_SIN_CAUSAL_EXPLICITA,1
329_p3373,confirma,no,recurrente_pierde,recurso_extraordinario,no,si,admite,,0
329_p3388,confirma,no,recurrente_pierde,,no,si,admite,,0
329_p3399,no_fondo,no,no_aplica,,no,no,inadmite,INADMISIBLE_SIN_CAUSAL_EXPLICITA,1
329_p3400,deja_sin_efecto,si,recurrente_gana,recurso_extraordinario,no,si,admite,,1
329_p3403,no_revision_demanda,no,no_aplica,,no,no,sin_marcador,,0
329_p3444,no_fondo,no,no_aplica,,no,no,no_aplica,,0
329_p3445,no_revision_procesal,no,no_aplica,,no,no,sin_marcador,,0
329_p3450,no_revision_competencia,no,no_aplica,,no,no,sin_marcador,,0
329_p3452,no_revision_competencia,no,no_aplica,,no,no,sin_marcador,,0
329_p3455,no_fondo,no,no_aplica,,no,no,sin_marcador,,0
329_p3457,confirma,no,recurrente_pierde,recurso_ordinario,no,si,admite,,0
329_p3459,revoca,no,recurrente_gana,recurso_extraordinario,no,si,admite,,0
329_p3464,deja_sin_efecto,no,recurrente_gana,recurso_extraordinario,no,si,admite,,0
329_p3470,confirma,no,recurrente_pierde,recurso_extraordinario,no,si,admite,,0
329_p3478,deja_sin_efecto,si,recurrente_gana,recurso_extraordinario,si,si,admite,,1
329_p3486,no_fondo,si,no_aplica,,no,no,inadmite,INADMISIBLE_SIN_CAUSAL_EXPLICITA,1
329_p3488,deja_sin_efecto,no,recurrente_gana,recurso_extraordinario,no,si,admite,,1
329_p3493,no_revision_procesal,no,no_aplica,,no,no,sin_marcador,,0
329_p3517,no_revision_procesal,no,no_aplica,,no,no,inadmite,CADUCIDAD_INSTANCIA,0
329_p3519,no_revision_competencia,no,no_aplica,,no,no,sin_marcador,,0
329_p3522,no_revision_competencia,no,no_aplica,,no,no,sin_marcador,,0
329_p3525,no_revision_competencia,no,no_aplica,,no,no,sin_marcador,,0
329_p3528,no_revision_procesal,no,no_aplica,,no,no,sin_marcador,,0
329_p3537,no_fondo,no,no_aplica,recurso_ordinario,no,no,inadmite,INADMISIBLE_SIN_CAUSAL_EXPLICITA,0
329_p3542,no_fondo,no,no_aplica,recurso_ordinario,no,no,inadmite,INADMISIBLE_SIN_CAUSAL_EXPLICITA,0
329_p3546,confirma,si,recurrente_pierde,,no,si,admite,,0
329_p3559,no_fondo,no,no_aplica,recurso_extraordinario,no,no,inadmite,ART_280,0
329_p3564,no_fondo,no,no_aplica,,no,no,sin_marcador,,0
329_p3568,deja_sin_efecto,no,recurrente_gana,recurso_extraordinario,no,si,admite,,1
329_p3577,confirma,no,recurrente_pierde,,no,si,admite,,0
329_p3584,revoca,si,recurrente_gana,recurso_extraordinario,no,si,admite,,0
329_p3589,revoca,si,recurrente_gana,recurso_extraordinario,no,si,admite,,0
329_p3593,deja_sin_efecto,si,recurrente_gana,recurso_extraordinario,no,si,admite,,0
329_p3600,no_fondo,no,no_aplica,recurso_extraordinario,no,no,inadmite,INADMISIBLE_SIN_CAUSAL_EXPLICITA,0
329_p3611,no_revision_procesal,no,no_aplica,recurso_extraordinario,no,no,inadmite,CADUCIDAD_INSTANCIA,0
329_p3616,no_revision_procesal,no,no_aplica,recurso_extraordinario,no,no,inadmite,CADUCIDAD_INSTANCIA,0
329_p3617,deja_sin_efecto,no,recurrente_gana,recurso_extraordinario,no,si,admite,,1
329_p3644,no_fondo,no,no_aplica,,no,no,inadmite,CUESTION_ABSTRACTA,1
329_p3649,no_fondo,no,no_aplica,recurso_extraordinario,no,no,inadmite,FALTA_SENTENCIA_DEFINITIVA,1
329_p3651,no_fondo,no,no_aplica,recurso_extraordinario,no,no,inadmite,FALTA_SENTENCIA_DEFINITIVA,1
329_p3659,no_fondo,no,no_aplica,recurso_extraordinario,no,no,inadmite,ART_280,1
329_p3666,deja_sin_efecto,si,recurrente_gana,recurso_extraordinario,no,si,admite,,1
329_p3673,deja_sin_efecto,no,recurrente_gana,recurso_extraordinario,no,si,admite,,1
329_p3680,deja_sin_efecto,si,recurrente_gana,recurso_extraordinario,no,si,admite,,1
329_p3749,no_fondo,no,no_aplica,recurso_extraordinario,no,no,inadmite,ART_280,1
329_p3757,deja_sin_efecto,si,recurrente_gana,recurso_extraordinario,no,si,admite,,1
329_p3761,no_fondo,no,no_aplica,,no,no,inadmite,INADMISIBLE_REMITE_DICTAMEN,1
329_p3764,no_fondo,no,no_aplica,recurso_extraordinario,no,no,inadmite,INADMISIBLE_SIN_CAUSAL_EXPLICITA,1
329_p3775,no_fondo,no,no_aplica,recurso_extraordinario,no,no,inadmite,ART_280,1
329_p3800,revoca,si,recurrente_gana,recurso_extraordinario,no,si,admite,,1
329_p3806,no_revision_demanda,no,no_aplica,,no,no,no_aplica,,0
329_p3834,no_fondo,no,no_aplica,,no,no,no_aplica,,0
329_p3839,no_revision_competencia,no,no_aplica,,no,no,sin_marcador,,0
329_p3843,no_revision_competencia,no,no_aplica,,no,no,sin_marcador,,0
329_p3846,no_revision_competencia,no,no_aplica,,no,no,sin_marcador,,0
329_p3848,revoca,no,recurrente_gana,recurso_ordinario,no,si,admite,,0
329_p3851,no_revision_procesal,no,no_aplica,recurso_ordinario,no,no,admite,,1
329_p3855,no_fondo,no,no_aplica,,no,no,inadmite,INADMISIBLE_REMITE_DICTAMEN,1
329_p3863,no_fondo,no,no_aplica,,no,no,sin_marcador,,0
329_p3869,no_fondo,no,no_aplica,,no,no,inadmite,INADMISIBLE_SIN_CAUSAL_EXPLICITA,1
329_p3871,no_fondo,no,no_aplica,,no,no,inadmite,INADMISIBLE_SIN_CAUSAL_EXPLICITA,1
329_p3872,no_revision_demanda,no,no_aplica,,no,no,no_aplica,,0
329_p3879,no_fondo,no,no_aplica,,no,no,sin_marcador,,0
329_p3884,no_fondo,no,no_aplica,,no,no,sin_marcador,,0
329_p3890,no_fondo,no,no_aplica,,no,no,no_aplica,,0
329_p3894,no_revision_procesal,no,no_aplica,recurso_extraordinario,no,no,sin_marcador,,0
329_p3905,no_revision_competencia,no,no_aplica,,no,no,sin_marcador,,0
329_p3908,no_revision_competencia,no,no_aplica,,no,no,sin_marcador,,0
329_p3910,no_revision_competencia,no,no_aplica,,no,no,sin_marcador,,0
329_p3912,no_revision_competencia,no,no_aplica,,no,no,sin_marcador,,0
329_p3914,no_revision_competencia,no,no_aplica,,no,no,sin_marcador,,0
329_p3917,no_revision_competencia,no,no_aplica,,no,no,sin_marcador,,0
329_p3925,no_revision_competencia,no,no_aplica,,no,no,sin_marcador,,0
329_p3928,no_revision_competencia,no,no_aplica,,no,no,sin_marcador,,0
329_p3931,no_revision_competencia,no,no_aplica,,no,no,sin_marcador,,0
329_p3932,no_revision_competencia,no,no_aplica,,no,no,sin_marcador,,0
329_p3935,no_revision_competencia,no,no_aplica,,no,no,sin_marcador,,0
329_p3936,no_revision_competencia,no,no_aplica,,no,no,sin_marcador,,0
329_p3940,no_revision_competencia,no,no_aplica,,no,no,sin_marcador,,0
329_p3942,no_revision_competencia,no,no_aplica,,no,no,sin_marcador,,0
329_p3945,no_revision_competencia,no,no_aplica,,no,no,sin_marcador,,0
329_p3948,no_revision_competencia,no,no_aplica,,no,no,sin_marcador,,0
329_p3951,no_revision_competencia,no,no_aplica,,no,no,sin_marcador,,0
329_p3954,no_revision_competencia,no,no_aplica,,no,no,sin_marcador,,0
329_p3956,deja_sin_efecto,si,recurrente_gana,recurso_extraordinario,no,si,admite,,0
329_p3966,deja_sin_efecto,no,recurrente_gana,recurso_ordinario,si,si,admite,,0
329_p3979,no_fondo,no,no_aplica,,no,no,inadmite,INADMISIBLE_REMITE_DICTAMEN,1
329_p3986,no_fondo,no,no_aplica,recurso_extraordinario,si,no,inadmite,CUESTION_ABSTRACTA,0
329_p4007,confirma,no,recurrente_pierde,recurso_extraordinario,no,si,admite,,0
329_p4020,deja_sin_efecto,si,recurrente_gana,recurso_extraordinario,no,si,admite,,0
329_p4026,revoca,no,recurrente_gana,recurso_extraordinario,no,si,admite,,0
329_p4032,deja_sin_efecto,no,recurrente_gana,recurso_extraordinario,no,si,admite,,1
329_p4039,deja_sin_efecto,si,recurrente_gana,recurso_extraordinario,no,si,admite,,0
329_p4044,deja_sin_efecto,si,recurrente_gana,recurso_extraordinario,no,si,admite,,0
329_p4054,no_fondo,no,no_aplica,recurso_extraordinario,no,no,inadmite,CUESTION_ABSTRACTA,0
329_p4057,no_fondo,no,no_aplica,,no,no,inadmite,INADMISIBLE_SIN_CAUSAL_EXPLICITA,0
329_p4058,no_fondo,no,no_aplica,recurso_extraordinario,no,no,inadmite,INADMISIBLE_SIN_CAUSAL_EXPLICITA,0
329_p4066,no_fondo,no,no_aplica,recurso_extraordinario,no,no,inadmite,ART_280,0
329_p4078,deja_sin_efecto,si,recurrente_gana,recurso_extraordinario,no,si,admite,,0
329_p4083,confirma,no,recurrente_pierde,,no,si,inadmite,INADMISIBLE_REMITE_DICTAMEN,1
329_p4087,confirma,no,recurrente_pierde,recurso_extraordinario,no,si,admite,,1
329_p4094,no_fondo,no,no_aplica,recurso_extraordinario,no,no,inadmite,INADMISIBLE_SIN_CAUSAL_EXPLICITA,0
329_p4096,no_fondo,no,no_aplica,recurso_extraordinario,no,no,inadmite,CUESTION_ABSTRACTA,1
329_p4097,no_revision_procesal,no,no_aplica,,no,no,sin_marcador,,1
329_p4098,no_fondo,no,no_aplica,,no,no,inadmite,RESOLUCION_NO_RECURRIBLE,0
329_p4099,deja_sin_efecto,no,recurrente_gana,recurso_extraordinario,no,si,admite,,1
329_p4106,deja_sin_efecto,si,recurrente_gana,recurso_extraordinario,no,si,admite,,1
329_p4111,no_fondo,no,no_aplica,recurso_extraordinario,no,no,inadmite,ART_280,1
329_p4133,revoca,si,recurrente_gana,recurso_extraordinario,no,si,admite,,1
329_p4134,no_fondo,no,no_aplica,,no,no,inadmite,DESISTIMIENTO,1
329_p4135,no_fondo,no,no_aplica,,no,no,sin_marcador,,1
329_p4140,revoca,no,recurrente_gana,recurso_extraordinario,no,si,admite,,0
329_p4147,no_fondo,no,no_aplica,,no,no,sin_marcador,,0
329_p4148,no_fondo,no,no_aplica,,no,no,sin_marcador,,0
329_p4150,no_revision_demanda,no,no_aplica,,no,no,no_aplica,,0
329_p4158,no_fondo,no,no_aplica,,no,no,no_aplica,,0
329_p4161,no_revision_procesal,no,no_aplica,,no,no,sin_marcador,,0
329_p4168,no_revision_procesal,no,no_aplica,,no,no,sin_marcador,,0
329_p4170,no_fondo,no,no_aplica,,no,no,inadmite,INADMISIBLE_SIN_CAUSAL_EXPLICITA,0
329_p4172,no_fondo,no,no_aplica,,no,no,no_aplica,,0
329_p4176,no_fondo,no,no_aplica,,no,no,no_aplica,,0
329_p4178,no_fondo,no,no_aplica,,no,no,no_aplica,,0
329_p4181,no_revision_competencia,no,no_aplica,,no,no,sin_marcador,,0
329_p4184,no_revision_competencia,no,no_aplica,recurso_extraordinario,no,no,sin_marcador,,0
329_p4187,no_revision_competencia,no,no_aplica,,no,no,sin_marcador,,0
329_p4190,no_revision_competencia,no,no_aplica,,no,no,sin_marcador,,0
329_p4194,no_revision_competencia,no,no_aplica,,no,no,sin_marcador,,0
329_p4196,no_revision_competencia,no,no_aplica,,no,no,sin_marcador,,0
329_p4199,no_revision_competencia,no,no_aplica,,no,no,sin_marcador,,0
329_p4201,no_revision_competencia,no,no_aplica,,no,no,sin_marcador,,0
329_p4203,revoca,no,recurrente_gana,recurso_ordinario,no,si,admite,,0
329_p4206,deja_sin_efecto,si,recurrente_gana,recurso_extraordinario,no,si,admite,,0
329_p4213,deja_sin_efecto,si,recurrente_gana,recurso_extraordinario,no,si,admite,,1
329_p4228,no_fondo,no,no_aplica,recurso_extraordinario,no,no,inadmite,CUESTION_ABSTRACTA,1
329_p4233,no_fondo,no,no_aplica,recurso_extraordinario,no,no,inadmite,FALTA_SENTENCIA_DEFINITIVA,0
329_p4234,deja_sin_efecto,si,recurrente_gana,recurso_extraordinario,no,si,admite,,0
329_p4241,no_fondo,no,no_aplica,recurso_extraordinario,no,no,sin_marcador,,0
329_p4242,no_revision_procesal,no,no_aplica,,no,no,inadmite,INADMISIBLE_SIN_CAUSAL_EXPLICITA,1
329_p4243,no_fondo,no,no_aplica,,no,no,sin_marcador,,1
329_p4245,no_fondo,no,no_aplica,,no,no,inadmite,INADMISIBLE_REMITE_DICTAMEN,1
329_p4248,deja_sin_efecto,no,recurrente_gana,recurso_extraordinario,no,si,admite,,0
329_p4255,no_fondo,no,no_aplica,,no,no,no_aplica,,0
329_p4259,no_revision_demanda,no,no_aplica,,no,no,no_aplica,,0
329_p4263,no_fondo,no,no_aplica,,no,no,sin_marcador,,0
329_p4266,no_revision_demanda,no,no_aplica,,no,no,no_aplica,,0
329_p4271,no_fondo,no,no_aplica,recurso_ordinario,no,no,sin_marcador,,0
329_p4273,no_fondo,no,no_aplica,recurso_extraordinario,no,no,inadmite,ART_280,0
329_p4279,nulidad,si,recurrente_gana,recurso_extraordinario,no,si,admite,,0
329_p4282,no_fondo,no,no_aplica,recurso_extraordinario,no,no,sin_marcador,,0
329_p4284,no_revision_procesal,no,no_aplica,,no,no,inadmite,INADMISIBLE_REMITE_DICTAMEN,1
329_p4289,deja_sin_efecto,si,recurrente_gana,,no,si,inadmite,INADMISIBLE_SIN_CAUSAL_EXPLICITA,1
329_p4306,deja_sin_efecto,no,recurrente_gana,recurso_extraordinario,no,si,admite,,1
329_p4309,deja_sin_efecto,no,recurrente_gana,recurso_extraordinario,si,si,admite,,1
329_p4334,no_revision_competencia,no,no_aplica,,no,no,sin_marcador,,0
329_p4337,no_fondo,no,no_aplica,,no,no,sin_marcador,,0
329_p4339,no_revision_competencia,no,no_aplica,,no,no,sin_marcador,,0
329_p4342,no_fondo,no,no_aplica,,no,no,sin_marcador,,0
329_p4345,no_revision_competencia,no,no_aplica,,no,no,sin_marcador,,0
329_p4347,no_revision_competencia,no,no_aplica,,no,no,sin_marcador,,0
329_p4349,confirma,no,recurrente_pierde,recurso_ordinario,no,si,admite,,0
329_p4352,no_fondo,no,no_aplica,,no,no,inadmite,INADMISIBLE_REMITE_DICTAMEN,1
329_p4355,no_revision_procesal,no,no_aplica,,no,no,inadmite,INADMISIBLE_SIN_CAUSAL_EXPLICITA,1
329_p4356,no_fondo,no,no_aplica,,no,no,inadmite,INADMISIBLE_SIN_CAUSAL_EXPLICITA,1
329_p4360,no_fondo,no,no_aplica,recurso_extraordinario,no,no,inadmite,ART_280,1
329_p4369,no_fondo,no,no_aplica,recurso_extraordinario,si,no,inadmite,INADMISIBLE_SIN_CAUSAL_EXPLICITA,1
329_p4370,no_fondo,no,no_aplica,,no,no,inadmite,CUESTION_ABSTRACTA,0
329_p4372,no_revision_procesal,no,no_aplica,,no,no,inadmite,CADUCIDAD_INSTANCIA,0
329_p4375,no_fondo,no,no_aplica,,no,no,no_aplica,,0
329_p4379,no_revision_procesal,no,no_aplica,,no,no,sin_marcador,,0
329_p4383,no_revision_procesal,no,no_aplica,,no,no,sin_marcador,,0
329_p4385,no_fondo,no,no_aplica,,no,no,no_aplica,,0
329_p4390,no_fondo,no,no_aplica,,no,no,no_aplica,,0
329_p4394,no_fondo,no,no_aplica,,no,no,sin_marcador,,0
329_p4396,no_fondo,no,no_aplica,,no,no,no_aplica,,0
329_p4403,no_revision_competencia,no,no_aplica,,no,no,sin_marcador,,0
329_p4406,no_revision_competencia,no,no_aplica,,no,no,sin_marcador,,0
329_p4409,no_revision_competencia,no,no_aplica,recurso_extraordinario,no,no,sin_marcador,,0
329_p4412,no_revision_competencia,no,no_aplica,,no,no,sin_marcador,,0
329_p4414,no_revision_competencia,no,no_aplica,,no,no,sin_marcador,,0
329_p4416,no_revision_competencia,no,no_aplica,,no,no,sin_marcador,,0
329_p4418,no_fondo,no,no_aplica,,no,no,inadmite,INADMISIBLE_SIN_CAUSAL_EXPLICITA,0
329_p4419,no_revision_competencia,no,no_aplica,,no,no,sin_marcador,,0
329_p4422,deja_sin_efecto,no,recurrente_gana,recurso_extraordinario,no,si,admite,,1
329_p4425,deja_sin_efecto,si,recurrente_gana,recurso_extraordinario,no,si,admite,,0
329_p4426,no_fondo,no,no_aplica,recurso_extraordinario,no,no,inadmite,ART_280,1
329_p4430,deja_sin_efecto,si,recurrente_gana,recurso_extraordinario,no,si,admite,,0
329_p4438,revoca,si,recurrente_gana,recurso_extraordinario,no,si,admite,,1
329_p4446,no_fondo,no,no_aplica,recurso_extraordinario,no,no,inadmite,ART_280,1
329_p4447,no_revision_procesal,no,no_aplica,,no,no,sin_marcador,,0
329_p4449,no_fondo,no,no_aplica,recurso_extraordinario,no,no,no_aplica,,0
329_p4462,no_revision_procesal,no,no_aplica,,no,no,sin_marcador,,0
329_p4464,no_revision_procesal,no,no_aplica,,no,no,inadmite,INADMISIBLE_SIN_CAUSAL_EXPLICITA,0
329_p4470,no_fondo,no,no_aplica,,no,no,no_aplica,,0
329_p4476,no_fondo,no,no_aplica,,no,no,no_aplica,,0
329_p4478,no_revision_competencia,no,no_aplica,,no,no,sin_marcador,,0
329_p4481,no_fondo,no,no_aplica,,no,no,sin_marcador,,0
329_p4484,no_revision_competencia,no,no_aplica,,no,no,sin_marcador,,0
329_p4486,no_revision_competencia,no,no_aplica,,no,no,sin_marcador,,0
329_p4490,no_revision_competencia,no,no_aplica,,no,no,sin_marcador,,0
329_p4493,no_revision_competencia,no,no_aplica,,no,no,sin_marcador,,0
329_p4496,no_revision_competencia,no,no_aplica,,no,no,sin_marcador,,0
329_p4500,no_revision_competencia,no,no_aplica,,no,no,sin_marcador,,0
329_p4503,confirma,no,recurrente_pierde,recurso_ordinario,no,si,admite,,0
329_p4506,confirma,no,recurrente_pierde,recurso_ordinario,no,si,admite,,0
329_p4524,deja_sin_efecto,si,recurrente_gana,recurso_extraordinario,no,si,admite,,0
329_p4531,deja_sin_efecto,si,recurrente_gana,recurso_extraordinario,no,si,admite,,0
329_p4535,no_fondo,no,no_aplica,recurso_extraordinario,no,no,inadmite,INADMISIBLE_REMITE_DICTAMEN,0
329_p4542,deja_sin_efecto,no,recurrente_gana,recurso_extraordinario,no,si,admite,,0
329_p4566,deja_sin_efecto,si,recurrente_gana,recurso_extraordinario,no,si,admite,,0
329_p4570,confirma,no,recurrente_pierde,recurso_extraordinario,no,si,admite,,0
329_p4577,confirma,no,recurrente_pierde,recurso_extraordinario,no,si,admite,,0
329_p4584,deja_sin_efecto,no,recurrente_gana,recurso_extraordinario,no,si,admite,,1
329_p4590,no_fondo,no,no_aplica,,no,no,sin_marcador,,0
329_p4592,no_revision_procesal,no,no_aplica,recurso_extraordinario,no,no,sin_marcador,,0
329_p4593,revoca,no,recurrente_gana,recurso_extraordinario,no,si,admite,,0
329_p4622,revoca,no,recurrente_gana,recurso_extraordinario,no,si,admite,,0
329_p4628,confirma,no,recurrente_pierde,,no,si,admite,,0
329_p4634,no_fondo,no,no_aplica,recurso_extraordinario,no,no,admite,,0
329_p4645,deja_sin_efecto,si,recurrente_gana,recurso_extraordinario,si,si,admite,,1
329_p4652,deja_sin_efecto,si,recurrente_gana,recurso_extraordinario,no,si,admite,,1
329_p4659,deja_sin_efecto,si,recurrente_gana,recurso_extraordinario,no,si,admite,,1
329_p4663,deja_sin_efecto,si,recurrente_gana,recurso_extraordinario,no,si,admite,,1
329_p4667,revoca,no,recurrente_gana,recurso_extraordinario,no,si,admite,,1
329_p4672,deja_sin_efecto,no,recurrente_gana,recurso_extraordinario,no,si,admite,,1
329_p4677,deja_sin_efecto,si,recurrente_gana,recurso_extraordinario,no,si,admite,,1
329_p4682,deja_sin_efecto,si,recurrente_gana,recurso_extraordinario,si,si,admite,,1
329_p4688,nulidad,no,recurrente_gana,recurso_extraordinario,no,si,admite,,1
329_p4715,no_fondo,no,no_aplica,recurso_extraordinario,no,no,sin_marcador,,0
329_p4717,no_fondo,no,no_aplica,recurso_extraordinario,no,no,inadmite,CUESTION_ABSTRACTA,1
329_p4729,no_fondo,no,no_aplica,,no,no,inadmite,INADMISIBLE_SIN_CAUSAL_EXPLICITA,1
329_p4730,no_fondo,no,no_aplica,recurso_extraordinario,no,no,inadmite,ART_280,1
329_p4741,deja_sin_efecto,no,recurrente_gana,recurso_extraordinario,no,si,admite,,1
329_p4755,deja_sin_efecto,si,recurrente_gana,recurso_extraordinario,no,si,admite,,1
329_p4762,confirma,no,recurrente_pierde,recurso_extraordinario,no,si,admite,,1
329_p4769,confirma,no,recurrente_pierde,recurso_extraordinario,no,si,admite,,1
329_p4770,revoca,no,recurrente_gana,recurso_extraordinario,no,si,admite,,1
329_p4775,no_fondo,no,no_aplica,,no,no,inadmite,INADMISIBLE_REMITE_DICTAMEN,1
329_p4781,no_fondo,no,no_aplica,recurso_extraordinario,no,no,inadmite,INADMISIBLE_SIN_CAUSAL_EXPLICITA,0
329_p4783,confirma,no,recurrente_pierde,,no,si,inadmite,INADMISIBLE_REMITE_DICTAMEN,1
329_p4789,no_revision_demanda,no,no_aplica,,no,no,no_aplica,,0
329_p4804,no_revision_demanda,no,no_aplica,,no,no,sin_marcador,,0
329_p4808,no_revision_procesal,no,no_aplica,,no,no,sin_marcador,,0
329_p4811,no_fondo,no,no_aplica,,no,no,no_aplica,,0
329_p4815,no_fondo,no,no_aplica,,no,no,sin_marcador,,0
329_p4817,no_revision_procesal,no,no_aplica,,no,no,sin_marcador,,0
329_p4822,no_fondo,no,no_aplica,,no,no,no_aplica,,0
329_p4826,no_fondo,no,no_aplica,,no,no,sin_marcador,,0
329_p4829,no_fondo,no,no_aplica,,no,no,no_aplica,,0
329_p4840,no_revision_competencia,no,no_aplica,,no,no,sin_marcador,,0
329_p4843,no_revision_competencia,no,no_aplica,,no,no,sin_marcador,,0
329_p4845,no_revision_competencia,no,no_aplica,,no,no,sin_marcador,,0
329_p4848,no_fondo,no,no_aplica,,no,no,sin_marcador,,0
329_p4851,no_revision_competencia,no,no_aplica,recurso_extraordinario,no,no,no_aplica,,0
329_p4855,no_revision_competencia,no,no_aplica,,no,no,sin_marcador,,0
329_p4857,revoca,no,recurrente_gana,recurso_ordinario,no,si,admite,,0
329_p4860,revoca,no,recurrente_gana,recurso_ordinario,no,si,admite,,0
329_p4862,revoca,no,recurrente_gana,recurso_ordinario,no,si,admite,,0
329_p4865,deja_sin_efecto,no,recurrente_gana,recurso_extraordinario,no,si,admite,,1
329_p4870,deja_sin_efecto,si,recurrente_gana,recurso_extraordinario,no,si,admite,,1
329_p4873,deja_sin_efecto,si,recurrente_gana,,no,si,admite,,1
329_p4877,no_fondo,no,no_aplica,recurso_extraordinario,no,no,inadmite,ART_280,1
329_p4891,revoca,no,recurrente_gana,recurso_ordinario,no,si,admite,,0
329_p4901,no_fondo,no,no_aplica,,no,no,inadmite,INADMISIBLE_SIN_CAUSAL_EXPLICITA,0
329_p4902,no_fondo,no,no_aplica,recurso_extraordinario,no,no,inadmite,ART_280,1
329_p4907,revoca,si,recurrente_gana,recurso_extraordinario,no,si,admite,,1
329_p4918,deja_sin_efecto,si,recurrente_gana,recurso_extraordinario,no,si,admite,,1
329_p4925,no_fondo,no,no_aplica,recurso_extraordinario,no,no,inadmite,INADMISIBLE_SIN_CAUSAL_EXPLICITA,1
329_p4928,no_fondo,no,no_aplica,,no,no,inadmite,INADMISIBLE_REMITE_DICTAMEN,1
329_p4931,revoca,no,recurrente_gana,recurso_extraordinario,no,si,admite,,1
329_p4944,no_revision_demanda,no,no_aplica,,no,no,sin_marcador,,0
329_p4979,no_fondo,no,no_aplica,,no,no,sin_marcador,,0
329_p4981,no_revision_competencia,no,no_aplica,,no,no,sin_marcador,,0
329_p4983,no_fondo,no,no_aplica,,no,no,sin_marcador,,0
329_p4986,no_fondo,no,no_aplica,,no,no,sin_marcador,,0
329_p4988,no_revision_competencia,no,no_aplica,,no,no,sin_marcador,,0
329_p4990,no_revision_competencia,no,no_aplica,,no,no,sin_marcador,,0
329_p4993,no_revision_competencia,no,no_aplica,,no,no,sin_marcador,,0
329_p4995,no_revision_competencia,no,no_aplica,,no,no,sin_marcador,,0
329_p4998,no_revision_competencia,no,no_aplica,,no,no,sin_marcador,,0
329_p5001,no_revision_competencia,no,no_aplica,,no,no,sin_marcador,,0
329_p5004,confirma,no,recurrente_pierde,recurso_ordinario,no,si,admite,,0
329_p5007,revoca,no,recurrente_gana,recurso_ordinario,si,si,admite,,0
329_p5010,revoca,no,recurrente_gana,recurso_ordinario,no,si,admite,,0
329_p5015,revoca,no,recurrente_gana,recurso_ordinario,no,si,admite,,0
329_p5019,deja_sin_efecto,si,recurrente_gana,recurso_extraordinario,no,si,admite,,0
329_p5023,no_fondo,no,no_aplica,recurso_extraordinario,no,no,inadmite,CUESTION_ABSTRACTA,1
329_p5027,revoca,no,recurrente_gana,,no,si,admite,,0
329_p5033,deja_sin_efecto,si,recurrente_gana,recurso_extraordinario,no,si,admite,,0
329_p5044,revoca,no,recurrente_gana,recurso_extraordinario,no,si,admite,,0
329_p5051,deja_sin_efecto,si,recurrente_gana,recurso_extraordinario,no,si,admite,,0
329_p5064,deja_sin_efecto,no,recurrente_gana,recurso_extraordinario,no,si,admite,,0
329_p5068,revoca,no,recurrente_gana,recurso_extraordinario,si,si,admite,,0
329_p5074,nulidad,si,recurrente_gana,recurso_extraordinario,no,si,admite,,0
329_p5078,deja_sin_efecto,no,recurrente_gana,recurso_extraordinario,no,si,admite,,0
329_p5085,no_fondo,no,no_aplica,recurso_extraordinario,no,no,inadmite,INADMISIBLE_REMITE_DICTAMEN,0
329_p5089,no_revision_procesal,no,no_aplica,recurso_extraordinario,no,no,inadmite,FALTA_SENTENCIA_DEFINITIVA,1
329_p5091,no_revision_procesal,no,no_aplica,recurso_extraordinario,no,no,inadmite,FALTA_SENTENCIA_DEFINITIVA,1
329_p5094,no_fondo,no,no_aplica,,no,no,inadmite,INADMISIBLE_REMITE_DICTAMEN,1
329_p5098,no_fondo,si,no_aplica,,no,no,inadmite,CUESTION_ABSTRACTA,1
329_p5103,nulidad,no,recurrente_gana,recurso_extraordinario,no,si,admite,,1
329_p5108,no_fondo,no,no_aplica,recurso_extraordinario,no,no,inadmite,ART_280,1
329_p5115,deja_sin_efecto,si,recurrente_gana,recurso_extraordinario,no,si,admite,,1
329_p5123,confirma,no,recurrente_pierde,recurso_extraordinario,no,si,admite,,1
329_p5136,no_revision_procesal,no,no_aplica,recurso_extraordinario,no,no,inadmite,ART_280,1
329_p5138,no_revision_procesal,no,no_aplica,,no,no,inadmite,RESOLUCION_NO_RECURRIBLE,0
329_p5139,deja_sin_efecto,si,recurrente_gana,recurso_extraordinario,no,si,admite,,1
329_p5148,no_revision_procesal,no,no_aplica,recurso_ordinario,si,no,admite,,1
329_p5151,no_fondo,no,no_aplica,,no,no,no_aplica,,0
329_p5157,no_fondo,no,no_aplica,,no,no,sin_marcador,,0
329_p5160,no_fondo,no,no_aplica,,no,no,no_aplica,,0
329_p5169,no_fondo,no,no_aplica,,no,no,no_aplica,,0
329_p5172,no_revision_procesal,no,no_aplica,,no,no,sin_marcador,,0
329_p5175,no_fondo,no,no_aplica,,no,no,sin_marcador,,0
329_p5178,no_fondo,no,no_aplica,,no,no,no_aplica,,0
329_p5184,no_revision_procesal,no,no_aplica,,no,no,sin_marcador,,0
329_p5187,no_revision_competencia,no,no_aplica,,no,no,sin_marcador,,0
329_p5190,no_revision_competencia,no,no_aplica,,no,no,sin_marcador,,0
329_p5192,no_revision_competencia,no,no_aplica,,no,no,sin_marcador,,0
329_p5195,revoca,no,recurrente_gana,recurso_ordinario,no,si,admite,,0
329_p5198,no_fondo,no,no_aplica,recurso_ordinario,si,no,inadmite,INADMISIBLE_SIN_CAUSAL_EXPLICITA,0
329_p5203,revoca,no,recurrente_gana,recurso_ordinario,no,si,admite,,0
329_p5210,confirma,no,recurrente_pierde,recurso_extraordinario,no,si,admite,,0
329_p5227,no_fondo,no,no_aplica,recurso_extraordinario,no,no,inadmite,INADMISIBLE_REMITE_DICTAMEN,0
329_p5234,deja_sin_efecto,si,recurrente_gana,recurso_extraordinario,no,si,admite,,0
329_p5239,revoca,si,recurrente_gana,recurso_extraordinario,no,si,admite,,0
329_p5259,nulidad,no,recurrente_gana,recurso_extraordinario,no,si,admite,,0
329_p5261,revoca,no,recurrente_gana,recurso_extraordinario,no,si,admite,,1
329_p5265,no_fondo,no,no_aplica,,no,no,inadmite,INADMISIBLE_SIN_CAUSAL_EXPLICITA,0
329_p5266,revoca,si,recurrente_gana,recurso_extraordinario,no,si,admite,,1
329_p5310,deja_sin_efecto,si,recurrente_gana,recurso_extraordinario,no,si,admite,,1
329_p5316,no_revision_procesal,no,no_aplica,,no,no,inadmite,INADMISIBLE_SIN_CAUSAL_EXPLICITA,0
329_p5317,no_fondo,no,no_aplica,,no,no,sin_marcador,,0
329_p5319,no_fondo,no,no_aplica,recurso_extraordinario,no,no,inadmite,FALTA_FUNDAMENTACION_AUTONOMA,1
329_p5323,deja_sin_efecto,si,recurrente_gana,recurso_extraordinario,no,si,admite,,1
329_p5332,no_fondo,no,no_aplica,,no,no,inadmite,INADMISIBLE_SIN_CAUSAL_EXPLICITA,0
329_p5333,no_fondo,no,no_aplica,,no,no,no_aplica,,0
329_p5336,no_fondo,no,no_aplica,,no,no,no_aplica,,0
329_p5343,no_fondo,no,no_aplica,,no,no,sin_marcador,,0
329_p5346,no_fondo,no,no_aplica,,no,no,no_aplica,,0
329_p5352,no_fondo,no,no_aplica,,no,no,inadmite,INADMISIBLE_SIN_CAUSAL_EXPLICITA,0
329_p5354,no_revision_competencia,no,no_aplica,,no,no,sin_marcador,,0
329_p5358,no_fondo,no,no_aplica,,no,no,sin_marcador,,0
329_p5361,no_revision_competencia,no,no_aplica,,no,no,sin_marcador,,0
329_p5364,no_revision_competencia,no,no_aplica,,no,no,sin_marcador,,0
329_p5366,deja_sin_efecto,si,recurrente_gana,recurso_extraordinario,no,si,admite,,1
329_p5368,revoca,si,recurrente_gana,recurso_extraordinario,no,si,admite,,0
329_p5375,no_revision_procesal,no,no_aplica,recurso_extraordinario,no,no,sin_marcador,,0
329_p5377,no_fondo,no,no_aplica,recurso_extraordinario,no,no,inadmite,INADMISIBLE_REMITE_DICTAMEN,0
329_p5382,deja_sin_efecto,no,recurrente_gana,recurso_extraordinario,no,si,admite,,0
329_p5410,deja_sin_efecto,si,recurrente_gana,recurso_extraordinario,no,si,admite,,1
329_p5424,deja_sin_efecto,no,recurrente_gana,recurso_extraordinario,no,si,admite,,1
329_p5438,revoca,no,recurrente_gana,recurso_extraordinario,no,si,admite,,1
329_p5446,no_revision_procesal,no,no_aplica,,no,no,inadmite,INADMISIBLE_SIN_CAUSAL_EXPLICITA,1
329_p5448,deja_sin_efecto,no,recurrente_gana,recurso_extraordinario,no,si,admite,,1
329_p5454,no_fondo,no,no_aplica,recurso_extraordinario,no,no,inadmite,ART_280,1
329_p5460,revoca,si,recurrente_gana,recurso_extraordinario,no,si,admite,,1
329_p5467,no_fondo,no,no_aplica,recurso_extraordinario,si,no,inadmite,ART_280,1
329_p5491,no_fondo,no,no_aplica,recurso_extraordinario,no,no,inadmite,INADMISIBLE_SIN_CAUSAL_EXPLICITA,1
329_p5493,no_fondo,no,no_aplica,recurso_extraordinario,no,no,inadmite,INADMISIBLE_SIN_CAUSAL_EXPLICITA,0
329_p5496,no_revision_competencia,no,no_aplica,,no,no,no_aplica,,0
329_p5498,no_revision_procesal,no,no_aplica,,no,no,sin_marcador,,0
329_p5502,no_fondo,no,no_aplica,,no,no,sin_marcador,,0
329_p5505,no_revision_competencia,no,no_aplica,,no,no,sin_marcador,,0
329_p5510,no_revision_competencia,no,no_aplica,,no,no,sin_marcador,,0
329_p5512,no_revision_competencia,no,no_aplica,,no,no,sin_marcador,,0
329_p5514,no_revision_competencia,no,no_aplica,,no,no,sin_marcador,,0
329_p5518,confirma,no,recurrente_pierde,recurso_ordinario,no,si,admite,,0
329_p5520,no_fondo,no,no_aplica,recurso_extraordinario,no,no,inadmite,ART_280,0
329_p5525,revoca,no,recurrente_gana,recurso_ordinario,si,si,admite,,0
329_p5528,deja_sin_efecto,si,recurrente_gana,recurso_extraordinario,no,si,admite,,1
329_p5531,deja_sin_efecto,si,recurrente_gana,recurso_extraordinario,no,si,admite,,1
329_p5534,confirma,no,recurrente_pierde,recurso_extraordinario,no,si,admite,,1
329_p5543,no_fondo,no,no_aplica,,no,no,no_aplica,,0
329_p5550,no_revision_competencia,no,no_aplica,,no,no,sin_marcador,,0
329_p5552,no_revision_competencia,no,no_aplica,,no,no,sin_marcador,,0
329_p5555,no_revision_procesal,no,no_aplica,recurso_extraordinario,no,no,inadmite,INADMISIBLE_SIN_CAUSAL_EXPLICITA,0
329_p5556,deja_sin_efecto,si,recurrente_gana,recurso_extraordinario,no,si,admite,,1
329_p5567,confirma,no,recurrente_pierde,recurso_extraordinario,no,si,admite,,0
329_p5575,no_fondo,no,no_aplica,recurso_extraordinario,no,no,sin_marcador,,0
329_p5578,no_revision_procesal,no,no_aplica,recurso_extraordinario,no,no,sin_marcador,,0
329_p5579,nulidad,si,recurrente_gana,recurso_extraordinario,no,si,admite,,0
329_p5581,no_fondo,no,no_aplica,recurso_extraordinario,no,no,inadmite,INADMISIBLE_REMITE_DICTAMEN,0
329_p5586,no_revision_competencia,no,no_aplica,recurso_extraordinario,no,no,admite,,1
329_p5590,no_fondo,no,no_aplica,,no,no,inadmite,INADMISIBLE_REMITE_DICTAMEN,1
329_p5594,revoca,si,recurrente_gana,recurso_extraordinario,no,si,admite,,1
329_p5600,deja_sin_efecto,si,recurrente_gana,recurso_extraordinario,no,si,admite,,1
329_p5605,no_revision_procesal,no,no_aplica,recurso_extraordinario,no,no,sin_marcador,,0
329_p5607,no_fondo,no,no_aplica,recurso_extraordinario,no,no,inadmite,INADMISIBLE_SIN_CAUSAL_EXPLICITA,1
329_p5611,no_fondo,no,no_aplica,recurso_extraordinario,no,no,sin_marcador,,0
329_p5613,no_fondo,no,no_aplica,recurso_extraordinario,no,no,inadmite,FALTA_SENTENCIA_DEFINITIVA,1
329_p5614,no_fondo,no,no_aplica,,no,no,inadmite,INADMISIBLE_SIN_CAUSAL_EXPLICITA,0
329_p5615,deja_sin_efecto,no,recurrente_gana,recurso_extraordinario,no,si,admite,,1
329_p5619,no_fondo,no,no_aplica,recurso_extraordinario,no,no,inadmite,FALTA_SENTENCIA_DEFINITIVA,1
329_p5621,deja_sin_efecto,no,recurrente_gana,recurso_extraordinario,no,si,admite,,1
329_p5628,deja_sin_efecto,si,recurrente_gana,recurso_extraordinario,no,si,admite,,1
329_p5648,no_fondo,si,no_aplica,,no,no,inadmite,INADMISIBLE_SIN_CAUSAL_EXPLICITA,1
329_p5655,no_fondo,no,no_aplica,recurso_extraordinario,no,no,inadmite,FALTA_SENTENCIA_DEFINITIVA,1
329_p5658,no_revision_competencia,no,no_aplica,,no,no,no_aplica,,0
329_p5661,no_fondo,no,no_aplica,,no,no,no_aplica,,0
329_p5666,no_fondo,no,no_aplica,,no,no,no_aplica,,0
329_p5670,no_fondo,no,no_aplica,,no,no,no_aplica,,0
329_p5675,no_fondo,no,no_aplica,,no,no,no_aplica,,0
329_p5681,no_revision_competencia,no,no_aplica,,no,no,sin_marcador,,0
329_p5683,no_revision_competencia,no,no_aplica,,no,no,sin_marcador,,0
329_p5686,no_revision_competencia,no,no_aplica,,no,no,sin_marcador,,0
329_p5689,no_fondo,no,no_aplica,,no,no,sin_marcador,,0
329_p5691,no_revision_competencia,no,no_aplica,,no,no,sin_marcador,,0
329_p5694,no_fondo,no,no_aplica,,no,no,sin_marcador,,0
329_p5697,no_revision_competencia,no,no_aplica,,no,no,sin_marcador,,0
329_p5699,no_revision_competencia,no,no_aplica,,no,no,sin_marcador,,0
329_p5702,no_revision_competencia,no,no_aplica,,no,no,sin_marcador,,0
329_p5705,no_revision_competencia,no,no_aplica,,no,no,sin_marcador,,0
329_p5707,no_revision_competencia,no,no_aplica,,no,no,sin_marcador,,0
329_p5709,no_fondo,no,no_aplica,,no,no,sin_marcador,,0
329_p5711,no_revision_competencia,no,no_aplica,,no,no,sin_marcador,,0
329_p5713,no_revision_competencia,no,no_aplica,,no,no,sin_marcador,,0
329_p5716,no_revision_competencia,no,no_aplica,,no,no,sin_marcador,,0
329_p5718,no_revision_competencia,no,no_aplica,,no,no,sin_marcador,,0
329_p5720,no_revision_competencia,no,no_aplica,,no,no,sin_marcador,,0
329_p5722,no_revision_competencia,no,no_aplica,,no,no,sin_marcador,,0
329_p5724,no_revision_competencia,no,no_aplica,,no,no,sin_marcador,,0
329_p5726,no_revision_competencia,no,no_aplica,,no,no,sin_marcador,,0
329_p5728,no_revision_competencia,no,no_aplica,,no,no,sin_marcador,,0
329_p5731,confirma,no,recurrente_pierde,recurso_ordinario,no,si,admite,,0
329_p5734,deja_sin_efecto,si,recurrente_gana,recurso_extraordinario,no,si,admite,,1
329_p5737,deja_sin_efecto,si,recurrente_gana,recurso_extraordinario,no,si,admite,,1
329_p5741,no_fondo,no,no_aplica,,no,no,inadmite,INADMISIBLE_SIN_CAUSAL_EXPLICITA,0
329_p5745,no_revision_procesal,no,no_aplica,,no,no,sin_marcador,,0
329_p5749,confirma,no,recurrente_pierde,recurso_ordinario,no,si,admite,,0
329_p5755,revoca,no,recurrente_gana,recurso_extraordinario,no,si,admite,,0
329_p5762,deja_sin_efecto,no,recurrente_gana,recurso_extraordinario,no,si,admite,,1
329_p5769,no_fondo,no,no_aplica,,no,no,inadmite,INADMISIBLE_REMITE_DICTAMEN,1
329_p5776,deja_sin_efecto,no,recurrente_gana,recurso_extraordinario,no,si,admite,,1
329_p5778,deja_sin_efecto,si,recurrente_gana,recurso_extraordinario,no,si,admite,,1
329_p5789,no_revision_procesal,no,no_aplica,,no,no,inadmite,INADMISIBLE_SIN_CAUSAL_EXPLICITA,1
329_p5791,no_fondo,no,no_aplica,,no,no,sin_marcador,,0
329_p5793,no_fondo,no,no_aplica,,no,no,sin_marcador,,0
329_p5798,no_fondo,no,no_aplica,recurso_extraordinario,no,no,no_aplica,,0
329_p5809,no_fondo,no,no_aplica,,no,no,no_aplica,,0
329_p5814,no_fondo,no,no_aplica,recurso_extraordinario,no,no,no_aplica,,0
329_p5826,no_revision_procesal,no,no_aplica,,no,no,sin_marcador,,0
329_p5829,no_fondo,no,no_aplica,,no,no,no_aplica,,0
329_p5836,no_revision_competencia,no,no_aplica,,no,no,sin_marcador,,0
329_p5837,no_revision_competencia,no,no_aplica,,no,no,sin_marcador,,0
329_p5839,no_revision_competencia,no,no_aplica,,no,no,sin_marcador,,0
329_p5842,no_revision_competencia,no,no_aplica,,no,no,sin_marcador,,0
329_p5844,no_revision_competencia,no,no_aplica,,no,no,sin_marcador,,0
329_p5846,no_revision_competencia,no,no_aplica,,no,no,sin_marcador,,0
329_p5848,no_fondo,no,no_aplica,,no,no,sin_marcador,,0
329_p5851,no_revision_competencia,no,no_aplica,,no,no,sin_marcador,,0
329_p5853,no_revision_competencia,no,no_aplica,,no,no,sin_marcador,,0
329_p5855,no_revision_competencia,no,no_aplica,,no,no,sin_marcador,,0
329_p5857,deja_sin_efecto,si,recurrente_gana,recurso_extraordinario,no,si,inadmite,INADMISIBLE_REMITE_DICTAMEN,1
329_p5861,revoca,no,recurrente_gana,,no,si,admite,,0
329_p5870,no_fondo,no,no_aplica,,no,no,inadmite,DESISTIMIENTO,1
329_p5871,revoca,no,recurrente_gana,,no,si,admite,,0
329_p5879,revoca,no,recurrente_gana,,no,si,admite,,0
329_p5890,no_revision_procesal,no,no_aplica,recurso_ordinario,no,no,inadmite,INADMISIBLE_SIN_CAUSAL_EXPLICITA,0
329_p5892,confirma,no,recurrente_pierde,,no,si,admite,,0
329_p5896,no_fondo,no,no_aplica,recurso_extraordinario,no,no,inadmite,INADMISIBLE_REMITE_DICTAMEN,0
329_p5900,no_revision_procesal,no,no_aplica,,no,no,inadmite,INADMISIBLE_SIN_CAUSAL_EXPLICITA,0
329_p5902,no_fondo,no,no_aplica,,no,no,sin_marcador,,0
329_p5903,deja_sin_efecto,si,recurrente_gana,recurso_extraordinario,no,si,admite,,0
329_p5913,deja_sin_efecto,no,recurrente_gana,recurso_extraordinario,no,si,admite,,0
329_p5944,revoca,si,recurrente_gana,,no,si,admite,,0
329_p5949,no_fondo,no,no_aplica,recurso_extraordinario,no,no,inadmite,CUESTION_ABSTRACTA,0
329_p5950,revoca,no,recurrente_gana,recurso_extraordinario,no,si,admite,,1
329_p5964,no_fondo,no,no_aplica,recurso_extraordinario,no,no,sin_marcador,,0
329_p5966,deja_sin_efecto,si,recurrente_gana,recurso_extraordinario,no,si,admite,,1
329_p5971,deja_sin_efecto,si,recurrente_gana,recurso_extraordinario,no,si,admite,,1
329_p5973,no_revision_procesal,no,no_aplica,recurso_extraordinario,no,no,inadmite,ART_280,1
329_p5976,deja_sin_efecto,no,recurrente_gana,recurso_extraordinario,no,si,admite,,1
329_p5985,no_fondo,no,no_aplica,recurso_extraordinario,no,no,inadmite,ART_280,1
329_p5989,no_fondo,no,no_aplica,recurso_extraordinario,no,no,inadmite,ART_280,1
329_p5994,deja_sin_efecto,si,recurrente_gana,recurso_extraordinario,no,si,admite,,1
329_p6002,deja_sin_efecto,si,recurrente_gana,recurso_extraordinario,no,si,admite,,1
329_p6009,confirma,no,recurrente_pierde,recurso_extraordinario,no,no,admite,,1
329_p6019,revoca,si,recurrente_gana,recurso_extraordinario,no,si,admite,,1
329_p6030,deja_sin_efecto,no,recurrente_gana,recurso_extraordinario,no,si,admite,,0
329_p6032,no_fondo,no,no_aplica,recurso_extraordinario,no,no,sin_marcador,,1
329_p6033,no_fondo,no,no_aplica,,no,no,no_aplica,,0
329_p6038,no_revision_procesal,no,no_aplica,,no,no,sin_marcador,,0
329_p6042,no_revision_competencia,no,no_aplica,,no,no,sin_marcador,,0
329_p6044,no_revision_competencia,no,no_aplica,,no,no,sin_marcador,,0
329_p6047,no_revision_competencia,no,no_aplica,,no,no,sin_marcador,,0
329_p6050,no_revision_competencia,no,no_aplica,,no,no,sin_marcador,,0
329_p6053,no_fondo,no,no_aplica,,no,no,sin_marcador,,0
329_p6056,no_revision_competencia,no,no_aplica,,no,no,sin_marcador,,0
329_p6058,no_revision_competencia,no,no_aplica,,no,no,sin_marcador,,0
329_p6060,no_revision_competencia,no,no_aplica,,no,no,sin_marcador,,0
329_p6064,revoca,no,recurrente_gana,recurso_ordinario,no,si,admite,,0
329_p6068,revoca,no,recurrente_gana,recurso_ordinario,no,si,admite,,0
329_p6071,no_fondo,no,no_aplica,recurso_ordinario,no,no,inadmite,INADMISIBLE_SIN_CAUSAL_EXPLICITA,0
329_p6072,no_revision_procesal,no,no_aplica,recurso_extraordinario,no,no,inadmite,INADMISIBLE_SIN_CAUSAL_EXPLICITA,0
329_p6076,revoca,no,recurrente_gana,recurso_extraordinario,no,si,admite,,0
329_p6081,deja_sin_efecto,si,recurrente_gana,recurso_extraordinario,no,si,admite,,1
329_p6087,deja_sin_efecto,no,recurrente_gana,recurso_extraordinario,si,si,admite,,0
330_p5,confirma,no,recurrente_pierde,recurso_extraordinario,no,si,admite,,1
330_p16,no_fondo,no,no_aplica,recurso_extraordinario,no,no,inadmite,INADMISIBLE_SIN_CAUSAL_EXPLICITA,1
330_p22,no_fondo,no,no_aplica,,no,no,sin_marcador,,0
330_p24,no_revision_competencia,no,no_aplica,,no,no,sin_marcador,,0
330_p26,no_revision_competencia,no,no_aplica,,no,no,sin_marcador,,0
330_p29,no_revision_competencia,no,no_aplica,,no,no,sin_marcador,,0
330_p32,no_fondo,no,no_aplica,,no,no,sin_marcador,,0
330_p36,no_revision_competencia,no,no_aplica,,no,no,sin_marcador,,0
330_p38,no_revision_competencia,no,no_aplica,,no,no,sin_marcador,,0
330_p41,no_revision_competencia,no,no_aplica,,no,no,sin_marcador,,0
330_p45,revoca,no,recurrente_gana,recurso_ordinario,si,si,admite,,0
330_p47,no_fondo,no,no_aplica,,no,no,sin_marcador,,0
330_p48,no_fondo,no,no_aplica,,no,no,sin_marcador,,0
330_p50,deja_sin_efecto,no,recurrente_gana,recurso_extraordinario,si,si,admite,,0
330_p51,no_fondo,no,no_aplica,recurso_extraordinario,si,no,inadmite,INADMISIBLE_SIN_CAUSAL_EXPLICITA,0
330_p53,revoca,si,recurrente_gana,,no,si,admite,,1
330_p58,no_revision_procesal,no,no_aplica,,no,no,sin_marcador,,0
330_p59,no_fondo,no,no_aplica,recurso_extraordinario,no,no,inadmite,ART_280,1
330_p64,deja_sin_efecto,no,recurrente_gana,recurso_extraordinario,no,si,admite,,0
330_p69,no_fondo,no,no_aplica,,no,no,inadmite,INADMISIBLE_SIN_CAUSAL_EXPLICITA,0
330_p71,no_fondo,no,no_aplica,recurso_extraordinario,no,no,inadmite,ART_280,1
330_p76,revoca,no,recurrente_gana,recurso_extraordinario,si,si,admite,,1
330_p85,no_fondo,no,no_aplica,recurso_extraordinario,no,no,inadmite,CUESTION_ABSTRACTA,1
330_p88,no_revision_procesal,no,no_aplica,recurso_extraordinario,si,no,inadmite,ART_280,0
330_p98,deja_sin_efecto,no,recurrente_gana,recurso_extraordinario,no,si,admite,,1
330_p103,no_revision_procesal,no,no_aplica,,no,no,no_aplica,,0
330_p108,no_fondo,no,no_aplica,,no,no,no_aplica,,0
330_p111,no_fondo,no,no_aplica,,no,no,no_aplica,,0
330_p119,no_revision_procesal,no,no_aplica,,no,no,sin_marcador,,0
330_p120,no_revision_competencia,no,no_aplica,,no,no,sin_marcador,,0
330_p124,no_revision_competencia,no,no_aplica,,no,no,sin_marcador,,0
330_p128,no_revision_competencia,no,no_aplica,,no,no,sin_marcador,,0
330_p130,revoca,no,recurrente_gana,recurso_ordinario,no,si,admite,,0
330_p132,no_fondo,no,no_aplica,,no,no,inadmite,INADMISIBLE_SIN_CAUSAL_EXPLICITA,0
330_p133,no_revision_procesal,no,no_aplica,recurso_extraordinario,no,no,inadmite,INADMISIBLE_REMITE_DICTAMEN,0
330_p138,deja_sin_efecto,no,recurrente_gana,recurso_extraordinario,si,si,admite,,0
330_p147,deja_sin_efecto,si,recurrente_gana,recurso_extraordinario,no,si,admite,,0
330_p152,no_revision_competencia,no,no_aplica,recurso_extraordinario,no,no,admite,,1
330_p159,confirma,no,recurrente_pierde,recurso_extraordinario,no,si,admite,,1
330_p164,deja_sin_efecto,no,recurrente_gana,recurso_extraordinario,no,si,admite,,1
330_p169,no_fondo,no,no_aplica,recurso_extraordinario,no,no,inadmite,INADMISIBLE_SIN_CAUSAL_EXPLICITA,1
330_p170,no_fondo,no,no_aplica,,no,no,inadmite,INADMISIBLE_SIN_CAUSAL_EXPLICITA,0
330_p173,no_fondo,no,no_aplica,,no,no,no_aplica,,0
330_p178,no_fondo,no,no_aplica,,no,no,no_aplica,,0
330_p182,no_revision_procesal,no,no_aplica,,no,no,inadmite,INADMISIBLE_SIN_CAUSAL_EXPLICITA,0
330_p185,no_revision_competencia,no,no_aplica,,no,no,sin_marcador,,0
330_p187,no_revision_competencia,no,no_aplica,,no,no,sin_marcador,,0
330_p191,no_revision_competencia,no,no_aplica,,no,no,sin_marcador,,0
330_p194,no_fondo,no,no_aplica,,no,no,sin_marcador,,0
330_p198,no_revision_competencia,no,no_aplica,,no,no,sin_marcador,,0
330_p200,no_revision_competencia,no,no_aplica,,no,no,sin_marcador,,0
330_p202,no_revision_competencia,no,no_aplica,,no,no,sin_marcador,,0
330_p205,no_revision_competencia,no,no_aplica,,no,no,sin_marcador,,0
330_p208,no_revision_competencia,no,no_aplica,,no,no,sin_marcador,,0
330_p210,no_revision_competencia,no,no_aplica,,no,no,sin_marcador,,0
330_p213,no_revision_competencia,no,no_aplica,,no,no,sin_marcador,,0
330_p215,no_revision_competencia,no,no_aplica,,no,no,sin_marcador,,0
330_p217,no_revision_competencia,no,no_aplica,,no,no,sin_marcador,,0
330_p220,confirma,no,recurrente_pierde,recurso_ordinario,no,si,admite,,0
330_p222,no_fondo,no,no_aplica,,no,no,sin_marcador,,0
330_p224,no_fondo,no,no_aplica,recurso_extraordinario,no,no,inadmite,CUESTION_ABSTRACTA,0
330_p228,confirma,no,recurrente_pierde,recurso_extraordinario,no,si,admite,,0
330_p230,deja_sin_efecto,si,recurrente_gana,recurso_extraordinario,no,si,admite,,1
330_p235,no_fondo,no,no_aplica,,no,no,sin_marcador,,0
330_p238,no_fondo,no,no_aplica,recurso_extraordinario,no,no,sin_marcador,,0
330_p240,no_fondo,no,no_aplica,recurso_extraordinario,no,no,inadmite,CUESTION_ABSTRACTA,0
330_p243,no_revision_procesal,no,no_aplica,,no,no,sin_marcador,,0
330_p246,no_revision_competencia,no,no_aplica,,no,no,sin_marcador,,0
330_p249,no_revision_competencia,no,no_aplica,,no,no,sin_marcador,,0
330_p251,no_revision_procesal,no,no_aplica,,no,no,sin_marcador,,0
330_p261,revoca,no,recurrente_gana,recurso_ordinario,no,si,admite,,0
330_p284,revoca,no,recurrente_gana,,no,si,admite,,0
330_p287,no_revision_procesal,no,no_aplica,recurso_extraordinario,no,no,inadmite,INADMISIBLE_SIN_CAUSAL_EXPLICITA,0
330_p289,deja_sin_efecto,si,recurrente_gana,recurso_extraordinario,no,si,admite,,0
330_p294,revoca,si,recurrente_gana,,no,si,admite,,0
330_p298,deja_sin_efecto,si,recurrente_gana,recurso_extraordinario,no,si,admite,,0
330_p304,confirma,no,recurrente_pierde,recurso_extraordinario,no,si,admite,,0
330_p331,deja_sin_efecto,no,recurrente_gana,recurso_extraordinario,no,si,admite,,0
330_p335,no_fondo,no,no_aplica,,no,no,inadmite,INADMISIBLE_SIN_CAUSAL_EXPLICITA,0
330_p337,revoca,si,recurrente_gana,recurso_extraordinario,no,si,admite,,0
330_p342,confirma,no,recurrente_pierde,recurso_extraordinario,no,si,admite,,0
330_p345,no_fondo,no,no_aplica,recurso_extraordinario,no,no,inadmite,INADMISIBLE_SIN_CAUSAL_EXPLICITA,1
330_p358,deja_sin_efecto,si,recurrente_gana,recurso_extraordinario,no,si,admite,,1
330_p366,no_fondo,no,no_aplica,recurso_extraordinario,no,no,inadmite,INADMISIBLE_SIN_CAUSAL_EXPLICITA,1
330_p372,deja_sin_efecto,si,recurrente_gana,recurso_extraordinario,no,si,admite,,1
330_p380,deja_sin_efecto,no,recurrente_gana,recurso_extraordinario,no,si,admite,,1
330_p393,deja_sin_efecto,no,recurrente_gana,recurso_extraordinario,no,si,admite,,1
330_p399,nulidad,no,recurrente_gana,recurso_extraordinario,no,si,admite,,1
330_p444,no_fondo,no,no_aplica,recurso_extraordinario,no,no,inadmite,ART_280,1
330_p452,no_fondo,no,no_aplica,recurso_extraordinario,no,no,inadmite,INADMISIBLE_SIN_CAUSAL_EXPLICITA,1
330_p472,deja_sin_efecto,no,recurrente_gana,recurso_extraordinario,no,si,admite,,1
330_p478,deja_sin_efecto,no,recurrente_gana,recurso_extraordinario,no,si,admite,,0
330_p479,no_fondo,no,no_aplica,recurso_extraordinario,no,no,inadmite,ART_280,1
330_p484,no_fondo,no,no_aplica,recurso_extraordinario,no,no,inadmite,ART_280,1
330_p487,nulidad,no,recurrente_gana,,no,si,admite,,0
330_p490,deja_sin_efecto,no,recurrente_gana,,no,si,admite,,1
330_p496,no_fondo,no,no_aplica,,no,no,inadmite,ART_280,0
330_p499,deja_sin_efecto,si,recurrente_gana,recurso_extraordinario,no,si,admite,,1
330_p506,deja_sin_efecto,si,recurrente_gana,,no,si,admite,,1
330_p516,no_fondo,no,no_aplica,,no,no,inadmite,INADMISIBLE_SIN_CAUSAL_EXPLICITA,1
330_p518,no_fondo,no,no_aplica,,no,no,inadmite,INADMISIBLE_SIN_CAUSAL_EXPLICITA,1
330_p519,no_fondo,no,no_aplica,,no,no,inadmite,INADMISIBLE_SIN_CAUSAL_EXPLICITA,1
330_p520,revoca,no,recurrente_gana,recurso_extraordinario,no,no,admite,,1
330_p524,deja_sin_efecto,no,recurrente_gana,recurso_extraordinario,no,si,admite,,1
330_p529,no_fondo,no,no_aplica,,no,no,inadmite,INADMISIBLE_SIN_CAUSAL_EXPLICITA,0
330_p530,no_revision_demanda,no,no_aplica,,no,no,no_aplica,,0
330_p542,no_fondo,no,no_aplica,,no,no,no_aplica,,0
330_p547,no_fondo,no,no_aplica,,no,no,sin_marcador,,0
330_p549,no_fondo,no,no_aplica,,no,no,no_aplica,,0
330_p555,no_fondo,no,no_aplica,,no,no,no_aplica,,0
330_p563,no_revision_demanda,no,no_aplica,,no,no,sin_marcador,,0
330_p607,no_fondo,no,no_aplica,,no,no,sin_marcador,,0
330_p610,no_fondo,no,no_aplica,,no,no,no_aplica,,0
330_p618,no_fondo,no,no_aplica,,no,no,sin_marcador,,0
330_p619,no_fondo,no,no_aplica,,no,no,sin_marcador,,0
330_p623,no_revision_competencia,no,no_aplica,,no,no,sin_marcador,,0
330_p625,no_fondo,no,no_aplica,,no,no,sin_marcador,,0
330_p628,no_revision_competencia,no,no_aplica,,no,no,sin_marcador,,0
330_p631,no_revision_competencia,no,no_aplica,,no,no,sin_marcador,,0
330_p633,no_fondo,no,no_aplica,,no,no,sin_marcador,,0
330_p635,no_revision_competencia,no,no_aplica,,no,no,sin_marcador,,0
330_p638,no_fondo,no,no_aplica,,no,no,sin_marcador,,0
330_p640,no_fondo,no,no_aplica,recurso_extraordinario,no,no,inadmite,CUESTION_ABSTRACTA,0
330_p642,deja_sin_efecto,si,recurrente_gana,recurso_extraordinario,si,si,admite,,0
330_p685,no_fondo,no,no_aplica,recurso_extraordinario,no,no,inadmite,FALTA_SENTENCIA_DEFINITIVA,0
330_p692,no_fondo,no,no_aplica,recurso_extraordinario,no,no,inadmite,INADMISIBLE_REMITE_DICTAMEN,0
330_p694,confirma,no,recurrente_pierde,recurso_extraordinario,no,si,admite,,1
330_p702,no_fondo,no,no_aplica,,no,no,sin_marcador,,0
330_p704,deja_sin_efecto,si,recurrente_gana,recurso_extraordinario,no,si,admite,,1
330_p713,no_fondo,no,no_aplica,recurso_extraordinario,no,no,inadmite,ART_280,1
330_p717,no_fondo,no,no_aplica,,no,no,inadmite,INADMISIBLE_REMITE_DICTAMEN,1
330_p725,no_fondo,no,no_aplica,recurso_extraordinario,no,no,inadmite,INADMISIBLE_SIN_CAUSAL_EXPLICITA,1
330_p743,no_fondo,no,no_aplica,,no,no,no_aplica,,0
330_p745,no_fondo,no,no_aplica,,no,no,no_aplica,,0
330_p747,no_fondo,no,no_aplica,,no,no,sin_marcador,,0
330_p748,no_revision_demanda,no,no_aplica,,no,no,sin_marcador,,0
330_p778,no_fondo,no,no_aplica,,no,no,sin_marcador,,0
330_p780,no_fondo,no,no_aplica,,no,no,no_aplica,,0
330_p785,no_revision_procesal,no,no_aplica,,no,no,no_aplica,,0
330_p789,no_revision_competencia,no,no_aplica,,no,no,inadmite,INADMISIBLE_SIN_CAUSAL_EXPLICITA,1
330_p798,no_revision_competencia,no,no_aplica,,no,no,sin_marcador,,0
330_p801,no_revision_competencia,no,no_aplica,,no,no,sin_marcador,,0
330_p803,no_revision_competencia,no,no_aplica,,no,no,sin_marcador,,0
330_p807,no_revision_competencia,no,no_aplica,,no,no,sin_marcador,,0
330_p810,no_revision_competencia,no,no_aplica,,no,no,sin_marcador,,0
330_p811,no_revision_competencia,no,no_aplica,,no,no,sin_marcador,,0
330_p816,no_revision_competencia,no,no_aplica,,no,no,sin_marcador,,0
330_p818,revoca,no,recurrente_gana,recurso_ordinario,si,si,admite,,0
330_p822,revoca,si,recurrente_gana,recurso_extraordinario,no,si,admite,,0
330_p826,confirma,no,recurrente_pierde,recurso_ordinario,si,si,inadmite,INADMISIBLE_SIN_CAUSAL_EXPLICITA,1
330_p829,deja_sin_efecto,si,recurrente_gana,recurso_extraordinario,no,si,admite,,1
330_p834,no_fondo,no,no_aplica,recurso_extraordinario,no,no,inadmite,FALTA_SENTENCIA_DEFINITIVA,1
330_p855,revoca,no,recurrente_gana,recurso_extraordinario,no,si,admite,,1
330_p940,no_revision_procesal,no,no_aplica,,no,no,sin_marcador,,0
330_p948,no_revision_procesal,no,no_aplica,recurso_ordinario,no,no,inadmite,INADMISIBLE_SIN_CAUSAL_EXPLICITA,0
330_p950,no_revision_procesal,no,no_aplica,recurso_ordinario,no,no,sin_marcador,,0
330_p960,deja_sin_efecto,no,recurrente_gana,recurso_extraordinario,no,si,admite,,0
330_p963,revoca,si,recurrente_gana,recurso_extraordinario,no,si,admite,,0
330_p971,confirma,no,recurrente_pierde,recurso_extraordinario,no,si,admite,,0
330_p1008,deja_sin_efecto,si,recurrente_gana,recurso_extraordinario,no,si,admite,,0
330_p1013,no_fondo,no,no_aplica,recurso_extraordinario,no,no,inadmite,INADMISIBLE_REMITE_DICTAMEN,0
330_p1016,deja_sin_efecto,si,recurrente_gana,recurso_extraordinario,no,si,admite,,1
330_p1025,no_fondo,no,no_aplica,,no,no,inadmite,INADMISIBLE_SIN_CAUSAL_EXPLICITA,0
330_p1026,deja_sin_efecto,si,recurrente_gana,recurso_extraordinario,no,si,admite,,1
330_p1034,no_fondo,no,no_aplica,recurso_extraordinario,no,no,inadmite,INADMISIBLE_SIN_CAUSAL_EXPLICITA,1
330_p1035,no_fondo,no,no_aplica,,no,no,inadmite,INADMISIBLE_SIN_CAUSAL_EXPLICITA,0
330_p1036,no_fondo,no,no_aplica,,no,no,inadmite,INADMISIBLE_REMITE_DICTAMEN,1
330_p1043,no_fondo,no,no_aplica,,no,no,inadmite,INADMISIBLE_SIN_CAUSAL_EXPLICITA,1
330_p1044,deja_sin_efecto,si,recurrente_gana,recurso_extraordinario,no,si,admite,,1
330_p1049,deja_sin_efecto,si,recurrente_gana,recurso_extraordinario,no,si,admite,,1
330_p1055,confirma,no,recurrente_pierde,recurso_extraordinario,no,si,admite,,1
330_p1060,deja_sin_efecto,no,recurrente_gana,recurso_extraordinario,no,si,admite,,1
330_p1066,revoca,no,recurrente_gana,recurso_extraordinario,no,si,admite,,1
330_p1072,deja_sin_efecto,si,recurrente_gana,recurso_extraordinario,no,si,admite,,1
330_p1076,no_fondo,no,no_aplica,,no,no,inadmite,INADMISIBLE_SIN_CAUSAL_EXPLICITA,1
330_p1083,no_fondo,no,no_aplica,recurso_extraordinario,no,no,inadmite,ART_280,1
330_p1088,no_fondo,no,no_aplica,recurso_extraordinario,no,no,inadmite,FALTA_FUNDAMENTACION_AUTONOMA,1
330_p1094,no_fondo,no,no_aplica,recurso_ordinario,si,no,inadmite,INADMISIBLE_SIN_CAUSAL_EXPLICITA,1
330_p1095,no_fondo,no,no_aplica,,no,no,inadmite,INADMISIBLE_REMITE_DICTAMEN,1
330_p1100,no_fondo,no,no_aplica,,no,no,no_aplica,,0
330_p1103,no_fondo,no,no_aplica,,no,no,no_aplica,,0
330_p1110,no_revision_procesal,no,no_aplica,,no,no,sin_marcador,,0
330_p1114,no_fondo,no,no_aplica,recurso_extraordinario,no,no,no_aplica,,0
330_p1135,no_fondo,no,no_aplica,,no,no,no_aplica,,0
330_p1158,no_revision_procesal,no,no_aplica,,no,no,sin_marcador,,0
330_p1167,no_revision_competencia,no,no_aplica,,no,no,sin_marcador,,0
330_p1169,nulidad,no,recurrente_gana,,no,si,admite,,0
330_p1172,no_fondo,no,no_aplica,,no,no,sin_marcador,,0
330_p1175,no_revision_competencia,no,no_aplica,,no,no,sin_marcador,,0
330_p1179,no_revision_competencia,no,no_aplica,,no,no,sin_marcador,,0
330_p1181,no_fondo,no,no_aplica,,no,no,sin_marcador,,0
330_p1183,no_revision_competencia,no,no_aplica,,no,no,sin_marcador,,0
330_p1186,no_revision_competencia,no,no_aplica,,no,no,sin_marcador,,0
330_p1189,no_revision_competencia,no,no_aplica,,no,no,sin_marcador,,0
330_p1191,deja_sin_efecto,si,recurrente_gana,recurso_extraordinario,no,si,admite,,1
330_p1195,confirma,no,recurrente_pierde,recurso_extraordinario,no,si,admite,,0
330_p1205,confirma,no,recurrente_pierde,recurso_extraordinario,no,si,admite,,0
330_p1214,deja_sin_efecto,si,recurrente_gana,recurso_extraordinario,no,si,admite,,0
330_p1218,deja_sin_efecto,si,recurrente_gana,recurso_extraordinario,no,si,admite,,0
330_p1221,no_fondo,no,no_aplica,,no,no,inadmite,INADMISIBLE_SIN_CAUSAL_EXPLICITA,1
330_p1222,deja_sin_efecto,no,recurrente_gana,recurso_extraordinario,no,si,admite,,1
330_p1228,no_fondo,no,no_aplica,,no,no,inadmite,INADMISIBLE_REMITE_DICTAMEN,1
330_p1234,deja_sin_efecto,si,recurrente_gana,recurso_extraordinario,no,si,admite,,1
330_p1236,deja_sin_efecto,si,recurrente_gana,recurso_extraordinario,no,si,admite,,1
330_p1241,no_fondo,no,no_aplica,,no,no,inadmite,INADMISIBLE_SIN_CAUSAL_EXPLICITA,1
330_p1246,deja_sin_efecto,si,recurrente_gana,recurso_extraordinario,no,si,admite,,1
330_p1250,deja_sin_efecto,si,recurrente_gana,recurso_extraordinario,no,si,admite,,1
330_p1257,deja_sin_efecto,si,recurrente_gana,recurso_extraordinario,no,si,admite,,1
330_p1261,no_fondo,no,no_aplica,,no,no,no_aplica,,0
330_p1271,no_fondo,no,no_aplica,,no,no,no_aplica,,0
330_p1276,no_fondo,no,no_aplica,,no,no,sin_marcador,,0
330_p1279,no_revision_demanda,no,no_aplica,,no,no,no_aplica,,0
330_p1286,no_revision_competencia,no,no_aplica,,no,no,sin_marcador,,0
330_p1289,no_revision_competencia,no,no_aplica,,no,no,sin_marcador,,0
330_p1291,no_fondo,no,no_aplica,,no,no,inadmite,CUESTION_ABSTRACTA,0
330_p1300,no_revision_competencia,no,no_aplica,,no,no,sin_marcador,,0
330_p1303,no_revision_competencia,no,no_aplica,,no,no,sin_marcador,,0
330_p1305,no_revision_competencia,no,no_aplica,,no,no,sin_marcador,,0
330_p1307,no_revision_competencia,no,no_aplica,,no,no,sin_marcador,,0
330_p1309,confirma,no,recurrente_pierde,recurso_ordinario,si,si,admite,,0
330_p1325,confirma,no,recurrente_pierde,recurso_ordinario,no,si,admite,,0
330_p1332,revoca,no,recurrente_gana,recurso_ordinario,no,si,admite,,0
330_p1336,no_fondo,no,no_aplica,recurso_ordinario,si,no,sin_marcador,,0
330_p1350,deja_sin_efecto,si,recurrente_gana,recurso_extraordinario,no,si,admite,,0
330_p1356,confirma,no,recurrente_pierde,recurso_extraordinario,no,si,admite,,0
330_p1366,deja_sin_efecto,no,recurrente_gana,recurso_extraordinario,no,si,admite,,0
330_p1369,no_fondo,no,no_aplica,recurso_extraordinario,no,no,sin_marcador,,0
330_p1375,deja_sin_efecto,no,recurrente_gana,recurso_extraordinario,no,si,admite,,0
330_p1377,deja_sin_efecto,si,recurrente_gana,recurso_extraordinario,si,si,admite,,0
330_p1383,deja_sin_efecto,si,recurrente_gana,recurso_extraordinario,si,si,admite,,0
330_p1389,deja_sin_efecto,si,recurrente_gana,recurso_extraordinario,no,si,admite,,0
330_p1393,revoca,si,recurrente_gana,recurso_extraordinario,no,si,admite,,1
330_p1398,deja_sin_efecto,no,recurrente_gana,recurso_extraordinario,no,si,admite,,0
330_p1402,deja_sin_efecto,si,recurrente_gana,recurso_extraordinario,no,si,admite,,0
330_p1405,no_revision_procesal,no,no_aplica,recurso_extraordinario,no,no,inadmite,INADMISIBLE_SIN_CAUSAL_EXPLICITA,0
330_p1407,revoca,no,recurrente_gana,recurso_extraordinario,no,si,admite,,0
330_p1417,deja_sin_efecto,si,recurrente_gana,recurso_extraordinario,no,si,admite,,0
330_p1422,deja_sin_efecto,si,recurrente_gana,recurso_extraordinario,no,si,admite,,0
330_p1427,deja_sin_efecto,si,recurrente_gana,recurso_extraordinario,no,si,admite,,0
330_p1436,confirma,no,recurrente_pierde,recurso_extraordinario,no,si,admite,,0
330_p1447,no_fondo,no,no_aplica,,no,no,inadmite,INADMISIBLE_REMITE_DICTAMEN,1
330_p1451,deja_sin_efecto,si,recurrente_gana,recurso_extraordinario,no,si,admite,,0
330_p1457,deja_sin_efecto,no,recurrente_gana,recurso_extraordinario,no,si,admite,,1
330_p1465,deja_sin_efecto,no,recurrente_gana,recurso_extraordinario,no,si,admite,,1
330_p1469,deja_sin_efecto,si,recurrente_gana,recurso_extraordinario,no,si,inadmite,INADMISIBLE_SIN_CAUSAL_EXPLICITA,1
330_p1474,deja_sin_efecto,si,recurrente_gana,recurso_extraordinario,no,si,admite,,1
330_p1478,deja_sin_efecto,si,recurrente_gana,recurso_extraordinario,no,si,admite,,1
330_p1491,no_fondo,no,no_aplica,,no,no,inadmite,INADMISIBLE_REMITE_DICTAMEN,1
330_p1497,no_fondo,no,no_aplica,,no,no,inadmite,INADMISIBLE_REMITE_DICTAMEN,1
330_p1503,deja_sin_efecto,no,recurrente_gana,recurso_extraordinario,no,si,admite,,1
330_p1507,revoca,no,recurrente_gana,recurso_extraordinario,no,si,admite,,1
330_p1514,no_fondo,no,no_aplica,recurso_extraordinario,no,no,inadmite,FALTA_SENTENCIA_DEFINITIVA,1
330_p1516,no_fondo,no,no_aplica,recurso_extraordinario,no,no,inadmite,ART_280,1
330_p1523,no_fondo,no,no_aplica,,no,no,inadmite,INADMISIBLE_SIN_CAUSAL_EXPLICITA,0
330_p1525,no_revision_procesal,no,no_aplica,,no,no,inadmite,INADMISIBLE_SIN_CAUSAL_EXPLICITA,1
330_p1526,revoca,no,recurrente_gana,recurso_extraordinario,no,si,admite,,1
330_p1528,no_revision_procesal,no,no_aplica,,no,no,inadmite,INADMISIBLE_SIN_CAUSAL_EXPLICITA,1
330_p1529,deja_sin_efecto,no,recurrente_gana,recurso_extraordinario,no,si,admite,,1
330_p1534,confirma,no,recurrente_pierde,,no,si,inadmite,INADMISIBLE_REMITE_DICTAMEN,1
330_p1540,deja_sin_efecto,si,recurrente_gana,recurso_extraordinario,no,si,admite,,1
330_p1545,revoca,si,recurrente_gana,recurso_extraordinario,no,si,admite,,1
330_p1550,deja_sin_efecto,no,recurrente_gana,recurso_extraordinario,no,si,admite,,1
330_p1564,confirma,no,recurrente_pierde,,no,si,inadmite,INADMISIBLE_REMITE_DICTAMEN,1
330_p1567,deja_sin_efecto,si,recurrente_gana,recurso_extraordinario,no,si,admite,,1
330_p1572,revoca,no,recurrente_gana,recurso_extraordinario,no,si,admite,,1
330_p1578,revoca,si,recurrente_gana,recurso_extraordinario,no,si,admite,,1
330_p1580,deja_sin_efecto,si,recurrente_gana,recurso_extraordinario,no,si,admite,,1
330_p1587,no_revision_competencia,no,no_aplica,,no,no,sin_marcador,,0
330_p1599,no_fondo,no,no_aplica,,no,no,no_aplica,,0
330_p1601,no_revision_competencia,no,no_aplica,,no,no,no_aplica,,0
330_p1603,no_revision_procesal,no,no_aplica,,no,no,sin_marcador,,0
330_p1606,no_fondo,no,no_aplica,,no,no,no_aplica,,0
330_p1608,no_fondo,no,no_aplica,,no,no,sin_marcador,,0
330_p1610,no_revision_competencia,no,no_aplica,,no,no,sin_marcador,,0
330_p1618,no_revision_competencia,no,no_aplica,,no,no,sin_marcador,,0
330_p1620,no_revision_competencia,no,no_aplica,,no,no,sin_marcador,,0
330_p1623,no_revision_competencia,no,no_aplica,,no,no,sin_marcador,,0
330_p1626,no_revision_competencia,no,no_aplica,,no,no,sin_marcador,,0
330_p1629,no_revision_competencia,no,no_aplica,,no,no,sin_marcador,,0
330_p1632,revoca,no,recurrente_gana,recurso_ordinario,si,si,admite,,0
330_p1635,revoca,no,recurrente_gana,recurso_extraordinario,no,si,admite,,1
330_p1642,no_fondo,no,no_aplica,,no,no,sin_marcador,,0
330_p1643,no_fondo,no,no_aplica,,no,no,sin_marcador,,0
330_p1644,confirma,no,recurrente_pierde,recurso_ordinario,no,si,admite,,0
330_p1649,confirma,no,recurrente_pierde,recurso_extraordinario,no,si,admite,,1
330_p1671,no_fondo,no,no_aplica,recurso_extraordinario,no,no,inadmite,ART_280,0
330_p1703,deja_sin_efecto,si,recurrente_gana,recurso_extraordinario,no,si,admite,,0
330_p1708,no_revision_procesal,no,no_aplica,recurso_extraordinario,no,no,inadmite,INADMISIBLE_REMITE_DICTAMEN,0
330_p1718,confirma,no,recurrente_pierde,recurso_extraordinario,no,si,admite,,0
330_p1722,confirma,si,recurrente_pierde,recurso_extraordinario,no,si,inadmite,INADMISIBLE_REMITE_DICTAMEN,0
330_p1733,deja_sin_efecto,si,recurrente_gana,recurso_extraordinario,si,si,admite,,1
330_p1740,no_fondo,no,no_aplica,recurso_extraordinario,no,no,inadmite,ART_280,0
330_p1748,confirma,no,recurrente_pierde,recurso_extraordinario,no,si,admite,,0
330_p1751,no_fondo,no,no_aplica,recurso_extraordinario,no,no,inadmite,ART_280,1
330_p1759,no_fondo,no,no_aplica,,no,no,sin_marcador,,0
330_p1762,no_fondo,no,no_aplica,,no,no,inadmite,INADMISIBLE_SIN_CAUSAL_EXPLICITA,0
330_p1763,confirma,no,recurrente_pierde,recurso_extraordinario,no,si,admite,,1
330_p1772,deja_sin_efecto,si,recurrente_gana,,no,si,admite,,1
330_p1777,no_fondo,no,no_aplica,recurso_extraordinario,si,no,inadmite,INADMISIBLE_SIN_CAUSAL_EXPLICITA,1
330_p1785,deja_sin_efecto,no,recurrente_gana,recurso_extraordinario,no,si,admite,,1
330_p1791,no_fondo,no,no_aplica,recurso_extraordinario,no,no,inadmite,ART_280,1
330_p1802,no_fondo,no,no_aplica,,no,no,no_aplica,,0
330_p1804,no_fondo,no,no_aplica,,no,no,inadmite,INADMISIBLE_REMITE_DICTAMEN,0
330_p1807,no_revision_procesal,no,no_aplica,,no,no,no_aplica,,0
330_p1814,no_fondo,no,no_aplica,,no,no,no_aplica,,0
330_p1817,no_fondo,no,no_aplica,,no,no,sin_marcador,,0
330_p1820,no_revision_competencia,no,no_aplica,,no,no,sin_marcador,,0
330_p1823,no_fondo,no,no_aplica,,no,no,sin_marcador,,0
330_p1827,no_revision_competencia,no,no_aplica,,no,no,sin_marcador,,0
330_p1829,no_revision_competencia,no,no_aplica,,no,no,sin_marcador,,0
330_p1832,no_fondo,no,no_aplica,,no,no,sin_marcador,,0
330_p1836,no_revision_competencia,no,no_aplica,,no,no,sin_marcador,,0
330_p1838,no_fondo,no,no_aplica,recurso_extraordinario,no,no,inadmite,ART_280,1
330_p1844,no_revision_procesal,no,no_aplica,recurso_ordinario,si,no,sin_marcador,,0
330_p1849,deja_sin_efecto,si,recurrente_gana,recurso_extraordinario,no,si,admite,,0
330_p1854,no_revision_procesal,no,no_aplica,recurso_extraordinario,no,no,inadmite,CADUCIDAD_INSTANCIA,0
330_p1855,revoca,no,recurrente_gana,recurso_extraordinario,no,si,admite,,0
330_p1888,deja_sin_efecto,si,recurrente_gana,recurso_extraordinario,no,si,admite,,1
330_p1893,no_fondo,no,no_aplica,recurso_ordinario,no,no,inadmite,INADMISIBLE_SIN_CAUSAL_EXPLICITA,1
330_p1895,deja_sin_efecto,si,recurrente_gana,recurso_extraordinario,no,si,admite,,1
330_p1903,deja_sin_efecto,si,recurrente_gana,recurso_extraordinario,no,si,admite,,1
330_p1907,no_fondo,no,no_aplica,recurso_extraordinario,no,no,admite,,1
330_p1910,deja_sin_efecto,no,recurrente_gana,recurso_extraordinario,no,si,admite,,1
330_p1915,no_revision_procesal,no,no_aplica,,no,no,no_aplica,,0
330_p1918,no_revision_procesal,no,no_aplica,,no,no,no_aplica,,0
330_p1925,no_fondo,no,no_aplica,,no,no,inadmite,INADMISIBLE_SIN_CAUSAL_EXPLICITA,0
330_p1927,no_fondo,no,no_aplica,,no,no,no_aplica,,0
330_p1943,no_revision_competencia,no,no_aplica,,no,no,sin_marcador,,0
330_p1945,no_revision_competencia,no,no_aplica,,no,no,sin_marcador,,0
330_p1947,revoca,no,recurrente_gana,recurso_ordinario,si,si,admite,,0
330_p1950,no_fondo,no,no_aplica,,no,no,sin_marcador,,0
330_p1961,no_fondo,no,no_aplica,,no,no,sin_marcador,,0
330_p1971,confirma,no,recurrente_pierde,,no,si,admite,,0
330_p1975,revoca,no,recurrente_gana,recurso_extraordinario,no,si,admite,,0
330_p1987,no_fondo,si,no_aplica,recurso_extraordinario,no,no,inadmite,CUESTION_ABSTRACTA,0
330_p1989,confirma,no,recurrente_pierde,recurso_extraordinario,no,si,admite,,0
330_p2014,no_fondo,no,no_aplica,,no,no,inadmite,INADMISIBLE_REMITE_DICTAMEN,1
330_p2017,deja_sin_efecto,no,recurrente_gana,recurso_extraordinario,si,no,admite,,1
330_p2033,deja_sin_efecto,si,recurrente_gana,recurso_extraordinario,no,si,admite,,1
330_p2040,no_fondo,no,no_aplica,recurso_ordinario,no,no,inadmite,INADMISIBLE_SIN_CAUSAL_EXPLICITA,1
330_p2046,no_fondo,no,no_aplica,,no,no,inadmite,CUESTION_ABSTRACTA,0
330_p2047,no_fondo,no,no_aplica,,no,no,sin_marcador,,0
330_p2049,no_revision_demanda,no,no_aplica,,no,no,no_aplica,,0
330_p2059,no_fondo,no,no_aplica,,no,no,no_aplica,,0
330_p2061,no_fondo,no,no_aplica,,no,no,sin_marcador,,0
330_p2064,no_revision_procesal,no,no_aplica,,no,no,sin_marcador,,0
330_p2065,confirma,no,recurrente_pierde,,no,si,admite,,0
330_p2074,deja_sin_efecto,no,recurrente_gana,recurso_extraordinario,si,si,admite,,0
330_p2081,confirma,no,recurrente_pierde,recurso_extraordinario,no,si,admite,,0
330_p2090,deja_sin_efecto,no,recurrente_gana,recurso_extraordinario,no,si,admite,,0
330_p2093,deja_sin_efecto,si,recurrente_gana,recurso_extraordinario,no,si,admite,,0
330_p2101,no_fondo,no,no_aplica,recurso_extraordinario,no,no,inadmite,INADMISIBLE_SIN_CAUSAL_EXPLICITA,0
330_p2112,confirma,no,recurrente_pierde,recurso_extraordinario,no,si,admite,,0
330_p2115,deja_sin_efecto,si,recurrente_gana,recurso_extraordinario,no,si,admite,,0
330_p2122,revoca,no,recurrente_gana,recurso_extraordinario,no,si,admite,,1
330_p2131,no_fondo,no,no_aplica,,no,no,sin_marcador,,1
330_p2134,revoca,si,recurrente_gana,recurso_extraordinario,no,si,admite,,1
330_p2140,revoca,si,recurrente_gana,recurso_extraordinario,no,si,admite,,1
330_p2146,deja_sin_efecto,si,recurrente_gana,recurso_extraordinario,no,si,admite,,1
330_p2151,no_fondo,no,no_aplica,recurso_extraordinario,no,no,inadmite,ART_280,1
330_p2168,no_fondo,no,no_aplica,recurso_extraordinario,no,no,inadmite,ART_280,1
330_p2180,revoca,si,recurrente_gana,recurso_extraordinario,no,si,admite,,1
330_p2186,deja_sin_efecto,no,recurrente_gana,recurso_extraordinario,no,si,admite,,1
330_p2192,revoca,no,recurrente_gana,recurso_extraordinario,no,si,admite,,1
330_p2206,revoca,si,recurrente_gana,recurso_extraordinario,no,si,admite,,1
330_p2215,revoca,no,recurrente_gana,recurso_extraordinario,no,si,admite,,1
330_p2222,revoca,no,recurrente_gana,recurso_extraordinario,no,si,admite,,0
330_p2231,no_fondo,no,no_aplica,recurso_extraordinario,no,no,inadmite,FALTA_SENTENCIA_DEFINITIVA,0
330_p2234,deja_sin_efecto,si,recurrente_gana,recurso_extraordinario,no,si,admite,,0
330_p2241,revoca,si,recurrente_gana,recurso_extraordinario,no,si,admite,,0
330_p2245,revoca,si,recurrente_gana,recurso_extraordinario,no,si,admite,,0
330_p2249,confirma,no,recurrente_pierde,recurso_extraordinario,no,si,admite,,0
330_p2255,revoca,no,recurrente_gana,recurso_extraordinario,no,si,admite,,1
330_p2265,deja_sin_efecto,si,recurrente_gana,recurso_extraordinario,no,si,admite,,1
330_p2268,no_fondo,no,no_aplica,,no,no,no_aplica,,0
330_p2274,confirma,no,recurrente_pierde,recurso_ordinario,si,si,admite,,1
330_p2277,confirma,no,recurrente_pierde,,no,si,admite,,0
330_p2284,no_revision_procesal,si,no_aplica,recurso_extraordinario,si,no,sin_marcador,,0
330_p2286,confirma,no,recurrente_pierde,recurso_extraordinario,no,si,admite,,0
330_p2304,deja_sin_efecto,si,recurrente_gana,recurso_extraordinario,no,si,admite,,0
330_p2321,no_fondo,no,no_aplica,recurso_extraordinario,no,no,inadmite,INADMISIBLE_SIN_CAUSAL_EXPLICITA,1
330_p2323,deja_sin_efecto,no,recurrente_gana,recurso_extraordinario,no,si,admite,,1
330_p2327,no_fondo,no,no_aplica,recurso_extraordinario,no,no,inadmite,ART_280,1
330_p2334,no_fondo,no,no_aplica,,no,no,sin_marcador,,0
330_p2341,no_revision_competencia,no,no_aplica,,no,no,sin_marcador,,0
330_p2342,no_revision_competencia,no,no_aplica,,no,no,sin_marcador,,0
330_p2345,no_revision_competencia,no,no_aplica,,no,no,sin_marcador,,0
330_p2347,revoca,si,recurrente_gana,recurso_extraordinario,no,si,admite,,0
330_p2351,no_fondo,no,no_aplica,recurso_extraordinario,no,no,inadmite,ART_280,1
330_p2361,no_fondo,no,no_aplica,recurso_extraordinario,no,no,admite,,0
330_p2414,no_fondo,no,no_aplica,recurso_extraordinario,no,no,admite,,0
330_p2416,revoca,si,recurrente_gana,recurso_extraordinario,si,si,admite,,0
330_p2429,deja_sin_efecto,no,recurrente_gana,recurso_extraordinario,no,si,admite,,0
330_p2434,no_fondo,no,no_aplica,recurso_extraordinario,no,no,inadmite,INADMISIBLE_REMITE_DICTAMEN,0
330_p2442,no_revision_procesal,no,no_aplica,recurso_extraordinario,si,no,sin_marcador,,0
330_p2444,no_fondo,no,no_aplica,recurso_extraordinario,no,no,inadmite,INADMISIBLE_SIN_CAUSAL_EXPLICITA,0
330_p2445,no_fondo,no,no_aplica,recurso_extraordinario,no,no,inadmite,ART_280,1
330_p2452,no_fondo,no,no_aplica,recurso_extraordinario,no,no,inadmite,ART_280,1
330_p2464,confirma,no,recurrente_pierde,recurso_ordinario,no,si,admite,,1
330_p2470,no_fondo,no,no_aplica,,no,no,no_aplica,,0
330_p2478,deja_sin_efecto,no,recurrente_gana,,no,no,no_aplica,,0
330_p2491,no_revision_competencia,no,no_aplica,,no,no,sin_marcador,,0
330_p2494,no_revision_competencia,no,no_aplica,,no,no,sin_marcador,,0
330_p2498,deja_sin_efecto,si,recurrente_gana,recurso_extraordinario,no,si,admite,,1
330_p2507,revoca,no,recurrente_gana,,no,si,admite,,0
330_p2520,no_revision_procesal,no,no_aplica,,no,no,sin_marcador,,0
330_p2521,confirma,no,recurrente_pierde,recurso_extraordinario,no,si,admite,,0
330_p2527,revoca,no,recurrente_gana,recurso_extraordinario,no,si,admite,,0
330_p2533,no_fondo,no,no_aplica,recurso_extraordinario,no,no,inadmite,ART_280,0
330_p2548,revoca,no,recurrente_gana,recurso_extraordinario,no,si,admite,,0
330_p2564,deja_sin_efecto,no,recurrente_gana,recurso_extraordinario,no,si,admite,,1
330_p2570,no_fondo,no,no_aplica,recurso_extraordinario,no,no,inadmite,ART_280,1
330_p2574,no_revision_procesal,no,no_aplica,,no,no,inadmite,FUERA_DE_TERMINO,1
330_p2575,deja_sin_efecto,si,recurrente_gana,recurso_extraordinario,no,si,admite,,1
330_p2584,confirma,no,recurrente_pierde,recurso_extraordinario,no,si,admite,,1
330_p2590,no_fondo,no,no_aplica,recurso_extraordinario,no,no,inadmite,INADMISIBLE_SIN_CAUSAL_EXPLICITA,1
330_p2599,no_fondo,no,no_aplica,recurso_extraordinario,no,no,inadmite,ART_280,1
330_p2610,no_fondo,no,no_aplica,,no,no,no_aplica,,0
330_p2617,no_revision_demanda,no,no_aplica,,no,no,no_aplica,,0
330_p2626,no_fondo,no,no_aplica,,no,no,sin_marcador,,0
330_p2628,nulidad,no,recurrente_gana,,no,si,admite,,0
330_p2630,nulidad,no,recurrente_gana,,no,si,admite,,0
330_p2632,revoca,no,recurrente_gana,recurso_extraordinario,no,si,admite,,0
330_p2637,no_revision_procesal,no,no_aplica,recurso_extraordinario,no,no,sin_marcador,,0
330_p2639,no_revision_procesal,no,no_aplica,recurso_ordinario,si,no,sin_marcador,,0
330_p2655,no_fondo,no,no_aplica,recurso_extraordinario,no,no,inadmite,INADMISIBLE_SIN_CAUSAL_EXPLICITA,0
330_p2658,no_fondo,no,no_aplica,recurso_extraordinario,no,no,inadmite,ART_280,1
330_p2671,no_fondo,no,no_aplica,recurso_extraordinario,no,no,inadmite,ART_280,1
330_p2685,deja_sin_efecto,no,recurrente_gana,recurso_extraordinario,no,si,admite,,1
330_p2696,deja_sin_efecto,no,recurrente_gana,recurso_extraordinario,no,si,admite,,1
330_p2711,deja_sin_efecto,no,recurrente_gana,recurso_extraordinario,no,si,admite,,1
330_p2730,no_fondo,no,no_aplica,recurso_extraordinario,no,no,inadmite,INADMISIBLE_SIN_CAUSAL_EXPLICITA,1
330_p2735,no_fondo,no,no_aplica,,no,no,no_aplica,,0
330_p2737,no_revision_procesal,no,no_aplica,,no,no,no_aplica,,0
330_p2739,no_revision_demanda,no,no_aplica,,no,no,no_aplica,,0
330_p2746,no_revision_procesal,no,no_aplica,,no,no,sin_marcador,,0
330_p2748,no_revision_demanda,no,no_aplica,,no,no,no_aplica,,0
330_p2767,no_revision_competencia,no,no_aplica,,no,no,sin_marcador,,0
330_p2774,no_revision_competencia,no,no_aplica,,no,no,sin_marcador,,0
330_p2786,revoca,no,recurrente_gana,recurso_extraordinario,no,si,admite,,1
330_p2792,no_fondo,no,no_aplica,recurso_extraordinario,no,no,sin_marcador,,0
330_p2793,no_revision_procesal,no,no_aplica,recurso_extraordinario,no,no,inadmite,INADMISIBLE_SIN_CAUSAL_EXPLICITA,0
330_p2794,no_fondo,no,no_aplica,,no,no,sin_marcador,,0
330_p2795,revoca,no,recurrente_gana,recurso_extraordinario,si,si,admite,,1
330_p2798,confirma,no,recurrente_pierde,recurso_ordinario,no,si,admite,,0
330_p2799,no_revision_procesal,no,no_aplica,,no,no,sin_marcador,,0
330_p2800,revoca,no,recurrente_gana,recurso_extraordinario,si,si,admite,,0
330_p2826,deja_sin_efecto,no,recurrente_gana,recurso_extraordinario,no,si,admite,,1
330_p2836,revoca,si,recurrente_gana,recurso_extraordinario,no,si,admite,,1
330_p2847,no_fondo,no,no_aplica,,no,no,no_aplica,,0
330_p2849,no_revision_demanda,no,no_aplica,,no,no,no_aplica,,0
330_p2877,revoca,no,recurrente_gana,recurso_extraordinario,si,no,admite,,0
330_p2892,revoca,no,recurrente_gana,recurso_extraordinario,no,si,admite,,1
330_p2900,no_revision_procesal,no,no_aplica,,no,no,inadmite,INADMISIBLE_SIN_CAUSAL_EXPLICITA,1
330_p2902,revoca,no,recurrente_gana,recurso_extraordinario,si,si,admite,,1
330_p2915,no_fondo,no,no_aplica,recurso_extraordinario,no,no,admite,,1
330_p2921,no_fondo,no,no_aplica,recurso_extraordinario,no,no,inadmite,FALTA_FUNDAMENTACION_AUTONOMA,1
330_p2927,no_fondo,no,no_aplica,,no,no,no_aplica,,0
330_p2932,no_revision_demanda,no,no_aplica,,no,no,no_aplica,,0
330_p2952,no_revision_competencia,no,no_aplica,,no,no,sin_marcador,,0
330_p2954,no_revision_competencia,no,no_aplica,,no,no,sin_marcador,,0
330_p2957,no_fondo,no,no_aplica,recurso_extraordinario,no,no,sin_marcador,,0
330_p2961,no_revision_competencia,no,no_aplica,,no,no,sin_marcador,,0
330_p2964,revoca,no,recurrente_gana,recurso_ordinario,no,si,admite,,0
330_p2968,revoca,no,recurrente_gana,recurso_ordinario,no,si,admite,,0
330_p2970,deja_sin_efecto,si,recurrente_gana,recurso_extraordinario,no,si,admite,,1
330_p2975,deja_sin_efecto,no,recurrente_gana,recurso_extraordinario,no,si,admite,,0
330_p2981,confirma,no,recurrente_pierde,recurso_extraordinario,no,si,admite,,0
330_p2992,confirma,no,recurrente_pierde,recurso_extraordinario,no,si,admite,,0
330_p2999,no_revision_procesal,no,no_aplica,recurso_extraordinario,no,no,inadmite,INADMISIBLE_SIN_CAUSAL_EXPLICITA,0
330_p3002,confirma,no,recurrente_pierde,recurso_extraordinario,no,si,admite,,0
330_p3015,deja_sin_efecto,no,recurrente_gana,recurso_extraordinario,no,si,admite,,0
330_p3020,no_revision_procesal,no,no_aplica,recurso_extraordinario,no,no,inadmite,CADUCIDAD_INSTANCIA,0
330_p3025,no_fondo,no,no_aplica,recurso_extraordinario,no,no,inadmite,ART_280,0
330_p3028,deja_sin_efecto,si,recurrente_gana,recurso_extraordinario,no,si,admite,,0
330_p3036,no_fondo,no,no_aplica,,no,no,inadmite,INADMISIBLE_REMITE_DICTAMEN,1
330_p3045,revoca,no,recurrente_gana,recurso_extraordinario,no,si,admite,,1
330_p3055,deja_sin_efecto,si,recurrente_gana,recurso_extraordinario,si,si,admite,,1
330_p3069,revoca,no,recurrente_gana,recurso_extraordinario,no,si,admite,,1
330_p3074,confirma,no,recurrente_pierde,recurso_extraordinario,no,si,admite,,1
330_p3092,deja_sin_efecto,no,recurrente_gana,recurso_extraordinario,no,si,admite,,1
330_p3098,deja_sin_efecto,no,recurrente_gana,recurso_extraordinario,no,si,admite,,1
330_p3109,no_revision_demanda,no,no_aplica,,no,no,inadmite,INADMISIBLE_SIN_CAUSAL_EXPLICITA,0
330_p3126,no_fondo,no,no_aplica,,no,no,no_aplica,,0
330_p3141,no_revision_competencia,no,no_aplica,,no,no,sin_marcador,,0
330_p3145,confirma,no,recurrente_pierde,recurso_ordinario,no,si,admite,,0
330_p3149,deja_sin_efecto,si,recurrente_gana,recurso_extraordinario,no,si,admite,,1
330_p3160,no_revision_demanda,no,no_aplica,recurso_extraordinario,no,no,inadmite,CUESTION_ABSTRACTA,0
330_p3248,confirma,no,recurrente_pierde,recurso_extraordinario,no,si,admite,,0
330_p3379,no_fondo,no,no_aplica,,no,no,sin_marcador,,0
330_p3400,confirma,no,recurrente_pierde,recurso_ordinario,no,si,admite,,1
330_p3409,no_fondo,no,no_aplica,recurso_extraordinario,no,no,inadmite,ART_280,1
330_p3422,no_fondo,no,no_aplica,recurso_extraordinario,si,no,inadmite,ART_280,1
330_p3426,deja_sin_efecto,si,recurrente_gana,recurso_extraordinario,no,si,admite,,1
330_p3432,no_fondo,no,no_aplica,recurso_extraordinario,no,no,inadmite,ART_280,1
330_p3444,no_fondo,no,no_aplica,,no,no,sin_marcador,,0
330_p3447,no_fondo,no,no_aplica,,no,no,no_aplica,,0
330_p3455,no_revision_competencia,no,no_aplica,,no,no,sin_marcador,,0
330_p3458,no_fondo,no,no_aplica,recurso_ordinario,no,no,inadmite,INADMISIBLE_SIN_CAUSAL_EXPLICITA,0
330_p3461,confirma,no,recurrente_pierde,recurso_ordinario,no,si,admite,,0
330_p3463,deja_sin_efecto,no,recurrente_gana,recurso_ordinario,no,si,admite,,0
330_p3471,revoca,no,recurrente_gana,,no,si,admite,,0
330_p3477,deja_sin_efecto,si,recurrente_gana,recurso_extraordinario,no,si,admite,,1
330_p3483,deja_sin_efecto,si,recurrente_gana,recurso_extraordinario,no,si,inadmite,INADMISIBLE_SIN_CAUSAL_EXPLICITA,1
330_p3494,deja_sin_efecto,si,recurrente_gana,recurso_extraordinario,no,si,admite,,1
330_p3502,no_fondo,no,no_aplica,recurso_extraordinario,no,no,inadmite,ART_280,1
330_p3509,no_fondo,no,no_aplica,,no,no,inadmite,INADMISIBLE_SIN_CAUSAL_EXPLICITA,1
330_p3513,no_fondo,no,no_aplica,recurso_extraordinario,no,no,inadmite,ART_280,0
330_p3519,no_fondo,no,no_aplica,,no,no,inadmite,INADMISIBLE_REMITE_DICTAMEN,1
330_p3526,grant_remand_implicito,si,recurrente_gana,recurso_extraordinario,no,si,admite,,1
330_p3537,no_revision_demanda,no,no_aplica,,no,no,no_aplica,,0
330_p3546,no_fondo,no,no_aplica,,no,no,inadmite,INADMISIBLE_SIN_CAUSAL_EXPLICITA,0
330_p3549,no_fondo,no,no_aplica,,no,no,no_aplica,,0
330_p3552,revoca,no,recurrente_gana,recurso_ordinario,no,si,admite,,0
330_p3557,confirma,no,recurrente_pierde,recurso_ordinario,no,si,admite,,0
330_p3565,confirma,no,recurrente_pierde,recurso_extraordinario,no,si,admite,,0
330_p3579,no_fondo,no,no_aplica,,no,no,inadmite,INADMISIBLE_SIN_CAUSAL_EXPLICITA,0
330_p3581,no_fondo,no,no_aplica,,no,no,sin_marcador,,0
330_p3582,deja_sin_efecto,si,recurrente_gana,recurso_extraordinario,no,si,admite,,0
330_p3589,no_fondo,no,no_aplica,recurso_extraordinario,no,no,inadmite,ART_280,1
330_p3593,revoca,no,recurrente_gana,recurso_extraordinario,no,si,admite,,1
330_p3609,no_revision_demanda,no,no_aplica,,no,no,no_aplica,,0
330_p3623,no_revision_competencia,no,no_aplica,,no,no,sin_marcador,,0
330_p3627,no_revision_competencia,no,no_aplica,,no,no,sin_marcador,,0
330_p3630,deja_sin_efecto,si,recurrente_gana,recurso_extraordinario,no,si,inadmite,INADMISIBLE_REMITE_DICTAMEN,1
330_p3635,deja_sin_efecto,no,recurrente_gana,recurso_extraordinario,no,si,admite,,1
330_p3640,deja_sin_efecto,si,recurrente_gana,recurso_extraordinario,no,si,admite,,1
330_p3652,no_fondo,no,no_aplica,recurso_extraordinario,no,no,inadmite,ART_280,1
330_p3657,confirma,no,recurrente_pierde,,no,si,inadmite,INADMISIBLE_SIN_CAUSAL_EXPLICITA,1
330_p3659,no_fondo,no,no_aplica,,no,no,sin_marcador,,0
330_p3663,no_fondo,no,no_aplica,,no,no,sin_marcador,,0
330_p3673,confirma,no,recurrente_pierde,recurso_ordinario,no,si,admite,,0
330_p3680,deja_sin_efecto,no,recurrente_gana,recurso_extraordinario,no,si,admite,,0
330_p3685,confirma,no,recurrente_pierde,recurso_extraordinario,no,si,admite,,0
330_p3714,no_fondo,no,no_aplica,recurso_extraordinario,no,no,inadmite,ART_280,1
330_p3722,no_fondo,no,no_aplica,recurso_extraordinario,no,no,inadmite,INADMISIBLE_SIN_CAUSAL_EXPLICITA,0
330_p3723,no_revision_procesal,no,no_aplica,recurso_extraordinario,no,no,inadmite,FALTA_SENTENCIA_DEFINITIVA,1
330_p3725,confirma,no,recurrente_pierde,recurso_extraordinario,no,si,admite,,1
330_p3758,revoca,no,recurrente_gana,recurso_extraordinario,no,si,admite,,1
330_p3764,revoca,no,recurrente_gana,recurso_extraordinario,no,si,admite,,1
330_p3771,no_revision_procesal,no,no_aplica,,no,no,inadmite,INADMISIBLE_SIN_CAUSAL_EXPLICITA,1
330_p3773,no_fondo,no,no_aplica,,no,no,no_aplica,,0
330_p3777,no_fondo,no,no_aplica,,no,no,no_aplica,,0
330_p3784,no_revision_competencia,no,no_aplica,,no,no,sin_marcador,,0
330_p3787,revoca,si,recurrente_gana,recurso_extraordinario,no,si,admite,,0
330_p3793,deja_sin_efecto,si,recurrente_gana,recurso_extraordinario,no,si,admite,,0
330_p3801,confirma,no,recurrente_pierde,recurso_extraordinario,no,si,admite,,0
330_p3836,confirma,no,recurrente_pierde,recurso_extraordinario,no,si,admite,,1
330_p3843,revoca,no,recurrente_gana,recurso_extraordinario,no,si,admite,,1
330_p3848,no_fondo,no,no_aplica,recurso_extraordinario,no,no,inadmite,ART_280,1
330_p3853,revoca,si,recurrente_gana,recurso_extraordinario,no,si,admite,,1
330_p3888,no_fondo,no,no_aplica,,no,no,no_aplica,,0
330_p3893,no_fondo,no,no_aplica,,no,no,inadmite,CUESTION_ABSTRACTA,0
330_p3899,no_revision_procesal,no,no_aplica,,no,no,no_aplica,,0
330_p3904,no_revision_competencia,no,no_aplica,,no,no,sin_marcador,,0
330_p3906,no_revision_competencia,no,no_aplica,,no,no,sin_marcador,,0
330_p3908,no_revision_demanda,no,no_aplica,,no,no,no_aplica,,0
330_p3977,revoca,no,recurrente_gana,recurso_ordinario,no,si,admite,,0
330_p3994,confirma,no,recurrente_pierde,recurso_ordinario,no,si,admite,,0
330_p4000,no_revision_procesal,no,no_aplica,,no,no,sin_marcador,,0
330_p4001,revoca,no,recurrente_gana,recurso_extraordinario,no,si,admite,,0
330_p4015,deja_sin_efecto,si,recurrente_gana,recurso_extraordinario,no,si,admite,,1
330_p4024,revoca,no,recurrente_gana,recurso_extraordinario,no,si,admite,,1
330_p4030,no_fondo,no,no_aplica,recurso_extraordinario,no,no,inadmite,CUESTION_ABSTRACTA,1
330_p4033,deja_sin_efecto,no,recurrente_gana,recurso_extraordinario,no,si,admite,,1
330_p4040,no_fondo,no,no_aplica,,no,no,inadmite,INADMISIBLE_SIN_CAUSAL_EXPLICITA,1
330_p4045,no_fondo,no,no_aplica,recurso_extraordinario,no,no,inadmite,CUESTION_ABSTRACTA,1
330_p4049,deja_sin_efecto,no,recurrente_gana,recurso_extraordinario,no,si,admite,,1
330_p4055,no_fondo,no,no_aplica,,no,no,no_aplica,,0
330_p4062,no_fondo,no,no_aplica,,no,no,no_aplica,,0
330_p4064,no_fondo,no,no_aplica,,no,no,sin_marcador,,0
330_p4071,no_fondo,no,no_aplica,,no,no,sin_marcador,,0
330_p4076,no_revision_procesal,no,no_aplica,,no,no,no_aplica,,0
330_p4081,no_fondo,no,no_aplica,,no,no,sin_marcador,,0
330_p4084,deja_sin_efecto,si,recurrente_gana,recurso_extraordinario,no,si,admite,,0
330_p4090,nulidad_concesion,no,no_aplica,recurso_extraordinario,si,no,sin_marcador,,0
330_p4094,no_fondo,no,no_aplica,recurso_extraordinario,no,no,sin_marcador,,0
330_p4101,no_fondo,no,no_aplica,recurso_extraordinario,no,no,inadmite,INADMISIBLE_SIN_CAUSAL_EXPLICITA,0
330_p4103,revoca,no,recurrente_gana,recurso_extraordinario,no,si,admite,,1
330_p4113,deja_sin_efecto,si,recurrente_gana,recurso_extraordinario,si,si,admite,,1
330_p4129,no_revision_procesal,no,no_aplica,recurso_extraordinario,no,no,admite,,1
330_p4134,no_fondo,no,no_aplica,,no,no,no_aplica,,0
330_p4144,no_revision_demanda,no,no_aplica,,no,no,sin_marcador,,0
330_p4160,confirma,no,recurrente_pierde,recurso_extraordinario,no,si,admite,,0
330_p4170,no_revision_procesal,no,no_aplica,recurso_ordinario,no,no,sin_marcador,,0
330_p4172,revoca,no,recurrente_gana,,no,si,admite,,0
330_p4182,no_fondo,no,no_aplica,recurso_extraordinario,no,no,inadmite,ART_280,0
330_p4195,no_fondo,no,no_aplica,recurso_extraordinario,si,no,inadmite,INADMISIBLE_SIN_CAUSAL_EXPLICITA,0
330_p4199,deja_sin_efecto,si,recurrente_gana,recurso_extraordinario,no,si,admite,,0
330_p4207,deja_sin_efecto,si,recurrente_gana,recurso_extraordinario,no,si,admite,,1
330_p4211,no_fondo,no,no_aplica,recurso_extraordinario,no,no,inadmite,INADMISIBLE_SIN_CAUSAL_EXPLICITA,1
330_p4216,deja_sin_efecto,si,recurrente_gana,recurso_extraordinario,no,si,admite,,1
330_p4226,deja_sin_efecto,si,recurrente_gana,recurso_extraordinario,no,si,admite,,1
330_p4234,no_fondo,no,no_aplica,,no,no,no_aplica,,0
330_p4252,no_revision_procesal,no,no_aplica,,no,no,sin_marcador,,0
330_p4256,no_fondo,no,no_aplica,,no,no,sin_marcador,,0
330_p4260,no_revision_competencia,no,no_aplica,,no,no,sin_marcador,,0
330_p4263,deja_sin_efecto,no,recurrente_gana,recurso_extraordinario,no,si,admite,,1
330_p4313,confirma,no,recurrente_pierde,,no,si,admite,,0
330_p4322,no_fondo,no,no_aplica,recurso_extraordinario,no,no,inadmite,INADMISIBLE_SIN_CAUSAL_EXPLICITA,0
330_p4328,nulidad,no,recurrente_gana,recurso_extraordinario,no,si,admite,,0
330_p4331,confirma,no,recurrente_pierde,recurso_extraordinario,no,si,admite,,1
330_p4337,deja_sin_efecto,no,recurrente_gana,recurso_extraordinario,no,si,admite,,0
330_p4338,deja_sin_efecto,si,recurrente_gana,recurso_extraordinario,no,si,admite,,1
330_p4345,no_fondo,no,no_aplica,recurso_extraordinario,si,no,inadmite,INADMISIBLE_REMITE_DICTAMEN,0
330_p4351,revoca,no,recurrente_gana,recurso_extraordinario,no,si,admite,,0
330_p4354,confirma,no,recurrente_pierde,recurso_extraordinario,no,si,admite,,0
330_p4358,no_revision_procesal,no,no_aplica,recurso_extraordinario,no,no,inadmite,ART_280,1
330_p4364,no_revision_procesal,no,no_aplica,recurso_extraordinario,no,no,admite,,1
330_p4365,no_fondo,no,no_aplica,,no,no,sin_marcador,,0
330_p4368,no_fondo,no,no_aplica,,no,no,sin_marcador,,0
330_p4372,no_fondo,no,no_aplica,recurso_extraordinario,no,no,no_aplica,,0
330_p4389,no_revision_procesal,no,no_aplica,,no,no,sin_marcador,,0
330_p4396,no_revision_procesal,no,no_aplica,,no,no,sin_marcador,,0
330_p4399,revoca,no,recurrente_gana,recurso_extraordinario,no,si,admite,,0
330_p4409,no_revision_procesal,no,no_aplica,,no,no,sin_marcador,,0
330_p4411,no_fondo,no,no_aplica,recurso_extraordinario,no,no,sin_marcador,,0
330_p4413,deja_sin_efecto,si,recurrente_gana,recurso_extraordinario,no,si,admite,,0
330_p4416,deja_sin_efecto,si,recurrente_gana,recurso_extraordinario,no,si,admite,,1
330_p4422,no_fondo,no,no_aplica,recurso_extraordinario,no,no,inadmite,INADMISIBLE_SIN_CAUSAL_EXPLICITA,1
330_p4429,deja_sin_efecto,si,recurrente_gana,recurso_extraordinario,no,si,admite,,1
330_p4435,deja_sin_efecto,si,recurrente_gana,recurso_extraordinario,no,si,admite,,1
330_p4443,no_fondo,no,no_aplica,recurso_extraordinario,no,no,sin_marcador,,0
330_p4445,no_fondo,no,no_aplica,recurso_extraordinario,no,no,inadmite,CUESTION_ABSTRACTA,0
330_p4454,no_fondo,no,no_aplica,recurso_extraordinario,no,no,inadmite,ART_280,1
330_p4459,deja_sin_efecto,si,recurrente_gana,recurso_extraordinario,no,si,admite,,1
330_p4464,no_fondo,no,no_aplica,,no,no,inadmite,INADMISIBLE_SIN_CAUSAL_EXPLICITA,0
330_p4465,deja_sin_efecto,si,recurrente_gana,recurso_extraordinario,no,si,admite,,1
330_p4469,no_fondo,no,no_aplica,,no,no,inadmite,ACORDADA_4_2007,1
330_p4470,no_fondo,no,no_aplica,,no,no,inadmite,INADMISIBLE_SIN_CAUSAL_EXPLICITA,0
330_p4471,nulidad,no,recurrente_gana,,no,si,admite,,1
330_p4476,deja_sin_efecto,si,recurrente_gana,recurso_extraordinario,no,si,admite,,1
330_p4483,no_fondo,no,no_aplica,recurso_extraordinario,no,no,inadmite,ART_280,1
330_p4489,no_fondo,no,no_aplica,recurso_extraordinario,no,no,inadmite,ART_280,1
330_p4498,deja_sin_efecto,si,recurrente_gana,recurso_extraordinario,no,si,admite,,1
330_p4503,no_fondo,no,no_aplica,,no,no,inadmite,ACORDADA_4_2007,1
330_p4504,no_fondo,no,no_aplica,,no,no,inadmite,INADMISIBLE_REMITE_DICTAMEN,1
330_p4509,revoca,si,recurrente_gana,recurso_extraordinario,no,si,admite,,1
330_p4511,no_fondo,no,no_aplica,recurso_extraordinario,no,no,inadmite,ART_280,1
330_p4523,no_fondo,no,no_aplica,,no,no,sin_marcador,,0
330_p4526,no_fondo,no,no_aplica,,no,no,sin_marcador,,0
330_p4528,no_fondo,no,no_aplica,recurso_ordinario,si,no,sin_marcador,,0
330_p4530,no_fondo,no,no_aplica,recurso_extraordinario,no,no,inadmite,ART_280,1
330_p4534,deja_sin_efecto,si,recurrente_gana,recurso_extraordinario,no,si,admite,,0
330_p4539,deja_sin_efecto,si,recurrente_gana,recurso_extraordinario,no,si,admite,,0
330_p4544,deja_sin_efecto,si,recurrente_gana,recurso_extraordinario,no,si,admite,,0
330_p4549,confirma,no,recurrente_pierde,,no,si,inadmite,INADMISIBLE_REMITE_DICTAMEN,1
330_p4554,deja_sin_efecto,si,recurrente_gana,recurso_extraordinario,no,si,admite,,1
330_p4564,no_revision_demanda,no,no_aplica,,no,no,no_aplica,,0
330_p4585,no_fondo,no,no_aplica,,no,no,sin_marcador,,0
330_p4587,no_fondo,no,no_aplica,recurso_extraordinario,no,no,inadmite,ART_280,1
330_p4590,no_fondo,no,no_aplica,,no,no,sin_marcador,,0
330_p4592,deja_sin_efecto,no,recurrente_gana,recurso_ordinario,si,si,admite,,0
330_p4606,no_fondo,no,no_aplica,recurso_extraordinario,no,no,inadmite,INADMISIBLE_SIN_CAUSAL_EXPLICITA,0
330_p4615,confirma,no,recurrente_pierde,,no,si,admite,,0
330_p4632,no_fondo,no,no_aplica,recurso_extraordinario,no,no,inadmite,INADMISIBLE_SIN_CAUSAL_EXPLICITA,0
330_p4633,deja_sin_efecto,si,recurrente_gana,recurso_extraordinario,no,si,admite,,1
330_p4647,deja_sin_efecto,si,recurrente_gana,recurso_extraordinario,no,si,admite,,1
330_p4664,revoca,no,recurrente_gana,recurso_extraordinario,no,si,admite,,1
330_p4669,no_fondo,no,no_aplica,,no,no,no_aplica,,0
330_p4673,no_fondo,no,no_aplica,,no,no,no_aplica,,0
330_p4678,no_fondo,no,no_aplica,,no,no,no_aplica,,0
330_p4682,no_fondo,no,no_aplica,,no,no,no_aplica,,0
330_p4685,revoca,no,recurrente_gana,recurso_ordinario,si,si,admite,,0
330_p4687,revoca,no,recurrente_gana,recurso_ordinario,no,si,admite,,0
330_p4690,revoca,no,recurrente_gana,recurso_ordinario,no,si,admite,,0
330_p4693,no_fondo,no,no_aplica,recurso_extraordinario,no,no,sin_marcador,,0
330_p4697,confirma,no,recurrente_pierde,recurso_extraordinario,si,si,admite,,0
330_p4703,revoca,no,recurrente_gana,recurso_extraordinario,no,si,admite,,0
330_p4706,deja_sin_efecto,si,recurrente_gana,recurso_extraordinario,no,si,admite,,0
330_p4713,confirma,no,recurrente_pierde,recurso_extraordinario,no,si,admite,,0
330_p4721,revoca,no,recurrente_gana,recurso_extraordinario,no,si,admite,,0
330_p4733,no_revision_procesal,no,no_aplica,recurso_extraordinario,no,no,inadmite,INADMISIBLE_SIN_CAUSAL_EXPLICITA,0
330_p4735,deja_sin_efecto,no,recurrente_gana,recurso_extraordinario,no,si,admite,,1
330_p4749,no_fondo,no,no_aplica,recurso_extraordinario,no,no,inadmite,FALTA_SENTENCIA_DEFINITIVA,1
330_p4770,no_fondo,no,no_aplica,,no,no,inadmite,INADMISIBLE_REMITE_DICTAMEN,1
330_p4780,no_revision_competencia,no,no_aplica,,no,no,sin_marcador,,0
330_p4782,no_fondo,no,no_aplica,recurso_ordinario,si,no,sin_marcador,,0
330_p4786,deja_sin_efecto,si,recurrente_gana,recurso_extraordinario,no,si,admite,,1
330_p4788,no_fondo,no,no_aplica,recurso_extraordinario,no,no,inadmite,INADMISIBLE_SIN_CAUSAL_EXPLICITA,0
330_p4790,no_revision_procesal,no,no_aplica,recurso_extraordinario,no,no,inadmite,INADMISIBLE_SIN_CAUSAL_EXPLICITA,0
330_p4792,no_revision_procesal,no,no_aplica,recurso_extraordinario,no,no,inadmite,INADMISIBLE_SIN_CAUSAL_EXPLICITA,0
330_p4794,no_revision_procesal,no,no_aplica,recurso_extraordinario,no,no,inadmite,INADMISIBLE_SIN_CAUSAL_EXPLICITA,0
330_p4796,no_revision_procesal,no,no_aplica,recurso_extraordinario,no,no,inadmite,FALTA_SENTENCIA_DEFINITIVA,1
330_p4797,no_fondo,no,no_aplica,recurso_extraordinario,no,no,inadmite,INADMISIBLE_SIN_CAUSAL_EXPLICITA,1
330_p4804,no_fondo,no,no_aplica,,no,no,no_aplica,,0
330_p4807,no_fondo,no,no_aplica,,no,no,no_aplica,,0
330_p4811,no_revision_procesal,no,no_aplica,,no,no,no_aplica,,0
330_p4820,revoca,no,recurrente_gana,recurso_ordinario,no,si,admite,,0
330_p4824,no_fondo,no,no_aplica,,no,no,sin_marcador,,1
330_p4826,no_fondo,no,no_aplica,,no,no,inadmite,INADMISIBLE_REMITE_DICTAMEN,1
330_p4841,deja_sin_efecto,si,recurrente_gana,recurso_extraordinario,no,si,admite,,1
330_p4848,no_fondo,no,no_aplica,,no,no,no_aplica,,0
330_p4851,no_fondo,no,no_aplica,,no,no,no_aplica,,0
330_p4858,no_revision_procesal,no,no_aplica,,no,no,sin_marcador,,0
330_p4862,confirma,no,recurrente_pierde,recurso_ordinario,si,si,admite,,0
330_p4866,no_fondo,no,no_aplica,recurso_ordinario,si,no,sin_marcador,,0
330_p4875,confirma,no,recurrente_pierde,recurso_extraordinario,no,si,admite,,0
330_p4879,no_fondo,no,no_aplica,,no,no,sin_marcador,,1
330_p4885,no_fondo,no,no_aplica,recurso_extraordinario,no,no,inadmite,ART_280,1
330_p4891,confirma,no,recurrente_pierde,,no,si,admite,,0
330_p4893,no_fondo,no,no_aplica,,no,no,no_aplica,,0
330_p4896,no_revision_competencia,no,no_aplica,,no,no,sin_marcador,,0
330_p4900,confirma,no,recurrente_pierde,recurso_ordinario,no,si,admite,,0
330_p4903,deja_sin_efecto,si,recurrente_gana,recurso_extraordinario,no,si,admite,,1
330_p4909,deja_sin_efecto,si,recurrente_gana,recurso_extraordinario,no,si,admite,,0
330_p4914,no_fondo,no,no_aplica,,no,no,no_aplica,,0
330_p4920,deja_sin_efecto,si,recurrente_gana,recurso_extraordinario,no,si,admite,,1
330_p4925,nulidad,no,recurrente_gana,,no,si,admite,,1
330_p4928,deja_sin_efecto,si,recurrente_gana,recurso_extraordinario,no,si,admite,,1
330_p4930,deja_sin_efecto,si,recurrente_gana,recurso_extraordinario,no,si,admite,,1
330_p4936,revoca,no,recurrente_gana,recurso_extraordinario,no,si,admite,,0
330_p4945,no_fondo,no,no_aplica,,no,no,inadmite,INADMISIBLE_REMITE_DICTAMEN,1
330_p4953,no_fondo,no,no_aplica,,no,no,no_aplica,,0
330_p4960,no_fondo,no,no_aplica,,no,no,sin_marcador,,0
330_p4970,deja_sin_efecto,si,recurrente_gana,recurso_extraordinario,si,si,admite,,1
330_p4983,deja_sin_efecto,si,recurrente_gana,recurso_extraordinario,no,si,admite,,0
330_p4988,confirma,no,recurrente_pierde,recurso_extraordinario,no,si,admite,,0
330_p5010,revoca,no,recurrente_gana,recurso_extraordinario,no,si,admite,,1
330_p5020,deja_sin_efecto,si,recurrente_gana,recurso_extraordinario,no,si,admite,,1
330_p5032,deja_sin_efecto,no,recurrente_gana,recurso_extraordinario,no,si,admite,,0
330_p5052,nulidad,si,recurrente_gana,recurso_extraordinario,no,si,admite,,1
330_p5064,no_fondo,no,no_aplica,recurso_extraordinario,no,no,inadmite,CUESTION_ABSTRACTA,0
330_p5070,no_fondo,no,no_aplica,recurso_extraordinario,no,no,inadmite,CUESTION_ABSTRACTA,0
330_p5082,no_fondo,no,no_aplica,recurso_extraordinario,no,no,inadmite,INADMISIBLE_REMITE_DICTAMEN,0
330_p5088,no_fondo,no,no_aplica,recurso_extraordinario,no,no,inadmite,ART_280,1
330_p5095,no_revision_procesal,no,no_aplica,,no,no,no_aplica,,0
330_p5108,deja_sin_efecto,no,recurrente_gana,recurso_extraordinario,no,si,admite,,0
330_p5111,revoca,no,recurrente_gana,recurso_extraordinario,no,si,admite,,0
330_p5131,no_fondo,no,no_aplica,recurso_extraordinario,no,no,inadmite,ART_280,1
330_p5139,confirma,no,recurrente_pierde,,no,si,admite,,0
330_p5144,no_revision_demanda,no,no_aplica,,no,no,no_aplica,,0
330_p5158,no_fondo,no,no_aplica,recurso_extraordinario,no,no,inadmite,ART_280,0
330_p5187,deja_sin_efecto,si,recurrente_gana,recurso_extraordinario,no,si,admite,,0
330_p5197,deja_sin_efecto,si,recurrente_gana,recurso_extraordinario,no,si,admite,,1
330_p5201,deja_sin_efecto,si,recurrente_gana,recurso_extraordinario,no,si,admite,,1
330_p5205,confirma,no,recurrente_pierde,recurso_extraordinario,no,si,admite,,0
330_p5212,no_fondo,no,no_aplica,recurso_extraordinario,no,no,inadmite,ART_280,1
330_p5224,revoca,no,recurrente_gana,recurso_extraordinario,no,si,admite,,0
330_p5226,no_fondo,no,no_aplica,,no,no,no_aplica,,0
330_p5234,no_revision_competencia,no,no_aplica,,no,no,sin_marcador,,0
330_p5237,confirma,no,recurrente_pierde,recurso_extraordinario,no,si,admite,,0
330_p5245,deja_sin_efecto,no,recurrente_gana,,no,si,admite,,1
330_p5251,revoca,no,recurrente_gana,recurso_extraordinario,no,si,admite,,1
330_p5257,confirma,no,recurrente_pierde,recurso_extraordinario,si,si,admite,,1
330_p5267,no_fondo,no,no_aplica,,no,no,no_aplica,,0
330_p5272,revoca,no,recurrente_gana,recurso_extraordinario,no,si,admite,,1
330_p5279,no_fondo,no,no_aplica,,no,no,no_aplica,,0
330_p5292,no_fondo,no,no_aplica,,no,no,sin_marcador,,0
330_p5294,deja_sin_efecto,si,recurrente_gana,recurso_extraordinario,no,si,admite,,1
330_p5303,revoca,no,recurrente_gana,recurso_ordinario,no,si,admite,,0
330_p5306,no_fondo,no,no_aplica,recurso_ordinario,si,no,sin_marcador,,0
330_p5342,deja_sin_efecto,no,recurrente_gana,recurso_ordinario,no,si,admite,,0
330_p5345,revoca,no,recurrente_gana,recurso_extraordinario,no,si,admite,,1
330_p5404,revoca,no,recurrente_gana,recurso_ordinario,no,si,admite,,0
330_p5425,no_fondo,no,no_aplica,recurso_extraordinario,no,no,inadmite,ART_280,1
330_p5435,deja_sin_efecto,no,recurrente_gana,recurso_extraordinario,no,si,admite,,1
331_p7,no_fondo,no,no_aplica,recurso_extraordinario,no,no,inadmite,ART_280,0
331_p13,deja_sin_efecto,no,recurrente_gana,recurso_extraordinario,no,si,admite,,0
331_p17,no_fondo,no,no_aplica,recurso_extraordinario,no,no,inadmite,FALTA_SENTENCIA_DEFINITIVA,1
331_p28,deja_sin_efecto,si,recurrente_gana,recurso_extraordinario,no,si,admite,,1
331_p31,no_fondo,no,no_aplica,recurso_extraordinario,no,no,inadmite,ART_280,1
331_p36,no_fondo,no,no_aplica,recurso_extraordinario,no,no,inadmite,INADMISIBLE_SIN_CAUSAL_EXPLICITA,1
331_p47,deja_sin_efecto,no,recurrente_gana,recurso_extraordinario,no,si,admite,,1
331_p53,deja_sin_efecto,si,recurrente_gana,recurso_extraordinario,no,si,admite,,1
331_p58,no_revision_competencia,no,no_aplica,,no,no,sin_marcador,,0
331_p60,no_revision_competencia,no,no_aplica,,no,no,sin_marcador,,0
331_p62,no_revision_competencia,no,no_aplica,,no,no,sin_marcador,,0
331_p64,no_revision_competencia,no,no_aplica,,no,no,sin_marcador,,0
331_p66,no_revision_competencia,no,no_aplica,,no,no,sin_marcador,,0
331_p68,no_revision_competencia,no,no_aplica,,no,no,sin_marcador,,0
331_p72,revoca,no,recurrente_gana,recurso_ordinario,no,si,admite,,0
331_p76,revoca,no,recurrente_gana,recurso_ordinario,no,si,admite,,0
331_p77,no_fondo,no,no_aplica,,no,no,no_aplica,,0
331_p80,deja_sin_efecto,si,recurrente_gana,recurso_extraordinario,no,si,admite,,0
331_p87,no_fondo,no,no_aplica,recurso_extraordinario,no,no,sin_marcador,,0
331_p89,revoca,no,recurrente_gana,recurso_extraordinario,no,si,admite,,1
331_p93,no_revision_procesal,no,no_aplica,,no,no,inadmite,INADMISIBLE_SIN_CAUSAL_EXPLICITA,1
331_p95,no_revision_procesal,no,no_aplica,recurso_extraordinario,no,no,admite,,1
331_p96,revoca,no,recurrente_gana,recurso_extraordinario,no,si,admite,,1
331_p100,no_revision_demanda,no,no_aplica,recurso_extraordinario,no,no,admite,,1
331_p104,no_fondo,no,no_aplica,recurso_extraordinario,no,no,inadmite,INADMISIBLE_SIN_CAUSAL_EXPLICITA,1
331_p108,no_fondo,no,no_aplica,,no,no,no_aplica,,0
331_p116,no_fondo,no,no_aplica,,no,no,sin_marcador,,0
331_p121,confirma,no,recurrente_pierde,recurso_ordinario,no,si,admite,,0
331_p123,revoca,no,recurrente_gana,recurso_ordinario,no,si,admite,,0
331_p125,no_fondo,no,no_aplica,recurso_extraordinario,no,no,sin_marcador,,0
331_p127,confirma,no,recurrente_pierde,recurso_extraordinario,no,si,admite,,0
331_p132,no_fondo,no,no_aplica,recurso_extraordinario,no,no,inadmite,ART_280,0
331_p144,deja_sin_efecto,si,recurrente_gana,recurso_extraordinario,no,si,admite,,1
331_p147,revoca,no,recurrente_gana,recurso_extraordinario,no,si,admite,,1
331_p162,deja_sin_efecto,si,recurrente_gana,recurso_extraordinario,no,si,admite,,1
331_p183,no_revision_demanda,no,no_aplica,,no,no,no_aplica,,0
331_p194,no_fondo,no,no_aplica,,no,no,no_aplica,,0
331_p202,no_fondo,no,no_aplica,,no,no,no_aplica,,0
331_p211,no_fondo,no,no_aplica,,no,no,sin_marcador,,0
331_p230,no_revision_competencia,no,no_aplica,,no,no,sin_marcador,,0
331_p232,confirma,no,recurrente_pierde,recurso_ordinario,no,si,admite,,0
331_p238,confirma,no,recurrente_pierde,recurso_ordinario,no,si,admite,,0
331_p240,revoca,no,recurrente_gana,recurso_ordinario,no,si,admite,,0
331_p241,nulidad,si,recurrente_gana,recurso_extraordinario,no,si,admite,,0
331_p250,deja_sin_efecto,si,recurrente_gana,recurso_extraordinario,no,si,admite,,0
331_p262,deja_sin_efecto,si,recurrente_gana,recurso_extraordinario,no,si,admite,,0
331_p266,no_fondo,no,no_aplica,recurso_extraordinario,no,no,inadmite,ART_280,1
331_p281,no_fondo,no,no_aplica,recurso_extraordinario,no,no,inadmite,ART_280,1
331_p287,no_fondo,no,no_aplica,recurso_extraordinario,no,no,admite,,1
331_p293,deja_sin_efecto,si,recurrente_gana,recurso_extraordinario,no,si,admite,,1
331_p299,revoca,si,recurrente_gana,recurso_extraordinario,no,si,admite,,1
331_p303,no_fondo,no,no_aplica,recurso_extraordinario,no,no,inadmite,ART_280,1
331_p310,no_revision_demanda,no,no_aplica,,no,no,no_aplica,,0
331_p322,no_fondo,no,no_aplica,,no,no,no_aplica,,0
331_p337,no_revision_demanda,no,no_aplica,,no,no,no_aplica,,0
331_p352,no_fondo,no,no_aplica,,no,no,sin_marcador,,0
331_p355,no_revision_procesal,no,no_aplica,,no,no,sin_marcador,,0
331_p357,no_revision_competencia,no,no_aplica,,no,no,sin_marcador,,0
331_p360,no_revision_competencia,no,no_aplica,,no,no,sin_marcador,,0
331_p364,no_revision_competencia,no,no_aplica,recurso_extraordinario,no,no,no_aplica,,0
331_p368,no_revision_competencia,no,no_aplica,,no,no,sin_marcador,,0
331_p371,revoca,no,recurrente_gana,recurso_ordinario,no,si,admite,,0
331_p373,deja_sin_efecto,si,recurrente_gana,recurso_extraordinario,no,si,inadmite,INADMISIBLE_REMITE_DICTAMEN,1
331_p379,deja_sin_efecto,no,recurrente_gana,recurso_extraordinario,no,si,admite,,1
331_p382,no_fondo,no,no_aplica,recurso_extraordinario,no,no,no_aplica,,0
331_p391,no_fondo,no,no_aplica,,no,no,sin_marcador,,0
331_p400,no_revision_demanda,no,no_aplica,,no,no,no_aplica,,0
331_p410,no_fondo,no,no_aplica,,no,no,no_aplica,,0
331_p415,deja_sin_efecto,si,recurrente_gana,recurso_extraordinario,no,si,admite,,0
331_p419,no_revision_procesal,no,no_aplica,recurso_extraordinario,no,no,inadmite,INADMISIBLE_SIN_CAUSAL_EXPLICITA,0
331_p422,no_fondo,no,no_aplica,,no,no,inadmite,INADMISIBLE_SIN_CAUSAL_EXPLICITA,1
331_p423,deja_sin_efecto,no,recurrente_gana,recurso_extraordinario,no,si,admite,,1
331_p427,no_revision_competencia,no,no_aplica,,no,no,sin_marcador,,0
331_p430,revoca,no,recurrente_gana,recurso_ordinario,no,si,admite,,0
331_p432,revoca,no,recurrente_gana,recurso_ordinario,no,si,admite,,0
331_p434,no_revision_procesal,no,no_aplica,recurso_extraordinario,no,no,admite,,1
331_p436,no_fondo,no,no_aplica,,no,no,sin_marcador,,0
331_p439,no_fondo,no,no_aplica,,no,no,sin_marcador,,0
331_p446,confirma,no,recurrente_pierde,,no,si,admite,,0
331_p453,confirma,no,recurrente_pierde,recurso_extraordinario,no,si,admite,,0
331_p462,revoca,no,recurrente_gana,recurso_extraordinario,no,si,admite,,0
331_p466,deja_sin_efecto,si,recurrente_gana,recurso_extraordinario,no,si,admite,,1
331_p472,deja_sin_efecto,si,recurrente_gana,recurso_extraordinario,no,si,admite,,1
331_p477,deja_sin_efecto,no,recurrente_gana,recurso_extraordinario,no,si,admite,,1
331_p488,deja_sin_efecto,si,recurrente_gana,recurso_extraordinario,no,si,admite,,1
331_p496,deja_sin_efecto,si,recurrente_gana,recurso_extraordinario,no,si,admite,,1
331_p499,deja_sin_efecto,si,recurrente_gana,recurso_extraordinario,no,si,admite,,1
331_p505,confirma,no,recurrente_pierde,recurso_ordinario,no,si,admite,,0
331_p519,deja_sin_efecto,si,recurrente_gana,recurso_extraordinario,no,si,admite,,0
331_p525,no_fondo,no,no_aplica,recurso_extraordinario,no,no,inadmite,ART_280,1
331_p530,no_revision_demanda,no,no_aplica,recurso_extraordinario,si,no,inadmite,ART_280,1
331_p536,confirma,no,recurrente_pierde,recurso_extraordinario,no,si,admite,,1
331_p548,no_fondo,no,no_aplica,,no,no,sin_marcador,,0
331_p549,confirma,no,recurrente_pierde,recurso_extraordinario,no,si,admite,,0
331_p563,no_fondo,no,no_aplica,recurso_extraordinario,no,no,inadmite,INADMISIBLE_REMITE_DICTAMEN,0
331_p570,deja_sin_efecto,si,recurrente_gana,recurso_extraordinario,no,si,admite,,1
331_p583,deja_sin_efecto,si,recurrente_gana,recurso_extraordinario,no,si,admite,,1
331_p588,no_fondo,no,no_aplica,recurso_extraordinario,no,no,inadmite,ART_280,1
331_p592,deja_sin_efecto,si,recurrente_gana,recurso_extraordinario,no,si,admite,,1
331_p597,no_fondo,no,no_aplica,recurso_extraordinario,no,no,inadmite,INADMISIBLE_SIN_CAUSAL_EXPLICITA,1
331_p600,deja_sin_efecto,si,recurrente_gana,recurso_extraordinario,no,si,admite,,1
331_p608,confirma,no,recurrente_pierde,recurso_ordinario,no,si,admite,,0
331_p622,no_fondo,no,no_aplica,recurso_extraordinario,no,no,inadmite,ART_280,1
331_p632,revoca,si,recurrente_gana,recurso_extraordinario,no,si,admite,,1
331_p636,no_fondo,no,no_aplica,recurso_extraordinario,no,no,inadmite,ART_280,1
331_p699,no_fondo,no,no_aplica,,no,no,no_aplica,,0
331_p710,no_fondo,no,no_aplica,,no,no,no_aplica,,0
331_p718,no_revision_demanda,no,no_aplica,,no,no,sin_marcador,,0
331_p735,revoca,si,recurrente_gana,recurso_extraordinario,no,si,admite,,1
331_p744,no_revision_competencia,no,no_aplica,,no,no,sin_marcador,,0
331_p748,no_revision_competencia,no,no_aplica,,no,no,sin_marcador,,0
331_p752,no_revision_competencia,no,no_aplica,,no,no,sin_marcador,,0
331_p756,no_revision_competencia,no,no_aplica,,no,no,sin_marcador,,0
331_p760,no_revision_competencia,no,no_aplica,,no,no,sin_marcador,,0
331_p765,deja_sin_efecto,si,recurrente_gana,recurso_extraordinario,no,si,admite,,1
331_p769,no_fondo,no,no_aplica,,no,no,sin_marcador,,0
331_p776,deja_sin_efecto,no,recurrente_gana,recurso_extraordinario,no,si,admite,,1
331_p781,revoca,no,recurrente_gana,recurso_extraordinario,si,si,admite,,1
331_p789,no_fondo,no,no_aplica,recurso_extraordinario,no,no,inadmite,ART_280,1
331_p793,no_fondo,no,no_aplica,,no,no,no_aplica,,0
331_p804,deja_sin_efecto,si,recurrente_gana,recurso_extraordinario,no,si,admite,,0
331_p809,no_fondo,no,no_aplica,recurso_extraordinario,no,no,inadmite,INADMISIBLE_SIN_CAUSAL_EXPLICITA,0
331_p810,no_fondo,no,no_aplica,recurso_extraordinario,no,no,inadmite,INADMISIBLE_SIN_CAUSAL_EXPLICITA,1
331_p819,deja_sin_efecto,no,recurrente_gana,recurso_extraordinario,no,si,admite,,1
331_p831,deja_sin_efecto,no,recurrente_gana,recurso_extraordinario,no,si,admite,,1
331_p843,revoca,no,recurrente_gana,recurso_extraordinario,no,si,admite,,1
331_p846,no_fondo,no,no_aplica,,no,no,sin_marcador,,0
331_p851,no_revision_competencia,no,no_aplica,,no,no,sin_marcador,,0
331_p854,no_revision_competencia,no,no_aplica,,no,no,sin_marcador,,0
331_p856,no_revision_competencia,no,no_aplica,,no,no,sin_marcador,,0
331_p858,deja_sin_efecto,si,recurrente_gana,recurso_extraordinario,no,si,admite,,1
331_p866,revoca,no,recurrente_gana,recurso_extraordinario,no,si,admite,,0
331_p881,confirma,no,recurrente_pierde,recurso_ordinario,no,si,admite,,0
331_p886,no_fondo,no,no_aplica,recurso_extraordinario,no,no,inadmite,INADMISIBLE_REMITE_DICTAMEN,0
331_p901,confirma,si,recurrente_pierde,recurso_extraordinario,no,si,admite,,0
331_p916,confirma,no,recurrente_pierde,recurso_extraordinario,no,si,admite,,0
331_p923,deja_sin_efecto,si,recurrente_gana,recurso_extraordinario,no,si,admite,,0
331_p926,revoca,no,recurrente_gana,recurso_extraordinario,no,si,admite,,1
331_p933,deja_sin_efecto,no,recurrente_gana,recurso_extraordinario,no,si,admite,,1
331_p941,deja_sin_efecto,si,recurrente_gana,recurso_extraordinario,no,si,admite,,1
331_p964,deja_sin_efecto,no,recurrente_gana,recurso_extraordinario,no,si,admite,,1
331_p973,revoca,si,recurrente_gana,recurso_extraordinario,no,si,admite,,1
331_p978,no_fondo,no,no_aplica,recurso_extraordinario,no,no,inadmite,ART_280,1
331_p989,no_revision_competencia,no,no_aplica,recurso_extraordinario,no,no,admite,,1
331_p994,no_revision_procesal,no,no_aplica,,no,no,inadmite,INADMISIBLE_SIN_CAUSAL_EXPLICITA,0
331_p1004,no_revision_competencia,no,no_aplica,,no,no,sin_marcador,,0
331_p1007,revoca,no,recurrente_gana,recurso_ordinario,no,si,admite,,0
331_p1013,revoca,no,recurrente_gana,recurso_extraordinario,no,si,admite,,0
331_p1024,revoca,no,recurrente_gana,recurso_extraordinario,no,si,admite,,1
331_p1028,no_fondo,no,no_aplica,,no,no,sin_marcador,,0
331_p1036,confirma,no,recurrente_pierde,recurso_extraordinario,no,si,inadmite,INADMISIBLE_REMITE_DICTAMEN,0
331_p1040,revoca,no,recurrente_gana,recurso_extraordinario,no,si,admite,,0
331_p1085,no_fondo,no,no_aplica,recurso_extraordinario,no,no,inadmite,ART_280,1
331_p1090,deja_sin_efecto,si,recurrente_gana,recurso_extraordinario,no,si,admite,,1
331_p1099,no_fondo,no,no_aplica,,no,no,inadmite,INADMISIBLE_REMITE_DICTAMEN,1
331_p1105,revoca,no,recurrente_gana,recurso_extraordinario,no,si,admite,,1
331_p1108,no_revision_procesal,no,no_aplica,,no,no,inadmite,INADMISIBLE_REMITE_DICTAMEN,1
331_p1116,confirma,no,recurrente_pierde,recurso_ordinario,no,si,admite,,0
331_p1120,revoca,no,recurrente_gana,,no,si,admite,,0
331_p1123,revoca,no,recurrente_gana,recurso_extraordinario,no,si,admite,,0
331_p1171,confirma,no,recurrente_pierde,recurso_ordinario,no,si,admite,,0
331_p1176,no_fondo,no,no_aplica,recurso_extraordinario,no,no,inadmite,ART_280,1
331_p1178,deja_sin_efecto,no,recurrente_gana,recurso_extraordinario,no,si,admite,,1
331_p1186,revoca,si,recurrente_gana,recurso_extraordinario,no,si,admite,,1
331_p1199,no_fondo,no,no_aplica,,no,no,no_aplica,,0
331_p1212,revoca,no,recurrente_gana,recurso_ordinario,si,si,admite,,0
331_p1215,revoca,no,recurrente_gana,recurso_extraordinario,no,si,admite,,1
331_p1224,no_revision_competencia,no,no_aplica,,no,no,sin_marcador,,0
331_p1227,no_fondo,no,no_aplica,,no,no,sin_marcador,,0
331_p1231,no_revision_competencia,no,no_aplica,,no,no,sin_marcador,,0
331_p1234,no_revision_demanda,no,no_aplica,,no,no,no_aplica,,0
331_p1243,no_fondo,no,no_aplica,,no,no,no_aplica,,0
331_p1255,deja_sin_efecto,si,recurrente_gana,recurso_extraordinario,no,si,inadmite,INADMISIBLE_SIN_CAUSAL_EXPLICITA,1
331_p1262,no_revision_demanda,no,no_aplica,recurso_extraordinario,no,no,no_aplica,,0
331_p1282,modifica,no,parcial,recurso_extraordinario,no,si,admite,,0
331_p1284,confirma,no,recurrente_pierde,,no,si,admite,,0
331_p1287,no_fondo,no,no_aplica,recurso_extraordinario,no,no,inadmite,ART_280,1
331_p1293,no_fondo,no,no_aplica,recurso_extraordinario,no,no,inadmite,INADMISIBLE_SIN_CAUSAL_EXPLICITA,1
331_p1302,no_revision_procesal,no,no_aplica,,no,no,no_aplica,,0
331_p1312,no_fondo,no,no_aplica,,no,no,no_aplica,,0
331_p1329,revoca,no,recurrente_gana,recurso_ordinario,si,si,admite,,0
331_p1332,no_revision_competencia,no,no_aplica,,no,no,sin_marcador,,0
331_p1336,no_revision_competencia,no,no_aplica,,no,no,sin_marcador,,0
331_p1344,no_revision_competencia,no,no_aplica,,no,no,sin_marcador,,0
331_p1352,confirma,no,recurrente_pierde,,no,si,admite,,0
331_p1364,no_revision_demanda,no,no_aplica,,no,no,inadmite,INADMISIBLE_SIN_CAUSAL_EXPLICITA,0
331_p1369,deja_sin_efecto,si,recurrente_gana,recurso_extraordinario,no,si,admite,,0
331_p1382,confirma,no,recurrente_pierde,recurso_extraordinario,no,si,admite,,0
331_p1387,deja_sin_efecto,no,recurrente_gana,recurso_extraordinario,no,si,admite,,1
331_p1397,no_fondo,no,no_aplica,,no,no,sin_marcador,,0
331_p1399,revoca,no,recurrente_gana,recurso_ordinario,no,si,admite,,0
331_p1403,revoca,no,recurrente_gana,recurso_extraordinario,no,si,admite,,0
331_p1412,no_revision_demanda,no,no_aplica,,no,no,no_aplica,,0
331_p1427,no_fondo,no,no_aplica,,no,no,no_aplica,,0
331_p1429,no_fondo,no,no_aplica,recurso_extraordinario,no,no,inadmite,CUESTION_ABSTRACTA,0
331_p1432,confirma,no,recurrente_pierde,recurso_extraordinario,no,no,inadmite,INADMISIBLE_SIN_CAUSAL_EXPLICITA,0
331_p1434,confirma,no,recurrente_pierde,recurso_ordinario,no,si,admite,,0
331_p1441,no_revision_procesal,no,no_aplica,recurso_extraordinario,no,no,admite,,1
331_p1449,revoca,si,recurrente_gana,recurso_extraordinario,no,si,admite,,0
331_p1455,no_fondo,no,no_aplica,recurso_extraordinario,no,no,inadmite,ART_280,1
331_p1468,deja_sin_efecto,si,recurrente_gana,recurso_extraordinario,no,si,admite,,1
331_p1478,revoca,no,recurrente_gana,recurso_ordinario,no,si,admite,,0
331_p1481,deja_sin_efecto,si,recurrente_gana,recurso_extraordinario,no,si,admite,,0
331_p1486,no_revision_competencia,no,no_aplica,,no,no,sin_marcador,,0
331_p1488,revoca,si,recurrente_gana,recurso_extraordinario,no,si,admite,,1
331_p1496,revoca,no,recurrente_gana,recurso_extraordinario,no,si,admite,,0
331_p1500,no_fondo,no,no_aplica,,no,no,no_aplica,,0
331_p1502,deja_sin_efecto,si,recurrente_gana,recurso_extraordinario,si,si,admite,,1
331_p1510,confirma,no,recurrente_pierde,recurso_extraordinario,no,si,admite,,0
331_p1516,no_revision_procesal,no,no_aplica,recurso_extraordinario,no,no,admite,,1
331_p1519,deja_sin_efecto,si,recurrente_gana,recurso_extraordinario,no,si,admite,,1
331_p1524,no_revision_competencia,no,no_aplica,,no,no,sin_marcador,,0
331_p1528,confirma,no,recurrente_pierde,recurso_ordinario,no,si,admite,,0
331_p1530,revoca,no,recurrente_gana,recurso_extraordinario,no,si,inadmite,INADMISIBLE_REMITE_DICTAMEN,1
331_p1581,no_fondo,no,no_aplica,recurso_ordinario,no,no,sin_marcador,,0
331_p1583,no_fondo,no,no_aplica,recurso_extraordinario,no,no,sin_marcador,,0
331_p1592,no_fondo,no,no_aplica,recurso_extraordinario,no,no,inadmite,INADMISIBLE_SIN_CAUSAL_EXPLICITA,0
331_p1596,deja_sin_efecto,si,recurrente_gana,recurso_extraordinario,no,si,admite,,1
331_p1605,deja_sin_efecto,no,recurrente_gana,recurso_extraordinario,no,si,admite,,1
331_p1611,no_fondo,no,no_aplica,,no,no,no_aplica,,0
331_p1620,confirma,no,recurrente_pierde,recurso_ordinario,si,si,admite,,0
331_p1622,no_fondo,no,no_aplica,,no,no,no_aplica,,0
331_p1646,deja_sin_efecto,si,recurrente_gana,recurso_extraordinario,no,si,admite,,0
331_p1651,revoca,no,recurrente_gana,recurso_ordinario,no,si,admite,,0
331_p1654,no_fondo,no,no_aplica,,no,no,inadmite,INADMISIBLE_SIN_CAUSAL_EXPLICITA,0
331_p1655,no_fondo,no,no_aplica,,no,no,inadmite,INADMISIBLE_SIN_CAUSAL_EXPLICITA,1
331_p1658,revoca,no,recurrente_gana,recurso_ordinario,no,si,admite,,0
331_p1660,deja_sin_efecto,si,recurrente_gana,recurso_extraordinario,no,si,admite,,1
331_p1664,deja_sin_efecto,no,recurrente_gana,recurso_extraordinario,no,si,admite,,1
331_p1672,no_fondo,no,no_aplica,recurso_extraordinario,no,no,inadmite,INADMISIBLE_SIN_CAUSAL_EXPLICITA,1
331_p1674,no_revision_competencia,no,no_aplica,,no,no,sin_marcador,,0
331_p1676,no_fondo,no,no_aplica,,no,no,no_aplica,,0
331_p1679,no_fondo,no,no_aplica,,no,no,no_aplica,,0
331_p1690,no_revision_demanda,no,no_aplica,,no,no,sin_marcador,,0
331_p1701,no_revision_demanda,no,no_aplica,,no,no,no_aplica,,0
331_p1712,confirma,no,recurrente_pierde,recurso_extraordinario,no,si,admite,,0
331_p1715,revoca,no,recurrente_gana,recurso_extraordinario,no,si,admite,,1
331_p1730,confirma,no,recurrente_pierde,recurso_ordinario,no,si,admite,,0
331_p1744,revoca,no,recurrente_gana,recurso_extraordinario,no,si,admite,,1
331_p1750,no_fondo,no,no_aplica,,no,no,no_aplica,,0
331_p1755,deja_sin_efecto,si,recurrente_gana,recurso_extraordinario,no,si,admite,,1
331_p1765,revoca,si,recurrente_gana,recurso_extraordinario,no,si,admite,,0
331_p1771,confirma,no,recurrente_pierde,recurso_extraordinario,no,si,admite,,0
331_p1784,deja_sin_efecto,si,recurrente_gana,recurso_extraordinario,no,si,admite,,1
331_p1804,no_fondo,no,no_aplica,recurso_extraordinario,no,no,inadmite,ART_280,1
331_p1815,revoca,si,recurrente_gana,recurso_extraordinario,no,si,admite,,0
331_p1846,revoca,no,recurrente_gana,recurso_extraordinario,no,si,admite,,0
331_p1854,no_revision_competencia,no,no_aplica,,no,no,sin_marcador,,0
331_p1859,no_revision_competencia,no,no_aplica,,no,no,sin_marcador,,0
331_p1865,deja_sin_efecto,si,recurrente_gana,recurso_extraordinario,no,si,admite,,1
331_p1869,no_fondo,no,no_aplica,recurso_extraordinario,no,no,inadmite,CUESTION_ABSTRACTA,1
331_p1873,revoca,no,recurrente_gana,recurso_ordinario,si,si,admite,,0
331_p1890,modifica,no,parcial,recurso_extraordinario,no,si,admite,,0
331_p1900,no_revision_competencia,no,no_aplica,,no,no,sin_marcador,,0
331_p1906,nulidad,si,recurrente_gana,recurso_extraordinario,no,si,admite,,0
331_p1910,no_fondo,si,no_aplica,,no,no,sin_marcador,,0
331_p1917,confirma,si,recurrente_pierde,recurso_extraordinario,si,si,admite,,0
331_p1927,no_fondo,no,no_aplica,recurso_extraordinario,no,no,inadmite,ART_280,0
331_p1942,revoca,no,recurrente_gana,recurso_extraordinario,si,si,admite,,0
331_p1985,no_revision_procesal,no,no_aplica,,no,no,inadmite,INADMISIBLE_SIN_CAUSAL_EXPLICITA,0
331_p1987,confirma,no,recurrente_pierde,recurso_extraordinario,no,si,admite,,0
331_p2002,revoca,no,recurrente_gana,,no,si,admite,,0
331_p2006,confirma,no,recurrente_pierde,recurso_extraordinario,no,si,admite,,0
331_p2047,revoca,no,recurrente_gana,recurso_extraordinario,si,si,admite,,1
331_p2068,revoca,no,recurrente_gana,recurso_extraordinario,no,si,admite,,1
331_p2077,deja_sin_efecto,si,recurrente_gana,recurso_extraordinario,no,si,admite,,1
331_p2088,revoca,no,recurrente_gana,recurso_extraordinario,si,si,admite,,0
331_p2094,revoca,no,recurrente_gana,recurso_extraordinario,no,si,admite,,0
331_p2099,no_fondo,no,no_aplica,,no,no,no_aplica,,0
331_p2104,revoca,si,recurrente_gana,,no,si,admite,,0
331_p2109,deja_sin_efecto,si,recurrente_gana,recurso_extraordinario,no,si,admite,,1
331_p2119,revoca,si,recurrente_gana,recurso_extraordinario,no,no,admite,,1
331_p2129,deja_sin_efecto,no,recurrente_gana,recurso_extraordinario,no,si,admite,,1
331_p2135,revoca,no,recurrente_gana,recurso_extraordinario,no,si,admite,,1
331_p2149,no_fondo,no,no_aplica,recurso_extraordinario,no,no,inadmite,FALTA_FUNDAMENTACION_AUTONOMA,1
331_p2156,no_fondo,no,no_aplica,recurso_extraordinario,no,no,inadmite,INADMISIBLE_SIN_CAUSAL_EXPLICITA,1
331_p2163,revoca,no,recurrente_gana,recurso_ordinario,no,si,admite,,0
331_p2166,revoca,no,recurrente_gana,recurso_ordinario,si,si,admite,,0
331_p2169,deja_sin_efecto,si,recurrente_gana,recurso_extraordinario,no,si,admite,,0
331_p2174,deja_sin_efecto,si,recurrente_gana,recurso_extraordinario,no,si,admite,,1
331_p2178,no_revision_demanda,no,no_aplica,,no,no,no_aplica,,0
331_p2195,deja_sin_efecto,si,recurrente_gana,recurso_extraordinario,no,si,admite,,1
331_p2202,no_fondo,no,no_aplica,,no,no,inadmite,INADMISIBLE_REMITE_DICTAMEN,0
331_p2217,deja_sin_efecto,si,recurrente_gana,recurso_extraordinario,no,si,admite,,0
331_p2223,no_revision_procesal,no,no_aplica,recurso_extraordinario,si,no,sin_marcador,,0
331_p2231,deja_sin_efecto,si,recurrente_gana,recurso_extraordinario,no,si,admite,,1
331_p2237,no_fondo,no,no_aplica,,no,no,sin_marcador,,0
331_p2240,confirma,no,recurrente_pierde,recurso_ordinario,no,si,admite,,0
331_p2246,revoca,no,recurrente_gana,recurso_ordinario,no,si,admite,,0
331_p2249,confirma,no,recurrente_pierde,,no,si,admite,,0
331_p2257,confirma,no,recurrente_pierde,recurso_extraordinario,no,si,admite,,0
331_p2266,revoca,no,recurrente_gana,recurso_extraordinario,no,si,admite,,0
331_p2271,deja_sin_efecto,si,recurrente_gana,recurso_extraordinario,no,si,admite,,0
331_p2280,nulidad,no,recurrente_gana,recurso_extraordinario,no,si,admite,,0
331_p2283,no_fondo,no,no_aplica,,no,no,inadmite,INADMISIBLE_SIN_CAUSAL_EXPLICITA,0
331_p2285,deja_sin_efecto,no,recurrente_gana,recurso_extraordinario,no,si,admite,,1
331_p2287,no_fondo,no,no_aplica,,no,no,inadmite,INADMISIBLE_SIN_CAUSAL_EXPLICITA,0
331_p2290,no_fondo,no,no_aplica,,no,no,no_aplica,,0
331_p2293,confirma,no,recurrente_pierde,recurso_ordinario,no,si,admite,,0
331_p2298,revoca,no,recurrente_gana,,no,si,admite,,0
331_p2302,deja_sin_efecto,no,recurrente_gana,recurso_extraordinario,no,si,admite,,0
331_p2305,revoca,no,recurrente_gana,recurso_extraordinario,no,si,admite,,0
331_p2309,no_fondo,no,no_aplica,recurso_extraordinario,no,no,inadmite,CUESTION_ABSTRACTA,0
331_p2316,revoca,no,recurrente_gana,recurso_extraordinario,si,si,admite,,0
331_p2319,deja_sin_efecto,si,recurrente_gana,recurso_extraordinario,no,si,admite,,0
331_p2325,revoca,no,recurrente_gana,recurso_extraordinario,no,si,admite,,0
331_p2331,nulidad,no,recurrente_gana,recurso_ordinario,no,si,admite,,1
331_p2336,deja_sin_efecto,si,recurrente_gana,recurso_extraordinario,no,si,admite,,1
331_p2343,deja_sin_efecto,si,recurrente_gana,recurso_extraordinario,no,si,admite,,1
331_p2353,confirma,no,recurrente_pierde,recurso_ordinario,si,si,admite,,0
331_p2359,confirma,no,recurrente_pierde,recurso_ordinario,no,si,admite,,0
331_p2363,revoca,no,recurrente_gana,,no,si,admite,,0
331_p2366,revoca,no,recurrente_gana,recurso_ordinario,si,si,admite,,1
331_p2376,no_revision_procesal,no,no_aplica,,no,no,inadmite,ART_280,0
331_p2382,revoca,no,recurrente_gana,recurso_extraordinario,no,si,admite,,0
331_p2406,confirma,no,recurrente_pierde,recurso_extraordinario,no,si,admite,,0
331_p2449,revoca,no,recurrente_gana,recurso_extraordinario,no,si,admite,,0
331_p2453,revoca,no,recurrente_gana,recurso_extraordinario,no,si,admite,,0
331_p2462,no_revision_procesal,no,no_aplica,recurso_extraordinario,no,no,inadmite,INADMISIBLE_SIN_CAUSAL_EXPLICITA,1
331_p2466,revoca,no,recurrente_gana,recurso_extraordinario,no,si,admite,,1
331_p2470,no_fondo,no,no_aplica,recurso_extraordinario,no,no,inadmite,CUESTION_ABSTRACTA,1
331_p2473,deja_sin_efecto,si,recurrente_gana,recurso_extraordinario,no,si,admite,,1
331_p2480,deja_sin_efecto,si,recurrente_gana,recurso_extraordinario,no,si,admite,,1
331_p2485,confirma,no,recurrente_pierde,recurso_extraordinario,no,si,admite,,0
331_p2491,revoca,no,recurrente_gana,recurso_extraordinario,no,si,admite,,0
331_p2494,deja_sin_efecto,si,recurrente_gana,recurso_extraordinario,no,si,admite,,0
331_p2499,revoca,si,recurrente_gana,recurso_extraordinario,no,si,admite,,1
331_p2515,no_fondo,no,no_aplica,recurso_extraordinario,no,no,inadmite,ART_280,1
331_p2520,deja_sin_efecto,si,recurrente_gana,recurso_extraordinario,no,si,admite,,1
331_p2526,no_revision_competencia,no,no_aplica,,no,no,no_aplica,,0
331_p2528,no_fondo,no,no_aplica,,no,no,no_aplica,,0
331_p2534,no_fondo,no,no_aplica,,no,no,no_aplica,,0
331_p2538,confirma,no,recurrente_pierde,recurso_ordinario,si,si,admite,,0
331_p2545,no_fondo,no,no_aplica,recurso_extraordinario,no,no,inadmite,INADMISIBLE_REMITE_DICTAMEN,1
331_p2550,revoca,no,recurrente_gana,recurso_ordinario,no,si,admite,,0
331_p2561,no_fondo,no,no_aplica,,no,no,sin_marcador,,0
331_p2562,confirma,no,recurrente_pierde,recurso_extraordinario,no,si,admite,,0
331_p2567,confirma,no,recurrente_pierde,recurso_extraordinario,no,si,admite,,0
331_p2573,deja_sin_efecto,si,recurrente_gana,recurso_extraordinario,no,si,admite,,0
331_p2578,deja_sin_efecto,si,recurrente_gana,recurso_extraordinario,no,si,admite,,0
331_p2583,nulidad,si,recurrente_gana,recurso_extraordinario,no,si,admite,,0
331_p2586,confirma,no,recurrente_pierde,recurso_extraordinario,no,si,admite,,0
331_p2590,deja_sin_efecto,si,recurrente_gana,recurso_extraordinario,no,si,admite,,1
331_p2603,deja_sin_efecto,si,recurrente_gana,recurso_extraordinario,no,si,admite,,1
331_p2608,deja_sin_efecto,si,recurrente_gana,recurso_extraordinario,no,si,admite,,0
331_p2614,no_fondo,no,no_aplica,recurso_extraordinario,no,no,inadmite,ART_280,0
331_p2621,confirma,no,recurrente_pierde,recurso_extraordinario,no,si,admite,,0
331_p2628,no_fondo,no,no_aplica,recurso_extraordinario,no,no,admite,,0
331_p2633,confirma,no,recurrente_pierde,recurso_extraordinario,no,si,admite,,0
331_p2638,no_fondo,no,no_aplica,,no,no,no_aplica,,0
331_p2649,confirma,no,recurrente_pierde,recurso_ordinario,no,si,admite,,0
331_p2652,revoca,no,recurrente_gana,recurso_extraordinario,no,si,admite,,0
331_p2656,no_fondo,no,no_aplica,recurso_extraordinario,no,no,inadmite,INADMISIBLE_REMITE_DICTAMEN,0
331_p2663,confirma,no,recurrente_pierde,recurso_extraordinario,no,si,admite,,0
331_p2672,deja_sin_efecto,no,recurrente_gana,recurso_extraordinario,no,si,admite,,1
331_p2685,revoca,no,recurrente_gana,recurso_extraordinario,si,si,admite,,1
331_p2691,revoca,no,recurrente_gana,recurso_extraordinario,no,si,admite,,1
331_p2715,revoca,si,recurrente_gana,recurso_extraordinario,no,si,admite,,1
331_p2720,no_revision_competencia,no,no_aplica,,no,no,sin_marcador,,0
331_p2728,revoca,no,recurrente_gana,,no,si,admite,,0
331_p2737,deja_sin_efecto,no,recurrente_gana,recurso_extraordinario,no,si,admite,,0
331_p2745,revoca,no,recurrente_gana,recurso_extraordinario,si,si,admite,,0
331_p2759,no_revision_procesal,no,no_aplica,recurso_extraordinario,no,no,inadmite,ART_280,0
331_p2765,deja_sin_efecto,si,recurrente_gana,recurso_extraordinario,no,si,admite,,1
331_p2769,nulidad,no,recurrente_gana,,no,no,no_aplica,,0
331_p2777,no_fondo,no,no_aplica,recurso_extraordinario,no,no,no_aplica,,0
331_p2784,no_fondo,no,no_aplica,,no,no,no_aplica,,0
331_p2797,no_fondo,no,no_aplica,,no,no,no_aplica,,0
331_p2799,no_fondo,no,no_aplica,recurso_extraordinario,no,no,inadmite,INADMISIBLE_REMITE_DICTAMEN,0
331_p2822,revoca,no,recurrente_gana,recurso_extraordinario,no,si,admite,,0
331_p2827,no_revision_procesal,no,no_aplica,,no,no,inadmite,INADMISIBLE_REMITE_DICTAMEN,1
331_p2833,no_fondo,no,no_aplica,recurso_extraordinario,no,no,inadmite,ART_280,1
331_p2839,revoca,si,recurrente_gana,recurso_extraordinario,no,si,admite,,1
331_p2844,revoca,no,recurrente_gana,recurso_extraordinario,no,si,admite,,1
331_p2848,no_fondo,no,no_aplica,recurso_extraordinario,no,no,inadmite,ART_280,1
331_p2858,no_fondo,no,no_aplica,recurso_ordinario,si,no,inadmite,FALTA_SENTENCIA_DEFINITIVA,1
331_p2862,deja_sin_efecto,si,recurrente_gana,recurso_extraordinario,no,si,admite,,1
331_p2876,no_fondo,no,no_aplica,,no,no,no_aplica,,0
331_p2878,no_fondo,no,no_aplica,,no,no,no_aplica,,0
331_p2889,no_revision_procesal,no,no_aplica,,no,no,no_aplica,,0
331_p2893,no_fondo,no,no_aplica,,no,no,no_aplica,,0
331_p2898,revoca,no,recurrente_gana,recurso_extraordinario,no,si,admite,,1
331_p2902,deja_sin_efecto,si,recurrente_gana,recurso_extraordinario,no,si,inadmite,INADMISIBLE_REMITE_DICTAMEN,1
331_p2907,no_fondo,no,no_aplica,,no,no,no_aplica,,0
331_p2910,no_fondo,no,no_aplica,,no,no,no_aplica,,0
331_p2913,no_fondo,no,no_aplica,,no,no,no_aplica,,0
331_p2919,no_fondo,no,no_aplica,,no,no,no_aplica,,0
331_p2925,no_fondo,no,no_aplica,,no,no,no_aplica,,0
332_p5,no_fondo,no,no_aplica,recurso_extraordinario,no,no,inadmite,INADMISIBLE_REMITE_DICTAMEN,0
332_p12,deja_sin_efecto,no,recurrente_gana,recurso_extraordinario,si,si,admite,,1
332_p21,no_fondo,no,no_aplica,,no,no,inadmite,INADMISIBLE_REMITE_DICTAMEN,1
332_p28,no_fondo,no,no_aplica,,no,no,inadmite,INADMISIBLE_REMITE_DICTAMEN,1
332_p33,no_fondo,no,no_aplica,,no,no,no_aplica,,0
332_p47,no_revision_competencia,no,no_aplica,,no,no,sin_marcador,,0
332_p51,revoca,no,recurrente_gana,recurso_ordinario,si,si,admite,,0
332_p58,revoca,si,recurrente_gana,recurso_extraordinario,no,si,admite,,0
332_p60,deja_sin_efecto,no,recurrente_gana,recurso_extraordinario,si,si,admite,,1
332_p66,no_revision_demanda,no,no_aplica,,no,no,no_aplica,,0
332_p89,deja_sin_efecto,si,recurrente_gana,recurso_extraordinario,no,si,admite,,1
332_p97,no_fondo,no,no_aplica,,no,no,no_aplica,,0
332_p102,no_revision_competencia,no,no_aplica,,no,no,sin_marcador,,0
332_p105,revoca,si,recurrente_gana,recurso_extraordinario,si,si,admite,,1
332_p111,confirma,no,recurrente_pierde,recurso_extraordinario,no,si,admite,,0
332_p155,deja_sin_efecto,si,recurrente_gana,recurso_extraordinario,no,si,admite,,1
332_p161,deja_sin_efecto,si,recurrente_gana,recurso_extraordinario,no,si,admite,,1
332_p166,deja_sin_efecto,si,recurrente_gana,recurso_extraordinario,no,si,admite,,1
332_p170,revoca,si,recurrente_gana,recurso_extraordinario,no,si,admite,,1
332_p193,revoca,si,recurrente_gana,recurso_extraordinario,no,si,admite,,1
332_p208,deja_sin_efecto,si,recurrente_gana,recurso_extraordinario,no,si,admite,,1
332_p211,no_fondo,no,no_aplica,recurso_extraordinario,no,no,sin_marcador,,1
332_p212,no_revision_demanda,no,no_aplica,,no,no,no_aplica,,0
332_p238,no_revision_competencia,no,no_aplica,,no,no,sin_marcador,,0
332_p244,no_revision_competencia,no,no_aplica,,no,no,sin_marcador,,0
332_p249,no_revision_competencia,no,no_aplica,,no,no,sin_marcador,,0
332_p253,confirma,no,recurrente_pierde,recurso_extraordinario,no,si,admite,,0
332_p271,no_revision_competencia,no,no_aplica,,no,no,sin_marcador,,0
332_p274,no_revision_competencia,no,no_aplica,,no,no,sin_marcador,,0
332_p276,no_revision_competencia,no,no_aplica,,no,no,sin_marcador,,0
332_p279,no_revision_competencia,no,no_aplica,,no,no,sin_marcador,,0
332_p281,no_fondo,no,no_aplica,,no,no,sin_marcador,,0
332_p284,no_revision_competencia,no,no_aplica,,no,no,sin_marcador,,0
332_p287,no_revision_competencia,no,no_aplica,,no,no,sin_marcador,,0
332_p291,revoca,no,recurrente_gana,recurso_ordinario,no,si,admite,,0
332_p297,confirma,no,recurrente_pierde,recurso_ordinario,no,si,admite,,0
332_p306,confirma,no,recurrente_pierde,recurso_extraordinario,no,si,admite,,0
332_p324,deja_sin_efecto,si,recurrente_gana,recurso_extraordinario,no,si,admite,,1
332_p330,no_revision_competencia,no,no_aplica,,no,no,sin_marcador,,0
332_p332,no_fondo,no,no_aplica,,no,no,sin_marcador,,0
332_p335,deja_sin_efecto,si,recurrente_gana,recurso_extraordinario,no,si,admite,,1
332_p343,confirma,no,recurrente_pierde,recurso_ordinario,no,si,admite,,0
332_p347,no_fondo,no,no_aplica,recurso_ordinario,no,no,inadmite,ART_280,0
332_p351,revoca,no,recurrente_gana,,no,si,admite,,0
332_p357,confirma,no,recurrente_pierde,recurso_ordinario,no,si,admite,,0
332_p363,revoca,no,recurrente_gana,recurso_extraordinario,no,si,admite,,0
332_p370,confirma,no,recurrente_pierde,recurso_extraordinario,no,si,admite,,0
332_p373,confirma,si,recurrente_pierde,recurso_extraordinario,no,si,admite,,0
332_p377,confirma,no,recurrente_pierde,recurso_extraordinario,no,si,admite,,0
332_p387,revoca,si,recurrente_gana,recurso_extraordinario,no,si,admite,,0
332_p391,deja_sin_efecto,si,recurrente_gana,recurso_extraordinario,si,si,admite,,0
332_p394,revoca,si,recurrente_gana,recurso_extraordinario,no,si,admite,,0
332_p399,confirma,no,recurrente_pierde,recurso_extraordinario,no,si,admite,,0
332_p405,no_fondo,no,no_aplica,recurso_extraordinario,no,no,inadmite,ART_280,0
332_p422,no_fondo,no,no_aplica,recurso_extraordinario,no,no,inadmite,ART_280,0
332_p424,confirma,no,recurrente_pierde,recurso_extraordinario,no,si,admite,,0
332_p426,confirma,no,recurrente_pierde,recurso_extraordinario,no,si,admite,,0
332_p433,confirma,no,recurrente_pierde,recurso_extraordinario,no,si,admite,,0
332_p459,no_revision_procesal,no,no_aplica,recurso_extraordinario,no,no,sin_marcador,,0
332_p460,deja_sin_efecto,si,recurrente_gana,recurso_extraordinario,no,si,admite,,0
332_p466,no_fondo,no,no_aplica,,no,no,inadmite,INADMISIBLE_REMITE_DICTAMEN,1
332_p479,deja_sin_efecto,no,recurrente_gana,recurso_extraordinario,no,si,admite,,1
332_p494,revoca,no,recurrente_gana,,no,si,admite,,1
332_p500,deja_sin_efecto,no,recurrente_gana,recurso_extraordinario,no,si,admite,,1
332_p504,deja_sin_efecto,no,recurrente_gana,recurso_extraordinario,no,si,admite,,1
332_p507,no_fondo,no,no_aplica,recurso_extraordinario,no,no,inadmite,FALTA_FUNDAMENTACION_AUTONOMA,1
332_p512,deja_sin_efecto,si,recurrente_gana,recurso_extraordinario,no,si,admite,,1
332_p523,deja_sin_efecto,si,recurrente_gana,recurso_extraordinario,no,si,admite,,1
332_p525,revoca,no,recurrente_gana,recurso_extraordinario,no,si,admite,,1
332_p531,deja_sin_efecto,no,recurrente_gana,recurso_extraordinario,no,si,admite,,1
332_p548,no_fondo,no,no_aplica,,no,no,no_aplica,,0
332_p552,no_revision_demanda,no,no_aplica,,no,no,sin_marcador,,0
332_p582,no_fondo,no,no_aplica,,no,no,inadmite,INADMISIBLE_SIN_CAUSAL_EXPLICITA,0
332_p585,confirma,no,recurrente_pierde,recurso_ordinario,no,si,admite,,0
332_p588,revoca,no,recurrente_gana,recurso_extraordinario,no,si,admite,,0
332_p591,confirma,no,recurrente_pierde,recurso_extraordinario,no,si,admite,,0
332_p595,revoca,si,recurrente_gana,recurso_extraordinario,si,si,admite,,0
332_p602,deja_sin_efecto,no,recurrente_gana,recurso_extraordinario,no,no,admite,,0
332_p607,confirma,no,recurrente_pierde,recurso_extraordinario,no,si,admite,,0
332_p611,revoca,si,recurrente_gana,recurso_extraordinario,no,si,admite,,1
332_p616,deja_sin_efecto,si,recurrente_gana,recurso_extraordinario,no,si,admite,,1
332_p622,deja_sin_efecto,no,recurrente_gana,recurso_extraordinario,si,si,admite,,1
332_p627,deja_sin_efecto,si,recurrente_gana,recurso_extraordinario,no,si,admite,,1
332_p640,no_revision_demanda,no,no_aplica,,no,no,no_aplica,,0
332_p663,no_fondo,no,no_aplica,,no,no,no_aplica,,0
332_p669,no_revision_competencia,no,no_aplica,recurso_extraordinario,no,no,sin_marcador,,0
332_p672,no_revision_competencia,no,no_aplica,,no,no,sin_marcador,,0
332_p674,confirma,no,recurrente_pierde,recurso_ordinario,si,si,admite,,0
332_p700,no_fondo,no,no_aplica,,no,no,inadmite,INADMISIBLE_SIN_CAUSAL_EXPLICITA,1
332_p709,no_fondo,no,no_aplica,recurso_extraordinario,no,no,inadmite,INADMISIBLE_SIN_CAUSAL_EXPLICITA,1
332_p731,no_fondo,no,no_aplica,recurso_ordinario,no,no,sin_marcador,,0
332_p737,confirma,no,recurrente_pierde,recurso_ordinario,si,si,admite,,0
332_p752,no_fondo,no,no_aplica,recurso_ordinario,si,no,inadmite,ART_280,0
332_p761,nulidad_concesion,no,no_aplica,recurso_extraordinario,si,no,sin_marcador,,0
332_p764,no_fondo,no,no_aplica,recurso_extraordinario,no,no,inadmite,CUESTION_ABSTRACTA,0
332_p767,confirma,no,recurrente_pierde,recurso_extraordinario,no,si,admite,,0
332_p770,revoca,no,recurrente_gana,recurso_extraordinario,no,si,admite,,1
332_p777,no_fondo,no,no_aplica,recurso_extraordinario,no,no,inadmite,ART_280,1
332_p797,revoca,no,recurrente_gana,recurso_extraordinario,no,si,admite,,1
332_p800,no_fondo,no,no_aplica,,no,no,no_aplica,,0
332_p807,no_revision_competencia,no,no_aplica,,no,no,sin_marcador,,0
332_p810,no_revision_competencia,no,no_aplica,,no,no,sin_marcador,,0
332_p813,revoca,no,recurrente_gana,recurso_extraordinario,no,si,admite,,0
332_p818,no_revision_procesal,no,no_aplica,recurso_extraordinario,no,no,inadmite,INADMISIBLE_SIN_CAUSAL_EXPLICITA,1
332_p820,deja_sin_efecto,si,recurrente_gana,recurso_extraordinario,no,si,admite,,0
332_p826,deja_sin_efecto,si,recurrente_gana,recurso_extraordinario,no,si,admite,,0
332_p830,confirma,no,recurrente_pierde,recurso_extraordinario,no,si,admite,,1
332_p837,deja_sin_efecto,si,recurrente_gana,recurso_extraordinario,no,si,admite,,1
332_p846,deja_sin_efecto,si,recurrente_gana,recurso_extraordinario,no,si,admite,,1
332_p850,revoca,no,recurrente_gana,recurso_ordinario,no,si,admite,,0
332_p852,revoca,no,recurrente_gana,recurso_ordinario,si,si,admite,,0
332_p854,revoca,no,recurrente_gana,recurso_extraordinario,no,si,admite,,1
332_p857,deja_sin_efecto,no,recurrente_gana,recurso_extraordinario,no,si,admite,,1
332_p862,deja_sin_efecto,si,recurrente_gana,recurso_extraordinario,no,si,admite,,1
332_p867,no_revision_competencia,no,no_aplica,,no,no,sin_marcador,,0
332_p869,no_revision_competencia,no,no_aplica,,no,no,sin_marcador,,0
332_p873,revoca,no,recurrente_gana,recurso_extraordinario,no,si,admite,,0
332_p875,confirma,no,recurrente_pierde,recurso_extraordinario,no,si,admite,,0
332_p877,confirma,no,recurrente_pierde,recurso_extraordinario,si,si,admite,,1
332_p885,deja_sin_efecto,si,recurrente_gana,recurso_extraordinario,no,si,admite,,1
332_p892,deja_sin_efecto,si,recurrente_gana,recurso_extraordinario,no,si,admite,,1
332_p897,no_fondo,no,no_aplica,,no,no,no_aplica,,0
332_p900,no_revision_competencia,no,no_aplica,,no,no,sin_marcador,,0
332_p903,no_revision_competencia,no,no_aplica,,no,no,sin_marcador,,0
332_p908,no_revision_competencia,no,no_aplica,,no,no,sin_marcador,,0
332_p911,no_revision_competencia,no,no_aplica,,no,no,sin_marcador,,0
332_p913,revoca,no,recurrente_gana,recurso_ordinario,no,si,admite,,0
332_p917,revoca,no,recurrente_gana,recurso_ordinario,no,si,admite,,0
332_p921,revoca,no,recurrente_gana,recurso_extraordinario,no,si,admite,,0
332_p930,no_fondo,no,no_aplica,recurso_extraordinario,no,no,inadmite,INADMISIBLE_REMITE_DICTAMEN,0
332_p936,confirma,no,recurrente_pierde,recurso_extraordinario,no,si,admite,,0
332_p943,deja_sin_efecto,no,recurrente_gana,recurso_extraordinario,no,si,admite,,0
332_p952,confirma,no,recurrente_pierde,recurso_extraordinario,no,si,admite,,0
332_p962,confirma,no,recurrente_pierde,recurso_extraordinario,no,si,admite,,1
332_p967,no_fondo,no,no_aplica,recurso_extraordinario,no,no,inadmite,ART_280,1
332_p975,deja_sin_efecto,no,recurrente_gana,recurso_extraordinario,no,si,admite,,1
332_p979,deja_sin_efecto,si,recurrente_gana,recurso_extraordinario,no,si,admite,,1
332_p985,no_fondo,no,no_aplica,,no,no,no_aplica,,0
332_p998,no_fondo,no,no_aplica,,no,no,no_aplica,,0
332_p1007,no_fondo,no,no_aplica,,no,no,no_aplica,,0
332_p1022,no_fondo,no,no_aplica,,no,no,no_aplica,,0
332_p1029,no_revision_competencia,no,no_aplica,,no,no,sin_marcador,,0
332_p1035,confirma,no,recurrente_pierde,recurso_ordinario,no,si,admite,,0
332_p1039,confirma,no,recurrente_pierde,recurso_extraordinario,no,si,admite,,0
332_p1060,confirma,no,recurrente_pierde,recurso_extraordinario,no,si,admite,,0
332_p1071,confirma,no,recurrente_pierde,recurso_extraordinario,no,si,admite,,0
332_p1074,no_revision_procesal,no,no_aplica,recurso_extraordinario,no,no,inadmite,CADUCIDAD_INSTANCIA,0
332_p1078,confirma,no,recurrente_pierde,recurso_extraordinario,no,si,admite,,0
332_p1082,revoca,no,recurrente_gana,recurso_extraordinario,no,si,admite,,0
332_p1085,no_fondo,no,no_aplica,recurso_extraordinario,no,no,inadmite,ACORDADA_4_2007,1
332_p1090,deja_sin_efecto,si,recurrente_gana,recurso_extraordinario,no,si,admite,,1
332_p1095,no_fondo,no,no_aplica,recurso_extraordinario,no,no,admite,,1
332_p1098,deja_sin_efecto,si,recurrente_gana,recurso_extraordinario,no,si,admite,,1
332_p1109,revoca,si,recurrente_gana,recurso_extraordinario,no,si,admite,,1
332_p1115,deja_sin_efecto,no,recurrente_gana,recurso_ordinario,no,si,admite,,0
332_p1118,confirma,no,recurrente_pierde,,no,si,admite,,0
332_p1124,no_fondo,no,no_aplica,recurso_extraordinario,no,no,inadmite,INADMISIBLE_SIN_CAUSAL_EXPLICITA,1
332_p1136,no_revision_competencia,no,no_aplica,,no,no,sin_marcador,,0
332_p1140,no_revision_competencia,no,no_aplica,,no,no,sin_marcador,,0
332_p1143,no_revision_competencia,no,no_aplica,,no,no,sin_marcador,,0
332_p1147,confirma,no,recurrente_pierde,recurso_ordinario,no,si,admite,,0
332_p1152,revoca,no,recurrente_gana,recurso_extraordinario,no,si,admite,,0
332_p1155,revoca,si,recurrente_gana,recurso_extraordinario,no,si,admite,,0
332_p1163,no_fondo,no,no_aplica,recurso_extraordinario,no,no,inadmite,ART_280,0
332_p1174,revoca,no,recurrente_gana,recurso_extraordinario,si,si,admite,,0
332_p1182,deja_sin_efecto,si,recurrente_gana,recurso_extraordinario,no,si,admite,,0
332_p1186,confirma,no,recurrente_pierde,recurso_extraordinario,no,si,admite,,0
332_p1190,no_fondo,no,no_aplica,recurso_extraordinario,no,no,inadmite,CUESTION_ABSTRACTA,0
332_p1200,deja_sin_efecto,si,recurrente_gana,recurso_extraordinario,no,si,admite,,1
332_p1210,deja_sin_efecto,si,recurrente_gana,recurso_extraordinario,si,si,admite,,0
332_p1276,revoca,si,recurrente_gana,recurso_extraordinario,no,si,admite,,0
332_p1280,no_fondo,no,no_aplica,,no,no,no_aplica,,0
332_p1288,no_revision_competencia,no,no_aplica,,no,no,sin_marcador,,0
332_p1290,no_revision_competencia,no,no_aplica,,no,no,sin_marcador,,0
332_p1293,no_revision_competencia,no,no_aplica,,no,no,sin_marcador,,0
332_p1298,confirma,no,recurrente_pierde,,no,si,admite,,0
332_p1304,revoca,no,recurrente_gana,recurso_extraordinario,no,si,admite,,0
332_p1309,confirma,no,recurrente_pierde,,no,si,admite,,0
332_p1322,no_fondo,no,no_aplica,,no,no,sin_marcador,,0
332_p1332,revoca,no,recurrente_gana,recurso_extraordinario,no,si,admite,,0
332_p1338,deja_sin_efecto,si,recurrente_gana,recurso_extraordinario,no,si,admite,,1
332_p1346,no_fondo,no,no_aplica,recurso_extraordinario,no,no,inadmite,ART_280,1
332_p1362,no_revision_competencia,no,no_aplica,,no,no,sin_marcador,,0
332_p1365,no_revision_competencia,no,no_aplica,,no,no,sin_marcador,,0
332_p1367,revoca,no,recurrente_gana,recurso_ordinario,no,si,admite,,0
332_p1376,confirma,si,recurrente_pierde,recurso_extraordinario,no,si,admite,,0
332_p1382,deja_sin_efecto,si,recurrente_gana,recurso_extraordinario,no,si,admite,,0
332_p1388,deja_sin_efecto,si,recurrente_gana,recurso_extraordinario,no,si,admite,,1
332_p1391,deja_sin_efecto,no,recurrente_gana,recurso_extraordinario,no,si,admite,,1
332_p1394,revoca,no,recurrente_gana,recurso_extraordinario,no,si,admite,,1
332_p1406,confirma,no,recurrente_pierde,,no,si,inadmite,INADMISIBLE_REMITE_DICTAMEN,1
332_p1413,no_fondo,no,no_aplica,recurso_extraordinario,no,no,inadmite,ART_280,1
332_p1422,no_fondo,no,no_aplica,,no,no,no_aplica,,0
332_p1430,no_fondo,no,no_aplica,,no,no,no_aplica,,0
332_p1433,no_revision_demanda,no,no_aplica,,no,no,no_aplica,,0
332_p1445,no_revision_competencia,no,no_aplica,,no,no,sin_marcador,,0
332_p1447,no_revision_demanda,no,no_aplica,,no,no,no_aplica,,0
332_p1453,no_fondo,no,no_aplica,,no,no,sin_marcador,,0
332_p1457,no_fondo,no,no_aplica,,no,no,sin_marcador,,0
332_p1460,no_fondo,no,no_aplica,,no,no,no_aplica,,0
332_p1466,deja_sin_efecto,si,recurrente_gana,recurso_extraordinario,no,si,admite,,0
332_p1488,revoca,no,recurrente_gana,recurso_extraordinario,no,si,admite,,0
332_p1492,deja_sin_efecto,si,recurrente_gana,recurso_extraordinario,no,si,admite,,1
332_p1503,revoca,no,recurrente_gana,recurso_extraordinario,no,si,admite,,1
332_p1512,deja_sin_efecto,si,recurrente_gana,recurso_extraordinario,no,si,admite,,1
332_p1519,no_fondo,no,no_aplica,,no,no,no_aplica,,0
332_p1528,no_fondo,no,no_aplica,,no,no,no_aplica,,0
332_p1531,revoca,no,recurrente_gana,recurso_ordinario,no,si,admite,,0
332_p1544,confirma,no,recurrente_pierde,recurso_extraordinario,no,si,admite,,0
332_p1555,no_fondo,no,no_aplica,recurso_extraordinario,no,no,inadmite,ART_280,0
332_p1564,deja_sin_efecto,si,recurrente_gana,recurso_extraordinario,no,si,inadmite,INADMISIBLE_REMITE_DICTAMEN,1
332_p1571,revoca,no,recurrente_gana,recurso_extraordinario,no,si,admite,,0
332_p1598,no_fondo,no,no_aplica,,no,no,sin_marcador,,1
332_p1600,no_fondo,no,no_aplica,recurso_extraordinario,no,no,inadmite,ART_280,1
332_p1616,revoca,si,recurrente_gana,recurso_extraordinario,no,si,admite,,1
332_p1622,no_revision_competencia,no,no_aplica,,no,no,no_aplica,,0
332_p1624,no_revision_competencia,no,no_aplica,,no,no,sin_marcador,,0
332_p1629,confirma,no,recurrente_pierde,recurso_ordinario,no,si,admite,,0
332_p1633,confirma,no,recurrente_pierde,recurso_ordinario,si,si,admite,,0
332_p1651,confirma,no,recurrente_pierde,recurso_ordinario,no,si,admite,,0
332_p1655,revoca,no,recurrente_gana,recurso_ordinario,no,si,admite,,0
332_p1663,deja_sin_efecto,no,recurrente_gana,recurso_extraordinario,no,si,admite,,0
332_p1670,no_revision_procesal,no,no_aplica,,no,no,inadmite,ACORDADA_4_2007,0
332_p1671,revoca,no,recurrente_gana,recurso_extraordinario,no,si,admite,,1
332_p1688,no_revision_demanda,no,no_aplica,,no,no,sin_marcador,,0
332_p1704,no_revision_demanda,no,no_aplica,,no,no,no_aplica,,0
332_p1736,no_revision_competencia,no,no_aplica,,no,no,sin_marcador,,0
332_p1738,no_revision_competencia,no,no_aplica,,no,no,sin_marcador,,0
332_p1741,no_revision_competencia,no,no_aplica,,no,no,sin_marcador,,0
332_p1743,confirma,no,recurrente_pierde,recurso_ordinario,no,si,admite,,0
332_p1759,revoca,no,recurrente_gana,recurso_extraordinario,no,si,admite,,0
332_p1769,no_fondo,no,no_aplica,recurso_extraordinario,no,no,admite,,0
332_p1823,nulidad,no,recurrente_gana,recurso_extraordinario,si,si,admite,,0
332_p1835,deja_sin_efecto,no,recurrente_gana,recurso_extraordinario,no,si,admite,,1
332_p1910,no_revision_competencia,no,no_aplica,,no,no,sin_marcador,,0
332_p1914,confirma,no,recurrente_pierde,recurso_extraordinario,no,si,admite,,0
332_p1928,revoca,no,recurrente_gana,recurso_extraordinario,no,si,admite,,0
332_p1933,confirma,no,recurrente_pierde,recurso_extraordinario,no,si,admite,,1
332_p1952,confirma,no,recurrente_pierde,recurso_extraordinario,no,si,admite,,0
332_p1957,no_revision_competencia,no,no_aplica,,no,no,sin_marcador,,0
332_p1960,no_revision_competencia,no,no_aplica,,no,no,sin_marcador,,0
332_p1963,no_fondo,no,no_aplica,recurso_extraordinario,si,no,sin_marcador,,1
332_p2033,deja_sin_efecto,no,recurrente_gana,recurso_extraordinario,no,si,admite,,1
332_p2043,revoca,si,recurrente_gana,recurso_extraordinario,no,si,admite,,1
332_p2068,no_fondo,no,no_aplica,recurso_extraordinario,no,no,inadmite,ART_280,1
332_p2088,no_revision_procesal,no,no_aplica,,no,no,no_aplica,,0
332_p2091,no_fondo,no,no_aplica,,no,no,no_aplica,,0
332_p2094,no_fondo,no,no_aplica,,no,no,no_aplica,,0
332_p2099,no_fondo,no,no_aplica,,no,no,inadmite,INADMISIBLE_SIN_CAUSAL_EXPLICITA,0
332_p2108,revoca,si,recurrente_gana,recurso_extraordinario,no,si,admite,,0
332_p2120,no_revision_demanda,no,no_aplica,,no,no,no_aplica,,0
332_p2136,no_fondo,no,no_aplica,,no,no,no_aplica,,0
332_p2139,no_revision_procesal,no,no_aplica,,no,no,sin_marcador,,0
332_p2141,no_fondo,no,no_aplica,recurso_extraordinario,no,no,inadmite,ACORDADA_4_2007,1
332_p2142,confirma,si,recurrente_pierde,recurso_extraordinario,no,si,admite,,1
332_p2146,deja_sin_efecto,no,recurrente_gana,recurso_extraordinario,no,si,admite,,1
332_p2152,revoca,no,recurrente_gana,recurso_ordinario,no,si,admite,,0
332_p2153,deja_sin_efecto,si,recurrente_gana,recurso_extraordinario,no,si,admite,,1
332_p2159,no_fondo,no,no_aplica,recurso_ordinario,si,no,admite,,0
332_p2203,confirma,no,recurrente_pierde,,no,si,admite,,0
332_p2208,deja_sin_efecto,si,recurrente_gana,recurso_extraordinario,no,si,admite,,0
332_p2228,revoca,si,recurrente_gana,recurso_extraordinario,no,si,admite,,0
332_p2237,no_revision_demanda,no,no_aplica,recurso_extraordinario,no,no,inadmite,INADMISIBLE_REMITE_DICTAMEN,0
332_p2250,no_revision_demanda,no,no_aplica,,no,no,no_aplica,,0
332_p2265,no_revision_demanda,no,no_aplica,,no,no,sin_marcador,,0
332_p2280,revoca,si,recurrente_gana,recurso_extraordinario,no,si,admite,,0
332_p2288,revoca,no,recurrente_gana,recurso_ordinario,no,si,admite,,0
332_p2295,revoca,no,recurrente_gana,recurso_extraordinario,no,si,admite,,0
332_p2302,revoca,no,recurrente_gana,recurso_extraordinario,no,si,admite,,0
332_p2307,confirma,no,recurrente_pierde,recurso_extraordinario,no,si,admite,,0
332_p2328,deja_sin_efecto,si,recurrente_gana,recurso_extraordinario,no,si,admite,,0
332_p2339,deja_sin_efecto,si,recurrente_gana,recurso_extraordinario,si,si,admite,,0
332_p2397,no_fondo,no,no_aplica,recurso_extraordinario,no,no,inadmite,FALTA_FUNDAMENTACION_AUTONOMA,1
332_p2414,deja_sin_efecto,si,recurrente_gana,recurso_extraordinario,no,si,admite,,1
332_p2418,no_fondo,no,no_aplica,,no,no,inadmite,INADMISIBLE_REMITE_DICTAMEN,1
332_p2425,revoca,no,recurrente_gana,recurso_extraordinario,no,si,admite,,1
332_p2435,confirma,no,recurrente_pierde,recurso_extraordinario,no,si,admite,,0
332_p2441,revoca,no,recurrente_gana,recurso_extraordinario,si,si,admite,,1
332_p2446,no_fondo,no,no_aplica,,no,no,no_aplica,,0
332_p2454,revoca,no,recurrente_gana,recurso_extraordinario,no,si,inadmite,INADMISIBLE_SIN_CAUSAL_EXPLICITA,1
332_p2463,confirma,no,recurrente_pierde,recurso_ordinario,no,si,admite,,0
332_p2468,revoca,si,recurrente_gana,recurso_extraordinario,no,si,admite,,0
332_p2481,no_fondo,no,no_aplica,recurso_extraordinario,no,no,inadmite,INADMISIBLE_REMITE_DICTAMEN,0
332_p2487,no_fondo,no,no_aplica,recurso_extraordinario,no,no,admite,,1
332_p2497,revoca,no,recurrente_gana,recurso_extraordinario,no,si,admite,,1
332_p2502,no_revision_procesal,no,no_aplica,,no,no,sin_marcador,,0
332_p2504,no_fondo,no,no_aplica,recurso_extraordinario,no,no,inadmite,INADMISIBLE_SIN_CAUSAL_EXPLICITA,1
332_p2522,no_fondo,no,no_aplica,,no,no,sin_marcador,,0
332_p2529,revoca,si,recurrente_gana,recurso_extraordinario,no,si,admite,,0
332_p2539,revoca,si,recurrente_gana,recurso_extraordinario,si,si,admite,,0
332_p2544,deja_sin_efecto,no,recurrente_gana,recurso_extraordinario,no,si,admite,,0
332_p2553,deja_sin_efecto,si,recurrente_gana,recurso_extraordinario,no,si,admite,,1
332_p2559,no_revision_demanda,no,no_aplica,recurso_extraordinario,no,no,admite,,1
332_p2586,no_fondo,no,no_aplica,,no,no,sin_marcador,,0
332_p2589,no_fondo,no,no_aplica,,no,no,no_aplica,,0
332_p2595,no_revision_competencia,no,no_aplica,,no,no,sin_marcador,,0
332_p2599,confirma,no,recurrente_pierde,recurso_ordinario,no,si,admite,,0
332_p2604,revoca,si,recurrente_gana,recurso_extraordinario,no,si,admite,,1
332_p2614,deja_sin_efecto,si,recurrente_gana,recurso_extraordinario,no,si,admite,,1
332_p2625,deja_sin_efecto,si,recurrente_gana,recurso_extraordinario,no,si,admite,,1
332_p2630,no_fondo,no,no_aplica,,no,no,inadmite,INADMISIBLE_REMITE_DICTAMEN,1
332_p2633,deja_sin_efecto,si,recurrente_gana,recurso_extraordinario,no,si,admite,,1
332_p2657,no_fondo,no,no_aplica,,no,no,sin_marcador,,0
332_p2659,no_fondo,no,no_aplica,,no,no,inadmite,INADMISIBLE_REMITE_DICTAMEN,1
332_p2671,no_fondo,no,no_aplica,,no,no,sin_marcador,,0
332_p2673,no_fondo,no,no_aplica,,no,no,no_aplica,,0
332_p2675,confirma,no,recurrente_pierde,recurso_ordinario,no,si,admite,,0
332_p2686,confirma,no,recurrente_pierde,recurso_extraordinario,si,si,admite,,0
332_p2698,deja_sin_efecto,si,recurrente_gana,recurso_extraordinario,no,si,admite,,0
332_p2705,deja_sin_efecto,si,recurrente_gana,recurso_extraordinario,no,si,admite,,0
332_p2708,revoca,si,recurrente_gana,recurso_extraordinario,no,si,admite,,1
332_p2715,revoca,si,recurrente_gana,recurso_extraordinario,no,si,admite,,1
332_p2735,no_fondo,no,no_aplica,,no,no,no_aplica,,0
332_p2738,no_revision_competencia,no,no_aplica,,no,no,sin_marcador,,0
332_p2741,deja_sin_efecto,no,recurrente_gana,recurso_extraordinario,si,si,admite,,0
332_p2751,deja_sin_efecto,si,recurrente_gana,recurso_extraordinario,no,si,admite,,0
332_p2759,revoca,si,recurrente_gana,recurso_extraordinario,no,si,admite,,0
332_p2769,deja_sin_efecto,no,recurrente_gana,recurso_extraordinario,si,si,admite,,1
332_p2776,no_fondo,no,no_aplica,,no,no,no_aplica,,0
332_p2779,revoca,no,recurrente_gana,recurso_ordinario,no,si,admite,,0
332_p2783,deja_sin_efecto,no,recurrente_gana,recurso_extraordinario,no,si,admite,,1
332_p2797,no_revision_procesal,no,no_aplica,recurso_ordinario,si,no,admite,,1
332_p2801,revoca,no,recurrente_gana,recurso_ordinario,no,si,admite,,0
332_p2806,no_fondo,no,no_aplica,recurso_extraordinario,no,no,inadmite,CUESTION_ABSTRACTA,0
332_p2813,nulidad,si,recurrente_gana,recurso_extraordinario,no,si,admite,,0
332_p2815,deja_sin_efecto,no,recurrente_gana,recurso_extraordinario,no,si,admite,,1
332_p2828,deja_sin_efecto,si,recurrente_gana,,no,si,admite,,1
332_p2835,no_fondo,no,no_aplica,,no,no,no_aplica,,0
332_p2838,no_fondo,no,no_aplica,,no,no,no_aplica,,0
332_p2842,no_revision_demanda,no,no_aplica,,no,no,sin_marcador,,0
332_p2865,no_revision_competencia,no,no_aplica,,no,no,sin_marcador,,0
332_p2868,deja_sin_efecto,si,recurrente_gana,recurso_extraordinario,no,si,admite,,1
332_p2872,confirma,no,recurrente_pierde,recurso_extraordinario,no,si,admite,,0
332_p2878,revoca,no,recurrente_gana,recurso_extraordinario,no,si,admite,,0
332_p2884,revoca,no,recurrente_gana,recurso_extraordinario,no,si,admite,,0
332_p2891,no_fondo,no,no_aplica,,no,no,no_aplica,,0
332_p2895,no_fondo,no,no_aplica,,no,no,no_aplica,,0
332_p2898,no_fondo,no,no_aplica,,no,no,no_aplica,,0
333_p5,deja_sin_efecto,no,recurrente_gana,recurso_extraordinario,no,si,admite,,1
333_p9,no_revision_demanda,no,no_aplica,recurso_extraordinario,no,no,no_aplica,,0
333_p16,confirma,no,recurrente_pierde,recurso_extraordinario,no,si,inadmite,INADMISIBLE_SIN_CAUSAL_EXPLICITA,1
333_p24,deja_sin_efecto,si,recurrente_gana,recurso_extraordinario,no,si,admite,,0
333_p31,no_revision_demanda,no,no_aplica,,no,no,no_aplica,,0
333_p39,no_revision_demanda,no,no_aplica,,no,no,no_aplica,,0
333_p60,no_fondo,no,no_aplica,,no,no,no_aplica,,0
333_p66,no_fondo,no,no_aplica,,no,no,sin_marcador,,0
333_p68,revoca,no,recurrente_gana,recurso_ordinario,no,si,admite,,0
333_p71,confirma,no,recurrente_pierde,recurso_ordinario,no,si,admite,,0
333_p78,revoca,no,recurrente_gana,recurso_ordinario,no,si,admite,,0
333_p82,no_fondo,no,no_aplica,recurso_ordinario,no,no,inadmite,INADMISIBLE_SIN_CAUSAL_EXPLICITA,0
333_p86,confirma,no,recurrente_pierde,recurso_extraordinario,si,si,admite,,0
333_p90,deja_sin_efecto,si,recurrente_gana,recurso_extraordinario,no,si,admite,,1
333_p93,no_fondo,no,no_aplica,recurso_extraordinario,no,no,inadmite,ACORDADA_4_2007,1
333_p95,no_fondo,no,no_aplica,,no,no,sin_marcador,,0
333_p108,no_revision_demanda,no,no_aplica,,no,no,no_aplica,,0
333_p119,no_revision_competencia,no,no_aplica,,no,no,sin_marcador,,0
333_p123,confirma,no,recurrente_pierde,recurso_extraordinario,no,si,inadmite,INADMISIBLE_REMITE_DICTAMEN,1
333_p133,deja_sin_efecto,si,recurrente_gana,recurso_extraordinario,no,si,admite,,1
333_p138,deja_sin_efecto,no,recurrente_gana,recurso_extraordinario,no,si,admite,,1
333_p143,deja_sin_efecto,si,recurrente_gana,recurso_extraordinario,no,si,admite,,0
333_p155,revoca,si,recurrente_gana,recurso_extraordinario,no,si,admite,,0
333_p161,revoca,no,recurrente_gana,recurso_extraordinario,no,si,admite,,1
333_p171,deja_sin_efecto,si,recurrente_gana,recurso_ordinario,si,si,admite,,1
333_p181,no_fondo,no,no_aplica,recurso_extraordinario,no,no,inadmite,INADMISIBLE_REMITE_DICTAMEN,1
333_p203,deja_sin_efecto,si,recurrente_gana,recurso_extraordinario,no,si,admite,,1
333_p215,no_revision_demanda,no,no_aplica,,no,no,no_aplica,,0
333_p225,no_revision_competencia,no,no_aplica,,no,no,sin_marcador,,0
333_p228,deja_sin_efecto,no,recurrente_gana,recurso_extraordinario,no,si,admite,,1
333_p241,no_fondo,no,no_aplica,recurso_extraordinario,no,no,inadmite,FALTA_SENTENCIA_DEFINITIVA,1
333_p244,no_fondo,no,no_aplica,,no,no,no_aplica,,0
333_p255,revoca,si,recurrente_gana,recurso_extraordinario,no,si,admite,,1
333_p264,deja_sin_efecto,si,recurrente_gana,recurso_extraordinario,no,si,admite,,1
333_p273,deja_sin_efecto,si,recurrente_gana,recurso_extraordinario,no,si,admite,,1
333_p280,no_fondo,no,no_aplica,,no,no,sin_marcador,,0
333_p287,no_fondo,no,no_aplica,,no,no,sin_marcador,,0
333_p290,no_revision_competencia,no,no_aplica,,no,no,sin_marcador,,0
333_p294,no_fondo,no,no_aplica,,no,no,sin_marcador,,0
333_p296,no_revision_competencia,no,no_aplica,,no,no,sin_marcador,,0
333_p300,revoca,no,recurrente_gana,recurso_extraordinario,no,si,admite,,0
333_p311,revoca,no,recurrente_gana,recurso_extraordinario,no,si,admite,,0
333_p327,no_revision_procesal,no,no_aplica,,no,no,inadmite,INADMISIBLE_SIN_CAUSAL_EXPLICITA,0
333_p329,no_revision_procesal,no,no_aplica,recurso_ordinario,si,no,sin_marcador,,1
333_p333,deja_sin_efecto,no,recurrente_gana,recurso_extraordinario,no,si,admite,,1
333_p335,revoca,si,recurrente_gana,recurso_extraordinario,no,si,admite,,1
333_p354,no_fondo,no,no_aplica,,no,no,no_aplica,,0
333_p357,deja_sin_efecto,si,recurrente_gana,recurso_extraordinario,no,si,admite,,1
333_p360,nulidad_concesion,no,no_aplica,recurso_extraordinario,si,no,sin_marcador,,0
333_p364,no_revision_demanda,no,no_aplica,,no,no,no_aplica,,0
333_p373,no_revision_demanda,no,no_aplica,,no,no,sin_marcador,,0
333_p380,deja_sin_efecto,si,recurrente_gana,recurso_extraordinario,no,si,admite,,1
333_p385,no_revision_competencia,no,no_aplica,recurso_extraordinario,si,no,sin_marcador,,0
333_p394,deja_sin_efecto,no,recurrente_gana,recurso_extraordinario,no,si,admite,,0
333_p405,revoca,no,recurrente_gana,recurso_extraordinario,no,si,admite,,1
333_p433,revoca,no,recurrente_gana,recurso_extraordinario,no,si,admite,,0
333_p440,no_fondo,no,no_aplica,recurso_extraordinario,no,no,inadmite,CUESTION_ABSTRACTA,1
333_p442,no_fondo,no,no_aplica,,no,no,inadmite,INADMISIBLE_REMITE_DICTAMEN,1
333_p447,deja_sin_efecto,si,recurrente_gana,recurso_extraordinario,no,si,admite,,1
333_p462,no_fondo,no,no_aplica,recurso_extraordinario,no,no,inadmite,ART_280,1
333_p479,no_fondo,no,no_aplica,,no,no,no_aplica,,0
333_p487,no_revision_demanda,no,no_aplica,,no,no,no_aplica,,0
333_p498,no_revision_competencia,no,no_aplica,,no,no,sin_marcador,,0
333_p503,revoca,no,recurrente_gana,recurso_ordinario,no,si,admite,,0
333_p508,deja_sin_efecto,no,recurrente_gana,recurso_extraordinario,no,no,admite,,0
333_p519,confirma,no,recurrente_pierde,recurso_extraordinario,no,si,admite,,0
333_p527,deja_sin_efecto,no,recurrente_gana,recurso_extraordinario,no,si,admite,,1
333_p530,deja_sin_efecto,si,recurrente_gana,recurso_extraordinario,no,si,admite,,1
333_p535,no_fondo,no,no_aplica,,no,no,no_aplica,,0
333_p538,no_revision_demanda,no,no_aplica,,no,no,no_aplica,,0
333_p561,no_revision_procesal,no,no_aplica,recurso_ordinario,si,no,sin_marcador,,0
333_p563,no_fondo,no,no_aplica,recurso_extraordinario,no,no,inadmite,ART_280,0
333_p566,revoca,no,recurrente_gana,recurso_extraordinario,no,si,admite,,0
333_p570,deja_sin_efecto,no,recurrente_gana,recurso_extraordinario,si,si,admite,,0
333_p584,deja_sin_efecto,si,recurrente_gana,recurso_extraordinario,no,si,admite,,1
333_p589,no_revision_competencia,no,no_aplica,,no,no,sin_marcador,,0
333_p596,no_revision_competencia,no,no_aplica,,no,no,sin_marcador,,0
333_p600,confirma,no,recurrente_pierde,recurso_extraordinario,no,si,admite,,0
333_p604,revoca,no,recurrente_gana,recurso_extraordinario,no,si,admite,,0
333_p631,confirma,no,recurrente_pierde,recurso_extraordinario,no,si,admite,,0
333_p633,no_fondo,no,no_aplica,recurso_extraordinario,no,no,admite,,0
333_p662,deja_sin_efecto,si,recurrente_gana,recurso_extraordinario,no,si,admite,,0
333_p667,revoca,si,recurrente_gana,recurso_extraordinario,no,si,admite,,1
333_p677,revoca,no,recurrente_gana,recurso_extraordinario,no,si,admite,,0
333_p680,deja_sin_efecto,no,recurrente_gana,recurso_extraordinario,no,si,admite,,0
333_p690,no_fondo,no,no_aplica,recurso_extraordinario,no,no,inadmite,INADMISIBLE_SIN_CAUSAL_EXPLICITA,1
333_p699,revoca,si,recurrente_gana,recurso_extraordinario,no,si,admite,,1
333_p709,no_fondo,no,no_aplica,,no,no,no_aplica,,0
333_p721,revoca,no,recurrente_gana,,no,si,admite,,0
333_p724,no_fondo,no,no_aplica,,no,no,sin_marcador,,0
333_p730,deja_sin_efecto,si,recurrente_gana,recurso_extraordinario,no,si,admite,,1
333_p735,revoca,si,recurrente_gana,recurso_extraordinario,no,si,admite,,0
333_p744,revoca,si,recurrente_gana,recurso_extraordinario,no,si,admite,,0
333_p748,no_fondo,no,no_aplica,recurso_extraordinario,no,no,inadmite,FALTA_SENTENCIA_DEFINITIVA,1
333_p762,no_revision_competencia,no,no_aplica,,no,no,sin_marcador,,0
333_p765,no_revision_competencia,no,no_aplica,,no,no,sin_marcador,,0
333_p769,no_fondo,no,no_aplica,,no,no,sin_marcador,,0
333_p772,no_revision_competencia,no,no_aplica,,no,no,sin_marcador,,0
333_p777,revoca,no,recurrente_gana,recurso_extraordinario,si,si,admite,,0
333_p792,revoca,si,recurrente_gana,recurso_extraordinario,no,si,admite,,0
333_p796,deja_sin_efecto,si,recurrente_gana,recurso_extraordinario,no,si,admite,,0
333_p802,no_fondo,no,no_aplica,,no,no,sin_marcador,,0
333_p819,deja_sin_efecto,si,recurrente_gana,recurso_extraordinario,no,si,admite,,1
333_p825,no_revision_competencia,no,no_aplica,,no,no,sin_marcador,,0
333_p828,no_fondo,no,no_aplica,recurso_ordinario,si,no,inadmite,INADMISIBLE_SIN_CAUSAL_EXPLICITA,0
333_p831,deja_sin_efecto,no,recurrente_gana,recurso_extraordinario,no,si,admite,,0
333_p847,revoca,no,recurrente_gana,recurso_extraordinario,no,si,admite,,0
333_p855,revoca,no,recurrente_gana,recurso_extraordinario,no,si,admite,,0
333_p859,no_fondo,no,no_aplica,recurso_extraordinario,no,no,inadmite,ART_280,1
333_p866,no_fondo,no,no_aplica,recurso_extraordinario,no,no,inadmite,INADMISIBLE_SIN_CAUSAL_EXPLICITA,1
333_p914,revoca,no,recurrente_gana,recurso_extraordinario,si,si,admite,,1
333_p917,no_fondo,no,no_aplica,,no,no,inadmite,INADMISIBLE_REMITE_DICTAMEN,1
333_p924,no_fondo,no,no_aplica,,no,no,sin_marcador,,0
333_p927,confirma,no,recurrente_pierde,recurso_ordinario,no,si,admite,,0
333_p935,revoca,no,recurrente_gana,recurso_extraordinario,no,si,admite,,0
333_p993,confirma,no,recurrente_pierde,recurso_extraordinario,no,si,admite,,0
333_p1017,deja_sin_efecto,no,recurrente_gana,recurso_extraordinario,no,si,admite,,0
333_p1023,revoca,no,recurrente_gana,recurso_extraordinario,no,si,admite,,0
333_p1053,deja_sin_efecto,si,recurrente_gana,recurso_extraordinario,no,si,admite,,1
333_p1062,deja_sin_efecto,si,recurrente_gana,recurso_extraordinario,no,si,admite,,1
333_p1075,revoca,si,recurrente_gana,recurso_extraordinario,no,si,admite,,1
333_p1088,no_revision_demanda,no,no_aplica,,no,no,inadmite,INADMISIBLE_SIN_CAUSAL_EXPLICITA,0
333_p1130,no_fondo,no,no_aplica,,no,no,sin_marcador,,0
333_p1133,deja_sin_efecto,si,recurrente_gana,recurso_extraordinario,no,si,admite,,0
333_p1140,no_fondo,no,no_aplica,recurso_extraordinario,no,no,sin_marcador,,0
333_p1143,deja_sin_efecto,si,recurrente_gana,recurso_extraordinario,no,si,admite,,1
333_p1147,revoca,no,recurrente_gana,recurso_extraordinario,no,si,inadmite,INADMISIBLE_REMITE_DICTAMEN,0
333_p1152,no_fondo,no,no_aplica,,no,no,sin_marcador,,0
333_p1156,deja_sin_efecto,no,recurrente_gana,recurso_extraordinario,no,si,admite,,1
333_p1163,no_fondo,no,no_aplica,,no,no,sin_marcador,,0
333_p1179,confirma,no,recurrente_pierde,,no,si,admite,,0
333_p1192,deja_sin_efecto,no,recurrente_gana,recurso_extraordinario,no,si,admite,,0
333_p1205,confirma,no,recurrente_pierde,,no,si,admite,,0
333_p1212,no_fondo,no,no_aplica,recurso_extraordinario,no,no,inadmite,INADMISIBLE_SIN_CAUSAL_EXPLICITA,0
333_p1217,no_fondo,no,no_aplica,recurso_extraordinario,no,no,inadmite,INADMISIBLE_SIN_CAUSAL_EXPLICITA,0
333_p1218,revoca,si,recurrente_gana,recurso_extraordinario,no,si,admite,,0
333_p1224,revoca,si,recurrente_gana,recurso_extraordinario,no,si,admite,,0
333_p1235,no_fondo,no,no_aplica,,no,no,inadmite,ACORDADA_4_2007,1
333_p1244,confirma,no,recurrente_pierde,recurso_extraordinario,no,si,admite,,0
333_p1251,no_fondo,no,no_aplica,,no,no,inadmite,INADMISIBLE_SIN_CAUSAL_EXPLICITA,1
333_p1254,no_fondo,no,no_aplica,,no,no,inadmite,ACORDADA_4_2007,1
333_p1257,deja_sin_efecto,no,recurrente_gana,recurso_extraordinario,no,si,admite,,1
333_p1264,deja_sin_efecto,no,recurrente_gana,recurso_extraordinario,no,si,admite,,1
333_p1268,deja_sin_efecto,si,recurrente_gana,recurso_extraordinario,no,si,admite,,1
333_p1273,revoca,si,recurrente_gana,recurso_extraordinario,no,si,admite,,1
333_p1279,no_revision_demanda,no,no_aplica,,no,no,sin_marcador,,0
333_p1304,revoca,no,recurrente_gana,recurso_extraordinario,no,si,admite,,0
333_p1309,deja_sin_efecto,si,recurrente_gana,recurso_extraordinario,no,si,admite,,1
333_p1316,confirma,no,recurrente_pierde,recurso_extraordinario,no,si,admite,,0
333_p1318,revoca,no,recurrente_gana,recurso_extraordinario,si,si,admite,,0
333_p1325,deja_sin_efecto,si,recurrente_gana,recurso_extraordinario,no,si,admite,,0
333_p1331,revoca,no,recurrente_gana,recurso_extraordinario,no,si,admite,,0
333_p1354,revoca,no,recurrente_gana,recurso_extraordinario,no,si,admite,,0
333_p1361,revoca,si,recurrente_gana,recurso_extraordinario,no,si,admite,,1
333_p1376,revoca,no,recurrente_gana,recurso_extraordinario,no,si,admite,,1
333_p1386,no_fondo,no,no_aplica,,no,no,no_aplica,,0
333_p1397,no_revision_competencia,no,no_aplica,,no,no,sin_marcador,,0
333_p1401,no_revision_competencia,no,no_aplica,,no,no,sin_marcador,,0
333_p1404,confirma,no,recurrente_pierde,recurso_ordinario,si,si,admite,,0
333_p1433,deja_sin_efecto,no,recurrente_gana,recurso_extraordinario,no,si,admite,,0
333_p1442,no_fondo,no,no_aplica,,no,no,sin_marcador,,0
333_p1446,no_fondo,no,no_aplica,recurso_extraordinario,no,no,no_aplica,,0
333_p1460,deja_sin_efecto,no,recurrente_gana,recurso_extraordinario,no,si,admite,,1
333_p1464,no_revision_procesal,no,no_aplica,,no,no,inadmite,ACORDADA_4_2007,1
333_p1467,revoca,no,recurrente_gana,recurso_extraordinario,no,si,admite,,1
333_p1469,deja_sin_efecto,no,recurrente_gana,recurso_extraordinario,no,si,admite,,1
333_p1474,no_fondo,no,no_aplica,,no,no,inadmite,CUESTION_ABSTRACTA,1
333_p1613,deja_sin_efecto,no,recurrente_gana,recurso_extraordinario,si,si,admite,,1
333_p1619,no_revision_procesal,no,no_aplica,recurso_extraordinario,no,no,inadmite,ART_280,1
333_p1623,revoca,no,recurrente_gana,recurso_ordinario,no,si,admite,,0
333_p1639,revoca,no,recurrente_gana,recurso_extraordinario,no,si,admite,,0
333_p1643,grant_remand_implicito,si,recurrente_gana,recurso_extraordinario,no,si,admite,,0
333_p1650,revoca,si,recurrente_gana,recurso_extraordinario,si,si,admite,,0
333_p1657,confirma,no,recurrente_pierde,recurso_extraordinario,si,si,admite,,0
333_p1671,nulidad,no,recurrente_gana,recurso_extraordinario,no,si,admite,,1
333_p1674,revoca,no,recurrente_gana,recurso_extraordinario,no,si,admite,,1
333_p1687,revoca,si,recurrente_gana,recurso_extraordinario,no,si,admite,,1
333_p1710,no_fondo,no,no_aplica,,no,no,no_aplica,,0
333_p1723,deja_sin_efecto,si,recurrente_gana,recurso_extraordinario,no,si,admite,,1
333_p1729,no_revision_competencia,no,no_aplica,,no,no,sin_marcador,,0
333_p1732,no_fondo,no,no_aplica,,no,no,sin_marcador,,0
333_p1735,revoca,no,recurrente_gana,recurso_ordinario,no,si,admite,,0
333_p1759,revoca,no,recurrente_gana,recurso_extraordinario,no,si,inadmite,INADMISIBLE_SIN_CAUSAL_EXPLICITA,1
333_p1765,deja_sin_efecto,si,recurrente_gana,recurso_extraordinario,no,si,admite,,1
333_p1770,no_fondo,no,no_aplica,,no,no,sin_marcador,,0
333_p1776,revoca,no,recurrente_gana,recurso_extraordinario,no,si,admite,,1
333_p1784,no_fondo,no,no_aplica,,no,no,no_aplica,,0
333_p1789,no_fondo,no,no_aplica,,no,no,inadmite,INADMISIBLE_SIN_CAUSAL_EXPLICITA,1
333_p1805,no_revision_competencia,no,no_aplica,,no,no,sin_marcador,,0
333_p1808,no_revision_competencia,no,no_aplica,,no,no,sin_marcador,,0
333_p1812,no_fondo,no,no_aplica,,no,no,sin_marcador,,0
333_p1817,confirma,no,recurrente_pierde,recurso_ordinario,no,si,admite,,0
333_p1820,confirma,no,recurrente_pierde,recurso_ordinario,si,si,admite,,0
333_p1828,confirma,no,recurrente_pierde,recurso_extraordinario,no,si,admite,,0
333_p1841,revoca,si,recurrente_gana,recurso_extraordinario,no,si,admite,,0
333_p1849,no_fondo,no,no_aplica,recurso_extraordinario,no,no,inadmite,FALTA_SENTENCIA_DEFINITIVA,1
333_p1857,no_fondo,no,no_aplica,recurso_extraordinario,no,no,admite,,1
333_p1863,deja_sin_efecto,no,recurrente_gana,recurso_extraordinario,no,si,admite,,1
333_p1869,revoca,si,recurrente_gana,recurso_extraordinario,no,si,admite,,1
333_p1885,no_fondo,no,no_aplica,recurso_extraordinario,si,no,inadmite,INADMISIBLE_SIN_CAUSAL_EXPLICITA,0
333_p1891,deja_sin_efecto,si,recurrente_gana,recurso_extraordinario,no,si,admite,,0
333_p1909,deja_sin_efecto,si,recurrente_gana,recurso_extraordinario,no,si,admite,,0
333_p1916,revoca,si,recurrente_gana,recurso_extraordinario,no,si,admite,,0
333_p1922,deja_sin_efecto,no,recurrente_gana,recurso_extraordinario,no,si,admite,,1
333_p1930,no_fondo,no,no_aplica,recurso_ordinario,si,no,sin_marcador,,1
333_p1942,confirma,no,recurrente_pierde,recurso_ordinario,no,si,admite,,0
333_p1946,revoca,no,recurrente_gana,recurso_extraordinario,no,si,admite,,0
333_p1951,revoca,no,recurrente_gana,recurso_extraordinario,no,si,admite,,0
333_p1959,no_fondo,no,no_aplica,,no,no,no_aplica,,0
333_p1979,deja_sin_efecto,si,recurrente_gana,recurso_extraordinario,no,si,admite,,1
333_p1987,revoca,no,recurrente_gana,recurso_extraordinario,no,si,admite,,1
333_p2001,deja_sin_efecto,si,recurrente_gana,recurso_extraordinario,no,si,admite,,1
333_p2010,grant_remand_implicito,si,recurrente_gana,recurso_extraordinario,no,si,admite,,1
333_p2014,no_revision_competencia,no,no_aplica,,no,no,sin_marcador,,0
333_p2017,revoca,no,recurrente_gana,recurso_extraordinario,si,si,admite,,1
333_p2040,no_fondo,no,no_aplica,recurso_extraordinario,no,no,inadmite,INADMISIBLE_SIN_CAUSAL_EXPLICITA,0
333_p2044,deja_sin_efecto,si,recurrente_gana,recurso_extraordinario,no,si,admite,,1
333_p2052,no_revision_competencia,no,no_aplica,,no,no,sin_marcador,,0
333_p2055,no_revision_competencia,no,no_aplica,,no,no,sin_marcador,,0
333_p2061,confirma,no,recurrente_pierde,recurso_extraordinario,no,si,admite,,1
333_p2065,revoca,no,recurrente_gana,recurso_ordinario,no,si,admite,,0
333_p2073,deja_sin_efecto,si,recurrente_gana,recurso_extraordinario,no,si,admite,,0
333_p2079,confirma,no,recurrente_pierde,recurso_extraordinario,no,si,admite,,0
333_p2125,deja_sin_efecto,si,recurrente_gana,recurso_extraordinario,no,si,admite,,1
333_p2136,revoca,no,recurrente_gana,recurso_ordinario,si,si,admite,,0
333_p2141,deja_sin_efecto,si,recurrente_gana,recurso_extraordinario,no,si,admite,,0
333_p2156,no_revision_competencia,no,no_aplica,,no,no,sin_marcador,,0
333_p2159,no_revision_demanda,no,no_aplica,,no,no,no_aplica,,0
333_p2179,confirma,no,recurrente_pierde,recurso_extraordinario,no,si,admite,,0
333_p2184,revoca,si,recurrente_gana,recurso_extraordinario,no,si,admite,,0
333_p2193,revoca,no,recurrente_gana,recurso_extraordinario,si,si,admite,,0
333_p2197,deja_sin_efecto,si,recurrente_gana,recurso_extraordinario,no,si,admite,,0
333_p2200,revoca,si,recurrente_gana,recurso_extraordinario,no,si,admite,,0
333_p2208,confirma,no,recurrente_pierde,recurso_extraordinario,no,si,admite,,0
333_p2218,revoca,no,recurrente_gana,recurso_extraordinario,no,si,admite,,0
333_p2222,revoca,no,recurrente_gana,recurso_extraordinario,no,si,admite,,0
333_p2237,deja_sin_efecto,si,recurrente_gana,recurso_extraordinario,si,si,admite,,1
333_p2251,revoca,si,recurrente_gana,recurso_extraordinario,no,si,admite,,1
333_p2261,confirma,no,recurrente_pierde,recurso_ordinario,no,si,admite,,0
333_p2271,deja_sin_efecto,no,recurrente_gana,recurso_extraordinario,no,si,admite,,0
333_p2296,deja_sin_efecto,si,recurrente_gana,recurso_extraordinario,no,si,admite,,0
333_p2306,confirma,no,recurrente_pierde,recurso_extraordinario,no,si,admite,,1
333_p2335,no_revision_competencia,no,no_aplica,,no,no,sin_marcador,,0
333_p2338,revoca,no,recurrente_gana,recurso_ordinario,no,si,admite,,0
333_p2344,confirma,no,recurrente_pierde,recurso_extraordinario,no,si,admite,,0
333_p2353,deja_sin_efecto,si,recurrente_gana,recurso_extraordinario,no,si,admite,,0
333_p2367,no_revision_demanda,no,no_aplica,,no,no,no_aplica,,0
333_p2396,confirma,no,recurrente_pierde,recurso_extraordinario,no,si,admite,,0
333_p2410,no_fondo,no,no_aplica,recurso_extraordinario,no,no,inadmite,ART_280,1
333_p2420,deja_sin_efecto,no,recurrente_gana,recurso_extraordinario,no,si,admite,,1
333_p2426,deja_sin_efecto,no,recurrente_gana,recurso_extraordinario,no,si,admite,,1
333_p2435,deja_sin_efecto,no,recurrente_gana,recurso_extraordinario,no,si,admite,,0
333_p2439,revoca,no,recurrente_gana,recurso_extraordinario,no,si,admite,,1
333_p2445,no_fondo,no,no_aplica,recurso_extraordinario,si,no,inadmite,ART_280,1
334_p5,confirma,no,recurrente_pierde,recurso_ordinario,no,si,admite,,0
334_p9,deja_sin_efecto,si,recurrente_gana,recurso_extraordinario,no,si,admite,,1
334_p13,confirma,no,recurrente_pierde,recurso_extraordinario,no,si,admite,,0
334_p30,confirma,no,recurrente_pierde,recurso_extraordinario,no,si,admite,,0
334_p35,revoca,no,recurrente_gana,recurso_extraordinario,no,si,admite,,1
334_p38,no_fondo,no,no_aplica,,no,no,admite,,1
334_p44,revoca,no,recurrente_gana,recurso_extraordinario,no,si,admite,,1
334_p53,confirma,no,recurrente_pierde,recurso_ordinario,no,si,admite,,0
334_p62,confirma,no,recurrente_pierde,recurso_ordinario,no,si,admite,,0
334_p95,revoca,no,recurrente_gana,recurso_ordinario,no,si,admite,,0
334_p109,confirma,no,recurrente_pierde,recurso_extraordinario,no,si,inadmite,INADMISIBLE_SIN_CAUSAL_EXPLICITA,1
334_p120,deja_sin_efecto,si,recurrente_gana,recurso_extraordinario,no,si,admite,,0
334_p128,revoca,no,recurrente_gana,recurso_extraordinario,no,si,admite,,0
334_p139,no_fondo,no,no_aplica,recurso_extraordinario,no,no,inadmite,INADMISIBLE_REMITE_DICTAMEN,0
334_p144,no_fondo,no,no_aplica,recurso_extraordinario,no,no,inadmite,CUESTION_ABSTRACTA,0
334_p156,deja_sin_efecto,si,recurrente_gana,recurso_extraordinario,no,si,admite,,1
334_p173,revoca,no,recurrente_gana,recurso_extraordinario,no,si,admite,,0
334_p178,confirma,no,recurrente_pierde,recurso_extraordinario,no,si,admite,,0
334_p187,deja_sin_efecto,si,recurrente_gana,recurso_extraordinario,no,si,admite,,1
334_p196,deja_sin_efecto,no,recurrente_gana,,no,si,admite,,0
334_p198,revoca,no,recurrente_gana,recurso_extraordinario,no,si,admite,,1
334_p210,confirma,no,recurrente_pierde,recurso_ordinario,si,si,admite,,0
334_p214,deja_sin_efecto,si,recurrente_gana,recurso_extraordinario,si,si,admite,,1
334_p223,deja_sin_efecto,no,recurrente_gana,recurso_extraordinario,no,si,admite,,1
334_p229,confirma,no,recurrente_pierde,recurso_extraordinario,no,si,admite,,1
334_p236,revoca,no,recurrente_gana,recurso_extraordinario,no,si,admite,,1
334_p240,no_fondo,no,no_aplica,,no,no,no_aplica,,0
334_p249,confirma,no,recurrente_pierde,recurso_ordinario,no,si,admite,,0
334_p256,no_revision_procesal,no,no_aplica,recurso_extraordinario,no,no,inadmite,ACORDADA_4_2007,0
334_p259,no_fondo,no,no_aplica,recurso_extraordinario,si,no,inadmite,INADMISIBLE_SIN_CAUSAL_EXPLICITA,1
334_p275,confirma,no,recurrente_pierde,recurso_extraordinario,si,si,admite,,0
334_p287,deja_sin_efecto,si,recurrente_gana,recurso_extraordinario,no,si,admite,,0
334_p295,deja_sin_efecto,si,recurrente_gana,recurso_extraordinario,no,si,admite,,0
334_p304,deja_sin_efecto,no,recurrente_gana,recurso_extraordinario,no,si,admite,,1
334_p312,no_revision_procesal,no,no_aplica,recurso_extraordinario,no,no,admite,,1
334_p324,no_revision_demanda,no,no_aplica,,no,no,no_aplica,,0
334_p343,deja_sin_efecto,si,recurrente_gana,recurso_extraordinario,no,si,admite,,1
334_p349,deja_sin_efecto,no,recurrente_gana,recurso_ordinario,no,si,admite,,0
334_p357,deja_sin_efecto,no,recurrente_gana,recurso_extraordinario,no,si,admite,,1
334_p362,revoca,no,recurrente_gana,,no,si,admite,,0
334_p365,revoca,no,recurrente_gana,recurso_extraordinario,no,si,admite,,1
334_p376,no_revision_demanda,no,no_aplica,,no,no,sin_marcador,,0
334_p396,no_fondo,no,no_aplica,,no,no,sin_marcador,,0
334_p398,deja_sin_efecto,si,recurrente_gana,recurso_extraordinario,no,si,admite,,0
334_p405,deja_sin_efecto,si,recurrente_gana,recurso_extraordinario,no,si,admite,,1
334_p417,no_fondo,no,no_aplica,recurso_extraordinario,no,no,inadmite,INADMISIBLE_SIN_CAUSAL_EXPLICITA,1
334_p419,no_fondo,no,no_aplica,recurso_extraordinario,no,no,sin_marcador,,1
334_p427,revoca,no,recurrente_gana,,no,si,admite,,1
334_p434,revoca,no,recurrente_gana,recurso_extraordinario,no,si,admite,,1
334_p445,confirma,no,recurrente_pierde,recurso_extraordinario,no,si,admite,,1
334_p454,deja_sin_efecto,si,recurrente_gana,recurso_extraordinario,no,si,admite,,0
334_p458,deja_sin_efecto,si,recurrente_gana,recurso_extraordinario,no,si,admite,,1
334_p463,deja_sin_efecto,no,recurrente_gana,recurso_extraordinario,no,si,admite,,1
334_p468,no_revision_competencia,no,no_aplica,,no,no,sin_marcador,,0
334_p471,no_revision_competencia,no,no_aplica,,no,no,sin_marcador,,0
334_p474,revoca,no,recurrente_gana,recurso_extraordinario,no,si,admite,,0
334_p476,no_revision_competencia,no,no_aplica,,no,no,sin_marcador,,0
334_p485,confirma,no,recurrente_pierde,recurso_extraordinario,no,si,admite,,0
334_p490,deja_sin_efecto,si,recurrente_gana,recurso_extraordinario,no,si,admite,,0
334_p502,revoca,no,recurrente_gana,,no,si,admite,,0
334_p509,revoca,si,recurrente_gana,recurso_extraordinario,no,si,admite,,0
334_p516,revoca,si,recurrente_gana,recurso_extraordinario,no,si,admite,,0
334_p541,no_fondo,no,no_aplica,recurso_extraordinario,no,no,inadmite,INADMISIBLE_REMITE_DICTAMEN,0
334_p552,revoca,si,recurrente_gana,recurso_extraordinario,no,si,inadmite,INADMISIBLE_SIN_CAUSAL_EXPLICITA,1
334_p559,deja_sin_efecto,si,recurrente_gana,recurso_extraordinario,no,si,admite,,1
334_p565,deja_sin_efecto,no,recurrente_gana,recurso_extraordinario,no,si,admite,,1
334_p573,revoca,si,recurrente_gana,recurso_extraordinario,no,si,admite,,1
334_p582,deja_sin_efecto,no,recurrente_gana,recurso_extraordinario,no,si,admite,,1
334_p591,revoca,no,recurrente_gana,recurso_extraordinario,no,si,inadmite,ART_280,1
334_p592,no_fondo,no,no_aplica,,no,no,sin_marcador,,0
334_p596,no_revision_demanda,no,no_aplica,,no,no,no_aplica,,0
334_p626,no_revision_demanda,no,no_aplica,,no,no,no_aplica,,0
334_p666,revoca,no,recurrente_gana,,no,si,admite,,0
334_p681,no_revision_procesal,no,no_aplica,recurso_extraordinario,no,no,inadmite,CUESTION_ABSTRACTA,1
334_p690,revoca,si,recurrente_gana,recurso_extraordinario,si,si,admite,,0
334_p698,confirma,no,recurrente_pierde,recurso_extraordinario,no,si,admite,,0
334_p715,no_fondo,no,no_aplica,,no,no,no_aplica,,0
334_p725,deja_sin_efecto,no,recurrente_gana,recurso_extraordinario,no,si,admite,,1
334_p736,deja_sin_efecto,si,recurrente_gana,recurso_extraordinario,no,si,admite,,0
334_p742,deja_sin_efecto,si,recurrente_gana,recurso_extraordinario,no,si,admite,,1
334_p749,revoca,no,recurrente_gana,recurso_extraordinario,no,si,admite,,1
334_p754,no_revision_procesal,no,no_aplica,,no,no,sin_marcador,,0
334_p757,no_revision_competencia,no,no_aplica,,no,no,sin_marcador,,0
334_p760,no_fondo,no,no_aplica,,no,no,no_aplica,,0
334_p763,confirma,no,recurrente_pierde,recurso_ordinario,no,si,admite,,0
334_p768,confirma,no,recurrente_pierde,recurso_extraordinario,no,si,admite,,0
334_p778,deja_sin_efecto,si,recurrente_gana,recurso_extraordinario,no,si,admite,,1
334_p784,revoca,si,recurrente_gana,recurso_extraordinario,no,si,admite,,0
334_p796,no_revision_competencia,no,no_aplica,,no,no,sin_marcador,,0
334_p799,confirma,no,recurrente_pierde,recurso_extraordinario,no,si,admite,,0
334_p829,no_fondo,no,no_aplica,recurso_extraordinario,no,no,admite,,0
334_p837,confirma,no,recurrente_pierde,recurso_ordinario,no,si,admite,,0
334_p842,no_fondo,no,no_aplica,recurso_ordinario,no,no,inadmite,INADMISIBLE_SIN_CAUSAL_EXPLICITA,0
334_p847,deja_sin_efecto,no,recurrente_gana,recurso_extraordinario,no,si,admite,,1
334_p852,deja_sin_efecto,no,recurrente_gana,recurso_extraordinario,no,si,admite,,0
334_p858,revoca,si,recurrente_gana,recurso_extraordinario,no,si,admite,,1
334_p864,no_fondo,no,no_aplica,,no,no,inadmite,INADMISIBLE_REMITE_DICTAMEN,1
334_p871,no_fondo,no,no_aplica,,no,no,admite,,1
334_p875,confirma,no,recurrente_pierde,recurso_extraordinario,no,si,admite,,0
334_p885,confirma,no,recurrente_pierde,recurso_extraordinario,no,si,admite,,0
334_p891,confirma,no,recurrente_pierde,recurso_extraordinario,no,si,admite,,0
334_p896,no_fondo,no,no_aplica,recurso_extraordinario,no,no,inadmite,INADMISIBLE_SIN_CAUSAL_EXPLICITA,1
334_p900,no_fondo,no,no_aplica,,no,no,sin_marcador,,0
334_p902,no_fondo,no,no_aplica,recurso_extraordinario,no,no,no_aplica,,0
334_p913,confirma,no,recurrente_pierde,recurso_extraordinario,si,si,admite,,0
334_p934,deja_sin_efecto,si,recurrente_gana,recurso_extraordinario,no,si,admite,,0
334_p941,confirma,no,recurrente_pierde,recurso_ordinario,no,si,admite,,0
334_p950,confirma,no,recurrente_pierde,recurso_extraordinario,no,si,admite,,0
334_p959,confirma,no,recurrente_pierde,recurso_extraordinario,no,si,admite,,1
334_p965,confirma,no,recurrente_pierde,recurso_ordinario,no,si,admite,,0
334_p970,confirma,no,recurrente_pierde,recurso_extraordinario,no,si,admite,,0
334_p972,confirma,no,recurrente_pierde,recurso_extraordinario,si,si,admite,,0
334_p983,revoca,no,recurrente_gana,recurso_extraordinario,no,si,admite,,0
334_p988,revoca,no,recurrente_gana,recurso_extraordinario,no,si,admite,,0
334_p996,no_revision_demanda,no,no_aplica,,no,no,admite,,0
334_p1002,revoca,si,recurrente_gana,recurso_extraordinario,no,si,admite,,1
334_p1010,deja_sin_efecto,si,recurrente_gana,recurso_extraordinario,no,si,admite,,0
334_p1018,revoca,no,recurrente_gana,recurso_ordinario,si,si,admite,,0
334_p1027,confirma,no,recurrente_pierde,recurso_extraordinario,no,si,admite,,0
334_p1033,no_revision_procesal,no,no_aplica,recurso_ordinario,no,no,inadmite,INADMISIBLE_SIN_CAUSAL_EXPLICITA,0
334_p1036,deja_sin_efecto,si,recurrente_gana,recurso_extraordinario,no,si,admite,,1
334_p1041,no_revision_procesal,no,no_aplica,recurso_ordinario,no,no,inadmite,INADMISIBLE_SIN_CAUSAL_EXPLICITA,0
334_p1043,no_revision_procesal,no,no_aplica,recurso_ordinario,no,no,inadmite,INADMISIBLE_SIN_CAUSAL_EXPLICITA,0
334_p1047,no_fondo,no,no_aplica,recurso_ordinario,si,no,sin_marcador,,0
334_p1054,no_revision_procesal,no,no_aplica,,no,no,inadmite,INADMISIBLE_REMITE_DICTAMEN,1
334_p1063,no_fondo,no,no_aplica,,no,no,inadmite,INADMISIBLE_SIN_CAUSAL_EXPLICITA,0
334_p1070,no_revision_competencia,no,no_aplica,,no,no,no_aplica,,0
334_p1074,confirma,no,recurrente_pierde,recurso_ordinario,no,si,admite,,0
334_p1081,deja_sin_efecto,si,recurrente_gana,recurso_extraordinario,no,si,admite,,0
334_p1092,no_revision_procesal,no,no_aplica,recurso_extraordinario,no,no,inadmite,INADMISIBLE_REMITE_DICTAMEN,0
334_p1099,revoca,no,recurrente_gana,recurso_extraordinario,no,si,admite,,0
334_p1101,revoca,si,recurrente_gana,recurso_extraordinario,no,si,admite,,0
334_p1106,no_fondo,no,no_aplica,,no,no,no_aplica,,0
334_p1113,confirma,no,recurrente_pierde,recurso_extraordinario,no,si,admite,,0
334_p1123,grant_remand_implicito,si,recurrente_gana,recurso_extraordinario,no,no,admite,,1
334_p1133,deja_sin_efecto,si,recurrente_gana,recurso_extraordinario,no,si,admite,,1
334_p1139,nulidad,si,recurrente_gana,recurso_extraordinario,no,si,admite,,0
334_p1143,no_fondo,no,no_aplica,,no,no,no_aplica,,0
334_p1162,no_fondo,no,no_aplica,,no,no,no_aplica,,0
334_p1172,revoca,si,recurrente_gana,recurso_ordinario,no,si,admite,,0
334_p1182,confirma,no,recurrente_pierde,recurso_ordinario,no,si,admite,,0
334_p1187,no_fondo,no,no_aplica,,no,no,inadmite,CUESTION_ABSTRACTA,0
334_p1193,revoca,no,recurrente_gana,recurso_ordinario,no,si,admite,,0
334_p1198,revoca,si,recurrente_gana,recurso_extraordinario,no,si,admite,,0
334_p1204,deja_sin_efecto,si,recurrente_gana,recurso_extraordinario,no,si,admite,,0
334_p1216,revoca,no,recurrente_gana,recurso_extraordinario,no,si,admite,,0
334_p1231,revoca,no,recurrente_gana,recurso_ordinario,no,si,admite,,0
334_p1237,revoca,no,recurrente_gana,,no,si,admite,,0
334_p1239,no_revision_procesal,no,no_aplica,recurso_ordinario,no,no,inadmite,INADMISIBLE_SIN_CAUSAL_EXPLICITA,0
334_p1241,revoca,si,recurrente_gana,recurso_extraordinario,si,si,admite,,0
334_p1264,no_fondo,no,no_aplica,recurso_extraordinario,no,no,admite,,0
334_p1272,revoca,no,recurrente_gana,recurso_extraordinario,si,si,admite,,1
334_p1276,revoca,si,recurrente_gana,recurso_extraordinario,no,si,admite,,0
334_p1287,revoca,no,recurrente_gana,recurso_extraordinario,no,si,admite,,0
334_p1302,confirma,no,recurrente_pierde,recurso_ordinario,si,si,admite,,0
334_p1327,confirma,no,recurrente_pierde,recurso_extraordinario,no,si,admite,,1
334_p1342,no_fondo,no,no_aplica,,no,no,no_aplica,,0
334_p1346,no_revision_demanda,no,no_aplica,,no,no,no_aplica,,0
334_p1361,revoca,no,recurrente_gana,recurso_extraordinario,si,si,admite,,0
334_p1372,deja_sin_efecto,no,recurrente_gana,recurso_extraordinario,no,si,admite,,1
334_p1382,no_revision_competencia,no,no_aplica,,no,no,sin_marcador,,0
334_p1387,revoca,no,recurrente_gana,recurso_extraordinario,no,si,admite,,1
334_p1406,revoca,si,recurrente_gana,recurso_extraordinario,no,si,admite,,0
334_p1412,deja_sin_efecto,si,recurrente_gana,recurso_extraordinario,no,si,admite,,1
334_p1426,confirma,no,recurrente_pierde,recurso_extraordinario,no,si,admite,,0
334_p1431,confirma,no,recurrente_pierde,recurso_extraordinario,no,si,admite,,0
334_p1437,revoca,si,recurrente_gana,recurso_extraordinario,no,si,admite,,0
334_p1445,revoca,no,recurrente_gana,recurso_extraordinario,no,si,admite,,0
334_p1458,nulidad,no,recurrente_gana,,no,si,admite,,0
334_p1461,no_fondo,no,no_aplica,recurso_extraordinario,no,no,inadmite,ART_280,1
334_p1472,no_revision_demanda,no,no_aplica,,no,no,no_aplica,,0
334_p1489,deja_sin_efecto,si,recurrente_gana,recurso_extraordinario,no,si,admite,,1
334_p1504,deja_sin_efecto,no,recurrente_gana,,no,si,admite,,0
334_p1580,no_revision_demanda,no,no_aplica,,no,no,no_aplica,,0
334_p1609,confirma,no,recurrente_pierde,recurso_extraordinario,no,si,admite,,0
334_p1614,revoca,no,recurrente_gana,recurso_extraordinario,si,si,admite,,0
334_p1622,deja_sin_efecto,si,recurrente_gana,recurso_extraordinario,no,si,admite,,0
334_p1626,no_revision_demanda,no,no_aplica,,no,no,no_aplica,,0
334_p1640,no_fondo,no,no_aplica,,no,no,no_aplica,,0
334_p1644,deja_sin_efecto,si,recurrente_gana,recurso_extraordinario,no,si,admite,,0
334_p1659,confirma,no,recurrente_pierde,,no,si,admite,,0
334_p1673,deja_sin_efecto,si,recurrente_gana,recurso_extraordinario,si,si,admite,,1
334_p1691,deja_sin_efecto,si,recurrente_gana,recurso_extraordinario,si,si,admite,,1
334_p1703,confirma,no,recurrente_pierde,recurso_extraordinario,no,si,admite,,0
334_p1714,deja_sin_efecto,si,recurrente_gana,recurso_extraordinario,no,si,admite,,0
334_p1722,revoca,no,recurrente_gana,recurso_extraordinario,no,si,admite,,1
334_p1754,no_revision_procesal,no,no_aplica,recurso_extraordinario,no,no,no_aplica,,0
334_p1768,revoca,no,recurrente_gana,recurso_extraordinario,si,si,admite,,1
334_p1791,nulidad,no,recurrente_gana,recurso_extraordinario,si,si,admite,,0
334_p1795,deja_sin_efecto,si,recurrente_gana,recurso_extraordinario,no,si,admite,,0
334_p1804,deja_sin_efecto,no,recurrente_gana,recurso_extraordinario,no,si,admite,,1
334_p1808,confirma,no,recurrente_pierde,recurso_ordinario,no,si,admite,,0
334_p1815,revoca,no,recurrente_gana,recurso_extraordinario,no,si,admite,,1
334_p1821,no_revision_demanda,no,no_aplica,,no,no,sin_marcador,,0
334_p1842,revoca,no,recurrente_gana,recurso_extraordinario,no,no,admite,,1
334_p1848,deja_sin_efecto,no,recurrente_gana,recurso_extraordinario,no,si,admite,,1
334_p1854,confirma,no,recurrente_pierde,recurso_extraordinario,no,si,admite,,0
334_p1861,no_fondo,no,no_aplica,,no,no,no_aplica,,0
334_p1869,revoca,no,recurrente_gana,recurso_extraordinario,no,si,admite,,1
334_p1876,no_revision_procesal,no,no_aplica,recurso_ordinario,no,no,inadmite,FALTA_SENTENCIA_DEFINITIVA,0
334_p1882,no_fondo,no,no_aplica,recurso_extraordinario,no,no,inadmite,INADMISIBLE_SIN_CAUSAL_EXPLICITA,0
334_p1897,revoca,si,recurrente_gana,recurso_extraordinario,no,si,admite,,1
334_p1903,revoca,no,recurrente_gana,recurso_ordinario,no,si,admite,,0
334_p1909,revoca,no,recurrente_gana,recurso_extraordinario,no,si,admite,,0
334_p1920,revoca,no,recurrente_gana,,no,si,admite,,0
337_p23,no_fondo,no,no_aplica,,no,no,no_aplica,,0
337_p37,deja_sin_efecto,si,recurrente_gana,recurso_extraordinario,no,si,admite,,0
337_p45,no_revision_procesal,no,no_aplica,,no,no,sin_marcador,,0
337_p47,confirma,no,recurrente_pierde,recurso_extraordinario,no,si,admite,,0
337_p58,revoca,no,recurrente_gana,recurso_ordinario,no,si,admite,,0
337_p62,revoca,no,recurrente_gana,recurso_extraordinario,no,si,admite,,1
337_p70,confirma,no,recurrente_pierde,recurso_extraordinario,no,si,admite,,0
337_p77,deja_sin_efecto,no,recurrente_gana,recurso_extraordinario,no,si,admite,,0
337_p88,revoca,no,recurrente_gana,recurso_extraordinario,no,si,admite,,0
337_p97,nulidad,no,recurrente_gana,,no,si,admite,,0
337_p112,revoca,si,recurrente_gana,recurso_extraordinario,no,si,admite,,1
337_p119,revoca,no,recurrente_gana,recurso_ordinario,no,si,admite,,0
337_p123,confirma,no,recurrente_pierde,recurso_extraordinario,no,si,admite,,1
337_p133,confirma,no,recurrente_pierde,recurso_ordinario,no,si,admite,,0
337_p149,deja_sin_efecto,si,recurrente_gana,recurso_extraordinario,no,si,admite,,1
337_p154,confirma,no,recurrente_pierde,recurso_extraordinario,no,si,admite,,1
337_p166,no_fondo,no,no_aplica,recurso_extraordinario,no,no,inadmite,INADMISIBLE_SIN_CAUSAL_EXPLICITA,0
337_p179,deja_sin_efecto,si,recurrente_gana,recurso_extraordinario,no,si,admite,,0
337_p191,revoca,no,recurrente_gana,recurso_extraordinario,no,si,admite,,1
337_p196,deja_sin_efecto,si,recurrente_gana,recurso_extraordinario,no,si,admite,,0
337_p205,confirma,no,recurrente_pierde,recurso_extraordinario,no,si,admite,,0
337_p222,confirma,no,recurrente_pierde,recurso_extraordinario,no,si,admite,,0
337_p234,no_revision_demanda,no,no_aplica,,no,no,sin_marcador,,0
337_p256,confirma,no,recurrente_pierde,recurso_extraordinario,no,si,admite,,0
337_p291,no_fondo,no,no_aplica,recurso_extraordinario,si,no,sin_marcador,,1
337_p307,no_fondo,no,no_aplica,recurso_extraordinario,no,no,inadmite,ART_280,1
337_p315,deja_sin_efecto,si,recurrente_gana,recurso_extraordinario,no,si,admite,,1
337_p329,deja_sin_efecto,si,recurrente_gana,recurso_extraordinario,no,si,admite,,1
337_p339,revoca,si,recurrente_gana,recurso_extraordinario,no,si,admite,,0
337_p346,confirma,no,recurrente_pierde,recurso_extraordinario,no,si,admite,,0
337_p354,revoca,si,recurrente_gana,recurso_extraordinario,no,si,admite,,1
337_p365,confirma,no,recurrente_pierde,recurso_extraordinario,no,si,admite,,0
337_p373,confirma,no,recurrente_pierde,recurso_ordinario,no,si,admite,,1
337_p388,confirma,no,recurrente_pierde,recurso_extraordinario,no,si,admite,,0
337_p448,confirma,no,recurrente_pierde,recurso_extraordinario,no,si,admite,,1
337_p469,no_revision_procesal,no,no_aplica,,no,no,sin_marcador,,0
337_p471,deja_sin_efecto,si,recurrente_gana,recurso_extraordinario,no,si,admite,,0
337_p481,revoca,no,recurrente_gana,recurso_extraordinario,no,si,admite,,0
337_p486,confirma,no,recurrente_pierde,recurso_ordinario,no,si,admite,,0
337_p492,confirma,no,recurrente_pierde,recurso_extraordinario,no,si,admite,,0
337_p505,revoca,si,recurrente_gana,recurso_extraordinario,no,si,admite,,1
337_p518,confirma,no,recurrente_pierde,recurso_extraordinario,no,si,inadmite,INADMISIBLE_REMITE_DICTAMEN,1
337_p530,no_fondo,no,no_aplica,,no,no,sin_marcador,,0
337_p542,no_revision_procesal,no,no_aplica,,no,no,inadmite,INADMISIBLE_REMITE_DICTAMEN,1
337_p548,no_revision_demanda,no,no_aplica,recurso_ordinario,no,no,sin_marcador,,0
337_p567,deja_sin_efecto,si,recurrente_gana,recurso_extraordinario,no,si,admite,,1
337_p574,confirma,no,recurrente_pierde,recurso_extraordinario,no,si,admite,,0
337_p580,deja_sin_efecto,no,recurrente_gana,recurso_extraordinario,no,si,admite,,1
337_p590,no_fondo,no,no_aplica,recurso_extraordinario,no,no,inadmite,INADMISIBLE_SIN_CAUSAL_EXPLICITA,1
337_p611,deja_sin_efecto,si,recurrente_gana,recurso_extraordinario,no,si,admite,,1
337_p627,no_revision_demanda,no,no_aplica,,no,no,no_aplica,,0
337_p637,no_revision_procesal,no,no_aplica,,no,no,inadmite,ART_280,1
337_p647,confirma,no,recurrente_pierde,recurso_ordinario,no,si,admite,,0
337_p654,revoca,no,recurrente_gana,recurso_extraordinario,no,no,admite,,0
337_p659,revoca,no,recurrente_gana,recurso_extraordinario,no,si,admite,,0
337_p675,deja_sin_efecto,si,recurrente_gana,recurso_extraordinario,no,si,admite,,1
337_p681,no_fondo,no,no_aplica,recurso_extraordinario,no,no,inadmite,FALTA_SENTENCIA_DEFINITIVA,1
337_p692,confirma,no,recurrente_pierde,recurso_ordinario,no,si,admite,,0
337_p703,confirma,no,recurrente_pierde,recurso_extraordinario,no,si,admite,,1
337_p712,no_revision_demanda,no,no_aplica,,no,no,sin_marcador,,0
337_p731,no_fondo,no,no_aplica,,no,no,inadmite,INADMISIBLE_REMITE_DICTAMEN,0
337_p735,no_revision_competencia,no,no_aplica,,no,no,sin_marcador,,0
337_p740,confirma,no,recurrente_pierde,recurso_extraordinario,no,si,inadmite,INADMISIBLE_SIN_CAUSAL_EXPLICITA,1
337_p748,deja_sin_efecto,si,recurrente_gana,recurso_extraordinario,no,si,admite,,1
337_p753,confirma,no,recurrente_pierde,recurso_extraordinario,no,si,admite,,0
337_p762,deja_sin_efecto,si,recurrente_gana,recurso_extraordinario,no,si,admite,,0
337_p771,revoca,si,recurrente_gana,recurso_extraordinario,no,si,admite,,0
337_p790,revoca,si,recurrente_gana,recurso_extraordinario,no,si,admite,,0
337_p813,no_revision_demanda,no,no_aplica,,no,no,no_aplica,,0
337_p822,no_revision_demanda,no,no_aplica,,no,no,no_aplica,,0
337_p843,no_revision_competencia,no,no_aplica,,no,no,sin_marcador,,0
337_p850,revoca,no,recurrente_gana,recurso_ordinario,si,si,admite,,1
337_p858,confirma,no,recurrente_pierde,recurso_extraordinario,no,si,admite,,1
337_p877,revoca,no,recurrente_gana,recurso_extraordinario,si,si,admite,,0
337_p901,no_fondo,no,no_aplica,recurso_extraordinario,si,no,admite,,0
337_p921,no_fondo,no,no_aplica,recurso_extraordinario,no,no,sin_marcador,,1
337_p939,revoca,no,recurrente_gana,recurso_ordinario,no,si,admite,,0
337_p948,revoca,si,recurrente_gana,recurso_extraordinario,no,si,admite,,0
337_p966,confirma,no,recurrente_pierde,recurso_extraordinario,no,si,admite,,0
337_p993,confirma,no,recurrente_pierde,recurso_extraordinario,no,si,admite,,1
337_p1006,revoca,si,recurrente_gana,recurso_extraordinario,si,si,admite,,0
337_p1013,no_revision_procesal,no,no_aplica,recurso_ordinario,si,no,inadmite,INADMISIBLE_SIN_CAUSAL_EXPLICITA,0
337_p1024,no_revision_procesal,no,no_aplica,recurso_extraordinario,no,no,admite,,1
337_p1037,revoca,no,recurrente_gana,recurso_extraordinario,no,si,admite,,1
337_p1042,no_fondo,no,no_aplica,recurso_extraordinario,no,no,admite,,0
337_p1052,deja_sin_efecto,si,recurrente_gana,recurso_extraordinario,no,si,admite,,0
337_p1067,no_revision_demanda,no,no_aplica,,no,no,no_aplica,,0
337_p1081,deja_sin_efecto,si,recurrente_gana,recurso_extraordinario,no,si,admite,,1
337_p1095,revoca,no,recurrente_gana,recurso_extraordinario,no,si,admite,,0
337_p1102,deja_sin_efecto,si,recurrente_gana,recurso_extraordinario,no,si,admite,,1
337_p1108,deja_sin_efecto,si,recurrente_gana,recurso_extraordinario,no,si,admite,,1
337_p1117,revoca,no,recurrente_gana,recurso_extraordinario,no,si,admite,,0
337_p1136,deja_sin_efecto,si,recurrente_gana,recurso_extraordinario,no,si,admite,,1
337_p1142,confirma,no,recurrente_pierde,recurso_ordinario,no,si,admite,,0
337_p1152,no_fondo,no,no_aplica,recurso_extraordinario,no,no,inadmite,CUESTION_ABSTRACTA,1
337_p1174,no_revision_demanda,no,no_aplica,recurso_extraordinario,si,no,sin_marcador,,0
337_p1217,confirma,no,recurrente_pierde,,no,si,admite,,0
337_p1234,deja_sin_efecto,no,recurrente_gana,recurso_extraordinario,no,si,admite,,0
337_p1245,no_fondo,no,no_aplica,,no,no,no_aplica,,0
337_p1252,deja_sin_efecto,no,recurrente_gana,recurso_extraordinario,no,si,admite,,1
337_p1254,deja_sin_efecto,si,recurrente_gana,recurso_extraordinario,no,si,admite,,0
337_p1263,deja_sin_efecto,si,recurrente_gana,recurso_extraordinario,no,si,admite,,1
337_p1277,revoca,no,recurrente_gana,recurso_extraordinario,no,si,admite,,0
337_p1289,deja_sin_efecto,si,recurrente_gana,recurso_extraordinario,no,si,admite,,0
337_p1307,revoca,no,recurrente_gana,recurso_extraordinario,no,si,admite,,0
337_p1323,deja_sin_efecto,no,recurrente_gana,recurso_extraordinario,no,si,inadmite,INADMISIBLE_SIN_CAUSAL_EXPLICITA,0
337_p1337,confirma,no,recurrente_pierde,recurso_extraordinario,no,si,admite,,0
337_p1346,no_revision_demanda,no,no_aplica,,no,no,no_aplica,,0
337_p1361,deja_sin_efecto,si,recurrente_gana,recurso_extraordinario,no,si,admite,,1
337_p1375,no_revision_demanda,no,no_aplica,,no,no,no_aplica,,0
337_p1393,revoca,no,recurrente_gana,recurso_extraordinario,no,si,admite,,0
337_p1403,deja_sin_efecto,no,recurrente_gana,recurso_extraordinario,no,si,admite,,1
337_p1408,deja_sin_efecto,no,recurrente_gana,recurso_extraordinario,no,si,admite,,1
337_p1420,deja_sin_efecto,no,recurrente_gana,recurso_extraordinario,no,si,admite,,1
337_p1431,deja_sin_efecto,si,recurrente_gana,recurso_extraordinario,no,si,admite,,1
337_p1439,no_fondo,no,no_aplica,,no,no,no_aplica,,0
337_p1447,no_revision_procesal,no,no_aplica,,no,no,no_aplica,,0
337_p1451,revoca,no,recurrente_gana,recurso_extraordinario,no,si,admite,,0
337_p1464,no_revision_demanda,no,no_aplica,,no,no,no_aplica,,0
337_p1491,deja_sin_efecto,si,recurrente_gana,recurso_extraordinario,si,si,admite,,0
337_p1494,deja_sin_efecto,si,recurrente_gana,recurso_extraordinario,no,si,admite,,0
337_p1503,no_fondo,no,no_aplica,,no,no,no_aplica,,0
337_p1511,confirma,no,recurrente_pierde,recurso_extraordinario,no,si,admite,,1
337_p1521,deja_sin_efecto,si,recurrente_gana,recurso_extraordinario,no,si,admite,,1
337_p1530,revoca,si,recurrente_gana,recurso_extraordinario,no,si,admite,,1
337_p1540,no_revision_demanda,no,no_aplica,,no,no,sin_marcador,,0
337_p1548,revoca,si,recurrente_gana,recurso_extraordinario,no,si,admite,,1
337_p1555,deja_sin_efecto,si,recurrente_gana,recurso_extraordinario,no,si,admite,,0
337_p1564,deja_sin_efecto,si,recurrente_gana,recurso_extraordinario,no,si,admite,,0
337_p1581,revoca,no,recurrente_gana,recurso_extraordinario,no,si,admite,,1
338_p29,deja_sin_efecto,no,recurrente_gana,recurso_extraordinario,no,si,admite,,1
338_p40,deja_sin_efecto,no,recurrente_gana,recurso_extraordinario,si,si,admite,,1
338_p48,deja_sin_efecto,si,recurrente_gana,recurso_extraordinario,no,si,admite,,1
338_p53,revoca,si,recurrente_gana,recurso_extraordinario,no,si,admite,,1
338_p68,deja_sin_efecto,si,recurrente_gana,recurso_extraordinario,no,si,admite,,1
338_p80,no_revision_procesal,no,no_aplica,,no,no,inadmite,INADMISIBLE_SIN_CAUSAL_EXPLICITA,0
338_p88,confirma,si,recurrente_pierde,recurso_extraordinario,no,si,admite,,0
338_p102,revoca,no,recurrente_gana,recurso_extraordinario,no,si,admite,,1
338_p113,no_revision_demanda,no,no_aplica,recurso_ordinario,si,no,sin_marcador,,0
338_p123,revoca,no,recurrente_gana,recurso_extraordinario,no,si,admite,,0
338_p130,deja_sin_efecto,si,recurrente_gana,recurso_extraordinario,no,si,admite,,1
338_p134,deja_sin_efecto,si,recurrente_gana,recurso_extraordinario,no,si,admite,,1
338_p141,no_revision_demanda,no,no_aplica,,no,no,no_aplica,,0
338_p148,revoca,no,recurrente_gana,recurso_extraordinario,no,si,admite,,1
338_p155,revoca,no,recurrente_gana,recurso_extraordinario,no,si,admite,,1
338_p161,confirma,no,recurrente_pierde,recurso_ordinario,no,si,admite,,0
338_p169,revoca,no,recurrente_gana,recurso_ordinario,no,si,admite,,0
338_p176,confirma,no,recurrente_pierde,recurso_extraordinario,si,si,inadmite,INADMISIBLE_SIN_CAUSAL_EXPLICITA,1
338_p193,no_revision_competencia,no,no_aplica,,no,no,sin_marcador,,0
338_p195,revoca,no,recurrente_gana,recurso_extraordinario,no,si,admite,,1
338_p203,revoca,si,recurrente_gana,recurso_extraordinario,no,si,admite,,0
338_p212,revoca,no,recurrente_gana,recurso_extraordinario,no,si,admite,,0
338_p221,deja_sin_efecto,si,recurrente_gana,recurso_extraordinario,no,si,admite,,1
338_p231,no_fondo,no,no_aplica,,no,no,no_aplica,,0
338_p234,no_fondo,no,no_aplica,recurso_extraordinario,no,no,admite,,0
338_p249,no_fondo,no,no_aplica,recurso_extraordinario,no,no,inadmite,INADMISIBLE_SIN_CAUSAL_EXPLICITA,1
338_p280,no_fondo,no,no_aplica,,no,no,inadmite,INADMISIBLE_SIN_CAUSAL_EXPLICITA,1
338_p284,no_fondo,si,no_aplica,,no,no,sin_marcador,,0
338_p298,deja_sin_efecto,no,recurrente_gana,recurso_extraordinario,si,si,admite,,0
338_p308,revoca,no,recurrente_gana,recurso_extraordinario,no,si,admite,,1
338_p313,no_revision_demanda,no,no_aplica,,no,no,no_aplica,,0
338_p335,deja_sin_efecto,si,recurrente_gana,recurso_extraordinario,no,si,admite,,0
338_p340,no_fondo,no,no_aplica,,no,no,inadmite,INADMISIBLE_SIN_CAUSAL_EXPLICITA,0
338_p342,confirma,no,recurrente_pierde,,no,si,admite,,0
338_p349,revoca,no,recurrente_gana,recurso_extraordinario,no,si,admite,,1
338_p353,no_revision_procesal,no,no_aplica,recurso_extraordinario,no,no,sin_marcador,,0
338_p362,no_revision_demanda,no,no_aplica,,no,no,no_aplica,,0
338_p386,no_fondo,no,no_aplica,,no,no,inadmite,INADMISIBLE_REMITE_DICTAMEN,1
338_p399,deja_sin_efecto,si,recurrente_gana,recurso_extraordinario,no,si,admite,,1
338_p404,no_fondo,no,no_aplica,,no,no,sin_marcador,,0
338_p407,confirma,no,recurrente_pierde,recurso_extraordinario,no,si,admite,,1
338_p412,confirma,no,recurrente_pierde,recurso_extraordinario,no,si,admite,,0
338_p419,no_revision_competencia,no,no_aplica,,no,no,sin_marcador,,0
338_p424,revoca,no,recurrente_gana,recurso_extraordinario,no,si,admite,,0
338_p428,no_revision_competencia,no,no_aplica,,no,no,sin_marcador,,0
338_p432,no_fondo,no,no_aplica,,no,no,sin_marcador,,0
338_p435,deja_sin_efecto,no,recurrente_gana,recurso_extraordinario,no,si,admite,,1
338_p451,grant_remand_implicito,si,recurrente_gana,recurso_extraordinario,no,si,admite,,1
338_p453,revoca,no,recurrente_gana,recurso_extraordinario,no,si,admite,,0
338_p463,no_revision_competencia,no,no_aplica,,no,no,sin_marcador,,0
338_p467,no_revision_procesal,no,no_aplica,recurso_extraordinario,no,no,inadmite,INADMISIBLE_REMITE_DICTAMEN,0
338_p471,no_fondo,no,no_aplica,,no,no,sin_marcador,,0
338_p474,nulidad,si,recurrente_gana,recurso_extraordinario,si,si,admite,,1
338_p477,revoca,no,recurrente_gana,recurso_extraordinario,no,si,admite,,1
338_p484,deja_sin_efecto,si,recurrente_gana,recurso_extraordinario,no,si,admite,,1
338_p488,deja_sin_efecto,si,recurrente_gana,recurso_extraordinario,no,si,admite,,1
338_p493,deja_sin_efecto,si,recurrente_gana,recurso_extraordinario,no,si,admite,,0
338_p505,no_fondo,no,no_aplica,recurso_ordinario,si,no,inadmite,INADMISIBLE_SIN_CAUSAL_EXPLICITA,0
338_p508,no_fondo,no,no_aplica,recurso_extraordinario,no,no,inadmite,INADMISIBLE_SIN_CAUSAL_EXPLICITA,0
338_p515,no_fondo,no,no_aplica,recurso_extraordinario,no,no,no_aplica,,0
338_p525,revoca,no,recurrente_gana,recurso_extraordinario,no,si,admite,,0
338_p530,deja_sin_efecto,si,recurrente_gana,recurso_extraordinario,no,si,admite,,0
338_p534,revoca,si,recurrente_gana,recurso_extraordinario,no,si,admite,,1
338_p539,revoca,no,recurrente_gana,recurso_extraordinario,no,si,admite,,1
338_p552,deja_sin_efecto,si,recurrente_gana,recurso_extraordinario,no,si,admite,,1
338_p556,confirma,no,recurrente_pierde,recurso_extraordinario,si,si,admite,,0
338_p599,deja_sin_efecto,si,recurrente_gana,recurso_extraordinario,no,si,admite,,0
338_p601,revoca,no,recurrente_gana,recurso_extraordinario,no,si,admite,,0
338_p613,deja_sin_efecto,si,recurrente_gana,recurso_extraordinario,no,si,admite,,1
338_p623,deja_sin_efecto,si,recurrente_gana,recurso_extraordinario,no,si,admite,,1
338_p628,confirma,no,recurrente_pierde,recurso_extraordinario,no,si,admite,,1
338_p651,no_fondo,no,no_aplica,,no,no,inadmite,INADMISIBLE_SIN_CAUSAL_EXPLICITA,0
338_p652,no_revision_demanda,no,no_aplica,,no,no,sin_marcador,,0
338_p693,deja_sin_efecto,si,recurrente_gana,recurso_extraordinario,no,si,admite,,0
338_p697,no_revision_competencia,no,no_aplica,,no,no,sin_marcador,,0
338_p699,no_fondo,no,no_aplica,,no,no,sin_marcador,,0
338_p706,no_fondo,no,no_aplica,recurso_extraordinario,no,no,inadmite,CUESTION_ABSTRACTA,1
338_p711,nulidad_concesion,no,no_aplica,recurso_extraordinario,si,no,sin_marcador,,0
338_p714,no_fondo,no,no_aplica,recurso_extraordinario,no,no,inadmite,INADMISIBLE_SIN_CAUSAL_EXPLICITA,1
338_p716,revoca,no,recurrente_gana,recurso_extraordinario,no,si,admite,,1
338_p724,no_fondo,no,no_aplica,recurso_ordinario,si,no,inadmite,ART_280,0
338_p748,no_revision_competencia,no,no_aplica,,no,no,sin_marcador,,0
338_p757,revoca,no,recurrente_gana,recurso_extraordinario,no,si,admite,,0
338_p763,no_fondo,no,no_aplica,recurso_extraordinario,no,no,inadmite,INADMISIBLE_SIN_CAUSAL_EXPLICITA,1
338_p765,no_fondo,no,no_aplica,,no,no,inadmite,INADMISIBLE_SIN_CAUSAL_EXPLICITA,1
338_p767,no_revision_demanda,no,no_aplica,,no,no,no_aplica,,0
338_p779,confirma,no,recurrente_pierde,recurso_extraordinario,no,si,admite,,1
338_p793,no_revision_demanda,no,no_aplica,,no,no,sin_marcador,,0
338_p798,no_fondo,no,no_aplica,,no,no,inadmite,ACORDADA_4_2007,0
338_p799,no_fondo,no,no_aplica,recurso_ordinario,no,no,inadmite,INADMISIBLE_SIN_CAUSAL_EXPLICITA,1
338_p802,no_fondo,no,no_aplica,,no,no,no_aplica,,0
338_p811,no_fondo,no,no_aplica,,no,no,no_aplica,,0
338_p815,revoca,no,recurrente_gana,recurso_extraordinario,no,si,admite,,0
338_p823,deja_sin_efecto,si,recurrente_gana,recurso_extraordinario,no,si,admite,,1
338_p828,no_revision_competencia,no,no_aplica,,no,no,sin_marcador,,0
338_p830,no_fondo,no,no_aplica,recurso_extraordinario,no,no,inadmite,FALTA_SENTENCIA_DEFINITIVA,1
338_p837,no_revision_procesal,no,no_aplica,,no,no,sin_marcador,,0
338_p845,no_revision_demanda,no,no_aplica,,no,no,no_aplica,,0
338_p868,no_fondo,no,no_aplica,,no,no,no_aplica,,0
338_p875,revoca,si,recurrente_gana,recurso_extraordinario,no,si,admite,,1
338_p884,no_revision_procesal,no,no_aplica,recurso_extraordinario,no,no,inadmite,INADMISIBLE_REMITE_DICTAMEN,0
338_p896,deja_sin_efecto,si,recurrente_gana,recurso_extraordinario,no,si,admite,,1
338_p902,no_fondo,no,no_aplica,,no,no,no_aplica,,0
338_p911,deja_sin_efecto,no,recurrente_gana,recurso_extraordinario,no,si,admite,,1
338_p921,confirma,no,recurrente_pierde,recurso_extraordinario,no,si,admite,,0
338_p923,no_fondo,no,no_aplica,,no,no,sin_marcador,,0
338_p927,no_revision_demanda,no,no_aplica,,no,no,sin_marcador,,0
338_p934,deja_sin_efecto,si,recurrente_gana,recurso_extraordinario,no,si,admite,,1
338_p942,confirma,no,recurrente_pierde,recurso_ordinario,si,si,admite,,0
338_p949,no_fondo,no,no_aplica,recurso_extraordinario,no,no,inadmite,INADMISIBLE_SIN_CAUSAL_EXPLICITA,0
338_p952,deja_sin_efecto,no,recurrente_gana,recurso_extraordinario,no,si,admite,,1
338_p959,nulidad,no,recurrente_gana,recurso_extraordinario,no,si,admite,,0
338_p962,no_revision_demanda,no,no_aplica,,no,no,no_aplica,,0
338_p991,deja_sin_efecto,no,recurrente_gana,recurso_extraordinario,no,si,admite,,1
338_p993,no_revision_demanda,no,no_aplica,,no,no,no_aplica,,0
338_p1009,revoca,no,recurrente_gana,recurso_extraordinario,no,si,admite,,1
338_p1017,confirma,no,recurrente_pierde,recurso_extraordinario,si,si,admite,,1
338_p1021,deja_sin_efecto,si,recurrente_gana,recurso_extraordinario,no,si,admite,,1
338_p1026,deja_sin_efecto,si,recurrente_gana,recurso_extraordinario,no,si,admite,,1
338_p1032,revoca,no,recurrente_gana,recurso_extraordinario,no,si,admite,,0
338_p1045,deja_sin_efecto,si,recurrente_gana,recurso_extraordinario,no,si,admite,,0
338_p1048,confirma,no,recurrente_pierde,recurso_extraordinario,no,si,admite,,0
338_p1060,no_fondo,no,no_aplica,,no,no,no_aplica,,0
338_p1084,confirma,no,recurrente_pierde,recurso_extraordinario,si,si,admite,,1
338_p1092,confirma,no,recurrente_pierde,recurso_extraordinario,no,si,admite,,1
338_p1104,deja_sin_efecto,si,recurrente_gana,recurso_extraordinario,no,si,admite,,1
338_p1110,no_revision_demanda,no,no_aplica,,no,no,no_aplica,,0
338_p1149,deja_sin_efecto,no,recurrente_gana,recurso_extraordinario,no,si,admite,,1
338_p1156,confirma,no,recurrente_pierde,recurso_extraordinario,no,si,inadmite,INADMISIBLE_SIN_CAUSAL_EXPLICITA,1
338_p1171,revoca,si,recurrente_gana,recurso_extraordinario,no,si,admite,,0
338_p1183,no_revision_demanda,no,no_aplica,,no,no,no_aplica,,0
338_p1216,no_fondo,no,no_aplica,recurso_extraordinario,no,no,sin_marcador,,0
338_p1248,deja_sin_efecto,si,recurrente_gana,recurso_extraordinario,no,si,admite,,1
338_p1252,deja_sin_efecto,si,recurrente_gana,recurso_extraordinario,no,si,admite,,1
338_p1258,revoca,no,recurrente_gana,recurso_extraordinario,no,si,admite,,1
338_p1277,deja_sin_efecto,si,recurrente_gana,recurso_extraordinario,no,si,admite,,1
338_p1284,deja_sin_efecto,si,recurrente_gana,recurso_extraordinario,no,si,admite,,1
338_p1291,no_fondo,no,no_aplica,recurso_extraordinario,no,no,inadmite,CUESTION_ABSTRACTA,1
338_p1299,deja_sin_efecto,si,recurrente_gana,recurso_extraordinario,no,si,admite,,1
338_p1304,deja_sin_efecto,si,recurrente_gana,recurso_extraordinario,no,si,admite,,1
338_p1311,revoca,no,recurrente_gana,recurso_extraordinario,si,si,admite,,1
338_p1322,no_fondo,si,no_aplica,recurso_extraordinario,no,no,sin_marcador,,0
338_p1325,revoca,no,recurrente_gana,recurso_extraordinario,no,si,admite,,0
338_p1331,deja_sin_efecto,si,recurrente_gana,recurso_extraordinario,no,si,admite,,1
338_p1335,deja_sin_efecto,si,recurrente_gana,recurso_extraordinario,no,si,inadmite,INADMISIBLE_REMITE_DICTAMEN,1
338_p1339,revoca,no,recurrente_gana,recurso_extraordinario,no,si,admite,,1
338_p1344,no_fondo,no,no_aplica,recurso_extraordinario,no,no,inadmite,ART_280,1
338_p1347,revoca,si,recurrente_gana,recurso_extraordinario,no,si,admite,,1
338_p1356,no_fondo,no,no_aplica,,no,no,no_aplica,,0
338_p1389,no_fondo,no,no_aplica,,no,no,no_aplica,,0
338_p1431,nulidad_concesion,no,no_aplica,recurso_extraordinario,no,no,sin_marcador,,0
338_p1433,no_fondo,no,no_aplica,recurso_extraordinario,no,no,inadmite,ART_280,0
338_p1442,no_fondo,no,no_aplica,,no,no,inadmite,INADMISIBLE_SIN_CAUSAL_EXPLICITA,1
338_p1444,revoca,no,recurrente_gana,recurso_extraordinario,no,si,admite,,0
338_p1455,no_revision_demanda,no,no_aplica,,no,no,no_aplica,,0
338_p1477,revoca,no,recurrente_gana,recurso_ordinario,no,si,admite,,0
338_p1492,confirma,no,recurrente_pierde,recurso_extraordinario,no,si,admite,,0
338_p1498,no_fondo,no,no_aplica,,no,no,sin_marcador,,0
338_p1504,deja_sin_efecto,si,recurrente_gana,recurso_extraordinario,no,si,admite,,1
338_p1517,no_fondo,no,no_aplica,,no,no,sin_marcador,,0
338_p1524,no_fondo,no,no_aplica,recurso_extraordinario,no,no,inadmite,ART_280,1
338_p1534,nulidad_concesion,no,no_aplica,recurso_extraordinario,si,no,sin_marcador,,0
338_p1538,deja_sin_efecto,si,recurrente_gana,recurso_extraordinario,no,si,admite,,1
338_p1545,deja_sin_efecto,no,recurrente_gana,recurso_extraordinario,no,si,admite,,0
338_p1551,confirma,no,recurrente_pierde,recurso_ordinario,no,si,admite,,0
338_p1575,no_fondo,no,no_aplica,,no,no,inadmite,INADMISIBLE_SIN_CAUSAL_EXPLICITA,0
338_p1583,no_fondo,no,no_aplica,recurso_extraordinario,no,no,inadmite,INADMISIBLE_REMITE_DICTAMEN,1
339_p61,no_fondo,no,no_aplica,recurso_extraordinario,si,no,inadmite,ART_280,0
339_p79,no_fondo,no,no_aplica,recurso_extraordinario,no,no,inadmite,ART_280,0
339_p80,deja_sin_efecto,no,recurrente_gana,recurso_extraordinario,no,si,admite,,1
339_p84,deja_sin_efecto,no,recurrente_gana,recurso_extraordinario,no,si,admite,,1
339_p89,no_fondo,no,no_aplica,recurso_extraordinario,no,no,inadmite,ACORDADA_4_2007,1
339_p90,no_revision_procesal,no,no_aplica,,no,no,sin_marcador,,0
339_p92,no_fondo,no,no_aplica,,no,no,inadmite,INADMISIBLE_SIN_CAUSAL_EXPLICITA,1
339_p94,confirma,no,recurrente_pierde,recurso_ordinario,no,si,admite,,0
339_p108,no_revision_procesal,no,no_aplica,,no,no,inadmite,CADUCIDAD_INSTANCIA,0
339_p111,no_revision_competencia,no,no_aplica,,no,no,sin_marcador,,0
339_p115,deja_sin_efecto,si,recurrente_gana,recurso_extraordinario,no,si,admite,,0
339_p126,no_fondo,no,no_aplica,,no,no,inadmite,RESOLUCION_NO_RECURRIBLE,0
339_p127,deja_sin_efecto,no,recurrente_gana,recurso_extraordinario,no,si,admite,,1
339_p142,deja_sin_efecto,no,recurrente_gana,recurso_extraordinario,si,si,admite,,1
339_p155,deja_sin_efecto,si,recurrente_gana,recurso_extraordinario,no,si,admite,,0
339_p160,no_revision_competencia,no,no_aplica,,no,no,sin_marcador,,0
339_p168,no_revision_competencia,no,no_aplica,,no,no,sin_marcador,,0
339_p173,no_revision_competencia,no,no_aplica,,no,no,sin_marcador,,0
339_p179,no_fondo,no,no_aplica,,no,no,inadmite,INADMISIBLE_SIN_CAUSAL_EXPLICITA,1
339_p180,no_fondo,no,no_aplica,recurso_extraordinario,no,no,inadmite,FUERA_DE_TERMINO,1
339_p181,no_fondo,no,no_aplica,,no,no,inadmite,INADMISIBLE_SIN_CAUSAL_EXPLICITA,1
339_p183,no_fondo,no,no_aplica,,no,no,inadmite,INADMISIBLE_SIN_CAUSAL_EXPLICITA,0
339_p185,no_fondo,no,no_aplica,,no,no,inadmite,ACORDADA_4_2007,0
339_p186,no_fondo,no,no_aplica,,no,no,inadmite,CUESTION_ABSTRACTA,0
339_p189,revoca,no,recurrente_gana,recurso_extraordinario,no,si,admite,,0
339_p194,deja_sin_efecto,si,recurrente_gana,recurso_extraordinario,no,si,admite,,1
339_p201,deja_sin_efecto,si,recurrente_gana,recurso_extraordinario,no,si,admite,,1
339_p216,no_revision_procesal,no,no_aplica,recurso_ordinario,no,no,admite,,0
339_p219,revoca,no,recurrente_gana,recurso_extraordinario,no,si,admite,,1
339_p222,no_fondo,no,no_aplica,recurso_extraordinario,no,no,inadmite,CUESTION_ABSTRACTA,0
339_p225,no_revision_procesal,no,no_aplica,,no,no,sin_marcador,,0
339_p230,no_fondo,no,no_aplica,,no,no,no_aplica,,0
339_p234,no_revision_procesal,no,no_aplica,,no,no,inadmite,INADMISIBLE_SIN_CAUSAL_EXPLICITA,1
339_p236,deja_sin_efecto,si,recurrente_gana,recurso_extraordinario,no,si,admite,,1
339_p245,revoca,si,recurrente_gana,recurso_extraordinario,no,si,admite,,0
339_p252,confirma,no,recurrente_pierde,recurso_extraordinario,no,si,admite,,0
339_p259,no_fondo,no,no_aplica,,no,no,sin_marcador,,0
339_p260,no_revision_procesal,no,no_aplica,recurso_ordinario,si,no,inadmite,INADMISIBLE_SIN_CAUSAL_EXPLICITA,0
339_p267,no_fondo,no,no_aplica,,no,no,sin_marcador,,0
339_p270,no_fondo,no,no_aplica,,no,no,sin_marcador,,0
339_p272,no_fondo,no,no_aplica,recurso_extraordinario,no,no,inadmite,ACORDADA_4_2007,1
339_p273,no_fondo,no,no_aplica,,no,no,inadmite,INADMISIBLE_SIN_CAUSAL_EXPLICITA,0
339_p274,no_revision_procesal,no,no_aplica,,no,no,inadmite,INADMISIBLE_SIN_CAUSAL_EXPLICITA,1
339_p276,no_fondo,no,no_aplica,recurso_extraordinario,no,no,admite,,1
339_p290,deja_sin_efecto,si,recurrente_gana,recurso_extraordinario,no,si,admite,,1
339_p299,nulidad,no,recurrente_gana,recurso_extraordinario,no,si,admite,,0
339_p302,no_revision_procesal,no,no_aplica,,no,no,inadmite,INADMISIBLE_SIN_CAUSAL_EXPLICITA,0
339_p304,no_fondo,no,no_aplica,,no,no,inadmite,RESOLUCION_NO_RECURRIBLE,0
339_p305,no_revision_procesal,no,no_aplica,,no,no,sin_marcador,,0
339_p307,nulidad_concesion,no,no_aplica,recurso_extraordinario,si,no,sin_marcador,,0
339_p315,no_revision_procesal,no,no_aplica,,no,no,inadmite,INADMISIBLE_SIN_CAUSAL_EXPLICITA,0
339_p316,confirma,no,recurrente_pierde,recurso_extraordinario,no,si,admite,,0
339_p323,revoca,no,recurrente_gana,recurso_extraordinario,si,si,admite,,0
339_p349,deja_sin_efecto,no,recurrente_gana,recurso_extraordinario,no,no,admite,,0
339_p353,no_revision_competencia,no,no_aplica,,no,no,sin_marcador,,0
339_p357,deja_sin_efecto,si,recurrente_gana,recurso_extraordinario,no,si,admite,,1
339_p359,deja_sin_efecto,si,recurrente_gana,recurso_extraordinario,no,si,admite,,1
339_p367,no_fondo,no,no_aplica,,no,no,inadmite,INADMISIBLE_SIN_CAUSAL_EXPLICITA,0
339_p368,deja_sin_efecto,no,recurrente_gana,recurso_extraordinario,no,si,admite,,1
339_p372,deja_sin_efecto,si,recurrente_gana,recurso_extraordinario,no,si,admite,,1
339_p381,deja_sin_efecto,si,recurrente_gana,recurso_extraordinario,no,si,admite,,1
339_p389,deja_sin_efecto,si,recurrente_gana,recurso_extraordinario,no,si,admite,,1
339_p399,deja_sin_efecto,si,recurrente_gana,recurso_extraordinario,no,si,admite,,0
339_p405,revoca,no,recurrente_gana,recurso_extraordinario,no,si,admite,,1
339_p407,no_fondo,no,no_aplica,recurso_extraordinario,no,no,inadmite,INADMISIBLE_SIN_CAUSAL_EXPLICITA,1
339_p408,deja_sin_efecto,no,recurrente_gana,recurso_extraordinario,no,si,admite,,1
339_p414,confirma,no,recurrente_pierde,recurso_extraordinario,no,si,admite,,1
339_p419,revoca,si,recurrente_gana,recurso_extraordinario,no,si,admite,,1
339_p423,deja_sin_efecto,si,recurrente_gana,recurso_extraordinario,no,si,admite,,1
339_p428,no_fondo,no,no_aplica,,no,no,inadmite,INADMISIBLE_SIN_CAUSAL_EXPLICITA,0
339_p429,no_revision_competencia,no,no_aplica,,no,no,sin_marcador,,0
339_p432,no_fondo,no,no_aplica,recurso_extraordinario,no,no,inadmite,INADMISIBLE_SIN_CAUSAL_EXPLICITA,1
339_p434,revoca,si,recurrente_gana,recurso_extraordinario,no,si,admite,,0
339_p444,no_revision_procesal,no,no_aplica,recurso_ordinario,si,no,inadmite,ART_280,0
339_p452,no_revision_procesal,no,no_aplica,,no,no,sin_marcador,,0
339_p456,no_fondo,no,no_aplica,recurso_extraordinario,no,no,inadmite,ACORDADA_4_2007,1
339_p457,no_fondo,no,no_aplica,,no,no,inadmite,INADMISIBLE_SIN_CAUSAL_EXPLICITA,1
339_p459,deja_sin_efecto,no,recurrente_gana,recurso_extraordinario,no,si,admite,,1
339_p464,no_fondo,no,no_aplica,,no,no,sin_marcador,,0
339_p468,revoca,no,recurrente_gana,recurso_ordinario,si,si,admite,,0
339_p477,no_fondo,no,no_aplica,recurso_extraordinario,no,no,inadmite,INADMISIBLE_SIN_CAUSAL_EXPLICITA,0
339_p480,revoca,si,recurrente_gana,recurso_extraordinario,no,si,admite,,1
339_p487,no_fondo,no,no_aplica,,no,no,inadmite,RESOLUCION_NO_RECURRIBLE,0
339_p488,no_fondo,no,no_aplica,,no,no,inadmite,CUESTION_ABSTRACTA,0
339_p489,no_fondo,no,no_aplica,,no,no,inadmite,INADMISIBLE_SIN_CAUSAL_EXPLICITA,0
339_p490,revoca,no,recurrente_gana,recurso_extraordinario,si,no,admite,,0
339_p493,deja_sin_efecto,si,recurrente_gana,recurso_extraordinario,no,si,admite,,1
339_p499,deja_sin_efecto,no,recurrente_gana,recurso_extraordinario,no,si,admite,,1
339_p506,no_fondo,no,no_aplica,,no,no,no_aplica,,0
339_p508,deja_sin_efecto,no,recurrente_gana,recurso_extraordinario,no,si,admite,,1
339_p515,no_fondo,no,no_aplica,,no,no,no_aplica,,0
339_p525,no_fondo,no,no_aplica,recurso_extraordinario,no,no,no_aplica,,0
339_p533,deja_sin_efecto,si,recurrente_gana,recurso_extraordinario,no,si,admite,,1
339_p536,deja_sin_efecto,no,recurrente_gana,recurso_extraordinario,no,si,admite,,1
339_p542,revoca,si,recurrente_gana,recurso_extraordinario,no,si,admite,,0
339_p550,revoca,no,recurrente_gana,recurso_extraordinario,no,si,inadmite,ART_280,1
339_p551,revoca,no,recurrente_gana,recurso_ordinario,no,si,admite,,0
339_p561,revoca,no,recurrente_gana,recurso_extraordinario,no,si,admite,,1
339_p566,no_revision_procesal,no,no_aplica,,no,no,sin_marcador,,0
339_p569,no_revision_demanda,no,no_aplica,,no,no,no_aplica,,0
339_p583,no_fondo,no,no_aplica,,no,no,inadmite,DESISTIMIENTO,1
339_p584,confirma,no,recurrente_pierde,recurso_ordinario,no,si,admite,,0
339_p597,no_revision_procesal,no,no_aplica,recurso_extraordinario,no,no,inadmite,ACORDADA_4_2007,0
339_p599,no_revision_competencia,no,no_aplica,,no,no,sin_marcador,,0
339_p602,no_fondo,no,no_aplica,,no,no,sin_marcador,,0
339_p608,no_fondo,no,no_aplica,,no,no,inadmite,INADMISIBLE_SIN_CAUSAL_EXPLICITA,0
339_p609,confirma,no,recurrente_pierde,recurso_extraordinario,no,si,admite,,0
339_p622,no_fondo,no,no_aplica,recurso_extraordinario,no,no,admite,,1
339_p633,no_fondo,no,no_aplica,,no,no,inadmite,INADMISIBLE_SIN_CAUSAL_EXPLICITA,1
339_p635,deja_sin_efecto,si,recurrente_gana,recurso_extraordinario,no,si,admite,,1
339_p638,deja_sin_efecto,no,recurrente_gana,recurso_extraordinario,no,si,admite,,1
339_p643,no_revision_procesal,no,no_aplica,recurso_ordinario,no,no,admite,,0
339_p646,no_revision_procesal,no,no_aplica,,no,no,inadmite,INADMISIBLE_SIN_CAUSAL_EXPLICITA,1
339_p648,no_fondo,no,no_aplica,,no,no,inadmite,INADMISIBLE_SIN_CAUSAL_EXPLICITA,1
339_p649,revoca,no,recurrente_gana,recurso_extraordinario,no,si,admite,,0
339_p652,no_revision_competencia,no,no_aplica,,no,no,sin_marcador,,0
339_p656,nulidad,no,recurrente_gana,recurso_extraordinario,no,si,admite,,1
339_p658,no_fondo,no,no_aplica,recurso_extraordinario,no,no,inadmite,INADMISIBLE_REMITE_DICTAMEN,1
339_p662,deja_sin_efecto,no,recurrente_gana,recurso_extraordinario,no,si,admite,,1
339_p676,deja_sin_efecto,no,recurrente_gana,recurso_extraordinario,no,no,inadmite,INADMISIBLE_SIN_CAUSAL_EXPLICITA,1
339_p680,deja_sin_efecto,si,recurrente_gana,recurso_extraordinario,no,si,admite,,0
339_p683,revoca,no,recurrente_gana,recurso_extraordinario,no,si,admite,,1
339_p697,deja_sin_efecto,si,recurrente_gana,recurso_extraordinario,no,si,admite,,1
339_p704,confirma,no,recurrente_pierde,recurso_extraordinario,no,si,admite,,0
339_p711,no_fondo,no,no_aplica,,no,no,sin_marcador,,0
339_p713,revoca,no,recurrente_gana,recurso_extraordinario,no,si,admite,,0
339_p721,no_revision_competencia,no,no_aplica,,no,no,sin_marcador,,0
339_p725,no_fondo,no,no_aplica,,no,no,sin_marcador,,0
339_p727,no_fondo,no,no_aplica,,no,no,inadmite,INADMISIBLE_SIN_CAUSAL_EXPLICITA,1
339_p728,confirma,no,recurrente_pierde,recurso_extraordinario,no,si,admite,,1
339_p737,confirma,no,recurrente_pierde,recurso_extraordinario,no,si,admite,,0
339_p740,no_revision_competencia,no,no_aplica,,no,no,sin_marcador,,0
339_p751,no_fondo,no,no_aplica,recurso_extraordinario,no,no,sin_marcador,,0
339_p754,revoca,no,recurrente_gana,recurso_extraordinario,no,si,admite,,1
339_p758,no_revision_procesal,no,no_aplica,,no,no,sin_marcador,,0
339_p760,deja_sin_efecto,no,recurrente_gana,recurso_extraordinario,no,si,admite,,1
339_p781,revoca,si,recurrente_gana,recurso_extraordinario,no,si,admite,,1
339_p795,revoca,no,recurrente_gana,recurso_extraordinario,no,si,admite,,1
339_p812,no_revision_procesal,no,no_aplica,,no,no,inadmite,INADMISIBLE_SIN_CAUSAL_EXPLICITA,1
339_p814,deja_sin_efecto,si,recurrente_gana,recurso_extraordinario,no,si,admite,,1
339_p819,no_revision_procesal,no,no_aplica,recurso_ordinario,no,no,inadmite,INADMISIBLE_SIN_CAUSAL_EXPLICITA,0
339_p822,revoca,no,recurrente_gana,recurso_extraordinario,no,si,admite,,1
339_p824,deja_sin_efecto,si,recurrente_gana,recurso_extraordinario,no,si,admite,,1
339_p827,confirma,no,recurrente_pierde,recurso_extraordinario,no,si,admite,,0
339_p841,revoca,no,recurrente_gana,recurso_ordinario,no,si,admite,,0
339_p845,no_fondo,no,no_aplica,,no,no,inadmite,INADMISIBLE_SIN_CAUSAL_EXPLICITA,1
339_p846,revoca,no,recurrente_gana,recurso_extraordinario,si,si,admite,,0
339_p852,no_fondo,no,no_aplica,,no,no,sin_marcador,,0
339_p854,revoca,no,recurrente_gana,recurso_extraordinario,no,si,admite,,1
339_p858,no_fondo,no,no_aplica,recurso_extraordinario,no,no,inadmite,ACORDADA_4_2007,1
339_p859,no_revision_competencia,no,no_aplica,,no,no,sin_marcador,,0
339_p864,deja_sin_efecto,si,recurrente_gana,recurso_extraordinario,no,si,admite,,1
339_p869,nulidad_concesion,no,no_aplica,recurso_extraordinario,si,no,sin_marcador,,0
339_p873,nulidad,si,recurrente_gana,recurso_extraordinario,no,si,admite,,0
339_p876,no_fondo,no,no_aplica,,no,no,no_aplica,,0
339_p882,deja_sin_efecto,si,recurrente_gana,recurso_extraordinario,no,si,admite,,0
339_p888,no_fondo,no,no_aplica,,no,no,no_aplica,,0
339_p889,no_fondo,no,no_aplica,,no,no,inadmite,INADMISIBLE_SIN_CAUSAL_EXPLICITA,1
339_p891,no_fondo,no,no_aplica,recurso_extraordinario,no,no,inadmite,CUESTION_ABSTRACTA,1
339_p893,no_revision_competencia,no,no_aplica,,no,no,sin_marcador,,0
339_p897,confirma,si,recurrente_pierde,recurso_extraordinario,no,si,admite,,1
339_p901,deja_sin_efecto,si,recurrente_gana,recurso_extraordinario,no,si,admite,,1
339_p906,confirma,no,recurrente_pierde,recurso_ordinario,no,si,admite,,0
339_p919,revoca,no,recurrente_gana,recurso_extraordinario,no,si,admite,,1
339_p921,revoca,no,recurrente_gana,recurso_extraordinario,no,si,admite,,1
339_p927,no_fondo,no,no_aplica,recurso_extraordinario,no,no,sin_marcador,,0
339_p930,deja_sin_efecto,no,recurrente_gana,recurso_extraordinario,no,si,admite,,0
339_p933,no_fondo,no,no_aplica,,no,no,inadmite,ACORDADA_4_2007,0
339_p1027,no_revision_competencia,no,no_aplica,,no,no,sin_marcador,,0
339_p1033,no_fondo,no,no_aplica,,no,no,no_aplica,,0
339_p1041,deja_sin_efecto,si,recurrente_gana,recurso_extraordinario,no,si,admite,,1
339_p1044,no_fondo,no,no_aplica,,no,no,inadmite,INADMISIBLE_SIN_CAUSAL_EXPLICITA,1
339_p1045,revoca,no,recurrente_gana,recurso_ordinario,no,si,admite,,0
339_p1048,no_fondo,no,no_aplica,recurso_extraordinario,no,no,inadmite,ACORDADA_4_2007,1
339_p1058,confirma,no,recurrente_pierde,recurso_extraordinario,no,si,admite,,0
339_p1066,revoca,no,recurrente_gana,recurso_extraordinario,no,si,admite,,1
339_p1077,confirma,no,recurrente_pierde,recurso_extraordinario,no,si,admite,,0
339_p1168,deja_sin_efecto,no,recurrente_gana,recurso_extraordinario,no,si,admite,,1
339_p1171,no_revision_procesal,no,no_aplica,recurso_extraordinario,no,no,inadmite,FUERA_DE_TERMINO,1
339_p1172,nulidad,no,recurrente_gana,,no,no,no_aplica,,0
339_p1188,no_revision_competencia,no,no_aplica,,no,no,sin_marcador,,0
339_p1192,no_fondo,no,no_aplica,,no,no,inadmite,INADMISIBLE_SIN_CAUSAL_EXPLICITA,0
339_p1193,no_fondo,no,no_aplica,,no,no,sin_marcador,,0
339_p1195,no_fondo,no,no_aplica,,no,no,no_aplica,,0
339_p1199,deja_sin_efecto,si,recurrente_gana,recurso_extraordinario,no,si,admite,,1
339_p1203,no_revision_procesal,no,no_aplica,,no,no,inadmite,INADMISIBLE_SIN_CAUSAL_EXPLICITA,1
339_p1204,no_fondo,no,no_aplica,,no,no,inadmite,INADMISIBLE_SIN_CAUSAL_EXPLICITA,1
339_p1206,no_fondo,no,no_aplica,recurso_extraordinario,no,no,inadmite,ACORDADA_4_2007,1
339_p1207,no_fondo,no,no_aplica,recurso_extraordinario,no,no,inadmite,ACORDADA_4_2007,1
339_p1208,revoca,si,recurrente_gana,recurso_extraordinario,no,si,admite,,1
339_p1215,no_fondo,no,no_aplica,,no,no,sin_marcador,,0
339_p1218,no_fondo,no,no_aplica,,no,no,inadmite,RESOLUCION_NO_RECURRIBLE,0
339_p1219,no_fondo,no,no_aplica,,no,no,inadmite,INADMISIBLE_SIN_CAUSAL_EXPLICITA,0
339_p1223,revoca,no,recurrente_gana,recurso_extraordinario,si,si,admite,,0
339_p1254,no_fondo,no,no_aplica,recurso_extraordinario,no,no,sin_marcador,,0
339_p1261,no_revision_competencia,no,no_aplica,,no,no,sin_marcador,,0
339_p1264,no_revision_competencia,no,no_aplica,,no,no,sin_marcador,,0
339_p1269,revoca,no,recurrente_gana,recurso_extraordinario,no,si,admite,,0
339_p1277,confirma,no,recurrente_pierde,,no,si,admite,,0
339_p1302,no_fondo,no,no_aplica,,no,no,inadmite,INADMISIBLE_SIN_CAUSAL_EXPLICITA,0
339_p1304,no_fondo,no,no_aplica,recurso_extraordinario,no,no,inadmite,INADMISIBLE_SIN_CAUSAL_EXPLICITA,1
339_p1305,no_fondo,no,no_aplica,,no,no,inadmite,INADMISIBLE_SIN_CAUSAL_EXPLICITA,1
339_p1307,no_fondo,no,no_aplica,,no,no,inadmite,INADMISIBLE_SIN_CAUSAL_EXPLICITA,1
339_p1308,deja_sin_efecto,si,recurrente_gana,recurso_extraordinario,no,si,admite,,1
339_p1311,no_fondo,no,no_aplica,,no,no,inadmite,INADMISIBLE_SIN_CAUSAL_EXPLICITA,0
339_p1314,nulidad_concesion,no,no_aplica,recurso_extraordinario,no,no,sin_marcador,,0
339_p1316,no_fondo,no,no_aplica,,no,no,no_aplica,,0
339_p1323,no_revision_competencia,no,no_aplica,,no,no,sin_marcador,,0
339_p1328,no_fondo,no,no_aplica,recurso_extraordinario,no,no,inadmite,INADMISIBLE_SIN_CAUSAL_EXPLICITA,1
339_p1331,no_fondo,no,no_aplica,,no,no,no_aplica,,0
339_p1336,no_revision_competencia,no,no_aplica,,no,no,sin_marcador,,0
339_p1339,no_revision_competencia,no,no_aplica,,no,no,sin_marcador,,0
339_p1341,no_fondo,no,no_aplica,,no,no,inadmite,INADMISIBLE_SIN_CAUSAL_EXPLICITA,0
339_p1342,deja_sin_efecto,no,recurrente_gana,recurso_extraordinario,no,si,admite,,1
339_p1349,no_revision_procesal,no,no_aplica,,no,no,sin_marcador,,0
339_p1351,no_revision_competencia,no,no_aplica,,no,no,sin_marcador,,0
339_p1353,no_fondo,no,no_aplica,,no,no,sin_marcador,,0
339_p1355,nulidad,no,recurrente_gana,recurso_extraordinario,si,si,admite,,0
339_p1357,confirma,no,recurrente_pierde,recurso_ordinario,no,si,admite,,0
339_p1371,no_fondo,no,no_aplica,,no,no,sin_marcador,,0
339_p1373,no_revision_competencia,no,no_aplica,,no,no,sin_marcador,,0
339_p1376,no_revision_competencia,no,no_aplica,,no,no,sin_marcador,,0
339_p1378,no_revision_competencia,no,no_aplica,,no,no,sin_marcador,,0
339_p1380,no_fondo,no,no_aplica,,no,no,sin_marcador,,0
339_p1382,no_revision_competencia,no,no_aplica,,no,no,sin_marcador,,0
339_p1385,no_revision_competencia,no,no_aplica,,no,no,sin_marcador,,0
339_p1388,no_revision_competencia,no,no_aplica,,no,no,sin_marcador,,0
339_p1393,no_revision_competencia,no,no_aplica,,no,no,sin_marcador,,0
339_p1397,no_revision_competencia,no,no_aplica,,no,no,sin_marcador,,0
339_p1400,no_fondo,no,no_aplica,recurso_extraordinario,no,no,inadmite,INADMISIBLE_SIN_CAUSAL_EXPLICITA,1
339_p1414,no_revision_competencia,no,no_aplica,,no,no,sin_marcador,,0
339_p1417,no_fondo,no,no_aplica,recurso_extraordinario,no,no,inadmite,INADMISIBLE_SIN_CAUSAL_EXPLICITA,0
339_p1419,no_revision_competencia,no,no_aplica,,no,no,sin_marcador,,0
339_p1420,deja_sin_efecto,no,recurrente_gana,recurso_extraordinario,no,si,admite,,1
339_p1423,deja_sin_efecto,no,recurrente_gana,recurso_extraordinario,no,si,admite,,1
339_p1436,nulidad_concesion,no,no_aplica,recurso_extraordinario,no,no,sin_marcador,,0
339_p1437,no_revision_competencia,no,no_aplica,,no,no,sin_marcador,,0
339_p1439,no_revision_competencia,no,no_aplica,,no,no,sin_marcador,,0
339_p1441,deja_sin_efecto,si,recurrente_gana,recurso_extraordinario,no,si,admite,,1
339_p1448,deja_sin_efecto,si,recurrente_gana,recurso_extraordinario,no,si,admite,,1
339_p1453,deja_sin_efecto,no,recurrente_gana,recurso_extraordinario,no,si,admite,,1
339_p1459,no_revision_competencia,no,no_aplica,,no,no,sin_marcador,,0
339_p1461,no_fondo,no,no_aplica,,no,no,no_aplica,,0
339_p1463,no_fondo,no,no_aplica,recurso_extraordinario,no,no,inadmite,ACORDADA_4_2007,1
339_p1478,deja_sin_efecto,no,recurrente_gana,recurso_extraordinario,no,no,admite,,1
339_p1483,deja_sin_efecto,si,recurrente_gana,recurso_extraordinario,no,si,admite,,1
339_p1489,revoca,si,recurrente_gana,recurso_extraordinario,no,si,admite,,1
339_p1493,deja_sin_efecto,no,recurrente_gana,recurso_extraordinario,no,si,admite,,1
339_p1514,deja_sin_efecto,si,recurrente_gana,recurso_extraordinario,no,si,admite,,1
339_p1520,deja_sin_efecto,si,recurrente_gana,recurso_extraordinario,no,si,admite,,1
339_p1523,revoca,si,recurrente_gana,recurso_extraordinario,no,si,admite,,0
339_p1528,no_fondo,no,no_aplica,,no,no,sin_marcador,,0
339_p1530,deja_sin_efecto,no,recurrente_gana,recurso_extraordinario,no,si,admite,,1
339_p1534,confirma,no,recurrente_pierde,recurso_extraordinario,si,si,admite,,1
339_p1559,no_revision_competencia,no,no_aplica,,no,no,sin_marcador,,0
339_p1562,no_fondo,no,no_aplica,,no,no,sin_marcador,,0
339_p1565,no_revision_competencia,no,no_aplica,,no,no,sin_marcador,,0
339_p1567,deja_sin_efecto,si,recurrente_gana,,no,si,admite,,1
339_p1571,no_revision_competencia,no,no_aplica,,no,no,sin_marcador,,0
339_p1576,no_fondo,no,no_aplica,,no,no,inadmite,CUESTION_ABSTRACTA,0
339_p1577,no_fondo,no,no_aplica,,no,no,sin_marcador,,0
339_p1579,no_revision_competencia,no,no_aplica,,no,no,sin_marcador,,0
339_p1581,no_fondo,no,no_aplica,,no,no,sin_marcador,,0
339_p1583,revoca,si,recurrente_gana,recurso_extraordinario,no,si,admite,,1
339_p1591,no_fondo,no,no_aplica,,no,no,inadmite,INADMISIBLE_SIN_CAUSAL_EXPLICITA,0
339_p1592,no_fondo,no,no_aplica,,no,no,inadmite,INADMISIBLE_SIN_CAUSAL_EXPLICITA,0
339_p1593,deja_sin_efecto,si,recurrente_gana,recurso_extraordinario,no,si,admite,,0
339_p1599,no_fondo,no,no_aplica,,no,no,sin_marcador,,0
339_p1601,no_revision_competencia,no,no_aplica,,no,no,sin_marcador,,0
339_p1603,no_revision_competencia,no,no_aplica,,no,no,sin_marcador,,0
339_p1605,no_revision_competencia,no,no_aplica,,no,no,sin_marcador,,0
339_p1607,no_fondo,no,no_aplica,,no,no,inadmite,DESISTIMIENTO,1
339_p1608,deja_sin_efecto,no,recurrente_gana,recurso_extraordinario,no,si,admite,,1
339_p1615,revoca,si,recurrente_gana,recurso_extraordinario,no,si,admite,,1
339_p1621,no_fondo,no,no_aplica,,no,no,inadmite,INADMISIBLE_SIN_CAUSAL_EXPLICITA,0
339_p1622,confirma,no,recurrente_pierde,recurso_ordinario,no,si,admite,,0
339_p1628,deja_sin_efecto,si,recurrente_gana,recurso_extraordinario,no,si,admite,,1
339_p1635,revoca,si,recurrente_gana,recurso_extraordinario,no,si,admite,,1
339_p1642,no_revision_competencia,no,no_aplica,,no,no,sin_marcador,,0
339_p1644,no_revision_competencia,no,no_aplica,,no,no,sin_marcador,,0
339_p1648,no_fondo,no,no_aplica,,no,no,sin_marcador,,0
339_p1651,no_revision_competencia,no,no_aplica,,no,no,sin_marcador,,0
339_p1654,no_revision_competencia,no,no_aplica,,no,no,sin_marcador,,0
339_p1656,no_revision_competencia,no,no_aplica,,no,no,sin_marcador,,0
339_p1659,no_revision_competencia,no,no_aplica,,no,no,sin_marcador,,0
339_p1661,no_revision_competencia,no,no_aplica,,no,no,sin_marcador,,0
339_p1663,no_fondo,no,no_aplica,,no,no,sin_marcador,,0
339_p1671,no_revision_competencia,no,no_aplica,,no,no,sin_marcador,,0
339_p1674,deja_sin_efecto,si,recurrente_gana,recurso_extraordinario,no,si,admite,,1
339_p1678,no_fondo,no,no_aplica,,no,no,sin_marcador,,0
339_p1680,no_revision_competencia,no,no_aplica,,no,no,sin_marcador,,0
339_p1683,deja_sin_efecto,no,recurrente_gana,recurso_extraordinario,no,si,admite,,1
339_p1689,no_fondo,no,no_aplica,,no,no,inadmite,INADMISIBLE_SIN_CAUSAL_EXPLICITA,1
339_p1691,deja_sin_efecto,no,recurrente_gana,recurso_extraordinario,no,si,admite,,1
339_p1695,deja_sin_efecto,no,recurrente_gana,recurso_extraordinario,no,si,admite,,1
339_p1701,no_fondo,no,no_aplica,,no,no,inadmite,CUESTION_ABSTRACTA,0
339_p1702,no_fondo,no,no_aplica,,no,no,sin_marcador,,0
339_p1704,no_revision_competencia,no,no_aplica,,no,no,sin_marcador,,0
339_p1707,no_revision_competencia,no,no_aplica,,no,no,sin_marcador,,0
339_p1709,no_revision_competencia,no,no_aplica,,no,no,sin_marcador,,0
339_p1711,no_revision_competencia,no,no_aplica,,no,no,sin_marcador,,0
339_p1713,no_revision_competencia,no,no_aplica,,no,no,sin_marcador,,0
339_p1715,no_revision_competencia,no,no_aplica,,no,no,sin_marcador,,0
339_p1717,no_fondo,no,no_aplica,,no,no,sin_marcador,,0
339_p1720,no_fondo,no,no_aplica,recurso_extraordinario,no,no,inadmite,ACORDADA_4_2007,1
339_p1722,deja_sin_efecto,si,recurrente_gana,recurso_extraordinario,no,si,admite,,1
339_p1727,deja_sin_efecto,si,recurrente_gana,recurso_extraordinario,no,si,admite,,1
339_p1732,no_revision_procesal,no,no_aplica,,no,no,no_aplica,,0
339_p1742,confirma,no,recurrente_pierde,recurso_extraordinario,si,si,admite,,0
339_p1750,no_fondo,no,no_aplica,,no,no,inadmite,INADMISIBLE_SIN_CAUSAL_EXPLICITA,0
339_p1751,no_revision_competencia,no,no_aplica,,no,no,sin_marcador,,0
339_p1754,no_fondo,no,no_aplica,recurso_extraordinario,no,no,inadmite,FALTA_SENTENCIA_DEFINITIVA,1
339_p1760,no_revision_competencia,no,no_aplica,,no,no,sin_marcador,,0
339_p1763,confirma,no,recurrente_pierde,recurso_extraordinario,si,si,admite,,0
339_p1787,no_revision_competencia,no,no_aplica,,no,no,sin_marcador,,0
339_p1791,no_revision_competencia,no,no_aplica,,no,no,sin_marcador,,0
339_p1793,no_fondo,no,no_aplica,,no,no,sin_marcador,,0
339_p1795,no_fondo,no,no_aplica,,no,no,sin_marcador,,0
339_p1801,revoca,si,recurrente_gana,recurso_extraordinario,no,si,admite,,1
339_p1804,no_fondo,no,no_aplica,recurso_extraordinario,no,no,inadmite,ART_280,1
339_p1808,revoca,no,recurrente_gana,recurso_extraordinario,no,si,admite,,1
339_p1811,no_fondo,no,no_aplica,,no,no,inadmite,ACORDADA_4_2007,0
339_p1812,deja_sin_efecto,si,recurrente_gana,recurso_extraordinario,no,si,admite,,1
339_p1818,no_fondo,no,no_aplica,,no,no,inadmite,INADMISIBLE_SIN_CAUSAL_EXPLICITA,1
339_p1819,deja_sin_efecto,no,recurrente_gana,recurso_extraordinario,no,si,admite,,0
339_p1820,deja_sin_efecto,no,recurrente_gana,recurso_extraordinario,no,si,admite,,1
339_p1831,no_revision_competencia,no,no_aplica,,no,no,sin_marcador,,0
339_p1834,no_revision_competencia,no,no_aplica,,no,no,sin_marcador,,0
340_p7,no_revision_competencia,no,no_aplica,,no,no,sin_marcador,,0
340_p10,no_fondo,no,no_aplica,,no,no,inadmite,INADMISIBLE_SIN_CAUSAL_EXPLICITA,0
340_p11,no_revision_competencia,no,no_aplica,,no,no,sin_marcador,,0
340_p14,confirma,no,recurrente_pierde,recurso_extraordinario,si,si,admite,,1
340_p21,revoca,no,recurrente_gana,recurso_extraordinario,no,si,admite,,1
340_p24,no_revision_competencia,no,no_aplica,,no,no,sin_marcador,,0
340_p28,no_revision_competencia,no,no_aplica,,no,no,sin_marcador,,0
340_p29,nulidad,no,recurrente_gana,recurso_extraordinario,no,si,admite,,1
340_p33,deja_sin_efecto,no,recurrente_gana,recurso_extraordinario,no,si,admite,,1
340_p37,no_revision_competencia,no,no_aplica,,no,no,sin_marcador,,0
340_p39,no_revision_competencia,no,no_aplica,,no,no,sin_marcador,,0
340_p44,no_revision_competencia,no,no_aplica,,no,no,sin_marcador,,0
340_p47,no_fondo,no,no_aplica,,no,no,inadmite,INADMISIBLE_SIN_CAUSAL_EXPLICITA,0
340_p72,confirma,no,recurrente_pierde,recurso_extraordinario,no,si,admite,,0
340_p76,no_revision_procesal,no,no_aplica,,no,no,sin_marcador,,0
340_p82,no_revision_competencia,no,no_aplica,,no,no,sin_marcador,,0
340_p85,no_fondo,no,no_aplica,recurso_extraordinario,no,no,admite,,1
340_p88,nulidad,no,recurrente_gana,recurso_extraordinario,no,si,admite,,0
340_p93,revoca,no,recurrente_gana,recurso_extraordinario,no,si,admite,,1
340_p95,no_revision_competencia,no,no_aplica,,no,no,sin_marcador,,0
340_p98,no_fondo,no,no_aplica,recurso_extraordinario,no,no,inadmite,INADMISIBLE_SIN_CAUSAL_EXPLICITA,0
340_p101,no_fondo,no,no_aplica,,no,no,sin_marcador,,0
340_p103,revoca,no,recurrente_gana,recurso_extraordinario,no,si,admite,,1
340_p113,no_revision_procesal,no,no_aplica,recurso_extraordinario,no,no,inadmite,ART_280,1
340_p114,revoca,no,recurrente_gana,recurso_extraordinario,no,si,admite,,0
340_p117,no_fondo,no,no_aplica,,no,no,sin_marcador,,0
340_p121,no_fondo,no,no_aplica,,no,no,sin_marcador,,0
340_p122,no_revision_procesal,no,no_aplica,recurso_extraordinario,no,no,inadmite,INADMISIBLE_SIN_CAUSAL_EXPLICITA,0
340_p124,no_revision_competencia,no,no_aplica,,no,no,sin_marcador,,0
340_p126,no_revision_procesal,no,no_aplica,recurso_extraordinario,no,no,inadmite,CADUCIDAD_INSTANCIA,0
340_p128,no_fondo,no,no_aplica,,no,no,inadmite,CUESTION_ABSTRACTA,0
340_p130,no_fondo,no,no_aplica,,no,no,inadmite,INADMISIBLE_SIN_CAUSAL_EXPLICITA,1
340_p131,no_fondo,no,no_aplica,recurso_extraordinario,no,no,inadmite,ART_280,1
340_p136,no_revision_competencia,no,no_aplica,,no,no,sin_marcador,,0
340_p141,revoca,si,recurrente_gana,recurso_extraordinario,no,si,admite,,0
340_p151,no_fondo,no,no_aplica,,no,no,no_aplica,,0
340_p156,no_revision_competencia,no,no_aplica,,no,no,sin_marcador,,0
340_p158,deja_sin_efecto,si,recurrente_gana,recurso_extraordinario,no,si,admite,,0
340_p164,no_revision_competencia,no,no_aplica,,no,no,sin_marcador,,0
340_p169,no_revision_competencia,no,no_aplica,,no,no,sin_marcador,,0
340_p172,revoca,si,recurrente_gana,recurso_extraordinario,no,si,admite,,1
340_p185,revoca,no,recurrente_gana,recurso_extraordinario,no,si,admite,,1
340_p188,no_revision_procesal,no,no_aplica,,no,no,inadmite,ACORDADA_4_2007,1
340_p204,no_revision_procesal,no,no_aplica,,no,no,sin_marcador,,0
340_p207,no_revision_procesal,no,no_aplica,,no,no,sin_marcador,,0
340_p212,deja_sin_efecto,si,recurrente_gana,recurso_extraordinario,no,si,admite,,0
340_p217,no_fondo,no,no_aplica,recurso_extraordinario,no,no,inadmite,ART_280,1
340_p218,no_fondo,no,no_aplica,,no,no,inadmite,CUESTION_ABSTRACTA,0
340_p221,no_revision_competencia,no,no_aplica,,no,no,sin_marcador,,0
340_p225,no_fondo,no,no_aplica,,no,no,inadmite,DEPOSITO_PREVIO,1
340_p226,no_fondo,no,no_aplica,recurso_extraordinario,no,no,inadmite,ART_280,1
340_p229,deja_sin_efecto,si,recurrente_gana,recurso_extraordinario,no,si,admite,,0
340_p232,no_fondo,no,no_aplica,,no,no,sin_marcador,,0
340_p236,revoca,no,recurrente_gana,recurso_extraordinario,no,si,admite,,0
340_p251,no_fondo,no,no_aplica,recurso_ordinario,si,no,inadmite,DESISTIMIENTO,1
340_p257,revoca,no,recurrente_gana,recurso_extraordinario,no,si,admite,,0
340_p345,revoca,si,recurrente_gana,recurso_extraordinario,no,si,admite,,0
340_p387,nulidad,no,recurrente_gana,recurso_extraordinario,si,si,admite,,0
340_p391,no_revision_competencia,no,no_aplica,,no,no,sin_marcador,,0
340_p394,no_revision_competencia,no,no_aplica,,no,no,sin_marcador,,0
340_p397,no_fondo,no,no_aplica,,no,no,sin_marcador,,0
340_p400,no_revision_competencia,no,no_aplica,,no,no,sin_marcador,,0
340_p403,nulidad_concesion,no,no_aplica,recurso_extraordinario,si,no,sin_marcador,,0
340_p406,no_revision_competencia,no,no_aplica,,no,no,sin_marcador,,0
340_p411,no_fondo,no,no_aplica,recurso_extraordinario,si,no,sin_marcador,,0
340_p415,no_revision_competencia,no,no_aplica,,no,no,sin_marcador,,0
340_p421,no_revision_competencia,no,no_aplica,,no,no,sin_marcador,,0
340_p429,no_fondo,no,no_aplica,,no,no,no_aplica,,0
340_p431,revoca,no,recurrente_gana,recurso_extraordinario,no,no,admite,,1
340_p437,confirma,no,recurrente_pierde,recurso_extraordinario,no,si,admite,,1
340_p481,no_revision_competencia,no,no_aplica,,no,no,sin_marcador,,0
340_p483,confirma,no,recurrente_pierde,recurso_ordinario,no,si,admite,,0
340_p493,revoca,si,recurrente_gana,recurso_extraordinario,no,si,admite,,0
340_p516,no_revision_procesal,no,no_aplica,recurso_extraordinario,no,no,inadmite,CADUCIDAD_INSTANCIA,0
340_p518,no_fondo,no,no_aplica,,no,no,sin_marcador,,0
340_p521,no_revision_competencia,no,no_aplica,,no,no,sin_marcador,,0
340_p524,no_fondo,no,no_aplica,,no,no,sin_marcador,,0
340_p526,no_revision_procesal,no,no_aplica,,no,no,sin_marcador,,0
340_p538,no_fondo,no,no_aplica,,no,no,sin_marcador,,0
340_p540,no_revision_competencia,no,no_aplica,,no,no,sin_marcador,,0
340_p543,no_revision_competencia,no,no_aplica,,no,no,sin_marcador,,0
340_p545,no_revision_procesal,no,no_aplica,recurso_extraordinario,no,no,inadmite,ACORDADA_4_2007,1
340_p549,deja_sin_efecto,si,recurrente_gana,recurso_extraordinario,no,si,admite,,1
340_p607,no_revision_procesal,no,no_aplica,recurso_extraordinario,no,no,inadmite,INADMISIBLE_SIN_CAUSAL_EXPLICITA,0
340_p609,no_fondo,no,no_aplica,,no,no,sin_marcador,,0
340_p611,no_fondo,no,no_aplica,,no,no,inadmite,INADMISIBLE_SIN_CAUSAL_EXPLICITA,0
340_p614,revoca,si,recurrente_gana,recurso_extraordinario,no,si,admite,,1
340_p620,no_revision_competencia,no,no_aplica,,no,no,sin_marcador,,0
340_p626,no_revision_competencia,no,no_aplica,,no,no,sin_marcador,,0
340_p628,no_revision_competencia,no,no_aplica,,no,no,sin_marcador,,0
340_p630,no_revision_competencia,no,no_aplica,,no,no,sin_marcador,,0
340_p632,no_revision_competencia,no,no_aplica,,no,no,sin_marcador,,0
340_p634,no_revision_competencia,no,no_aplica,,no,no,sin_marcador,,0
340_p636,no_revision_competencia,no,no_aplica,,no,no,sin_marcador,,0
340_p639,no_fondo,no,no_aplica,,no,no,sin_marcador,,0
340_p641,no_revision_competencia,no,no_aplica,,no,no,sin_marcador,,0
340_p644,confirma,no,recurrente_pierde,recurso_extraordinario,no,si,admite,,0
340_p658,no_revision_procesal,no,no_aplica,,no,no,inadmite,INADMISIBLE_SIN_CAUSAL_EXPLICITA,0
340_p660,deja_sin_efecto,si,recurrente_gana,recurso_extraordinario,no,si,admite,,1
340_p669,deja_sin_efecto,no,recurrente_gana,recurso_extraordinario,no,si,admite,,1
340_p686,no_fondo,no,no_aplica,,no,no,sin_marcador,,0
340_p689,no_fondo,no,no_aplica,,no,no,sin_marcador,,0
340_p691,confirma,no,recurrente_pierde,recurso_extraordinario,si,si,admite,,0
340_p693,no_revision_competencia,no,no_aplica,,no,no,sin_marcador,,0
340_p695,no_fondo,no,no_aplica,,no,no,sin_marcador,,0
340_p697,no_revision_competencia,no,no_aplica,,no,no,sin_marcador,,0
340_p699,no_revision_competencia,no,no_aplica,,no,no,sin_marcador,,0
340_p702,no_fondo,no,no_aplica,,no,no,sin_marcador,,0
340_p705,no_revision_competencia,no,no_aplica,,no,no,sin_marcador,,0
340_p708,no_revision_competencia,no,no_aplica,,no,no,sin_marcador,,0
340_p711,deja_sin_efecto,si,recurrente_gana,recurso_extraordinario,no,si,admite,,1
340_p722,no_fondo,no,no_aplica,,no,no,sin_marcador,,0
340_p724,no_revision_competencia,no,no_aplica,,no,no,sin_marcador,,0
340_p725,confirma,no,recurrente_pierde,recurso_extraordinario,no,si,inadmite,INADMISIBLE_SIN_CAUSAL_EXPLICITA,1
340_p729,no_revision_competencia,no,no_aplica,,no,no,no_aplica,,0
340_p732,no_revision_competencia,no,no_aplica,,no,no,sin_marcador,,0
340_p734,no_revision_competencia,no,no_aplica,,no,no,sin_marcador,,0
340_p737,no_revision_competencia,no,no_aplica,,no,no,sin_marcador,,0
340_p739,no_fondo,no,no_aplica,,no,no,no_aplica,,0
340_p745,no_fondo,no,no_aplica,,no,no,sin_marcador,,0
340_p757,no_fondo,no,no_aplica,,no,no,no_aplica,,0
340_p765,deja_sin_efecto,si,recurrente_gana,recurso_extraordinario,no,si,admite,,0
340_p786,no_fondo,no,no_aplica,,no,no,sin_marcador,,0
340_p788,no_revision_competencia,no,no_aplica,,no,no,sin_marcador,,0
340_p790,no_fondo,no,no_aplica,,no,no,sin_marcador,,0
340_p793,no_fondo,no,no_aplica,,no,no,sin_marcador,,0
340_p797,no_revision_competencia,no,no_aplica,,no,no,sin_marcador,,0
340_p799,no_revision_competencia,no,no_aplica,,no,no,sin_marcador,,0
340_p802,no_fondo,no,no_aplica,,no,no,sin_marcador,,0
340_p808,no_revision_competencia,no,no_aplica,,no,no,sin_marcador,,0
340_p810,no_fondo,no,no_aplica,,no,no,sin_marcador,,0
340_p812,no_fondo,no,no_aplica,,no,no,sin_marcador,,0
340_p815,no_revision_competencia,no,no_aplica,,no,no,sin_marcador,,0
340_p819,no_revision_competencia,no,no_aplica,,no,no,sin_marcador,,0
340_p822,no_fondo,no,no_aplica,,no,no,sin_marcador,,0
340_p824,no_revision_competencia,no,no_aplica,,no,no,sin_marcador,,0
340_p827,no_revision_competencia,no,no_aplica,,no,no,sin_marcador,,0
340_p829,no_fondo,no,no_aplica,,no,no,sin_marcador,,0
340_p832,deja_sin_efecto,no,recurrente_gana,recurso_extraordinario,no,si,admite,,1
340_p839,no_fondo,no,no_aplica,recurso_extraordinario,no,no,inadmite,ART_280,0
340_p840,no_fondo,no,no_aplica,recurso_extraordinario,no,no,inadmite,ART_280,1
340_p850,no_revision_competencia,no,no_aplica,,no,no,sin_marcador,,0
340_p853,no_revision_competencia,no,no_aplica,,no,no,sin_marcador,,0
340_p858,no_revision_competencia,no,no_aplica,,no,no,sin_marcador,,0
340_p861,deja_sin_efecto,no,recurrente_gana,recurso_extraordinario,no,si,admite,,1
340_p863,no_revision_procesal,no,no_aplica,,no,no,sin_marcador,,0
340_p864,no_revision_competencia,no,no_aplica,,no,no,sin_marcador,,0
340_p866,no_revision_competencia,no,no_aplica,,no,no,sin_marcador,,0
340_p868,no_revision_competencia,no,no_aplica,,no,no,sin_marcador,,0
340_p869,no_revision_competencia,no,no_aplica,,no,no,sin_marcador,,0
340_p872,revoca,no,recurrente_gana,recurso_extraordinario,no,si,admite,,1
340_p878,deja_sin_efecto,no,recurrente_gana,recurso_extraordinario,si,si,admite,,1
340_p888,no_revision_competencia,no,no_aplica,,no,no,sin_marcador,,0
340_p891,no_fondo,no,no_aplica,,no,no,sin_marcador,,0
340_p895,no_revision_competencia,no,no_aplica,,no,no,sin_marcador,,0
340_p898,deja_sin_efecto,si,recurrente_gana,recurso_extraordinario,no,si,admite,,1
340_p900,no_fondo,no,no_aplica,recurso_extraordinario,no,no,inadmite,INADMISIBLE_SIN_CAUSAL_EXPLICITA,1
340_p902,no_fondo,no,no_aplica,recurso_extraordinario,no,no,inadmite,FUERA_DE_TERMINO,1
340_p905,no_revision_competencia,no,no_aplica,,no,no,sin_marcador,,0
340_p910,deja_sin_efecto,si,recurrente_gana,recurso_extraordinario,no,si,admite,,1
340_p914,no_fondo,no,no_aplica,recurso_extraordinario,no,no,inadmite,INADMISIBLE_SIN_CAUSAL_EXPLICITA,1
340_p951,deja_sin_efecto,no,recurrente_gana,recurso_extraordinario,no,si,admite,,1
340_p979,deja_sin_efecto,si,recurrente_gana,recurso_extraordinario,no,si,admite,,0
340_p982,no_fondo,no,no_aplica,,no,no,inadmite,ACORDADA_4_2007,1
340_p983,confirma,no,recurrente_pierde,recurso_extraordinario,no,si,admite,,0
340_p991,no_revision_demanda,no,no_aplica,,no,no,no_aplica,,0
340_p1025,no_revision_demanda,no,no_aplica,,no,no,sin_marcador,,0
340_p1035,no_fondo,no,no_aplica,recurso_extraordinario,no,no,inadmite,INADMISIBLE_SIN_CAUSAL_EXPLICITA,0
340_p1038,revoca,si,recurrente_gana,recurso_extraordinario,no,si,admite,,1
340_p1062,deja_sin_efecto,si,recurrente_gana,recurso_extraordinario,no,si,admite,,1
340_p1068,confirma,no,recurrente_pierde,recurso_extraordinario,no,si,inadmite,INADMISIBLE_SIN_CAUSAL_EXPLICITA,1
340_p1070,no_fondo,no,no_aplica,,no,no,inadmite,INADMISIBLE_REMITE_DICTAMEN,1
340_p1074,no_fondo,no,no_aplica,recurso_extraordinario,no,no,inadmite,ART_280,1
340_p1078,no_fondo,no,no_aplica,,no,no,no_aplica,,0
340_p1084,deja_sin_efecto,si,recurrente_gana,recurso_extraordinario,no,si,admite,,1
340_p1089,no_fondo,no,no_aplica,,no,no,inadmite,INADMISIBLE_REMITE_DICTAMEN,1
340_p1094,no_fondo,no,no_aplica,recurso_extraordinario,si,no,admite,,0
340_p1097,no_revision_procesal,no,no_aplica,recurso_extraordinario,no,no,inadmite,ART_280,1
340_p1110,no_revision_procesal,no,no_aplica,,no,no,inadmite,RESOLUCION_NO_RECURRIBLE,0
340_p1111,revoca,no,recurrente_gana,recurso_extraordinario,no,si,admite,,1
340_p1129,no_fondo,no,no_aplica,,no,no,no_aplica,,0
340_p1136,revoca,no,recurrente_gana,recurso_extraordinario,no,si,admite,,1
340_p1144,deja_sin_efecto,no,recurrente_gana,recurso_extraordinario,no,si,admite,,1
340_p1149,deja_sin_efecto,si,recurrente_gana,recurso_extraordinario,no,si,admite,,0
340_p1154,no_fondo,no,no_aplica,recurso_extraordinario,no,no,inadmite,ART_280,0
340_p1175,revoca,no,recurrente_gana,recurso_ordinario,no,si,admite,,0
340_p1185,revoca,no,recurrente_gana,recurso_extraordinario,no,si,admite,,1
340_p1193,no_fondo,no,no_aplica,recurso_extraordinario,no,no,admite,,1
340_p1213,deja_sin_efecto,si,recurrente_gana,recurso_extraordinario,no,si,admite,,0
340_p1226,deja_sin_efecto,no,recurrente_gana,recurso_extraordinario,no,si,admite,,1
340_p1232,revoca,si,recurrente_gana,recurso_extraordinario,no,si,admite,,1
340_p1236,confirma,no,recurrente_pierde,recurso_extraordinario,si,si,admite,,0
340_p1252,deja_sin_efecto,si,recurrente_gana,recurso_extraordinario,no,si,admite,,1
340_p1256,deja_sin_efecto,si,recurrente_gana,recurso_extraordinario,no,si,admite,,1
340_p1259,deja_sin_efecto,no,recurrente_gana,recurso_extraordinario,no,si,admite,,1
340_p1263,no_revision_competencia,no,no_aplica,,no,no,sin_marcador,,0
340_p1265,no_revision_competencia,no,no_aplica,,no,no,sin_marcador,,0
340_p1266,deja_sin_efecto,si,recurrente_gana,recurso_extraordinario,no,si,admite,,0
340_p1269,deja_sin_efecto,si,recurrente_gana,recurso_extraordinario,no,si,admite,,1
340_p1280,deja_sin_efecto,si,recurrente_gana,recurso_extraordinario,no,si,admite,,1
340_p1283,deja_sin_efecto,si,recurrente_gana,recurso_extraordinario,no,si,admite,,1
340_p1293,no_fondo,no,no_aplica,recurso_extraordinario,no,no,inadmite,INADMISIBLE_SIN_CAUSAL_EXPLICITA,1
340_p1294,no_revision_competencia,no,no_aplica,,no,no,sin_marcador,,0
340_p1296,confirma,no,recurrente_pierde,recurso_extraordinario,no,si,admite,,0
340_p1311,deja_sin_efecto,si,recurrente_gana,recurso_extraordinario,no,si,admite,,0
340_p1327,deja_sin_efecto,si,recurrente_gana,recurso_extraordinario,no,si,admite,,1
340_p1331,deja_sin_efecto,si,recurrente_gana,recurso_extraordinario,no,si,admite,,1
340_p1338,no_revision_demanda,no,no_aplica,,no,no,sin_marcador,,0
340_p1346,deja_sin_efecto,si,recurrente_gana,recurso_extraordinario,no,si,admite,,0
340_p1355,no_fondo,no,no_aplica,,no,no,inadmite,INADMISIBLE_SIN_CAUSAL_EXPLICITA,1
340_p1357,deja_sin_efecto,si,recurrente_gana,recurso_extraordinario,no,si,admite,,1
340_p1362,no_fondo,no,no_aplica,recurso_extraordinario,no,no,inadmite,ACORDADA_4_2007,1
340_p1364,confirma,no,recurrente_pierde,recurso_extraordinario,no,si,admite,,0
340_p1380,revoca,si,recurrente_gana,recurso_extraordinario,no,si,admite,,1
340_p1383,no_fondo,no,no_aplica,recurso_extraordinario,no,no,sin_marcador,,1
340_p1388,no_fondo,no,no_aplica,recurso_extraordinario,no,no,inadmite,INADMISIBLE_SIN_CAUSAL_EXPLICITA,1
340_p1392,no_fondo,no,no_aplica,,no,no,sin_marcador,,0
340_p1395,no_fondo,no,no_aplica,,no,no,inadmite,INADMISIBLE_SIN_CAUSAL_EXPLICITA,1
340_p1398,deja_sin_efecto,no,recurrente_gana,recurso_extraordinario,no,si,admite,,1
340_p1401,no_fondo,no,no_aplica,,no,no,inadmite,INADMISIBLE_REMITE_DICTAMEN,1
340_p1414,no_fondo,no,no_aplica,recurso_extraordinario,no,no,inadmite,ART_280,1
340_p1421,revoca,si,recurrente_gana,recurso_extraordinario,no,si,admite,,1
340_p1426,no_fondo,no,no_aplica,,no,no,sin_marcador,,0
340_p1428,no_fondo,no,no_aplica,recurso_extraordinario,si,no,admite,,1
340_p1430,no_fondo,no,no_aplica,,no,no,sin_marcador,,0
340_p1433,deja_sin_efecto,no,recurrente_gana,recurso_extraordinario,no,no,admite,,0
340_p1441,deja_sin_efecto,si,recurrente_gana,recurso_extraordinario,no,si,admite,,1
340_p1450,confirma,no,recurrente_pierde,recurso_extraordinario,no,si,admite,,0
340_p1472,no_fondo,no,no_aplica,,no,no,no_aplica,,0
340_p1480,no_revision_demanda,no,no_aplica,,no,no,no_aplica,,0
340_p1510,no_fondo,no,no_aplica,,no,no,no_aplica,,0
340_p1513,confirma,no,recurrente_pierde,recurso_ordinario,no,si,admite,,0
340_p1542,no_revision_procesal,no,no_aplica,recurso_extraordinario,no,no,inadmite,INADMISIBLE_REMITE_DICTAMEN,0
340_p1547,no_revision_competencia,no,no_aplica,,no,no,sin_marcador,,0
340_p1551,no_revision_competencia,no,no_aplica,,no,no,sin_marcador,,0
340_p1554,no_fondo,no,no_aplica,,no,no,inadmite,DESISTIMIENTO,1
340_p1557,revoca,no,recurrente_gana,recurso_extraordinario,si,si,admite,,1
340_p1570,no_revision_demanda,no,no_aplica,,no,no,no_aplica,,0
340_p1581,revoca,no,recurrente_gana,recurso_extraordinario,si,si,admite,,0
340_p1594,no_fondo,no,no_aplica,,no,no,sin_marcador,,0
340_p1600,deja_sin_efecto,si,recurrente_gana,recurso_extraordinario,no,si,admite,,1
340_p1606,confirma,no,recurrente_pierde,recurso_extraordinario,no,si,admite,,0
340_p1614,no_fondo,no,no_aplica,recurso_extraordinario,no,no,no_aplica,,0
340_p1644,revoca,si,recurrente_gana,recurso_extraordinario,no,si,admite,,1
340_p1660,no_revision_competencia,no,no_aplica,,no,no,sin_marcador,,0
340_p1663,revoca,no,recurrente_gana,recurso_extraordinario,no,si,admite,,1
340_p1671,no_fondo,no,no_aplica,,no,no,inadmite,INADMISIBLE_SIN_CAUSAL_EXPLICITA,0
340_p1675,deja_sin_efecto,si,recurrente_gana,recurso_extraordinario,no,si,admite,,0
340_p1677,no_revision_procesal,no,no_aplica,,no,no,sin_marcador,,0
340_p1680,no_revision_demanda,no,no_aplica,,no,no,no_aplica,,0
340_p1686,deja_sin_efecto,si,recurrente_gana,recurso_extraordinario,no,si,admite,,0
340_p1688,no_fondo,no,no_aplica,,no,no,no_aplica,,0
340_p1695,no_revision_procesal,no,no_aplica,,no,no,sin_marcador,,0
340_p1753,deja_sin_efecto,si,recurrente_gana,recurso_extraordinario,no,si,admite,,1
340_p1756,no_fondo,no,no_aplica,recurso_extraordinario,no,no,inadmite,INADMISIBLE_SIN_CAUSAL_EXPLICITA,0
340_p1775,confirma,no,recurrente_pierde,recurso_extraordinario,no,si,admite,,0
340_p1795,revoca,no,recurrente_gana,recurso_extraordinario,no,si,admite,,0
340_p1883,no_revision_procesal,no,no_aplica,,no,no,sin_marcador,,0
340_p1884,confirma,no,recurrente_pierde,recurso_extraordinario,no,si,admite,,0
340_p1913,no_fondo,no,no_aplica,recurso_extraordinario,no,no,inadmite,INADMISIBLE_SIN_CAUSAL_EXPLICITA,1
340_p1918,deja_sin_efecto,si,recurrente_gana,recurso_extraordinario,no,si,admite,,1
340_p1921,revoca,no,recurrente_gana,recurso_extraordinario,no,no,admite,,0
340_p1927,no_fondo,no,no_aplica,recurso_extraordinario,no,no,inadmite,INADMISIBLE_SIN_CAUSAL_EXPLICITA,1
340_p1940,deja_sin_efecto,si,recurrente_gana,recurso_extraordinario,no,si,admite,,1
340_p1965,no_fondo,no,no_aplica,recurso_extraordinario,no,no,inadmite,INADMISIBLE_SIN_CAUSAL_EXPLICITA,0
340_p1967,no_fondo,no,no_aplica,,no,no,sin_marcador,,0
340_p1969,revoca,no,recurrente_gana,recurso_extraordinario,no,si,admite,,0
340_p1973,revoca,no,recurrente_gana,recurso_extraordinario,no,si,admite,,0
340_p1976,confirma,no,recurrente_pierde,recurso_extraordinario,no,si,admite,,0
340_p1982,no_fondo,no,no_aplica,,no,no,inadmite,INADMISIBLE_REMITE_DICTAMEN,0
340_p1993,no_revision_procesal,no,no_aplica,,no,no,sin_marcador,,0
340_p1995,deja_sin_efecto,si,recurrente_gana,recurso_extraordinario,no,si,admite,,1
340_p2000,no_revision_procesal,no,no_aplica,,no,no,inadmite,INADMISIBLE_SIN_CAUSAL_EXPLICITA,1
340_p2001,deja_sin_efecto,no,recurrente_gana,recurso_extraordinario,no,si,admite,,1
340_p2016,deja_sin_efecto,si,recurrente_gana,recurso_extraordinario,no,si,admite,,1
340_p2021,revoca,no,recurrente_gana,recurso_extraordinario,no,si,admite,,1
340_p2029,no_revision_procesal,no,no_aplica,,no,no,inadmite,INADMISIBLE_SIN_CAUSAL_EXPLICITA,1
341_p25,deja_sin_efecto,si,recurrente_gana,recurso_extraordinario,no,si,admite,,1
341_p29,deja_sin_efecto,si,recurrente_gana,recurso_extraordinario,no,si,admite,,1
341_p32,no_revision_competencia,no,no_aplica,,no,no,sin_marcador,,0
341_p39,no_fondo,no,no_aplica,,no,no,no_aplica,,0
341_p54,no_fondo,no,no_aplica,recurso_extraordinario,no,no,inadmite,INADMISIBLE_REMITE_DICTAMEN,0
341_p71,no_fondo,no,no_aplica,recurso_extraordinario,no,no,no_aplica,,0
341_p77,no_revision_competencia,no,no_aplica,,no,no,sin_marcador,,0
341_p79,deja_sin_efecto,si,recurrente_gana,recurso_extraordinario,no,si,admite,,1
341_p84,revoca,si,recurrente_gana,recurso_extraordinario,no,si,admite,,1
341_p98,deja_sin_efecto,no,recurrente_gana,recurso_extraordinario,no,si,admite,,1
341_p101,revoca,no,recurrente_gana,recurso_extraordinario,no,si,admite,,1
341_p122,no_fondo,no,no_aplica,,no,no,inadmite,CUESTION_ABSTRACTA,1
341_p124,deja_sin_efecto,no,recurrente_gana,recurso_extraordinario,no,no,admite,,0
341_p127,no_fondo,no,no_aplica,recurso_extraordinario,no,no,inadmite,ACORDADA_4_2007,1
341_p129,deja_sin_efecto,no,recurrente_gana,recurso_extraordinario,no,si,admite,,1
341_p146,no_fondo,no,no_aplica,recurso_extraordinario,no,no,inadmite,FALTA_SENTENCIA_DEFINITIVA,0
341_p150,deja_sin_efecto,no,recurrente_gana,recurso_extraordinario,no,si,admite,,1
341_p161,deja_sin_efecto,no,recurrente_gana,recurso_extraordinario,no,si,admite,,1
341_p169,no_revision_procesal,no,no_aplica,,no,no,sin_marcador,,0
341_p180,no_revision_demanda,no,no_aplica,,no,no,no_aplica,,0
341_p202,no_revision_procesal,no,no_aplica,recurso_extraordinario,no,no,inadmite,INADMISIBLE_SIN_CAUSAL_EXPLICITA,0
341_p207,deja_sin_efecto,si,recurrente_gana,recurso_extraordinario,no,si,admite,,1
341_p215,nulidad_concesion,no,no_aplica,recurso_extraordinario,si,no,sin_marcador,,0
341_p218,deja_sin_efecto,no,recurrente_gana,recurso_extraordinario,no,si,admite,,1
341_p221,no_fondo,no,no_aplica,recurso_extraordinario,no,no,inadmite,CUESTION_ABSTRACTA,0
341_p223,no_fondo,no,no_aplica,recurso_ordinario,si,no,inadmite,INADMISIBLE_SIN_CAUSAL_EXPLICITA,0
341_p235,no_fondo,no,no_aplica,,no,no,inadmite,INADMISIBLE_REMITE_DICTAMEN,1
341_p242,deja_sin_efecto,si,recurrente_gana,recurso_extraordinario,no,si,admite,,0
341_p247,deja_sin_efecto,si,recurrente_gana,recurso_extraordinario,si,si,admite,,0
341_p250,no_fondo,no,no_aplica,recurso_extraordinario,no,no,inadmite,ART_280,1
341_p258,deja_sin_efecto,no,recurrente_gana,recurso_extraordinario,no,si,admite,,1
341_p260,deja_sin_efecto,si,recurrente_gana,recurso_extraordinario,no,si,admite,,1
341_p262,deja_sin_efecto,si,recurrente_gana,recurso_extraordinario,no,si,admite,,1
341_p266,deja_sin_efecto,si,recurrente_gana,,no,no,admite,,1
341_p273,no_fondo,no,no_aplica,recurso_extraordinario,no,no,inadmite,INADMISIBLE_SIN_CAUSAL_EXPLICITA,1
341_p274,deja_sin_efecto,no,recurrente_gana,recurso_extraordinario,no,si,admite,,0
341_p287,no_fondo,no,no_aplica,,no,no,inadmite,INADMISIBLE_SIN_CAUSAL_EXPLICITA,0
341_p289,no_revision_demanda,no,no_aplica,,no,no,no_aplica,,0
341_p307,no_revision_competencia,no,no_aplica,,no,no,sin_marcador,,0
341_p311,no_fondo,no,no_aplica,recurso_extraordinario,no,no,inadmite,FALTA_SENTENCIA_DEFINITIVA,1
341_p317,no_revision_competencia,no,no_aplica,,no,no,sin_marcador,,0
341_p321,no_revision_procesal,no,no_aplica,,no,no,sin_marcador,,0
341_p322,no_revision_competencia,no,no_aplica,,no,no,sin_marcador,,0
341_p324,no_revision_competencia,no,no_aplica,,no,no,sin_marcador,,0
341_p327,no_revision_procesal,no,no_aplica,recurso_extraordinario,no,no,inadmite,INADMISIBLE_REMITE_DICTAMEN,0
341_p331,no_fondo,no,no_aplica,,no,no,inadmite,INADMISIBLE_SIN_CAUSAL_EXPLICITA,0
341_p333,no_fondo,no,no_aplica,recurso_extraordinario,no,no,inadmite,FALTA_SENTENCIA_DEFINITIVA,1
341_p335,no_revision_procesal,no,no_aplica,,no,no,sin_marcador,,0
341_p336,deja_sin_efecto,no,recurrente_gana,recurso_extraordinario,si,si,admite,,0
341_p410,no_fondo,no,no_aplica,,no,no,sin_marcador,,0
341_p413,nulidad_concesion,no,no_aplica,recurso_extraordinario,no,no,sin_marcador,,0
341_p414,no_fondo,no,no_aplica,,no,no,inadmite,INADMISIBLE_SIN_CAUSAL_EXPLICITA,0
341_p416,deja_sin_efecto,si,recurrente_gana,recurso_extraordinario,no,si,admite,,1
341_p422,no_fondo,no,no_aplica,recurso_extraordinario,no,no,inadmite,ACORDADA_4_2007,0
341_p424,deja_sin_efecto,si,recurrente_gana,recurso_extraordinario,no,si,admite,,1
341_p427,deja_sin_efecto,si,recurrente_gana,recurso_extraordinario,si,si,admite,,1
341_p461,confirma,no,recurrente_pierde,recurso_extraordinario,no,si,admite,,0
341_p471,no_fondo,no,no_aplica,recurso_extraordinario,no,no,inadmite,CUESTION_ABSTRACTA,1
341_p474,deja_sin_efecto,no,recurrente_gana,recurso_extraordinario,no,si,admite,,1
341_p478,no_fondo,no,no_aplica,recurso_extraordinario,no,no,inadmite,INADMISIBLE_SIN_CAUSAL_EXPLICITA,1
341_p480,no_fondo,no,no_aplica,recurso_extraordinario,no,no,no_aplica,,0
341_p500,revoca,no,recurrente_gana,recurso_extraordinario,no,si,admite,,0
341_p511,no_fondo,no,no_aplica,recurso_extraordinario,no,no,inadmite,INADMISIBLE_SIN_CAUSAL_EXPLICITA,1
341_p512,no_fondo,no,no_aplica,recurso_extraordinario,no,no,inadmite,ACORDADA_4_2007,1
341_p526,deja_sin_efecto,si,recurrente_gana,recurso_extraordinario,no,si,admite,,1
341_p531,revoca,no,recurrente_gana,recurso_extraordinario,no,si,admite,,1
341_p536,deja_sin_efecto,si,recurrente_gana,recurso_extraordinario,no,no,admite,,1
341_p545,revoca,no,recurrente_gana,,no,si,admite,,0
341_p552,no_fondo,no,no_aplica,recurso_extraordinario,no,no,inadmite,FUERA_DE_TERMINO,1
341_p553,deja_sin_efecto,si,recurrente_gana,recurso_extraordinario,no,si,admite,,0
341_p559,no_fondo,no,no_aplica,recurso_extraordinario,no,no,inadmite,INADMISIBLE_SIN_CAUSAL_EXPLICITA,1
341_p560,no_fondo,no,no_aplica,,no,no,sin_marcador,,0
341_p562,deja_sin_efecto,si,recurrente_gana,recurso_extraordinario,no,si,admite,,1
341_p566,deja_sin_efecto,si,recurrente_gana,recurso_extraordinario,no,si,admite,,1
341_p570,revoca,si,recurrente_gana,recurso_extraordinario,si,si,admite,,0
341_p572,no_revision_procesal,no,no_aplica,,no,no,sin_marcador,,0
341_p573,confirma,no,recurrente_pierde,recurso_extraordinario,no,si,admite,,0
341_p581,deja_sin_efecto,si,recurrente_gana,recurso_extraordinario,no,si,admite,,0
341_p584,no_fondo,no,no_aplica,,no,no,inadmite,CUESTION_ABSTRACTA,0
341_p585,deja_sin_efecto,si,recurrente_gana,recurso_extraordinario,no,si,admite,,1
341_p590,no_fondo,no,no_aplica,recurso_extraordinario,no,no,inadmite,CUESTION_ABSTRACTA,1
341_p592,no_fondo,no,no_aplica,,no,no,inadmite,INADMISIBLE_SIN_CAUSAL_EXPLICITA,1
341_p597,no_fondo,no,no_aplica,,no,no,sin_marcador,,0
341_p600,deja_sin_efecto,si,recurrente_gana,recurso_extraordinario,no,si,admite,,1
341_p605,deja_sin_efecto,no,recurrente_gana,recurso_extraordinario,no,no,admite,,0
341_p611,no_revision_competencia,no,no_aplica,,no,no,sin_marcador,,0
341_p619,no_revision_procesal,no,no_aplica,,no,no,sin_marcador,,0
341_p623,no_fondo,no,no_aplica,recurso_extraordinario,no,no,inadmite,ART_280,1
341_p631,revoca,no,recurrente_gana,recurso_extraordinario,no,si,admite,,1
341_p648,revoca,no,recurrente_gana,recurso_extraordinario,no,si,admite,,1
341_p662,no_fondo,no,no_aplica,,no,no,inadmite,DESISTIMIENTO,1
341_p666,no_fondo,no,no_aplica,,no,no,sin_marcador,,0
341_p668,no_fondo,no,no_aplica,,no,no,sin_marcador,,0
341_p678,nulidad_concesion,si,no_aplica,recurso_extraordinario,si,no,sin_marcador,,0
341_p681,nulidad_concesion,no,no_aplica,recurso_extraordinario,si,no,sin_marcador,,0
341_p684,no_fondo,no,no_aplica,,no,no,sin_marcador,,0
341_p688,deja_sin_efecto,no,recurrente_gana,recurso_extraordinario,no,si,admite,,1
341_p694,no_revision_procesal,no,no_aplica,,no,no,sin_marcador,,0
341_p696,no_revision_competencia,no,no_aplica,,no,no,sin_marcador,,0
341_p701,deja_sin_efecto,si,recurrente_gana,recurso_extraordinario,no,si,admite,,1
341_p706,deja_sin_efecto,no,recurrente_gana,recurso_extraordinario,no,si,admite,,0
341_p715,no_revision_procesal,no,no_aplica,,no,no,sin_marcador,,0
341_p717,no_revision_competencia,no,no_aplica,,no,no,sin_marcador,,0
341_p721,no_fondo,no,no_aplica,,no,no,inadmite,DESISTIMIENTO,1
341_p723,no_revision_competencia,no,no_aplica,,no,no,sin_marcador,,0
341_p726,no_fondo,no,no_aplica,,no,no,inadmite,INADMISIBLE_SIN_CAUSAL_EXPLICITA,1
341_p727,confirma,no,recurrente_pierde,recurso_extraordinario,no,si,admite,,0
341_p739,no_fondo,no,no_aplica,recurso_extraordinario,si,no,sin_marcador,,0
341_p745,deja_sin_efecto,si,recurrente_gana,recurso_extraordinario,no,si,admite,,0
341_p762,deja_sin_efecto,si,recurrente_gana,recurso_extraordinario,no,si,admite,,0
341_p764,no_revision_competencia,no,no_aplica,,no,no,sin_marcador,,0
341_p770,deja_sin_efecto,no,recurrente_gana,recurso_extraordinario,no,si,admite,,1
341_p774,revoca,no,recurrente_gana,recurso_extraordinario,no,si,admite,,0
341_p865,no_revision_competencia,no,no_aplica,,no,no,sin_marcador,,0
341_p868,no_revision_competencia,no,no_aplica,,no,no,sin_marcador,,0
341_p870,no_fondo,no,no_aplica,recurso_extraordinario,no,no,inadmite,ART_280,0
341_p876,no_fondo,no,no_aplica,recurso_extraordinario,no,no,inadmite,INADMISIBLE_SIN_CAUSAL_EXPLICITA,1
341_p878,revoca,no,recurrente_gana,recurso_extraordinario,no,si,admite,,1
341_p883,confirma,no,recurrente_pierde,recurso_extraordinario,no,si,admite,,1
341_p892,no_fondo,no,no_aplica,,no,no,sin_marcador,,0
341_p898,deja_sin_efecto,no,recurrente_gana,recurso_extraordinario,no,si,admite,,1
341_p912,no_fondo,no,no_aplica,recurso_extraordinario,no,no,inadmite,CUESTION_ABSTRACTA,0
341_p914,no_fondo,no,no_aplica,,no,no,inadmite,INADMISIBLE_SIN_CAUSAL_EXPLICITA,0
341_p915,revoca,no,recurrente_gana,,no,si,admite,,1
341_p919,revoca,no,recurrente_gana,recurso_extraordinario,no,si,admite,,1
341_p925,no_fondo,no,no_aplica,,no,no,sin_marcador,,0
341_p929,deja_sin_efecto,no,recurrente_gana,recurso_extraordinario,no,si,admite,,0
341_p939,revoca,si,recurrente_gana,recurso_extraordinario,no,si,admite,,1
341_p954,deja_sin_efecto,si,recurrente_gana,recurso_extraordinario,no,si,admite,,1
341_p961,revoca,no,recurrente_gana,recurso_extraordinario,no,si,admite,,1
341_p966,deja_sin_efecto,si,recurrente_gana,recurso_extraordinario,no,si,admite,,1
341_p971,confirma,no,recurrente_pierde,,no,si,admite,,0
341_p1010,deja_sin_efecto,si,recurrente_gana,recurso_extraordinario,no,si,admite,,0
341_p1015,deja_sin_efecto,si,recurrente_gana,recurso_extraordinario,no,si,admite,,0
341_p1017,confirma,no,recurrente_pierde,recurso_extraordinario,no,si,admite,,0
341_p1055,deja_sin_efecto,no,recurrente_gana,recurso_extraordinario,no,si,admite,,1
341_p1063,no_revision_procesal,no,no_aplica,,no,no,sin_marcador,,0
341_p1067,no_fondo,no,no_aplica,recurso_extraordinario,no,no,inadmite,ART_280,0
341_p1075,no_fondo,no,no_aplica,recurso_extraordinario,no,no,admite,,1
341_p1084,revoca,si,recurrente_gana,recurso_extraordinario,no,si,admite,,1
341_p1091,deja_sin_efecto,si,recurrente_gana,recurso_extraordinario,no,si,admite,,1
341_p1095,no_fondo,no,no_aplica,,no,no,inadmite,INADMISIBLE_SIN_CAUSAL_EXPLICITA,0
341_p1097,confirma,no,recurrente_pierde,recurso_extraordinario,no,si,admite,,0
341_p1106,revoca,si,recurrente_gana,recurso_extraordinario,no,si,admite,,1
341_p1130,confirma,no,recurrente_pierde,recurso_extraordinario,no,si,admite,,0
341_p1136,revoca,no,recurrente_gana,recurso_extraordinario,no,si,admite,,0
341_p1148,no_fondo,no,no_aplica,,no,no,no_aplica,,0
341_p1179,revoca,si,recurrente_gana,recurso_extraordinario,si,si,admite,,1
341_p1189,no_revision_procesal,no,no_aplica,,no,no,inadmite,INADMISIBLE_SIN_CAUSAL_EXPLICITA,1
341_p1191,no_fondo,no,no_aplica,,no,no,inadmite,INADMISIBLE_SIN_CAUSAL_EXPLICITA,0
341_p1192,no_fondo,no,no_aplica,,no,no,sin_marcador,,0
341_p1195,deja_sin_efecto,si,recurrente_gana,recurso_extraordinario,no,si,admite,,1
341_p1202,no_fondo,no,no_aplica,,no,no,sin_marcador,,0
341_p1204,no_revision_competencia,no,no_aplica,,no,no,sin_marcador,,0
341_p1207,revoca,no,recurrente_gana,recurso_extraordinario,no,si,admite,,1
341_p1225,no_fondo,no,no_aplica,,no,no,sin_marcador,,0
341_p1227,no_revision_procesal,no,no_aplica,,no,no,inadmite,INADMISIBLE_SIN_CAUSAL_EXPLICITA,1
341_p1228,no_revision_competencia,no,no_aplica,,no,no,sin_marcador,,0
341_p1232,revoca,no,recurrente_gana,recurso_extraordinario,no,no,admite,,0
341_p1237,deja_sin_efecto,si,recurrente_gana,recurso_extraordinario,no,si,admite,,1
341_p1246,revoca,si,recurrente_gana,recurso_extraordinario,no,si,admite,,0
341_p1251,revoca,si,recurrente_gana,recurso_extraordinario,no,si,admite,,1
341_p1258,deja_sin_efecto,si,recurrente_gana,recurso_extraordinario,no,si,admite,,1
341_p1263,deja_sin_efecto,si,recurrente_gana,recurso_extraordinario,no,si,admite,,1
341_p1268,deja_sin_efecto,si,recurrente_gana,recurso_extraordinario,no,si,admite,,1
341_p1284,deja_sin_efecto,si,recurrente_gana,recurso_extraordinario,no,si,admite,,1
341_p1287,deja_sin_efecto,si,recurrente_gana,recurso_extraordinario,no,si,admite,,1
341_p1293,no_fondo,no,no_aplica,,no,no,inadmite,INADMISIBLE_REMITE_DICTAMEN,1
341_p1298,deja_sin_efecto,si,recurrente_gana,recurso_extraordinario,no,si,admite,,0
341_p1306,no_fondo,no,no_aplica,recurso_ordinario,si,no,sin_marcador,,0
341_p1322,revoca,no,recurrente_gana,recurso_extraordinario,no,si,admite,,0
341_p1338,no_fondo,no,no_aplica,,no,no,no_aplica,,0
341_p1346,no_revision_competencia,no,no_aplica,,no,no,sin_marcador,,0
341_p1352,deja_sin_efecto,no,recurrente_gana,recurso_extraordinario,no,si,admite,,1
341_p1355,no_revision_procesal,no,no_aplica,recurso_extraordinario,no,no,sin_marcador,,0
341_p1356,no_fondo,no,no_aplica,recurso_extraordinario,no,no,inadmite,CUESTION_ABSTRACTA,0
341_p1367,no_fondo,no,no_aplica,,no,no,sin_marcador,,0
341_p1371,no_revision_procesal,no,no_aplica,,no,no,inadmite,INADMISIBLE_SIN_CAUSAL_EXPLICITA,1
341_p1372,confirma,no,recurrente_pierde,recurso_extraordinario,no,si,admite,,0
341_p1377,no_fondo,no,no_aplica,,no,no,inadmite,INADMISIBLE_SIN_CAUSAL_EXPLICITA,0
341_p1378,confirma,no,recurrente_pierde,recurso_ordinario,no,si,admite,,0
341_p1390,confirma,no,recurrente_pierde,recurso_ordinario,si,si,admite,,1
341_p1397,deja_sin_efecto,no,recurrente_gana,recurso_extraordinario,no,si,admite,,0
341_p1399,nulidad,si,recurrente_gana,recurso_extraordinario,no,si,inadmite,INADMISIBLE_SIN_CAUSAL_EXPLICITA,1
341_p1400,revoca,no,recurrente_gana,recurso_extraordinario,no,si,admite,,0
341_p1408,revoca,no,recurrente_gana,recurso_extraordinario,no,si,admite,,0
341_p1414,deja_sin_efecto,no,recurrente_gana,recurso_extraordinario,no,si,admite,,1
341_p1423,confirma,no,recurrente_pierde,recurso_extraordinario,no,si,admite,,1
341_p1432,no_fondo,no,no_aplica,recurso_extraordinario,no,no,inadmite,ART_280,0
341_p1439,deja_sin_efecto,si,recurrente_gana,recurso_extraordinario,no,si,admite,,1
341_p1443,deja_sin_efecto,si,recurrente_gana,recurso_extraordinario,no,si,admite,,1
341_p1450,deja_sin_efecto,no,recurrente_gana,recurso_extraordinario,no,si,admite,,1
341_p1457,no_fondo,no,no_aplica,recurso_extraordinario,no,no,inadmite,ACORDADA_4_2007,0
341_p1459,no_fondo,no,no_aplica,,no,no,inadmite,INADMISIBLE_SIN_CAUSAL_EXPLICITA,0
341_p1460,revoca,no,recurrente_gana,recurso_extraordinario,no,si,admite,,1
341_p1466,nulidad,si,recurrente_gana,recurso_extraordinario,no,si,admite,,0
341_p1483,nulidad_concesion,no,no_aplica,recurso_extraordinario,no,no,sin_marcador,,0
341_p1485,confirma,no,recurrente_pierde,recurso_ordinario,si,si,admite,,0
341_p1502,no_fondo,no,no_aplica,recurso_extraordinario,no,no,inadmite,ART_280,0
341_p1511,confirma,no,recurrente_pierde,recurso_extraordinario,si,si,admite,,0
341_p1555,deja_sin_efecto,no,recurrente_gana,recurso_extraordinario,no,si,admite,,1
341_p1570,no_revision_procesal,no,no_aplica,recurso_extraordinario,no,no,inadmite,ART_280,1
341_p1586,revoca,no,recurrente_gana,recurso_extraordinario,no,si,admite,,1
341_p1591,deja_sin_efecto,no,recurrente_gana,recurso_extraordinario,no,si,admite,,1
341_p1596,deja_sin_efecto,si,recurrente_gana,recurso_extraordinario,no,si,admite,,1
341_p1607,deja_sin_efecto,no,recurrente_gana,recurso_extraordinario,no,no,admite,,1
341_p1611,deja_sin_efecto,si,recurrente_gana,recurso_extraordinario,no,si,admite,,1
341_p1617,no_fondo,no,no_aplica,recurso_extraordinario,no,no,inadmite,INADMISIBLE_SIN_CAUSAL_EXPLICITA,1
341_p1619,no_fondo,no,no_aplica,,no,no,inadmite,CUESTION_ABSTRACTA,0
341_p1621,deja_sin_efecto,si,recurrente_gana,recurso_extraordinario,no,si,admite,,1
341_p1625,confirma,no,recurrente_pierde,recurso_extraordinario,no,si,admite,,0
341_p1647,no_fondo,no,no_aplica,recurso_extraordinario,no,no,inadmite,ART_280,1
341_p1649,no_fondo,no,no_aplica,recurso_extraordinario,no,no,inadmite,ART_280,1
341_p1655,deja_sin_efecto,si,recurrente_gana,recurso_extraordinario,no,si,admite,,1
341_p1659,no_revision_procesal,no,no_aplica,,no,no,inadmite,INADMISIBLE_SIN_CAUSAL_EXPLICITA,0
341_p1661,no_revision_demanda,no,no_aplica,,no,no,no_aplica,,0
341_p1675,revoca,no,recurrente_gana,recurso_extraordinario,no,si,admite,,0
341_p1679,no_revision_procesal,no,no_aplica,recurso_ordinario,si,no,admite,,1
341_p1704,deja_sin_efecto,si,recurrente_gana,recurso_extraordinario,no,si,admite,,1
341_p1708,revoca,no,recurrente_gana,recurso_extraordinario,no,si,admite,,1
341_p1717,deja_sin_efecto,si,recurrente_gana,recurso_extraordinario,si,si,admite,,1
341_p1727,revoca,no,recurrente_gana,recurso_extraordinario,si,si,admite,,1
341_p1733,no_fondo,no,no_aplica,recurso_extraordinario,no,no,admite,,0
341_p1763,deja_sin_efecto,si,recurrente_gana,recurso_extraordinario,no,si,admite,,1
341_p1768,confirma,no,recurrente_pierde,recurso_extraordinario,no,si,admite,,1
341_p1844,deja_sin_efecto,no,recurrente_gana,recurso_extraordinario,no,si,admite,,1
341_p1846,deja_sin_efecto,no,recurrente_gana,recurso_extraordinario,no,si,admite,,1
341_p1854,no_revision_procesal,no,no_aplica,,no,no,no_aplica,,0
341_p1869,no_fondo,no,no_aplica,recurso_extraordinario,no,no,inadmite,INADMISIBLE_SIN_CAUSAL_EXPLICITA,1
341_p1924,no_fondo,no,no_aplica,recurso_extraordinario,no,no,admite,,0
341_p1965,revoca,no,recurrente_gana,recurso_extraordinario,no,si,admite,,0
341_p1971,no_fondo,no,no_aplica,recurso_extraordinario,no,no,inadmite,ACORDADA_4_2007,1
341_p1975,revoca,si,recurrente_gana,recurso_extraordinario,no,si,admite,,1
341_p1983,deja_sin_efecto,si,recurrente_gana,recurso_extraordinario,no,si,admite,,1
341_p1988,deja_sin_efecto,si,recurrente_gana,recurso_extraordinario,no,si,admite,,1
341_p1998,no_fondo,no,no_aplica,recurso_extraordinario,si,no,inadmite,ART_280,0
341_p2006,revoca,no,recurrente_gana,recurso_extraordinario,no,si,admite,,0
341_p2010,no_fondo,no,no_aplica,,no,no,sin_marcador,,0
341_p2015,confirma,no,recurrente_pierde,recurso_extraordinario,no,si,admite,,0
341_p2019,confirma,no,recurrente_pierde,recurso_extraordinario,no,si,admite,,0
341_p2027,no_fondo,no,no_aplica,recurso_extraordinario,no,no,inadmite,FUERA_DE_TERMINO,1
342_p1,no_revision_demanda,no,no_aplica,,no,no,inadmite,INADMISIBLE_SIN_CAUSAL_EXPLICITA,0
342_p35,deja_sin_efecto,no,recurrente_gana,recurso_extraordinario,no,si,admite,,0
342_p39,deja_sin_efecto,si,recurrente_gana,recurso_extraordinario,no,si,admite,,1
342_p42,no_fondo,no,no_aplica,,no,no,inadmite,INADMISIBLE_SIN_CAUSAL_EXPLICITA,1
342_p43,deja_sin_efecto,si,recurrente_gana,recurso_extraordinario,no,si,admite,,1
342_p49,deja_sin_efecto,si,recurrente_gana,recurso_extraordinario,no,si,admite,,1
342_p54,deja_sin_efecto,si,recurrente_gana,recurso_extraordinario,no,si,admite,,1
342_p58,confirma,no,recurrente_pierde,recurso_extraordinario,no,si,admite,,0
342_p65,deja_sin_efecto,si,recurrente_gana,recurso_extraordinario,no,si,admite,,1
342_p73,deja_sin_efecto,si,recurrente_gana,recurso_extraordinario,no,si,admite,,1
342_p77,revoca,no,recurrente_gana,recurso_extraordinario,no,si,admite,,1
342_p85,no_fondo,no,no_aplica,,no,no,sin_marcador,,0
342_p93,deja_sin_efecto,no,recurrente_gana,recurso_extraordinario,no,si,admite,,1
342_p98,no_fondo,no,no_aplica,,no,no,no_aplica,,0
342_p99,revoca,si,recurrente_gana,,no,si,admite,,1
342_p122,no_fondo,no,no_aplica,recurso_extraordinario,no,no,inadmite,ACORDADA_4_2007,1
342_p126,no_fondo,no,no_aplica,,no,no,no_aplica,,0
342_p142,deja_sin_efecto,no,recurrente_gana,recurso_extraordinario,no,si,admite,,1
342_p148,deja_sin_efecto,no,recurrente_gana,recurso_extraordinario,si,si,admite,,1
342_p159,deja_sin_efecto,si,recurrente_gana,recurso_extraordinario,no,si,admite,,1
342_p162,no_fondo,no,no_aplica,recurso_extraordinario,si,no,admite,,1
342_p171,no_fondo,no,no_aplica,,no,no,no_aplica,,0
342_p186,deja_sin_efecto,si,recurrente_gana,recurso_extraordinario,no,si,admite,,1
342_p193,revoca,no,recurrente_gana,recurso_extraordinario,no,si,admite,,1
342_p197,deja_sin_efecto,si,recurrente_gana,recurso_extraordinario,no,si,admite,,1
342_p208,deja_sin_efecto,si,recurrente_gana,recurso_extraordinario,no,si,admite,,0
342_p227,no_fondo,no,no_aplica,recurso_extraordinario,no,no,inadmite,INADMISIBLE_REMITE_DICTAMEN,0
342_p235,no_fondo,no,no_aplica,,no,no,no_aplica,,0
342_p248,no_fondo,no,no_aplica,,no,no,inadmite,INADMISIBLE_SIN_CAUSAL_EXPLICITA,0
342_p250,deja_sin_efecto,si,recurrente_gana,recurso_extraordinario,no,si,admite,,1
342_p256,deja_sin_efecto,si,recurrente_gana,recurso_extraordinario,no,si,admite,,1
342_p259,deja_sin_efecto,si,recurrente_gana,recurso_extraordinario,no,si,admite,,0
342_p263,deja_sin_efecto,no,recurrente_gana,recurso_extraordinario,no,si,admite,,1
342_p266,deja_sin_efecto,no,recurrente_gana,recurso_extraordinario,no,si,admite,,1
342_p271,no_fondo,no,no_aplica,recurso_extraordinario,no,no,inadmite,INADMISIBLE_SIN_CAUSAL_EXPLICITA,1
342_p277,no_fondo,no,no_aplica,,no,no,inadmite,INADMISIBLE_SIN_CAUSAL_EXPLICITA,1
342_p278,deja_sin_efecto,no,recurrente_gana,recurso_extraordinario,no,si,admite,,1
342_p287,no_revision_demanda,no,no_aplica,,no,no,no_aplica,,0
342_p343,nulidad,no,recurrente_gana,recurso_extraordinario,no,no,no_aplica,,0
342_p411,no_fondo,no,no_aplica,recurso_extraordinario,no,no,admite,,1
342_p459,deja_sin_efecto,no,recurrente_gana,recurso_extraordinario,si,si,admite,,0
342_p507,no_fondo,no,no_aplica,,no,no,inadmite,DESISTIMIENTO,1
342_p509,no_fondo,no,no_aplica,,no,no,sin_marcador,,0
342_p526,deja_sin_efecto,si,recurrente_gana,recurso_extraordinario,no,si,admite,,1
342_p533,no_fondo,no,no_aplica,recurso_extraordinario,no,no,no_aplica,,0
342_p574,no_revision_procesal,no,no_aplica,,no,no,inadmite,INADMISIBLE_SIN_CAUSAL_EXPLICITA,0
342_p575,deja_sin_efecto,si,recurrente_gana,recurso_extraordinario,no,si,admite,,1
342_p580,no_fondo,no,no_aplica,recurso_extraordinario,no,no,admite,,1
342_p583,no_fondo,no,no_aplica,recurso_extraordinario,no,no,inadmite,INADMISIBLE_SIN_CAUSAL_EXPLICITA,1
342_p584,revoca,no,recurrente_gana,recurso_extraordinario,no,si,admite,,1
342_p606,nulidad,si,recurrente_gana,recurso_extraordinario,no,si,admite,,0
342_p609,revoca,no,recurrente_gana,recurso_extraordinario,no,si,admite,,1
342_p624,deja_sin_efecto,si,recurrente_gana,recurso_extraordinario,no,si,admite,,1
342_p633,no_revision_demanda,no,no_aplica,,no,no,no_aplica,,0
342_p643,deja_sin_efecto,no,recurrente_gana,,no,si,admite,,0
342_p645,no_fondo,no,no_aplica,,no,no,no_aplica,,0
342_p654,deja_sin_efecto,no,recurrente_gana,recurso_extraordinario,no,si,admite,,1
342_p662,no_fondo,no,no_aplica,,no,no,sin_marcador,,0
342_p667,no_revision_competencia,no,no_aplica,,no,no,sin_marcador,,0
342_p681,revoca,no,recurrente_gana,recurso_extraordinario,no,si,admite,,1
342_p685,no_fondo,no,no_aplica,recurso_extraordinario,no,no,inadmite,INADMISIBLE_REMITE_DICTAMEN,0
342_p692,no_revision_competencia,no,no_aplica,,no,no,sin_marcador,,0
342_p697,confirma,no,recurrente_pierde,recurso_extraordinario,no,si,admite,,1
342_p737,no_fondo,no,no_aplica,recurso_extraordinario,no,no,inadmite,INADMISIBLE_SIN_CAUSAL_EXPLICITA,1
342_p738,deja_sin_efecto,si,recurrente_gana,recurso_extraordinario,no,si,admite,,1
342_p741,deja_sin_efecto,si,recurrente_gana,recurso_extraordinario,no,si,admite,,1
342_p744,no_fondo,no,no_aplica,recurso_extraordinario,no,no,inadmite,INADMISIBLE_SIN_CAUSAL_EXPLICITA,1
342_p757,confirma,no,recurrente_pierde,recurso_extraordinario,no,si,admite,,0
342_p761,revoca,no,recurrente_gana,recurso_extraordinario,no,si,admite,,1
342_p812,revoca,no,recurrente_gana,recurso_extraordinario,no,no,admite,,1
342_p824,no_fondo,no,no_aplica,,no,no,sin_marcador,,0
342_p826,deja_sin_efecto,si,recurrente_gana,recurso_extraordinario,no,si,admite,,1
342_p832,confirma,no,recurrente_pierde,recurso_extraordinario,no,si,admite,,1
342_p852,no_fondo,no,no_aplica,,no,no,sin_marcador,,0
342_p853,deja_sin_efecto,si,recurrente_gana,recurso_extraordinario,no,si,admite,,1
342_p860,no_revision_procesal,no,no_aplica,,no,no,sin_marcador,,0
342_p863,deja_sin_efecto,si,recurrente_gana,recurso_extraordinario,no,si,admite,,1
342_p867,revoca,si,recurrente_gana,recurso_extraordinario,si,si,admite,,1
342_p875,deja_sin_efecto,si,recurrente_gana,recurso_extraordinario,no,si,admite,,1
342_p881,deja_sin_efecto,no,recurrente_gana,recurso_extraordinario,no,si,admite,,0
342_p884,deja_sin_efecto,si,recurrente_gana,recurso_extraordinario,no,si,admite,,1
342_p899,no_fondo,no,no_aplica,,no,no,inadmite,INADMISIBLE_SIN_CAUSAL_EXPLICITA,0
342_p903,no_fondo,no,no_aplica,recurso_extraordinario,si,no,inadmite,INADMISIBLE_SIN_CAUSAL_EXPLICITA,1
342_p917,no_revision_demanda,no,no_aplica,,no,no,sin_marcador,,0
342_p969,confirma,no,recurrente_pierde,recurso_extraordinario,no,si,admite,,0
342_p971,no_revision_demanda,no,no_aplica,,no,no,no_aplica,,0
342_p988,no_fondo,no,no_aplica,recurso_extraordinario,si,no,inadmite,INADMISIBLE_SIN_CAUSAL_EXPLICITA,1
342_p1001,no_fondo,no,no_aplica,recurso_extraordinario,no,no,inadmite,INADMISIBLE_SIN_CAUSAL_EXPLICITA,1
342_p1004,deja_sin_efecto,si,recurrente_gana,recurso_extraordinario,no,si,admite,,1
342_p1011,deja_sin_efecto,si,recurrente_gana,recurso_extraordinario,si,si,admite,,1
342_p1017,revoca,si,recurrente_gana,recurso_extraordinario,si,si,admite,,1
342_p1023,revoca,si,recurrente_gana,recurso_extraordinario,no,si,admite,,1
342_p1028,no_fondo,no,no_aplica,recurso_extraordinario,si,no,sin_marcador,,0
342_p1031,no_revision_competencia,no,no_aplica,,no,no,sin_marcador,,0
342_p1039,no_fondo,no,no_aplica,,no,no,sin_marcador,,0
342_p1041,revoca,no,recurrente_gana,recurso_extraordinario,no,si,admite,,0
342_p1043,deja_sin_efecto,si,recurrente_gana,recurso_extraordinario,no,si,admite,,1
342_p1047,no_fondo,no,no_aplica,,no,no,inadmite,INADMISIBLE_SIN_CAUSAL_EXPLICITA,0
342_p1048,no_fondo,no,no_aplica,,no,no,no_aplica,,0
342_p1057,deja_sin_efecto,no,recurrente_gana,recurso_extraordinario,no,si,admite,,0
342_p1061,revoca,si,recurrente_gana,recurso_extraordinario,no,si,admite,,1
342_p1139,no_fondo,no,no_aplica,recurso_extraordinario,no,no,admite,,1
342_p1143,deja_sin_efecto,si,recurrente_gana,recurso_extraordinario,si,si,admite,,1
342_p1152,deja_sin_efecto,no,recurrente_gana,recurso_extraordinario,no,si,admite,,1
342_p1155,deja_sin_efecto,si,recurrente_gana,recurso_extraordinario,no,si,admite,,1
342_p1170,confirma,no,recurrente_pierde,recurso_ordinario,si,si,inadmite,INADMISIBLE_SIN_CAUSAL_EXPLICITA,0
342_p1193,deja_sin_efecto,si,recurrente_gana,recurso_extraordinario,no,si,admite,,0
342_p1198,revoca,si,recurrente_gana,recurso_extraordinario,no,si,admite,,0
342_p1203,deja_sin_efecto,si,recurrente_gana,recurso_extraordinario,no,si,admite,,1
342_p1227,deja_sin_efecto,si,recurrente_gana,recurso_extraordinario,si,si,admite,,1
342_p1246,no_fondo,no,no_aplica,recurso_extraordinario,no,no,inadmite,CUESTION_ABSTRACTA,0
342_p1249,deja_sin_efecto,no,recurrente_gana,recurso_extraordinario,no,si,admite,,0
342_p1252,revoca,no,recurrente_gana,recurso_extraordinario,no,si,admite,,1
342_p1261,deja_sin_efecto,si,recurrente_gana,recurso_extraordinario,no,si,admite,,1
342_p1299,no_fondo,no,no_aplica,,no,no,no_aplica,,0
342_p1302,revoca,si,recurrente_gana,recurso_extraordinario,no,si,admite,,1
342_p1309,deja_sin_efecto,no,recurrente_gana,recurso_extraordinario,no,si,admite,,1
342_p1313,deja_sin_efecto,no,recurrente_gana,recurso_extraordinario,no,si,inadmite,ACORDADA_4_2007,1
342_p1315,revoca,no,recurrente_gana,recurso_extraordinario,no,si,admite,,0
342_p1327,no_revision_competencia,no,no_aplica,,no,no,sin_marcador,,0
342_p1336,deja_sin_efecto,si,recurrente_gana,recurso_extraordinario,no,si,admite,,0
342_p1343,no_fondo,no,no_aplica,recurso_extraordinario,no,no,inadmite,INADMISIBLE_SIN_CAUSAL_EXPLICITA,0
342_p1358,revoca,no,recurrente_gana,recurso_extraordinario,no,si,admite,,0
342_p1362,deja_sin_efecto,si,recurrente_gana,recurso_extraordinario,no,si,admite,,1
342_p1367,revoca,si,recurrente_gana,recurso_extraordinario,no,si,admite,,1
342_p1372,deja_sin_efecto,no,recurrente_gana,recurso_extraordinario,no,si,admite,,1
342_p1376,deja_sin_efecto,si,recurrente_gana,recurso_extraordinario,no,si,admite,,1
342_p1393,confirma,no,recurrente_pierde,recurso_extraordinario,no,si,admite,,0
342_p1404,no_revision_demanda,no,no_aplica,,no,no,no_aplica,,0
342_p1412,revoca,si,recurrente_gana,recurso_extraordinario,no,si,admite,,1
342_p1417,no_revision_procesal,no,no_aplica,,no,no,sin_marcador,,0
342_p1426,deja_sin_efecto,si,recurrente_gana,recurso_extraordinario,no,si,admite,,1
342_p1429,revoca,si,recurrente_gana,recurso_extraordinario,si,si,admite,,1
342_p1434,deja_sin_efecto,si,recurrente_gana,recurso_extraordinario,no,si,admite,,1
342_p1445,deja_sin_efecto,si,recurrente_gana,recurso_extraordinario,no,si,admite,,0
342_p1447,no_revision_competencia,no,no_aplica,,no,no,sin_marcador,,0
342_p1450,deja_sin_efecto,si,recurrente_gana,recurso_extraordinario,no,si,admite,,1
342_p1456,deja_sin_efecto,si,recurrente_gana,recurso_extraordinario,no,si,admite,,1
342_p1459,revoca,si,recurrente_gana,recurso_extraordinario,no,si,admite,,1
342_p1463,revoca,no,recurrente_gana,recurso_extraordinario,no,no,admite,,1
342_p1468,deja_sin_efecto,si,recurrente_gana,recurso_extraordinario,no,si,admite,,1
342_p1473,no_revision_procesal,no,no_aplica,,no,no,sin_marcador,,0
342_p1477,no_revision_procesal,no,no_aplica,,no,no,sin_marcador,,0
342_p1483,no_fondo,no,no_aplica,recurso_extraordinario,no,no,inadmite,ART_280,1
342_p1484,deja_sin_efecto,si,recurrente_gana,recurso_extraordinario,no,si,admite,,1
342_p1490,no_fondo,no,no_aplica,recurso_extraordinario,no,no,inadmite,INADMISIBLE_SIN_CAUSAL_EXPLICITA,1
342_p1492,revoca,si,recurrente_gana,recurso_extraordinario,no,si,admite,,1
342_p1496,revoca,no,recurrente_gana,recurso_extraordinario,no,no,admite,,0
342_p1501,deja_sin_efecto,no,recurrente_gana,recurso_extraordinario,no,si,admite,,1
342_p1506,no_fondo,no,no_aplica,recurso_extraordinario,no,no,inadmite,INADMISIBLE_SIN_CAUSAL_EXPLICITA,0
342_p1508,no_revision_procesal,no,no_aplica,recurso_extraordinario,no,no,inadmite,ACORDADA_4_2007,1
342_p1509,no_fondo,no,no_aplica,,no,no,inadmite,INADMISIBLE_SIN_CAUSAL_EXPLICITA,0
342_p1510,no_fondo,no,no_aplica,,no,no,inadmite,INADMISIBLE_SIN_CAUSAL_EXPLICITA,1
342_p1511,confirma,no,recurrente_pierde,recurso_extraordinario,no,si,admite,,0
342_p1524,confirma,no,recurrente_pierde,recurso_ordinario,si,si,admite,,0
342_p1548,no_fondo,no,no_aplica,recurso_extraordinario,no,no,inadmite,FUERA_DE_TERMINO,1
342_p1549,no_fondo,no,no_aplica,,no,no,no_aplica,,0
342_p1568,confirma,no,recurrente_pierde,recurso_extraordinario,no,si,admite,,0
342_p1580,deja_sin_efecto,si,recurrente_gana,recurso_extraordinario,no,si,admite,,0
342_p1589,nulidad_concesion,no,no_aplica,recurso_extraordinario,no,no,sin_marcador,,0
342_p1591,no_revision_procesal,no,no_aplica,,no,no,no_aplica,,0
342_p1613,no_fondo,no,no_aplica,,no,no,sin_marcador,,0
342_p1618,no_revision_procesal,no,no_aplica,recurso_extraordinario,no,no,inadmite,INADMISIBLE_SIN_CAUSAL_EXPLICITA,0
342_p1620,deja_sin_efecto,si,recurrente_gana,recurso_extraordinario,no,si,admite,,1
342_p1625,revoca,no,recurrente_gana,recurso_extraordinario,no,si,admite,,0
342_p1637,deja_sin_efecto,si,recurrente_gana,recurso_extraordinario,si,si,admite,,0
342_p1644,deja_sin_efecto,si,recurrente_gana,recurso_extraordinario,no,si,admite,,1
342_p1652,deja_sin_efecto,si,recurrente_gana,recurso_extraordinario,si,si,admite,,1
342_p1659,no_revision_procesal,no,no_aplica,recurso_extraordinario,no,no,inadmite,INADMISIBLE_SIN_CAUSAL_EXPLICITA,0
342_p1660,no_fondo,no,no_aplica,recurso_extraordinario,no,no,inadmite,INADMISIBLE_SIN_CAUSAL_EXPLICITA,0
342_p1665,nulidad,no,recurrente_gana,recurso_extraordinario,no,no,admite,,1
342_p1735,revoca,no,recurrente_gana,recurso_extraordinario,no,si,admite,,1
342_p1747,deja_sin_efecto,no,recurrente_gana,recurso_extraordinario,si,no,admite,,1
342_p1753,deja_sin_efecto,si,recurrente_gana,recurso_extraordinario,no,si,admite,,1
342_p1760,revoca,si,recurrente_gana,recurso_extraordinario,no,si,admite,,1
342_p1763,deja_sin_efecto,si,recurrente_gana,recurso_extraordinario,no,si,admite,,1
342_p1767,no_revision_procesal,no,no_aplica,,no,no,inadmite,INADMISIBLE_SIN_CAUSAL_EXPLICITA,0
342_p1769,revoca,no,recurrente_gana,recurso_extraordinario,no,si,admite,,1
342_p1777,revoca,no,recurrente_gana,recurso_extraordinario,no,si,admite,,0
342_p1827,deja_sin_efecto,si,recurrente_gana,recurso_extraordinario,no,si,admite,,0
342_p1847,confirma,no,recurrente_pierde,recurso_extraordinario,no,si,admite,,0
342_p1894,revoca,no,recurrente_gana,recurso_extraordinario,no,si,admite,,1
342_p1900,no_fondo,no,no_aplica,,no,no,inadmite,INADMISIBLE_SIN_CAUSAL_EXPLICITA,1
342_p1903,revoca,no,recurrente_gana,recurso_extraordinario,no,si,admite,,1
342_p1921,deja_sin_efecto,si,recurrente_gana,recurso_extraordinario,no,si,admite,,1
342_p1938,deja_sin_efecto,no,recurrente_gana,recurso_extraordinario,si,si,admite,,0
342_p2009,confirma,no,recurrente_pierde,recurso_extraordinario,no,si,admite,,1
342_p2051,revoca,si,recurrente_gana,recurso_extraordinario,no,si,admite,,1
342_p2056,deja_sin_efecto,si,recurrente_gana,recurso_extraordinario,no,si,admite,,1
342_p2063,deja_sin_efecto,si,recurrente_gana,recurso_extraordinario,no,si,admite,,1
342_p2068,no_revision_competencia,no,no_aplica,,no,no,sin_marcador,,0
342_p2075,deja_sin_efecto,no,recurrente_gana,recurso_extraordinario,no,si,admite,,0
342_p2079,deja_sin_efecto,no,recurrente_gana,recurso_extraordinario,no,si,admite,,1
342_p2083,revoca,no,recurrente_gana,recurso_extraordinario,no,si,admite,,0
342_p2100,deja_sin_efecto,si,recurrente_gana,recurso_extraordinario,no,si,admite,,1
342_p2106,deja_sin_efecto,si,recurrente_gana,recurso_extraordinario,no,si,admite,,0
342_p2115,deja_sin_efecto,si,recurrente_gana,recurso_extraordinario,no,si,admite,,1
342_p2125,deja_sin_efecto,si,recurrente_gana,recurso_extraordinario,no,si,admite,,0
342_p2136,no_fondo,no,no_aplica,,no,no,no_aplica,,0
342_p2155,revoca,no,recurrente_gana,recurso_extraordinario,no,si,admite,,1
342_p2183,nulidad_concesion,no,no_aplica,recurso_extraordinario,no,no,sin_marcador,,0
342_p2187,revoca,si,recurrente_gana,recurso_extraordinario,no,si,admite,,1
342_p2198,no_revision_demanda,no,no_aplica,,no,no,sin_marcador,,0
342_p2230,no_fondo,no,no_aplica,recurso_extraordinario,no,no,inadmite,INADMISIBLE_SIN_CAUSAL_EXPLICITA,1
342_p2231,deja_sin_efecto,si,recurrente_gana,recurso_extraordinario,no,si,admite,,1
342_p2236,deja_sin_efecto,no,recurrente_gana,recurso_extraordinario,si,si,admite,,1
342_p2244,no_fondo,no,no_aplica,recurso_extraordinario,no,no,inadmite,ART_280,0
342_p2251,no_revision_competencia,no,no_aplica,,no,no,sin_marcador,,0
342_p2256,no_revision_demanda,no,no_aplica,,no,no,no_aplica,,0
342_p2295,no_revision_competencia,no,no_aplica,,no,no,sin_marcador,,0
342_p2298,deja_sin_efecto,si,recurrente_gana,recurso_extraordinario,no,si,admite,,1
342_p2312,no_fondo,no,no_aplica,,no,no,inadmite,INADMISIBLE_SIN_CAUSAL_EXPLICITA,0
342_p2313,deja_sin_efecto,si,recurrente_gana,recurso_extraordinario,no,si,admite,,1
342_p2317,no_revision_procesal,no,no_aplica,,no,no,inadmite,RESOLUCION_NO_RECURRIBLE,0
342_p2319,deja_sin_efecto,no,recurrente_gana,recurso_extraordinario,si,si,admite,,0
342_p2344,revoca,no,recurrente_gana,recurso_extraordinario,no,si,admite,,1
342_p2362,deja_sin_efecto,si,recurrente_gana,recurso_extraordinario,no,si,admite,,1
342_p2389,deja_sin_efecto,no,recurrente_gana,recurso_extraordinario,no,si,admite,,1
342_p2399,no_revision_procesal,no,no_aplica,recurso_extraordinario,no,no,admite,,1
343_p1,deja_sin_efecto,si,recurrente_gana,recurso_extraordinario,no,si,admite,,1
343_p3,deja_sin_efecto,si,recurrente_gana,recurso_extraordinario,no,si,admite,,0
343_p15,no_fondo,no,no_aplica,recurso_extraordinario,no,no,inadmite,ART_280,1
343_p25,no_fondo,no,no_aplica,,no,no,inadmite,INADMISIBLE_SIN_CAUSAL_EXPLICITA,0
343_p26,no_fondo,no,no_aplica,recurso_extraordinario,no,no,inadmite,INADMISIBLE_SIN_CAUSAL_EXPLICITA,1
343_p28,no_fondo,no,no_aplica,recurso_extraordinario,no,no,admite,,0
343_p33,no_revision_procesal,no,no_aplica,,no,no,sin_marcador,,0
343_p35,deja_sin_efecto,no,recurrente_gana,,no,si,admite,,0
343_p37,no_revision_procesal,no,no_aplica,,no,no,sin_marcador,,0
343_p38,deja_sin_efecto,si,recurrente_gana,recurso_extraordinario,no,no,admite,,1
343_p42,deja_sin_efecto,si,recurrente_gana,recurso_extraordinario,no,si,admite,,1
343_p47,revoca,si,recurrente_gana,recurso_extraordinario,no,si,admite,,1
343_p52,deja_sin_efecto,si,recurrente_gana,recurso_extraordinario,no,si,admite,,1
343_p55,no_fondo,no,no_aplica,recurso_extraordinario,no,no,admite,,1
343_p60,deja_sin_efecto,si,recurrente_gana,recurso_extraordinario,no,si,admite,,1
343_p63,confirma,no,recurrente_pierde,,no,si,admite,,0
343_p80,deja_sin_efecto,no,recurrente_gana,recurso_extraordinario,si,no,admite,,0
343_p86,confirma,no,recurrente_pierde,,no,si,admite,,0
343_p103,deja_sin_efecto,si,recurrente_gana,recurso_extraordinario,no,si,admite,,1
343_p110,deja_sin_efecto,si,recurrente_gana,recurso_extraordinario,no,si,admite,,0
343_p113,revoca,no,recurrente_gana,recurso_extraordinario,no,si,admite,,0
343_p116,deja_sin_efecto,si,recurrente_gana,recurso_extraordinario,no,si,admite,,0
343_p119,deja_sin_efecto,no,recurrente_gana,recurso_extraordinario,no,si,admite,,1
343_p124,deja_sin_efecto,si,recurrente_gana,recurso_extraordinario,no,si,admite,,1
343_p128,deja_sin_efecto,no,recurrente_gana,recurso_extraordinario,no,si,admite,,1
343_p131,no_revision_procesal,no,no_aplica,recurso_extraordinario,no,no,inadmite,ART_280,1
343_p132,no_fondo,no,no_aplica,recurso_extraordinario,no,no,inadmite,INADMISIBLE_SIN_CAUSAL_EXPLICITA,1
343_p133,deja_sin_efecto,no,recurrente_gana,recurso_extraordinario,no,si,admite,,1
343_p139,no_fondo,no,no_aplica,recurso_extraordinario,no,no,inadmite,INADMISIBLE_SIN_CAUSAL_EXPLICITA,1
343_p140,revoca,no,recurrente_gana,recurso_extraordinario,no,si,admite,,0
343_p154,no_fondo,no,no_aplica,recurso_extraordinario,no,no,inadmite,ART_280,1
343_p156,deja_sin_efecto,si,recurrente_gana,recurso_extraordinario,no,si,admite,,1
343_p161,deja_sin_efecto,si,recurrente_gana,recurso_extraordinario,no,si,admite,,0
343_p166,no_fondo,no,no_aplica,,no,no,inadmite,INADMISIBLE_SIN_CAUSAL_EXPLICITA,0
343_p168,deja_sin_efecto,no,recurrente_gana,recurso_extraordinario,no,si,admite,,1
343_p181,no_revision_competencia,no,no_aplica,,no,no,sin_marcador,,0
343_p184,revoca,si,recurrente_gana,recurso_extraordinario,si,si,admite,,1
343_p193,no_fondo,no,no_aplica,,no,no,inadmite,CUESTION_ABSTRACTA,0
343_p195,no_fondo,no,no_aplica,recurso_extraordinario,no,no,sin_marcador,,0
343_p264,no_fondo,no,no_aplica,recurso_extraordinario,no,no,sin_marcador,,0
343_p283,no_fondo,no,no_aplica,recurso_extraordinario,no,no,no_aplica,,0
343_p300,no_fondo,no,no_aplica,,no,no,sin_marcador,,0
343_p305,no_fondo,no,no_aplica,,no,no,sin_marcador,,1
343_p319,no_fondo,no,no_aplica,,no,no,no_aplica,,0
343_p334,no_fondo,no,no_aplica,,no,no,sin_marcador,,0
343_p341,no_fondo,no,no_aplica,recurso_extraordinario,si,no,sin_marcador,,1
343_p345,no_fondo,no,no_aplica,recurso_extraordinario,no,no,sin_marcador,,1
343_p354,no_fondo,no,no_aplica,,no,no,sin_marcador,,0
343_p365,no_fondo,no,no_aplica,,no,no,sin_marcador,,1
343_p373,no_fondo,no,no_aplica,,no,no,sin_marcador,,0
343_p389,no_fondo,no,no_aplica,,no,no,sin_marcador,,0
343_p396,no_fondo,no,no_aplica,,no,no,sin_marcador,,0
343_p412,no_fondo,no,no_aplica,recurso_extraordinario,si,no,inadmite,ACORDADA_4_2007,1
343_p425,no_fondo,no,no_aplica,,no,no,sin_marcador,,0
343_p432,no_fondo,no,no_aplica,,no,no,sin_marcador,,0
343_p440,no_fondo,no,no_aplica,recurso_extraordinario,no,no,sin_marcador,,1
343_p463,no_fondo,no,no_aplica,,no,no,sin_marcador,,0
343_p473,no_fondo,no,no_aplica,,no,no,sin_marcador,,0
343_p476,no_fondo,no,no_aplica,recurso_extraordinario,no,no,sin_marcador,,0
343_p486,no_fondo,no,no_aplica,,no,no,sin_marcador,,0
343_p495,no_fondo,no,no_aplica,,no,no,sin_marcador,,0
343_p498,no_fondo,no,no_aplica,,no,no,sin_marcador,,0
343_p506,no_fondo,no,no_aplica,recurso_extraordinario,si,no,sin_marcador,,1
343_p519,no_fondo,no,no_aplica,recurso_extraordinario,no,no,sin_marcador,,1
343_p536,no_fondo,no,no_aplica,,no,no,sin_marcador,,1
343_p538,no_fondo,no,no_aplica,,no,no,sin_marcador,,1
343_p547,no_fondo,no,no_aplica,recurso_extraordinario,no,no,no_aplica,,0
343_p560,no_fondo,no,no_aplica,recurso_extraordinario,no,no,sin_marcador,,0
343_p576,no_fondo,no,no_aplica,recurso_extraordinario,no,no,sin_marcador,,1
343_p580,no_fondo,no,no_aplica,,no,no,sin_marcador,,0
343_p593,no_fondo,no,no_aplica,,no,no,sin_marcador,,0
343_p595,no_fondo,no,no_aplica,,no,no,sin_marcador,,0
343_p603,no_fondo,no,no_aplica,,no,no,sin_marcador,,0
343_p625,revoca,si,recurrente_gana,recurso_extraordinario,no,si,admite,,1
343_p637,confirma,no,recurrente_pierde,recurso_extraordinario,si,si,admite,,1
343_p646,deja_sin_efecto,no,recurrente_gana,recurso_extraordinario,no,si,admite,,0
343_p648,deja_sin_efecto,si,recurrente_gana,recurso_extraordinario,no,si,admite,,1
343_p656,no_fondo,no,no_aplica,,no,no,inadmite,INADMISIBLE_REMITE_DICTAMEN,1
343_p681,revoca,no,recurrente_gana,recurso_extraordinario,no,si,admite,,1
343_p702,confirma,no,recurrente_pierde,recurso_extraordinario,no,si,admite,,0
343_p711,no_fondo,no,no_aplica,,no,no,no_aplica,,0
343_p720,no_fondo,no,no_aplica,recurso_extraordinario,no,no,sin_marcador,,1
343_p723,revoca,no,recurrente_gana,recurso_extraordinario,no,si,admite,,1
343_p726,no_fondo,no,no_aplica,,no,no,sin_marcador,,0
343_p740,no_revision_competencia,no,no_aplica,,no,no,sin_marcador,,0
343_p748,no_revision_procesal,no,no_aplica,,no,no,sin_marcador,,0
343_p749,no_fondo,no,no_aplica,recurso_extraordinario,si,no,inadmite,ART_280,1
343_p763,confirma,no,recurrente_pierde,recurso_extraordinario,no,si,admite,,0
343_p767,confirma,no,recurrente_pierde,recurso_extraordinario,no,si,admite,,1
343_p795,no_fondo,no,no_aplica,recurso_extraordinario,no,no,admite,,1
343_p798,no_revision_competencia,no,no_aplica,,no,no,sin_marcador,,0
343_p803,deja_sin_efecto,si,recurrente_gana,recurso_extraordinario,no,si,admite,,1
343_p806,no_fondo,no,no_aplica,recurso_extraordinario,no,no,inadmite,ART_280,1
343_p815,no_revision_competencia,no,no_aplica,,no,no,sin_marcador,,0
343_p819,no_fondo,no,no_aplica,recurso_extraordinario,no,no,inadmite,ART_280,1
343_p827,revoca,no,recurrente_gana,recurso_extraordinario,no,si,admite,,1
343_p840,deja_sin_efecto,si,recurrente_gana,recurso_extraordinario,no,si,admite,,1
343_p845,deja_sin_efecto,si,recurrente_gana,recurso_extraordinario,no,si,admite,,1
343_p848,no_fondo,no,no_aplica,recurso_extraordinario,no,no,inadmite,ART_280,1
343_p867,deja_sin_efecto,si,recurrente_gana,recurso_extraordinario,no,si,admite,,0
343_p892,deja_sin_efecto,no,recurrente_gana,recurso_extraordinario,no,si,admite,,1
343_p897,deja_sin_efecto,si,recurrente_gana,recurso_extraordinario,no,si,admite,,1
343_p902,deja_sin_efecto,si,recurrente_gana,recurso_extraordinario,no,si,admite,,1
343_p908,revoca,no,recurrente_gana,recurso_extraordinario,no,si,admite,,1
343_p913,no_fondo,no,no_aplica,,no,no,inadmite,INADMISIBLE_REMITE_DICTAMEN,1
343_p919,no_revision_procesal,no,no_aplica,recurso_extraordinario,no,no,inadmite,INADMISIBLE_REMITE_DICTAMEN,0
343_p930,no_fondo,no,no_aplica,,no,no,no_aplica,,0
343_p938,revoca,si,recurrente_gana,recurso_extraordinario,no,si,admite,,1
343_p944,no_fondo,no,no_aplica,,no,no,sin_marcador,,0
343_p947,deja_sin_efecto,si,recurrente_gana,recurso_extraordinario,no,si,admite,,1
343_p951,deja_sin_efecto,no,recurrente_gana,recurso_extraordinario,no,si,admite,,1
343_p956,deja_sin_efecto,si,recurrente_gana,recurso_extraordinario,no,si,admite,,1
343_p961,deja_sin_efecto,no,recurrente_gana,recurso_extraordinario,no,si,admite,,1
343_p967,no_fondo,no,no_aplica,recurso_extraordinario,no,no,inadmite,CUESTION_ABSTRACTA,0
343_p970,revoca,no,recurrente_gana,,no,si,admite,,0
343_p987,no_fondo,no,no_aplica,,no,no,inadmite,INADMISIBLE_SIN_CAUSAL_EXPLICITA,1
343_p988,no_fondo,no,no_aplica,,no,no,inadmite,INADMISIBLE_SIN_CAUSAL_EXPLICITA,0
343_p990,deja_sin_efecto,si,recurrente_gana,recurso_extraordinario,no,si,admite,,0
343_p1019,deja_sin_efecto,no,recurrente_gana,recurso_extraordinario,no,no,admite,,0
343_p1023,no_fondo,no,no_aplica,,no,no,inadmite,INADMISIBLE_SIN_CAUSAL_EXPLICITA,1
343_p1024,deja_sin_efecto,si,recurrente_gana,recurso_extraordinario,no,si,admite,,0
343_p1031,deja_sin_efecto,si,recurrente_gana,recurso_extraordinario,no,si,admite,,1
343_p1037,deja_sin_efecto,no,recurrente_gana,recurso_extraordinario,no,si,admite,,1
343_p1075,confirma,no,recurrente_pierde,,no,si,admite,,0
343_p1086,no_revision_procesal,no,no_aplica,recurso_extraordinario,no,no,inadmite,INADMISIBLE_SIN_CAUSAL_EXPLICITA,1
343_p1096,no_fondo,no,no_aplica,recurso_extraordinario,si,no,admite,,0
343_p1109,deja_sin_efecto,no,recurrente_gana,recurso_extraordinario,si,si,admite,,0
343_p1121,revoca,si,recurrente_gana,recurso_extraordinario,no,si,admite,,0
343_p1123,no_fondo,no,no_aplica,,no,no,sin_marcador,,0
343_p1126,deja_sin_efecto,si,recurrente_gana,recurso_extraordinario,no,si,admite,,1
343_p1129,no_fondo,no,no_aplica,recurso_extraordinario,no,no,inadmite,ART_280,1
343_p1135,deja_sin_efecto,si,recurrente_gana,recurso_extraordinario,no,si,admite,,1
343_p1142,deja_sin_efecto,no,recurrente_gana,recurso_extraordinario,no,si,admite,,1
343_p1146,deja_sin_efecto,no,recurrente_gana,recurso_extraordinario,no,si,admite,,0
343_p1163,no_revision_competencia,no,no_aplica,,no,no,sin_marcador,,0
343_p1172,deja_sin_efecto,si,recurrente_gana,recurso_extraordinario,no,si,admite,,0
343_p1179,no_fondo,no,no_aplica,,no,no,inadmite,INADMISIBLE_SIN_CAUSAL_EXPLICITA,1
343_p1181,deja_sin_efecto,no,recurrente_gana,recurso_extraordinario,si,si,admite,,1
343_p1213,no_fondo,no,no_aplica,,no,no,no_aplica,,0
343_p1218,revoca,si,recurrente_gana,recurso_extraordinario,no,si,admite,,1
343_p1233,deja_sin_efecto,si,recurrente_gana,recurso_extraordinario,no,si,admite,,1
343_p1237,no_revision_procesal,no,no_aplica,,no,no,inadmite,INADMISIBLE_SIN_CAUSAL_EXPLICITA,1
343_p1239,revoca,si,recurrente_gana,recurso_extraordinario,no,si,admite,,1
343_p1246,no_fondo,no,no_aplica,recurso_extraordinario,no,no,inadmite,INADMISIBLE_SIN_CAUSAL_EXPLICITA,0
343_p1247,deja_sin_efecto,si,recurrente_gana,recurso_extraordinario,no,si,admite,,1
343_p1254,no_revision_procesal,no,no_aplica,,no,no,inadmite,CADUCIDAD_INSTANCIA,0
343_p1259,no_revision_demanda,no,no_aplica,recurso_extraordinario,no,no,inadmite,INADMISIBLE_SIN_CAUSAL_EXPLICITA,0
343_p1277,no_fondo,no,no_aplica,,no,no,inadmite,INADMISIBLE_REMITE_DICTAMEN,1
343_p1281,deja_sin_efecto,si,recurrente_gana,recurso_extraordinario,no,si,admite,,1
343_p1307,confirma,no,recurrente_pierde,,no,si,admite,,0
343_p1319,no_fondo,no,no_aplica,recurso_extraordinario,no,no,no_aplica,,0
343_p1332,no_fondo,no,no_aplica,recurso_extraordinario,no,no,sin_marcador,,0
343_p1337,revoca,no,recurrente_gana,recurso_extraordinario,no,si,admite,,1
343_p1352,no_fondo,no,no_aplica,recurso_extraordinario,no,no,inadmite,ART_280,1
343_p1354,deja_sin_efecto,si,recurrente_gana,recurso_extraordinario,no,si,admite,,1
343_p1362,revoca,no,recurrente_gana,recurso_extraordinario,no,si,admite,,1
343_p1386,no_revision_procesal,no,no_aplica,,no,no,inadmite,INADMISIBLE_SIN_CAUSAL_EXPLICITA,0
343_p1388,no_fondo,no,no_aplica,recurso_extraordinario,no,no,inadmite,FUERA_DE_TERMINO,1
343_p1389,deja_sin_efecto,no,recurrente_gana,recurso_extraordinario,no,si,admite,,1
343_p1402,deja_sin_efecto,si,recurrente_gana,recurso_extraordinario,no,si,admite,,1
343_p1406,deja_sin_efecto,si,recurrente_gana,recurso_extraordinario,no,si,admite,,1
343_p1411,deja_sin_efecto,si,recurrente_gana,recurso_extraordinario,no,si,admite,,1
343_p1416,revoca,si,recurrente_gana,recurso_extraordinario,no,si,admite,,1
343_p1421,no_fondo,no,no_aplica,,no,no,sin_marcador,,0
343_p1434,revoca,si,recurrente_gana,recurso_extraordinario,no,si,admite,,0
343_p1444,no_fondo,no,no_aplica,recurso_extraordinario,no,no,inadmite,ACORDADA_4_2007,1
343_p1447,deja_sin_efecto,si,recurrente_gana,recurso_extraordinario,no,si,admite,,1
343_p1457,revoca,no,recurrente_gana,recurso_extraordinario,no,si,admite,,0
343_p1591,no_fondo,no,no_aplica,recurso_extraordinario,no,no,inadmite,INADMISIBLE_REMITE_DICTAMEN,0
343_p1599,no_revision_competencia,no,no_aplica,,no,no,sin_marcador,,0
343_p1605,revoca,no,recurrente_gana,recurso_extraordinario,no,si,admite,,1
343_p1611,no_fondo,no,no_aplica,,no,no,sin_marcador,,0
343_p1613,no_fondo,no,no_aplica,recurso_extraordinario,si,no,admite,,0
343_p1617,deja_sin_efecto,si,recurrente_gana,recurso_extraordinario,no,si,admite,,1
343_p1620,deja_sin_efecto,si,recurrente_gana,recurso_extraordinario,no,si,admite,,1
343_p1624,revoca,no,recurrente_gana,recurso_extraordinario,no,si,admite,,0
343_p1646,confirma,no,recurrente_pierde,recurso_extraordinario,no,si,admite,,0
343_p1657,deja_sin_efecto,si,recurrente_gana,recurso_extraordinario,no,si,admite,,0
343_p1663,confirma,no,recurrente_pierde,recurso_extraordinario,no,si,admite,,0
343_p1673,deja_sin_efecto,si,recurrente_gana,recurso_extraordinario,no,si,admite,,1
343_p1679,deja_sin_efecto,si,recurrente_gana,recurso_extraordinario,no,si,admite,,1
343_p1684,deja_sin_efecto,si,recurrente_gana,recurso_extraordinario,no,si,admite,,1
343_p1688,revoca,si,recurrente_gana,recurso_extraordinario,no,si,admite,,1
343_p1701,no_fondo,no,no_aplica,,no,no,no_aplica,,0
343_p1704,no_fondo,no,no_aplica,,no,no,no_aplica,,0
343_p1718,deja_sin_efecto,no,recurrente_gana,recurso_extraordinario,no,no,admite,,1
343_p1724,no_fondo,no,no_aplica,recurso_extraordinario,no,no,inadmite,INADMISIBLE_REMITE_DICTAMEN,1
343_p1732,deja_sin_efecto,si,recurrente_gana,recurso_extraordinario,no,si,admite,,1
343_p1738,confirma,no,recurrente_pierde,recurso_ordinario,no,si,admite,,0
343_p1750,nulidad,no,recurrente_gana,recurso_extraordinario,si,si,admite,,0
343_p1752,revoca,no,recurrente_gana,recurso_extraordinario,no,si,admite,,0
343_p1758,deja_sin_efecto,si,recurrente_gana,recurso_extraordinario,no,si,admite,,1
343_p1762,revoca,no,recurrente_gana,recurso_extraordinario,no,si,admite,,1
343_p1772,deja_sin_efecto,si,recurrente_gana,recurso_extraordinario,no,si,admite,,1
343_p1784,deja_sin_efecto,si,recurrente_gana,recurso_extraordinario,no,si,admite,,1
343_p1791,deja_sin_efecto,si,recurrente_gana,recurso_extraordinario,no,si,admite,,1
343_p1794,revoca,si,recurrente_gana,recurso_extraordinario,no,si,admite,,1
343_p1800,deja_sin_efecto,si,recurrente_gana,recurso_extraordinario,no,si,admite,,1
343_p1805,no_fondo,no,no_aplica,recurso_extraordinario,no,no,inadmite,ART_280,1
343_p1823,no_fondo,no,no_aplica,,no,no,inadmite,INADMISIBLE_SIN_CAUSAL_EXPLICITA,0
343_p1827,deja_sin_efecto,si,recurrente_gana,recurso_extraordinario,si,si,admite,,1
343_p1836,no_fondo,no,no_aplica,,no,no,no_aplica,,0
343_p1841,revoca,no,recurrente_gana,recurso_extraordinario,no,si,admite,,0
343_p1853,no_fondo,no,no_aplica,recurso_extraordinario,no,no,inadmite,ART_280,1
343_p1854,deja_sin_efecto,si,recurrente_gana,recurso_extraordinario,no,si,admite,,1
343_p1859,deja_sin_efecto,no,recurrente_gana,recurso_extraordinario,no,si,admite,,1
343_p1869,deja_sin_efecto,si,recurrente_gana,recurso_extraordinario,no,si,admite,,1
343_p1871,no_fondo,no,no_aplica,recurso_extraordinario,no,no,inadmite,CUESTION_ABSTRACTA,1
343_p1894,confirma,no,recurrente_pierde,recurso_extraordinario,no,si,admite,,1
343_p1910,deja_sin_efecto,no,recurrente_gana,recurso_extraordinario,no,si,admite,,0
343_p1914,no_fondo,no,no_aplica,recurso_extraordinario,no,no,inadmite,INADMISIBLE_SIN_CAUSAL_EXPLICITA,0
343_p1923,no_revision_competencia,no,no_aplica,,no,no,sin_marcador,,0
343_p1929,no_revision_procesal,no,no_aplica,recurso_extraordinario,no,no,inadmite,INADMISIBLE_SIN_CAUSAL_EXPLICITA,0
343_p1932,confirma,no,recurrente_pierde,,no,si,admite,,0
343_p1944,no_revision_demanda,no,no_aplica,,no,no,no_aplica,,0
343_p1987,no_revision_competencia,no,no_aplica,,no,no,sin_marcador,,1
343_p2006,nulidad,no,recurrente_gana,recurso_extraordinario,si,si,admite,,0
343_p2011,deja_sin_efecto,no,recurrente_gana,recurso_extraordinario,no,si,admite,,1
343_p2019,confirma,no,recurrente_pierde,recurso_extraordinario,no,si,admite,,1
343_p2039,no_revision_demanda,no,no_aplica,,no,no,no_aplica,,0
343_p2067,no_fondo,no,no_aplica,,no,no,no_aplica,,0
343_p2080,no_fondo,no,no_aplica,,no,no,no_aplica,,0
343_p2087,no_fondo,no,no_aplica,recurso_extraordinario,no,no,no_aplica,,0
343_p2095,no_fondo,no,no_aplica,recurso_extraordinario,no,no,inadmite,ACORDADA_4_2007,0
343_p2098,nulidad,no,recurrente_gana,recurso_extraordinario,no,si,admite,,0
343_p2122,deja_sin_efecto,si,recurrente_gana,recurso_extraordinario,no,si,admite,,1
343_p2135,deja_sin_efecto,no,recurrente_gana,recurso_extraordinario,no,si,admite,,1
343_p2145,deja_sin_efecto,no,recurrente_gana,recurso_extraordinario,no,si,admite,,1
343_p2151,revoca,no,recurrente_gana,recurso_extraordinario,no,si,admite,,1
343_p2158,confirma,no,recurrente_pierde,recurso_extraordinario,no,si,admite,,1
343_p2161,confirma,no,recurrente_pierde,,no,si,admite,,0
343_p2176,deja_sin_efecto,si,recurrente_gana,recurso_extraordinario,no,si,admite,,0
343_p2181,no_fondo,no,no_aplica,recurso_extraordinario,no,no,sin_marcador,,0
343_p2184,revoca,si,recurrente_gana,recurso_extraordinario,no,si,admite,,1
343_p2211,revoca,no,recurrente_gana,recurso_extraordinario,no,si,admite,,0
343_p2243,deja_sin_efecto,si,recurrente_gana,recurso_extraordinario,no,si,admite,,1
343_p2255,deja_sin_efecto,no,recurrente_gana,recurso_extraordinario,no,si,admite,,1
343_p2271,no_fondo,no,no_aplica,recurso_extraordinario,no,no,no_aplica,,0
343_p2280,deja_sin_efecto,si,recurrente_gana,recurso_extraordinario,no,si,inadmite,INADMISIBLE_SIN_CAUSAL_EXPLICITA,1
344_p1,nulidad,no,recurrente_gana,recurso_extraordinario,si,si,admite,,0
344_p4,no_fondo,no,no_aplica,,no,no,inadmite,INADMISIBLE_SIN_CAUSAL_EXPLICITA,1
344_p5,revoca,si,recurrente_gana,recurso_extraordinario,no,si,admite,,1
344_p21,no_fondo,no,no_aplica,,no,no,sin_marcador,,0
344_p48,no_fondo,no,no_aplica,,no,no,sin_marcador,,0
344_p57,deja_sin_efecto,no,recurrente_gana,recurso_extraordinario,no,si,admite,,1
344_p62,nulidad,no,recurrente_gana,recurso_extraordinario,no,si,admite,,1
344_p66,revoca,no,recurrente_gana,recurso_ordinario,no,si,admite,,0
344_p81,no_fondo,no,no_aplica,recurso_extraordinario,no,no,inadmite,INADMISIBLE_SIN_CAUSAL_EXPLICITA,1
344_p102,revoca,si,recurrente_gana,recurso_extraordinario,no,si,admite,,1
344_p116,revoca,si,recurrente_gana,recurso_extraordinario,no,si,admite,,1
344_p126,no_fondo,no,no_aplica,recurso_extraordinario,no,no,sin_marcador,,0
344_p140,revoca,si,recurrente_gana,recurso_extraordinario,no,si,admite,,1
344_p159,no_fondo,no,no_aplica,recurso_extraordinario,no,no,sin_marcador,,1
344_p161,no_fondo,no,no_aplica,recurso_extraordinario,no,no,inadmite,INADMISIBLE_SIN_CAUSAL_EXPLICITA,0
344_p163,nulidad,no,recurrente_gana,recurso_extraordinario,no,si,admite,,1
344_p169,no_fondo,no,no_aplica,,no,no,no_aplica,,0
344_p174,no_revision_procesal,no,no_aplica,,no,no,no_aplica,,0
344_p215,revoca,no,recurrente_gana,recurso_extraordinario,no,no,admite,,0
344_p220,deja_sin_efecto,no,recurrente_gana,recurso_extraordinario,no,si,admite,,0
344_p223,confirma,no,recurrente_pierde,recurso_extraordinario,no,si,admite,,0
344_p233,confirma,no,recurrente_pierde,recurso_extraordinario,no,si,admite,,1
344_p244,no_fondo,no,no_aplica,,no,no,inadmite,INADMISIBLE_REMITE_DICTAMEN,1
344_p249,no_fondo,no,no_aplica,recurso_extraordinario,no,no,inadmite,FUERA_DE_TERMINO,1
344_p251,no_revision_demanda,no,no_aplica,,no,no,no_aplica,,0
344_p274,no_fondo,no,no_aplica,recurso_extraordinario,no,no,sin_marcador,,0
344_p277,no_revision_demanda,no,no_aplica,recurso_extraordinario,no,no,admite,,1
344_p303,deja_sin_efecto,si,recurrente_gana,recurso_extraordinario,no,si,admite,,1
344_p307,deja_sin_efecto,si,recurrente_gana,recurso_extraordinario,no,si,admite,,0
344_p316,no_fondo,no,no_aplica,,no,no,no_aplica,,0
344_p325,no_fondo,no,no_aplica,,no,no,sin_marcador,,0
344_p329,deja_sin_efecto,si,recurrente_gana,recurso_extraordinario,no,si,admite,,0
344_p336,no_revision_competencia,no,no_aplica,,no,no,sin_marcador,,0
344_p344,confirma,no,recurrente_pierde,recurso_extraordinario,no,si,admite,,0
344_p355,no_fondo,no,no_aplica,,no,no,no_aplica,,0
344_p362,confirma,no,recurrente_pierde,recurso_extraordinario,no,si,admite,,1
344_p373,no_fondo,no,no_aplica,,no,no,no_aplica,,0
344_p378,revoca,no,recurrente_gana,recurso_extraordinario,no,si,admite,,0
344_p386,no_fondo,no,no_aplica,,no,no,sin_marcador,,0
344_p391,deja_sin_efecto,si,recurrente_gana,recurso_extraordinario,no,si,admite,,1
344_p402,deja_sin_efecto,si,recurrente_gana,recurso_extraordinario,no,si,admite,,1
344_p406,deja_sin_efecto,no,recurrente_gana,recurso_extraordinario,no,si,admite,,1
344_p409,no_fondo,no,no_aplica,,no,no,no_aplica,,0
344_p421,confirma,no,recurrente_pierde,recurso_extraordinario,no,si,admite,,0
344_p431,confirma,no,recurrente_pierde,recurso_extraordinario,no,si,admite,,0
344_p441,revoca,no,recurrente_gana,recurso_extraordinario,no,si,admite,,0
344_p494,no_fondo,no,no_aplica,,no,no,sin_marcador,,0
344_p507,no_fondo,no,no_aplica,,no,no,no_aplica,,0
344_p527,deja_sin_efecto,si,recurrente_gana,recurso_extraordinario,no,si,admite,,1
344_p535,deja_sin_efecto,no,recurrente_gana,recurso_extraordinario,no,si,admite,,1
344_p545,no_fondo,no,no_aplica,,no,no,inadmite,INADMISIBLE_REMITE_DICTAMEN,1
344_p551,deja_sin_efecto,no,recurrente_gana,recurso_extraordinario,no,si,admite,,1
344_p564,no_fondo,no,no_aplica,recurso_extraordinario,no,no,inadmite,INADMISIBLE_SIN_CAUSAL_EXPLICITA,1
344_p566,deja_sin_efecto,si,recurrente_gana,recurso_extraordinario,no,si,admite,,1
344_p572,no_fondo,no,no_aplica,,no,no,inadmite,INADMISIBLE_SIN_CAUSAL_EXPLICITA,1
344_p575,revoca,no,recurrente_gana,recurso_extraordinario,no,si,admite,,1
344_p603,no_fondo,no,no_aplica,,no,no,no_aplica,,0
344_p645,revoca,no,recurrente_gana,recurso_extraordinario,no,si,admite,,1
344_p653,no_fondo,no,no_aplica,,no,no,no_aplica,,0
344_p660,no_revision_procesal,no,no_aplica,,no,no,no_aplica,,0
344_p666,no_fondo,no,no_aplica,recurso_extraordinario,no,no,inadmite,INADMISIBLE_SIN_CAUSAL_EXPLICITA,1
344_p668,no_fondo,no,no_aplica,,no,no,no_aplica,,0
344_p672,revoca,no,recurrente_gana,recurso_extraordinario,no,si,admite,,0
344_p675,confirma,no,recurrente_pierde,recurso_extraordinario,no,si,admite,,0
344_p684,no_revision_competencia,no,no_aplica,,no,no,sin_marcador,,0
344_p689,no_fondo,no,no_aplica,recurso_extraordinario,no,no,sin_marcador,,0
344_p692,revoca,no,recurrente_gana,recurso_extraordinario,no,si,admite,,1
344_p698,no_fondo,no,no_aplica,recurso_extraordinario,no,no,inadmite,CUESTION_ABSTRACTA,1
344_p701,deja_sin_efecto,si,recurrente_gana,recurso_extraordinario,no,si,admite,,1
344_p709,no_fondo,no,no_aplica,,no,no,inadmite,INADMISIBLE_SIN_CAUSAL_EXPLICITA,1
344_p711,deja_sin_efecto,no,recurrente_gana,recurso_extraordinario,no,si,admite,,1
344_p721,deja_sin_efecto,si,recurrente_gana,recurso_extraordinario,no,si,admite,,1
344_p724,revoca,no,recurrente_gana,recurso_extraordinario,no,si,admite,,1
344_p731,deja_sin_efecto,si,recurrente_gana,recurso_extraordinario,no,si,admite,,1
344_p741,deja_sin_efecto,no,recurrente_gana,recurso_extraordinario,no,si,admite,,1
344_p750,confirma,no,recurrente_pierde,recurso_extraordinario,no,si,admite,,1
344_p757,no_fondo,no,no_aplica,,no,no,sin_marcador,,0
344_p759,deja_sin_efecto,si,recurrente_gana,recurso_extraordinario,no,si,admite,,0
344_p769,no_revision_competencia,no,no_aplica,,no,no,sin_marcador,,0
344_p776,no_fondo,no,no_aplica,,no,no,sin_marcador,,0
344_p782,no_fondo,no,no_aplica,recurso_extraordinario,no,no,inadmite,ART_280,1
344_p791,deja_sin_efecto,si,recurrente_gana,recurso_extraordinario,no,si,admite,,1
344_p802,confirma,no,recurrente_pierde,recurso_extraordinario,no,si,admite,,1
344_p807,no_revision_procesal,no,no_aplica,,no,no,inadmite,INADMISIBLE_SIN_CAUSAL_EXPLICITA,1
344_p809,no_revision_demanda,no,no_aplica,recurso_extraordinario,no,no,no_aplica,,0
344_p936,no_revision_demanda,no,no_aplica,,no,no,no_aplica,,0
344_p980,no_fondo,no,no_aplica,recurso_extraordinario,no,no,inadmite,INADMISIBLE_SIN_CAUSAL_EXPLICITA,1
344_p983,deja_sin_efecto,no,recurrente_gana,recurso_extraordinario,no,si,admite,,0
344_p990,nulidad_concesion,no,no_aplica,recurso_extraordinario,si,no,sin_marcador,,0
344_p997,no_fondo,no,no_aplica,recurso_extraordinario,no,no,sin_marcador,,0
344_p1002,deja_sin_efecto,no,recurrente_gana,recurso_extraordinario,no,si,admite,,1
344_p1006,no_fondo,no,no_aplica,recurso_extraordinario,no,no,inadmite,ART_280,1
344_p1010,deja_sin_efecto,si,recurrente_gana,recurso_extraordinario,no,si,admite,,1
344_p1013,revoca,si,recurrente_gana,recurso_extraordinario,no,si,admite,,0
344_p1030,deja_sin_efecto,no,recurrente_gana,recurso_extraordinario,no,si,admite,,0
344_p1033,no_fondo,no,no_aplica,,no,no,no_aplica,,0
344_p1042,no_fondo,no,no_aplica,,no,no,inadmite,INADMISIBLE_SIN_CAUSAL_EXPLICITA,1
344_p1043,no_fondo,no,no_aplica,,no,no,sin_marcador,,0
344_p1047,no_revision_procesal,no,no_aplica,,no,no,inadmite,INADMISIBLE_SIN_CAUSAL_EXPLICITA,1
344_p1049,no_revision_procesal,no,no_aplica,,no,no,inadmite,INADMISIBLE_SIN_CAUSAL_EXPLICITA,0
344_p1050,no_fondo,no,no_aplica,,no,no,inadmite,INADMISIBLE_SIN_CAUSAL_EXPLICITA,0
344_p1051,revoca,no,recurrente_gana,recurso_extraordinario,no,si,admite,,1
344_p1062,deja_sin_efecto,no,recurrente_gana,recurso_extraordinario,no,si,admite,,1
344_p1070,no_fondo,no,no_aplica,,no,no,inadmite,INADMISIBLE_REMITE_DICTAMEN,1
344_p1082,no_fondo,no,no_aplica,,no,no,admite,,0
344_p1102,no_fondo,no,no_aplica,recurso_extraordinario,no,no,inadmite,INADMISIBLE_REMITE_DICTAMEN,1
344_p1137,no_fondo,no,no_aplica,,no,no,no_aplica,,0
344_p1142,deja_sin_efecto,si,recurrente_gana,recurso_extraordinario,no,si,admite,,1
344_p1146,deja_sin_efecto,no,recurrente_gana,recurso_extraordinario,no,si,admite,,0
344_p1149,no_fondo,no,no_aplica,recurso_extraordinario,no,no,inadmite,CUESTION_ABSTRACTA,1
344_p1151,revoca,no,recurrente_gana,recurso_extraordinario,no,si,admite,,1
344_p1211,no_fondo,no,no_aplica,,no,no,sin_marcador,,0
344_p1219,deja_sin_efecto,si,recurrente_gana,recurso_extraordinario,no,si,admite,,1
344_p1230,no_fondo,no,no_aplica,,no,no,inadmite,CUESTION_ABSTRACTA,0
344_p1232,no_fondo,no,no_aplica,,no,no,no_aplica,,0
344_p1235,no_fondo,no,no_aplica,,no,no,no_aplica,,0
344_p1245,no_fondo,no,no_aplica,,no,no,no_aplica,,0
344_p1252,no_fondo,no,no_aplica,,no,no,sin_marcador,,0
344_p1253,no_revision_competencia,no,no_aplica,,no,no,sin_marcador,,0
344_p1259,nulidad,no,recurrente_gana,,no,si,admite,,0
344_p1260,no_fondo,no,no_aplica,,no,no,inadmite,CUESTION_ABSTRACTA,0
344_p1266,deja_sin_efecto,no,recurrente_gana,recurso_extraordinario,no,si,admite,,0
344_p1270,no_fondo,no,no_aplica,recurso_extraordinario,si,no,inadmite,INADMISIBLE_SIN_CAUSAL_EXPLICITA,1
344_p1283,revoca,no,recurrente_gana,recurso_extraordinario,no,si,admite,,1
344_p1288,no_fondo,no,no_aplica,,no,no,inadmite,INADMISIBLE_REMITE_DICTAMEN,1
344_p1291,deja_sin_efecto,si,recurrente_gana,recurso_extraordinario,no,si,admite,,1
344_p1308,deja_sin_efecto,si,recurrente_gana,recurso_extraordinario,no,si,admite,,1
344_p1315,deja_sin_efecto,si,recurrente_gana,recurso_extraordinario,no,si,admite,,1
344_p1318,deja_sin_efecto,no,recurrente_gana,recurso_extraordinario,no,si,admite,,1
344_p1335,no_fondo,no,no_aplica,,no,no,inadmite,DESISTIMIENTO,1
344_p1336,revoca,si,recurrente_gana,recurso_extraordinario,no,si,admite,,1
344_p1353,no_fondo,no,no_aplica,,no,no,sin_marcador,,0
344_p1357,no_fondo,no,no_aplica,recurso_extraordinario,no,no,inadmite,ART_280,1
344_p1360,no_fondo,no,no_aplica,recurso_extraordinario,no,no,inadmite,CUESTION_ABSTRACTA,0
344_p1362,confirma,no,recurrente_pierde,,no,si,admite,,0
344_p1374,confirma,no,recurrente_pierde,recurso_extraordinario,no,si,admite,,0
344_p1388,confirma,no,recurrente_pierde,recurso_extraordinario,no,si,admite,,0
344_p1411,revoca,si,recurrente_gana,recurso_extraordinario,no,si,admite,,0
344_p1435,nulidad,si,recurrente_gana,recurso_extraordinario,no,si,admite,,0
344_p1438,no_revision_competencia,no,no_aplica,,no,no,sin_marcador,,0
344_p1442,no_fondo,no,no_aplica,,no,no,inadmite,RESOLUCION_NO_RECURRIBLE,0
344_p1444,deja_sin_efecto,no,recurrente_gana,recurso_extraordinario,no,si,admite,,1
344_p1451,no_revision_competencia,no,no_aplica,,no,no,sin_marcador,,0
344_p1458,deja_sin_efecto,no,recurrente_gana,recurso_extraordinario,no,si,admite,,0
344_p1464,revoca,no,recurrente_gana,recurso_ordinario,si,si,admite,,0
344_p1481,no_fondo,no,no_aplica,recurso_extraordinario,si,no,inadmite,CUESTION_ABSTRACTA,0
344_p1497,no_fondo,no,no_aplica,recurso_extraordinario,si,no,inadmite,ART_280,1
344_p1499,deja_sin_efecto,si,recurrente_gana,recurso_extraordinario,no,si,admite,,1
344_p1507,no_fondo,no,no_aplica,recurso_extraordinario,no,no,inadmite,ACORDADA_4_2007,0
344_p1509,revoca,si,recurrente_gana,recurso_extraordinario,no,si,admite,,0
344_p1535,revoca,si,recurrente_gana,recurso_extraordinario,no,si,admite,,1
344_p1539,confirma,no,recurrente_pierde,recurso_extraordinario,no,si,admite,,1
344_p1557,confirma,no,recurrente_pierde,recurso_extraordinario,no,si,admite,,1
344_p1635,confirma,no,recurrente_pierde,recurso_extraordinario,no,si,admite,,0
344_p1642,no_revision_competencia,no,no_aplica,,no,no,sin_marcador,,0
344_p1657,deja_sin_efecto,si,recurrente_gana,recurso_extraordinario,no,si,admite,,1
344_p1675,deja_sin_efecto,si,recurrente_gana,recurso_extraordinario,no,si,admite,,1
344_p1685,revoca,no,recurrente_gana,recurso_extraordinario,no,si,admite,,1
344_p1695,deja_sin_efecto,no,recurrente_gana,recurso_extraordinario,no,si,admite,,1
344_p1701,no_fondo,no,no_aplica,,no,no,sin_marcador,,0
344_p1703,no_fondo,no,no_aplica,recurso_extraordinario,no,no,inadmite,INADMISIBLE_SIN_CAUSAL_EXPLICITA,1
344_p1711,deja_sin_efecto,no,recurrente_gana,recurso_extraordinario,no,si,admite,,1
344_p1716,deja_sin_efecto,no,recurrente_gana,recurso_extraordinario,si,si,admite,,1
344_p1744,deja_sin_efecto,no,recurrente_gana,recurso_extraordinario,no,si,admite,,1
344_p1757,no_fondo,no,no_aplica,recurso_extraordinario,si,no,inadmite,ART_280,1
344_p1763,no_fondo,no,no_aplica,,no,no,no_aplica,,0
344_p1769,revoca,no,recurrente_gana,recurso_extraordinario,no,si,admite,,1
344_p1783,no_fondo,no,no_aplica,recurso_extraordinario,no,no,inadmite,ACORDADA_4_2007,0
344_p1785,no_fondo,no,no_aplica,recurso_extraordinario,no,no,inadmite,FUERA_DE_TERMINO,1
344_p1788,revoca,no,recurrente_gana,recurso_extraordinario,no,si,admite,,0
344_p1810,revoca,no,recurrente_gana,recurso_extraordinario,si,si,admite,,0
344_p1828,no_revision_competencia,no,no_aplica,,no,no,sin_marcador,,0
344_p1831,no_fondo,no,no_aplica,,no,no,sin_marcador,,0
344_p1835,deja_sin_efecto,si,recurrente_gana,recurso_extraordinario,no,si,admite,,1
344_p1843,no_fondo,no,no_aplica,,no,no,inadmite,CUESTION_ABSTRACTA,0
344_p1845,no_fondo,no,no_aplica,recurso_extraordinario,no,no,no_aplica,,0
344_p1857,deja_sin_efecto,no,recurrente_gana,recurso_extraordinario,si,si,admite,,0
344_p1887,revoca,si,recurrente_gana,recurso_extraordinario,no,si,admite,,1
344_p1896,deja_sin_efecto,si,recurrente_gana,recurso_extraordinario,no,si,admite,,1
344_p1899,deja_sin_efecto,si,recurrente_gana,recurso_extraordinario,no,si,admite,,1
344_p1902,no_fondo,no,no_aplica,recurso_extraordinario,no,no,inadmite,FALTA_SENTENCIA_DEFINITIVA,1
344_p1904,deja_sin_efecto,no,recurrente_gana,recurso_extraordinario,no,si,inadmite,FALTA_SENTENCIA_DEFINITIVA,1
344_p1906,deja_sin_efecto,si,recurrente_gana,recurso_extraordinario,no,si,admite,,1
344_p1911,revoca,no,recurrente_gana,recurso_extraordinario,no,si,admite,,1
344_p1915,deja_sin_efecto,si,recurrente_gana,recurso_extraordinario,no,si,admite,,1
344_p1920,no_revision_procesal,no,no_aplica,,no,no,no_aplica,,0
344_p1928,no_fondo,no,no_aplica,,no,no,no_aplica,,0
344_p1930,revoca,si,recurrente_gana,recurso_extraordinario,no,si,admite,,1
344_p1936,no_fondo,no,no_aplica,recurso_extraordinario,no,no,inadmite,INADMISIBLE_SIN_CAUSAL_EXPLICITA,1
344_p1952,revoca,no,recurrente_gana,recurso_extraordinario,no,si,admite,,0
344_p2002,revoca,no,recurrente_gana,recurso_extraordinario,si,si,admite,,1
344_p2011,no_fondo,no,no_aplica,recurso_extraordinario,no,no,inadmite,ART_280,1
344_p2015,no_fondo,no,no_aplica,recurso_extraordinario,no,no,inadmite,INADMISIBLE_SIN_CAUSAL_EXPLICITA,1
344_p2020,no_fondo,no,no_aplica,,no,no,inadmite,CUESTION_ABSTRACTA,0
344_p2023,no_fondo,no,no_aplica,,no,no,inadmite,INADMISIBLE_REMITE_DICTAMEN,1
344_p2026,revoca,si,recurrente_gana,recurso_extraordinario,no,si,admite,,1
344_p2029,no_fondo,no,no_aplica,recurso_extraordinario,no,no,inadmite,ART_280,1
344_p2057,deja_sin_efecto,si,recurrente_gana,recurso_extraordinario,no,si,admite,,1
344_p2062,confirma,no,recurrente_pierde,,no,si,admite,,0
344_p2080,no_revision_competencia,no,no_aplica,,no,no,sin_marcador,,0
344_p2086,no_revision_procesal,no,no_aplica,,no,no,no_aplica,,0
344_p2098,no_fondo,no,no_aplica,,no,no,sin_marcador,,0
344_p2104,no_revision_competencia,no,no_aplica,,no,no,sin_marcador,,0
344_p2109,no_revision_competencia,no,no_aplica,,no,no,sin_marcador,,0
344_p2113,no_fondo,no,no_aplica,recurso_extraordinario,no,no,inadmite,ART_280,1
344_p2115,no_fondo,no,no_aplica,,no,no,sin_marcador,,0
344_p2123,confirma,no,recurrente_pierde,recurso_extraordinario,no,si,admite,,1
344_p2172,deja_sin_efecto,si,recurrente_gana,recurso_extraordinario,no,si,admite,,1
344_p2175,confirma,no,recurrente_pierde,recurso_extraordinario,no,si,admite,,1
344_p2251,deja_sin_efecto,si,recurrente_gana,recurso_extraordinario,no,si,admite,,1
344_p2256,revoca,si,recurrente_gana,recurso_extraordinario,no,si,admite,,1
344_p2307,no_fondo,no,no_aplica,recurso_extraordinario,no,no,sin_marcador,,1
344_p2339,confirma,no,recurrente_pierde,recurso_extraordinario,no,si,admite,,0
344_p2383,no_fondo,no,no_aplica,,no,no,inadmite,INADMISIBLE_SIN_CAUSAL_EXPLICITA,0
344_p2384,no_revision_competencia,no,no_aplica,,no,no,sin_marcador,,0
344_p2393,deja_sin_efecto,si,recurrente_gana,recurso_extraordinario,si,si,admite,,1
344_p2402,no_fondo,no,no_aplica,,no,no,inadmite,INADMISIBLE_SIN_CAUSAL_EXPLICITA,1
344_p2404,deja_sin_efecto,si,recurrente_gana,recurso_extraordinario,si,si,admite,,1
344_p2409,no_revision_procesal,no,no_aplica,recurso_extraordinario,no,no,inadmite,ART_280,1
344_p2428,no_revision_procesal,si,no_aplica,recurso_extraordinario,no,no,admite,,1
344_p2430,revoca,no,recurrente_gana,recurso_extraordinario,no,si,inadmite,INADMISIBLE_REMITE_DICTAMEN,1
344_p2441,no_fondo,no,no_aplica,recurso_extraordinario,no,no,inadmite,INADMISIBLE_SIN_CAUSAL_EXPLICITA,1
344_p2459,deja_sin_efecto,si,recurrente_gana,recurso_extraordinario,no,si,admite,,0
344_p2465,no_fondo,no,no_aplica,recurso_extraordinario,no,no,no_aplica,,0
344_p2469,no_fondo,no,no_aplica,recurso_extraordinario,si,no,sin_marcador,,0
344_p2471,no_fondo,no,no_aplica,recurso_extraordinario,si,no,admite,,1
344_p2482,no_revision_competencia,no,no_aplica,,no,no,sin_marcador,,0
344_p2488,revoca,si,recurrente_gana,recurso_extraordinario,no,si,admite,,1
344_p2500,revoca,no,recurrente_gana,recurso_extraordinario,no,si,admite,,0
344_p2507,no_revision_competencia,no,no_aplica,,no,no,sin_marcador,,0
344_p2513,no_fondo,no,no_aplica,recurso_extraordinario,no,no,sin_marcador,,0
344_p2543,deja_sin_efecto,no,recurrente_gana,recurso_extraordinario,no,no,admite,,1
344_p2559,no_fondo,no,no_aplica,,no,no,sin_marcador,,1
344_p2573,no_fondo,no,no_aplica,recurso_extraordinario,no,no,inadmite,INADMISIBLE_SIN_CAUSAL_EXPLICITA,1
344_p2581,revoca,no,recurrente_gana,recurso_extraordinario,no,si,admite,,1
344_p2591,confirma,no,recurrente_pierde,recurso_extraordinario,no,si,admite,,0
344_p2601,no_fondo,no,no_aplica,recurso_extraordinario,no,no,inadmite,ART_280,0
344_p2629,revoca,no,recurrente_gana,recurso_extraordinario,no,si,admite,,0
344_p2639,revoca,si,recurrente_gana,recurso_extraordinario,no,si,admite,,1
344_p2644,no_fondo,no,no_aplica,,no,no,sin_marcador,,0
344_p2647,deja_sin_efecto,no,recurrente_gana,recurso_extraordinario,no,si,admite,,0
344_p2659,deja_sin_efecto,no,recurrente_gana,recurso_extraordinario,si,si,admite,,0
344_p2665,no_revision_competencia,no,no_aplica,,no,no,sin_marcador,,0
344_p2669,revoca,si,recurrente_gana,recurso_extraordinario,no,si,admite,,1
344_p2690,no_fondo,no,no_aplica,recurso_extraordinario,no,no,sin_marcador,,0
344_p2728,revoca,si,recurrente_gana,recurso_extraordinario,no,si,admite,,1
344_p2752,revoca,no,recurrente_gana,recurso_extraordinario,no,si,admite,,0
344_p2765,revoca,si,recurrente_gana,recurso_extraordinario,no,si,admite,,1
344_p2779,no_fondo,no,no_aplica,recurso_extraordinario,no,no,sin_marcador,,0
344_p2791,confirma,no,recurrente_pierde,,no,si,admite,,0
344_p2811,revoca,si,recurrente_gana,recurso_extraordinario,no,si,admite,,0
344_p2830,revoca,no,recurrente_gana,recurso_extraordinario,no,si,admite,,1
344_p2835,deja_sin_efecto,si,recurrente_gana,recurso_extraordinario,no,si,admite,,1
344_p2849,deja_sin_efecto,si,recurrente_gana,recurso_extraordinario,si,si,admite,,1
344_p2858,revoca,si,recurrente_gana,recurso_extraordinario,no,si,admite,,0
344_p2868,revoca,no,recurrente_gana,recurso_extraordinario,no,si,admite,,0
344_p2901,no_fondo,no,no_aplica,recurso_extraordinario,si,no,admite,,1
344_p2922,no_fondo,no,no_aplica,,no,no,no_aplica,,0
344_p2949,deja_sin_efecto,si,recurrente_gana,recurso_extraordinario,no,si,admite,,1
344_p2955,no_fondo,no,no_aplica,recurso_extraordinario,si,no,inadmite,ART_280,0
344_p2977,deja_sin_efecto,si,recurrente_gana,recurso_extraordinario,no,si,admite,,0
344_p2991,deja_sin_efecto,si,recurrente_gana,recurso_extraordinario,no,si,admite,,1
344_p3006,revoca,si,recurrente_gana,recurso_extraordinario,no,si,admite,,1
344_p3011,confirma,no,recurrente_pierde,recurso_extraordinario,no,si,admite,,1
344_p3057,revoca,si,recurrente_gana,recurso_extraordinario,no,si,admite,,1
344_p3070,no_fondo,no,no_aplica,,no,no,no_aplica,,0
344_p3078,revoca,no,recurrente_gana,recurso_extraordinario,no,si,admite,,0
344_p3095,no_fondo,no,no_aplica,recurso_extraordinario,no,no,inadmite,INADMISIBLE_SIN_CAUSAL_EXPLICITA,0
344_p3104,no_fondo,no,no_aplica,recurso_extraordinario,no,no,inadmite,ART_280,1
344_p3132,revoca,no,recurrente_gana,recurso_extraordinario,no,si,admite,,0
344_p3146,revoca,si,recurrente_gana,recurso_extraordinario,no,si,admite,,0
344_p3156,revoca,si,recurrente_gana,recurso_extraordinario,si,si,admite,,0
344_p3209,confirma,no,recurrente_pierde,recurso_extraordinario,no,si,admite,,1
344_p3230,deja_sin_efecto,si,recurrente_gana,recurso_extraordinario,no,si,admite,,0
344_p3249,revoca,si,recurrente_gana,recurso_extraordinario,no,si,admite,,1
344_p3289,deja_sin_efecto,no,recurrente_gana,recurso_extraordinario,si,no,admite,,1
344_p3305,no_fondo,no,no_aplica,,no,no,inadmite,INADMISIBLE_REMITE_DICTAMEN,1
344_p3307,no_fondo,no,no_aplica,recurso_extraordinario,no,no,inadmite,CUESTION_ABSTRACTA,1
344_p3330,deja_sin_efecto,si,recurrente_gana,recurso_extraordinario,no,si,admite,,1
344_p3345,deja_sin_efecto,si,recurrente_gana,recurso_extraordinario,no,si,admite,,1
344_p3368,revoca,si,recurrente_gana,recurso_extraordinario,no,si,admite,,1
344_p3385,revoca,no,recurrente_gana,,no,si,admite,,0
344_p3394,confirma,no,recurrente_pierde,recurso_extraordinario,no,si,admite,,1
344_p3401,revoca,no,recurrente_gana,recurso_extraordinario,no,si,admite,,0
344_p3413,no_fondo,no,no_aplica,recurso_extraordinario,no,no,no_aplica,,0
344_p3418,deja_sin_efecto,si,recurrente_gana,recurso_extraordinario,no,si,admite,,1
344_p3431,no_fondo,no,no_aplica,recurso_extraordinario,no,no,inadmite,INADMISIBLE_SIN_CAUSAL_EXPLICITA,1
344_p3438,no_fondo,no,no_aplica,,no,no,sin_marcador,,0
344_p3442,no_revision_procesal,no,no_aplica,,no,no,no_aplica,,0
344_p3451,confirma,no,recurrente_pierde,recurso_extraordinario,no,si,admite,,0
344_p3458,deja_sin_efecto,si,recurrente_gana,recurso_extraordinario,no,si,admite,,1
344_p3469,no_revision_competencia,no,no_aplica,,no,no,sin_marcador,,0
344_p3472,no_fondo,no,no_aplica,,no,no,sin_marcador,,0
344_p3476,no_revision_demanda,no,no_aplica,,no,no,sin_marcador,,0
344_p3543,no_revision_competencia,no,no_aplica,,no,no,sin_marcador,,0
344_p3547,deja_sin_efecto,no,recurrente_gana,recurso_extraordinario,no,si,admite,,1
344_p3551,confirma,no,recurrente_pierde,recurso_extraordinario,no,si,admite,,0
344_p3567,revoca,no,recurrente_gana,recurso_extraordinario,no,si,admite,,0
344_p3573,confirma,no,recurrente_pierde,recurso_extraordinario,no,si,admite,,0
344_p3580,revoca,no,recurrente_gana,recurso_extraordinario,no,si,admite,,0
344_p3585,revoca,si,recurrente_gana,recurso_extraordinario,no,si,admite,,0
344_p3595,revoca,si,recurrente_gana,recurso_extraordinario,no,si,admite,,1
344_p3600,deja_sin_efecto,si,recurrente_gana,recurso_extraordinario,no,si,admite,,0
344_p3610,no_revision_procesal,no,no_aplica,recurso_extraordinario,no,no,sin_marcador,,0
344_p3613,deja_sin_efecto,no,recurrente_gana,recurso_extraordinario,no,si,admite,,1
344_p3618,no_fondo,no,no_aplica,,no,no,sin_marcador,,0
344_p3624,no_fondo,no,no_aplica,recurso_extraordinario,no,no,inadmite,ART_280,1
344_p3625,revoca,no,recurrente_gana,recurso_ordinario,no,si,admite,,0
344_p3636,no_fondo,no,no_aplica,recurso_extraordinario,si,no,sin_marcador,,0
344_p3683,confirma,no,recurrente_pierde,recurso_extraordinario,no,si,admite,,0
344_p3689,no_fondo,no,no_aplica,,no,no,inadmite,INADMISIBLE_REMITE_DICTAMEN,1
344_p3695,deja_sin_efecto,si,recurrente_gana,recurso_extraordinario,no,si,admite,,1
344_p3700,deja_sin_efecto,si,recurrente_gana,recurso_extraordinario,no,si,admite,,0
344_p3706,no_revision_competencia,no,no_aplica,,no,no,sin_marcador,,0
344_p3711,revoca,no,recurrente_gana,recurso_extraordinario,no,si,admite,,0
344_p3720,no_fondo,no,no_aplica,,no,no,sin_marcador,,0
344_p3725,no_fondo,no,no_aplica,,no,no,no_aplica,,0
344_p3741,no_fondo,no,no_aplica,,no,no,no_aplica,,0
344_p3749,deja_sin_efecto,si,recurrente_gana,recurso_extraordinario,no,si,admite,,1
344_p3761,deja_sin_efecto,no,recurrente_gana,recurso_extraordinario,no,si,admite,,1
344_p3782,deja_sin_efecto,si,recurrente_gana,recurso_extraordinario,no,si,admite,,1
345_p1,confirma,no,recurrente_pierde,recurso_extraordinario,no,si,admite,,0
345_p12,no_fondo,no,no_aplica,recurso_extraordinario,no,no,sin_marcador,,0
345_p13,no_fondo,no,no_aplica,recurso_extraordinario,no,no,inadmite,ART_280,0
345_p18,no_revision_competencia,no,no_aplica,,no,no,no_aplica,,0
345_p22,no_fondo,no,no_aplica,recurso_extraordinario,no,no,no_aplica,,0
345_p37,no_revision_competencia,no,no_aplica,,no,no,sin_marcador,,0
345_p50,confirma,no,recurrente_pierde,recurso_extraordinario,no,si,admite,,0
345_p58,deja_sin_efecto,si,recurrente_gana,recurso_extraordinario,no,si,admite,,1
345_p61,revoca,no,recurrente_gana,recurso_extraordinario,si,no,admite,,1
345_p76,no_revision_demanda,no,no_aplica,,no,no,no_aplica,,0
345_p81,deja_sin_efecto,no,recurrente_gana,recurso_extraordinario,no,si,admite,,1
345_p84,deja_sin_efecto,si,recurrente_gana,recurso_extraordinario,no,si,admite,,1
345_p89,no_fondo,no,no_aplica,recurso_extraordinario,si,no,inadmite,ART_280,1
345_p98,no_fondo,no,no_aplica,,no,no,sin_marcador,,0
345_p101,no_fondo,no,no_aplica,,no,no,sin_marcador,,0
345_p102,deja_sin_efecto,si,recurrente_gana,recurso_extraordinario,si,si,admite,,1
345_p116,deja_sin_efecto,no,recurrente_gana,recurso_extraordinario,no,si,admite,,1
345_p123,deja_sin_efecto,si,recurrente_gana,recurso_extraordinario,no,si,admite,,0
345_p137,revoca,si,recurrente_gana,recurso_extraordinario,no,si,admite,,0
345_p140,deja_sin_efecto,si,recurrente_gana,recurso_extraordinario,no,si,admite,,1
345_p154,deja_sin_efecto,si,recurrente_gana,recurso_extraordinario,no,si,admite,,1
345_p155,no_fondo,no,no_aplica,,no,no,sin_marcador,,0
345_p156,no_fondo,no,no_aplica,,no,no,sin_marcador,,0
345_p157,no_fondo,no,no_aplica,,no,no,sin_marcador,,0
345_p159,no_fondo,no,no_aplica,,no,no,sin_marcador,,0
345_p160,no_fondo,no,no_aplica,,no,no,sin_marcador,,0
345_p162,no_fondo,no,no_aplica,,no,no,sin_marcador,,0
345_p163,confirma,no,recurrente_pierde,,no,si,admite,,0
345_p165,no_fondo,no,no_aplica,recurso_extraordinario,no,no,inadmite,INADMISIBLE_REMITE_DICTAMEN,0
345_p175,deja_sin_efecto,no,recurrente_gana,recurso_extraordinario,no,si,admite,,1
345_p181,no_fondo,no,no_aplica,,no,no,sin_marcador,,0
345_p182,no_fondo,no,no_aplica,,no,no,sin_marcador,,0
345_p183,no_fondo,no,no_aplica,,no,no,sin_marcador,,0
345_p184,no_fondo,no,no_aplica,,no,no,sin_marcador,,0
345_p185,no_fondo,no,no_aplica,,no,no,sin_marcador,,0
345_p186,no_fondo,no,no_aplica,,no,no,sin_marcador,,0
345_p187,no_fondo,no,no_aplica,,no,no,sin_marcador,,0
345_p189,confirma,no,recurrente_pierde,,no,si,admite,,0
345_p191,nulidad,no,recurrente_gana,,no,si,admite,,0
345_p197,no_fondo,no,no_aplica,,no,no,sin_marcador,,0
345_p202,no_fondo,no,no_aplica,,no,no,sin_marcador,,0
345_p203,no_fondo,no,no_aplica,,no,no,sin_marcador,,0
345_p204,no_fondo,no,no_aplica,,no,no,sin_marcador,,0
345_p217,no_fondo,no,no_aplica,,no,no,inadmite,INADMISIBLE_SIN_CAUSAL_EXPLICITA,0
345_p219,no_fondo,no,no_aplica,,no,no,sin_marcador,,0
345_p220,deja_sin_efecto,si,recurrente_gana,recurso_extraordinario,si,si,admite,,1
345_p224,deja_sin_efecto,si,recurrente_gana,recurso_extraordinario,no,si,admite,,1
345_p229,no_fondo,no,no_aplica,recurso_ordinario,no,no,sin_marcador,,0
345_p241,nulidad,no,recurrente_gana,recurso_extraordinario,no,si,admite,,0
345_p243,no_fondo,no,no_aplica,,no,no,sin_marcador,,0
345_p244,no_fondo,no,no_aplica,,no,no,sin_marcador,,0
345_p250,no_fondo,no,no_aplica,,no,no,sin_marcador,,0
345_p251,no_fondo,no,no_aplica,,no,no,sin_marcador,,0
345_p263,revoca,si,recurrente_gana,recurso_extraordinario,no,si,admite,,1
345_p270,confirma,no,recurrente_pierde,recurso_extraordinario,no,si,admite,,0
345_p276,no_fondo,no,no_aplica,,no,no,sin_marcador,,0
345_p277,no_fondo,no,no_aplica,,no,no,sin_marcador,,0
345_p278,confirma,no,recurrente_pierde,,no,si,admite,,0
345_p281,no_fondo,no,no_aplica,,no,no,sin_marcador,,0
345_p282,no_fondo,no,no_aplica,,no,no,sin_marcador,,0
345_p285,deja_sin_efecto,no,recurrente_gana,recurso_extraordinario,no,si,admite,,1
345_p291,no_fondo,no,no_aplica,,no,no,no_aplica,,0
345_p296,no_fondo,no,no_aplica,,no,no,no_aplica,,0
345_p297,no_fondo,no,no_aplica,,no,no,sin_marcador,,0
345_p298,deja_sin_efecto,no,recurrente_gana,recurso_extraordinario,no,no,admite,,1
345_p331,deja_sin_efecto,si,recurrente_gana,recurso_extraordinario,no,si,admite,,1
345_p337,no_fondo,no,no_aplica,,no,no,sin_marcador,,0
345_p338,no_fondo,no,no_aplica,,no,no,sin_marcador,,0
345_p348,deja_sin_efecto,si,recurrente_gana,recurso_extraordinario,no,si,admite,,1
345_p358,revoca,no,recurrente_gana,recurso_extraordinario,no,si,admite,,1
345_p378,no_fondo,no,no_aplica,,no,no,sin_marcador,,0
345_p379,no_fondo,no,no_aplica,,no,no,sin_marcador,,0
345_p380,no_fondo,no,no_aplica,,no,no,sin_marcador,,0
345_p381,no_fondo,no,no_aplica,,no,no,sin_marcador,,0
345_p382,no_fondo,no,no_aplica,recurso_extraordinario,no,no,inadmite,ACORDADA_4_2007,0
345_p383,no_fondo,no,no_aplica,,no,no,sin_marcador,,0
345_p384,no_fondo,no,no_aplica,,no,no,sin_marcador,,0
345_p386,no_fondo,no,no_aplica,,no,no,sin_marcador,,0
345_p400,no_fondo,no,no_aplica,,no,no,sin_marcador,,0
345_p401,confirma,no,recurrente_pierde,recurso_extraordinario,no,si,admite,,0
345_p416,no_fondo,no,no_aplica,,no,no,sin_marcador,,0
345_p417,no_fondo,no,no_aplica,recurso_extraordinario,no,no,inadmite,ART_280,0
345_p423,no_fondo,no,no_aplica,recurso_extraordinario,no,no,inadmite,FALTA_SENTENCIA_DEFINITIVA,1
345_p430,no_fondo,no,no_aplica,recurso_extraordinario,no,no,inadmite,FALTA_SENTENCIA_DEFINITIVA,1
345_p440,no_fondo,no,no_aplica,recurso_extraordinario,si,no,inadmite,ACORDADA_4_2007,1
345_p477,deja_sin_efecto,si,recurrente_gana,recurso_extraordinario,no,si,admite,,1
345_p482,revoca,no,recurrente_gana,recurso_extraordinario,no,si,admite,,1
345_p523,revoca,si,recurrente_gana,recurso_extraordinario,no,si,admite,,1
345_p530,no_fondo,no,no_aplica,recurso_extraordinario,no,no,inadmite,INADMISIBLE_REMITE_DICTAMEN,1
345_p533,confirma,no,recurrente_pierde,recurso_extraordinario,no,si,admite,,0
345_p549,confirma,no,recurrente_pierde,recurso_extraordinario,no,si,admite,,0
345_p578,deja_sin_efecto,si,recurrente_gana,recurso_extraordinario,no,si,admite,,1
345_p582,no_fondo,no,no_aplica,,no,no,sin_marcador,,0
345_p583,deja_sin_efecto,si,recurrente_gana,recurso_extraordinario,no,si,admite,,1
345_p599,confirma,no,recurrente_pierde,recurso_extraordinario,no,si,admite,,1
345_p600,no_fondo,no,no_aplica,,no,no,sin_marcador,,0
345_p602,no_fondo,no,no_aplica,,no,no,sin_marcador,,0
345_p603,no_fondo,no,no_aplica,,no,no,sin_marcador,,0
345_p604,no_fondo,no,no_aplica,,no,no,sin_marcador,,0
345_p605,no_fondo,no,no_aplica,,no,no,sin_marcador,,0
345_p608,no_fondo,no,no_aplica,recurso_extraordinario,no,no,inadmite,INADMISIBLE_SIN_CAUSAL_EXPLICITA,1
345_p621,grant_remand_implicito,si,recurrente_gana,recurso_extraordinario,no,si,admite,,1
345_p630,no_fondo,no,no_aplica,,no,no,inadmite,INADMISIBLE_SIN_CAUSAL_EXPLICITA,1
345_p632,no_revision_procesal,no,no_aplica,,no,no,inadmite,INADMISIBLE_SIN_CAUSAL_EXPLICITA,0
345_p634,deja_sin_efecto,no,recurrente_gana,recurso_extraordinario,no,si,admite,,1
345_p645,deja_sin_efecto,si,recurrente_gana,recurso_extraordinario,no,si,admite,,1
345_p647,deja_sin_efecto,no,recurrente_gana,recurso_extraordinario,no,si,admite,,1
345_p670,no_fondo,no,no_aplica,recurso_extraordinario,no,no,inadmite,ACORDADA_4_2007,1
345_p683,deja_sin_efecto,si,recurrente_gana,recurso_extraordinario,no,si,admite,,0
345_p686,deja_sin_efecto,no,recurrente_gana,recurso_extraordinario,no,si,admite,,1
345_p688,revoca,si,recurrente_gana,recurso_extraordinario,no,si,admite,,1
345_p694,confirma,no,recurrente_pierde,recurso_ordinario,no,si,admite,,0
345_p702,confirma,no,recurrente_pierde,recurso_extraordinario,no,si,admite,,0
345_p715,no_fondo,no,no_aplica,recurso_extraordinario,no,no,sin_marcador,,0
345_p716,no_fondo,no,no_aplica,,no,no,sin_marcador,,0
345_p722,no_fondo,si,no_aplica,recurso_extraordinario,no,no,sin_marcador,,1
345_p728,nulidad_concesion,no,no_aplica,recurso_extraordinario,no,no,sin_marcador,,0
345_p730,confirma,no,recurrente_pierde,recurso_extraordinario,no,si,admite,,1
345_p783,no_fondo,no,no_aplica,,no,no,no_aplica,,0
345_p788,no_fondo,no,no_aplica,,no,no,sin_marcador,,0
345_p789,revoca,no,recurrente_gana,recurso_extraordinario,no,si,admite,,1
345_p800,no_fondo,no,no_aplica,,no,no,sin_marcador,,0
345_p801,no_revision_demanda,no,no_aplica,,no,no,no_aplica,,0
345_p838,confirma,no,recurrente_pierde,recurso_extraordinario,no,si,admite,,1
345_p847,no_revision_procesal,no,no_aplica,,no,no,inadmite,INADMISIBLE_SIN_CAUSAL_EXPLICITA,0
345_p849,no_fondo,no,no_aplica,,no,no,sin_marcador,,0
345_p867,no_fondo,no,no_aplica,,no,no,sin_marcador,,0
345_p869,revoca,si,recurrente_gana,recurso_extraordinario,no,si,admite,,1
345_p876,confirma,no,recurrente_pierde,recurso_extraordinario,no,si,admite,,0
345_p881,deja_sin_efecto,no,recurrente_gana,recurso_extraordinario,no,si,admite,,0
345_p884,deja_sin_efecto,si,recurrente_gana,recurso_extraordinario,si,si,admite,,1
345_p905,revoca,no,recurrente_gana,recurso_extraordinario,no,si,admite,,1
345_p923,revoca,no,recurrente_gana,recurso_extraordinario,si,si,admite,,0
345_p936,no_fondo,no,no_aplica,,no,no,sin_marcador,,0
345_p937,no_fondo,no,no_aplica,,no,no,sin_marcador,,0
345_p938,revoca,si,recurrente_gana,recurso_extraordinario,no,si,admite,,0
345_p945,revoca,si,recurrente_gana,recurso_extraordinario,no,si,admite,,0
345_p950,no_fondo,no,no_aplica,,no,no,sin_marcador,,0
345_p951,no_revision_demanda,no,no_aplica,,no,no,sin_marcador,,0
345_p1010,no_fondo,no,no_aplica,,no,no,sin_marcador,,0
345_p1011,deja_sin_efecto,si,recurrente_gana,recurso_extraordinario,no,si,admite,,1
345_p1015,revoca,no,recurrente_gana,recurso_extraordinario,no,si,admite,,1
345_p1021,revoca,no,recurrente_gana,recurso_extraordinario,no,si,admite,,1
345_p1025,revoca,no,recurrente_gana,recurso_extraordinario,no,si,admite,,1
345_p1034,revoca,no,recurrente_gana,recurso_extraordinario,no,si,admite,,1
345_p1037,revoca,no,recurrente_gana,recurso_extraordinario,no,si,admite,,1
345_p1042,revoca,no,recurrente_gana,recurso_extraordinario,no,no,admite,,0
345_p1044,no_revision_procesal,no,no_aplica,,no,no,inadmite,CUESTION_ABSTRACTA,0
345_p1070,no_fondo,no,no_aplica,,no,no,no_aplica,,0
345_p1079,deja_sin_efecto,si,recurrente_gana,recurso_extraordinario,no,si,admite,,0
345_p1083,no_fondo,no,no_aplica,,no,no,sin_marcador,,0
345_p1084,no_fondo,no,no_aplica,,no,no,sin_marcador,,0
345_p1085,no_fondo,no,no_aplica,,no,no,sin_marcador,,0
345_p1086,confirma,no,recurrente_pierde,recurso_extraordinario,no,si,admite,,0
345_p1098,no_fondo,no,no_aplica,recurso_extraordinario,no,no,inadmite,RESOLUCION_NO_RECURRIBLE,0
345_p1100,no_fondo,no,no_aplica,,no,no,sin_marcador,,0
345_p1101,revoca,si,recurrente_gana,recurso_extraordinario,no,si,admite,,1
345_p1111,no_revision_procesal,no,no_aplica,,no,no,inadmite,INADMISIBLE_SIN_CAUSAL_EXPLICITA,0
345_p1113,deja_sin_efecto,no,recurrente_gana,recurso_extraordinario,no,si,admite,,0
345_p1114,revoca,si,recurrente_gana,recurso_extraordinario,no,si,admite,,0
345_p1123,no_fondo,no,no_aplica,,no,no,sin_marcador,,0
345_p1125,no_revision_procesal,no,no_aplica,,no,no,sin_marcador,,0
345_p1127,revoca,si,recurrente_gana,recurso_extraordinario,no,si,admite,,1
345_p1138,no_fondo,no,no_aplica,recurso_extraordinario,no,no,inadmite,INADMISIBLE_SIN_CAUSAL_EXPLICITA,1
345_p1140,deja_sin_efecto,si,recurrente_gana,recurso_extraordinario,no,si,admite,,1
345_p1143,deja_sin_efecto,si,recurrente_gana,recurso_extraordinario,no,si,admite,,1
345_p1150,deja_sin_efecto,si,recurrente_gana,recurso_extraordinario,no,si,admite,,1
345_p1160,deja_sin_efecto,no,recurrente_gana,recurso_extraordinario,no,si,admite,,1
345_p1170,no_fondo,no,no_aplica,,no,no,sin_marcador,,0
345_p1173,no_fondo,no,no_aplica,,no,no,sin_marcador,,0
345_p1174,revoca,no,recurrente_gana,recurso_extraordinario,no,si,admite,,0
345_p1181,deja_sin_efecto,si,recurrente_gana,recurso_extraordinario,no,si,admite,,0
345_p1184,confirma,no,recurrente_pierde,recurso_extraordinario,no,si,admite,,1
345_p1205,deja_sin_efecto,si,recurrente_gana,recurso_extraordinario,no,si,admite,,1
345_p1210,deja_sin_efecto,si,recurrente_gana,recurso_extraordinario,no,si,admite,,1
345_p1219,revoca,no,recurrente_gana,recurso_extraordinario,si,si,admite,,1
345_p1233,no_fondo,no,no_aplica,,no,no,sin_marcador,,0
345_p1238,deja_sin_efecto,si,recurrente_gana,recurso_extraordinario,no,si,admite,,1
345_p1244,no_fondo,no,no_aplica,,no,no,inadmite,INADMISIBLE_REMITE_DICTAMEN,1
345_p1249,confirma,no,recurrente_pierde,recurso_extraordinario,no,si,admite,,0
345_p1259,deja_sin_efecto,no,recurrente_gana,recurso_extraordinario,si,si,admite,,1
345_p1266,deja_sin_efecto,no,recurrente_gana,recurso_extraordinario,no,si,admite,,0
345_p1269,revoca,no,recurrente_gana,recurso_extraordinario,no,si,admite,,0
345_p1289,no_fondo,no,no_aplica,,no,no,sin_marcador,,0
345_p1290,no_fondo,no,no_aplica,,no,no,sin_marcador,,0
345_p1291,revoca,si,recurrente_gana,recurso_extraordinario,no,si,admite,,1
345_p1296,no_fondo,no,no_aplica,,no,no,sin_marcador,,0
345_p1297,deja_sin_efecto,si,recurrente_gana,recurso_extraordinario,no,si,admite,,1
345_p1303,confirma,no,recurrente_pierde,,no,si,admite,,0
345_p1309,no_fondo,no,no_aplica,,no,no,sin_marcador,,0
345_p1312,no_fondo,no,no_aplica,recurso_extraordinario,no,no,inadmite,INADMISIBLE_REMITE_DICTAMEN,0
345_p1322,no_fondo,no,no_aplica,recurso_extraordinario,no,no,inadmite,INADMISIBLE_SIN_CAUSAL_EXPLICITA,0
345_p1325,no_fondo,no,no_aplica,,no,no,inadmite,INADMISIBLE_SIN_CAUSAL_EXPLICITA,1
345_p1332,deja_sin_efecto,si,recurrente_gana,recurso_extraordinario,no,si,admite,,1
345_p1336,no_revision_procesal,no,no_aplica,,no,no,sin_marcador,,0
345_p1341,no_fondo,no,no_aplica,,no,no,sin_marcador,,0
345_p1342,revoca,si,recurrente_gana,recurso_extraordinario,no,si,admite,,0
345_p1349,no_fondo,no,no_aplica,,no,no,no_aplica,,0
345_p1358,revoca,si,recurrente_gana,recurso_extraordinario,no,si,admite,,1
345_p1363,no_fondo,no,no_aplica,recurso_extraordinario,si,no,inadmite,INADMISIBLE_SIN_CAUSAL_EXPLICITA,1
345_p1365,revoca,si,recurrente_gana,recurso_extraordinario,si,si,admite,,1
345_p1370,confirma,no,recurrente_pierde,,no,si,admite,,0
345_p1374,deja_sin_efecto,si,recurrente_gana,recurso_extraordinario,no,si,admite,,1
345_p1387,deja_sin_efecto,si,recurrente_gana,recurso_extraordinario,no,si,admite,,1
345_p1394,revoca,no,recurrente_gana,recurso_extraordinario,no,si,admite,,0
345_p1405,no_revision_procesal,no,no_aplica,,no,no,no_aplica,,0
345_p1409,no_fondo,no,no_aplica,recurso_extraordinario,no,no,inadmite,CUESTION_ABSTRACTA,1
345_p1411,confirma,no,recurrente_pierde,recurso_extraordinario,no,si,admite,,1
345_p1417,deja_sin_efecto,no,recurrente_gana,recurso_extraordinario,no,si,admite,,1
345_p1421,no_fondo,no,no_aplica,recurso_extraordinario,no,no,inadmite,ACORDADA_4_2007,1
345_p1457,revoca,no,recurrente_gana,recurso_extraordinario,no,si,admite,,1
345_p1470,deja_sin_efecto,no,recurrente_gana,recurso_extraordinario,no,si,admite,,1
345_p1473,deja_sin_efecto,si,recurrente_gana,recurso_extraordinario,si,si,admite,,1
345_p1481,no_fondo,no,no_aplica,recurso_extraordinario,si,no,inadmite,ART_280,0
345_p1496,no_fondo,no,no_aplica,,no,no,sin_marcador,,0
345_p1498,no_fondo,no,no_aplica,,no,no,no_aplica,,0
345_p1519,deja_sin_efecto,si,recurrente_gana,recurso_extraordinario,si,si,admite,,0
345_p1531,revoca,no,recurrente_gana,recurso_extraordinario,no,si,admite,,1
345_p1549,revoca,si,recurrente_gana,recurso_extraordinario,no,si,admite,,1
346_p1,revoca,no,recurrente_gana,recurso_extraordinario,si,si,admite,,0
346_p12,revoca,si,recurrente_gana,recurso_extraordinario,no,si,admite,,0
346_p25,revoca,si,recurrente_gana,recurso_extraordinario,no,si,admite,,1
346_p32,deja_sin_efecto,si,recurrente_gana,recurso_extraordinario,no,si,admite,,1
346_p37,deja_sin_efecto,si,recurrente_gana,recurso_extraordinario,no,si,admite,,1
346_p42,no_fondo,no,no_aplica,,no,no,sin_marcador,,0
346_p44,no_fondo,no,no_aplica,,no,no,inadmite,INADMISIBLE_SIN_CAUSAL_EXPLICITA,0
346_p47,no_fondo,no,no_aplica,,no,no,sin_marcador,,0
346_p48,no_fondo,no,no_aplica,,no,no,sin_marcador,,0
346_p56,no_fondo,no,no_aplica,,no,no,sin_marcador,,0
346_p57,no_fondo,no,no_aplica,,no,no,inadmite,INADMISIBLE_SIN_CAUSAL_EXPLICITA,1
346_p58,deja_sin_efecto,si,recurrente_gana,recurso_extraordinario,no,si,admite,,1
346_p73,no_fondo,no,no_aplica,,no,no,sin_marcador,,0
346_p74,no_fondo,no,no_aplica,,no,no,sin_marcador,,0
346_p75,no_fondo,no,no_aplica,,no,no,sin_marcador,,0
346_p84,deja_sin_efecto,si,recurrente_gana,recurso_extraordinario,no,si,admite,,1
346_p103,revoca,si,recurrente_gana,recurso_extraordinario,no,si,admite,,1
346_p116,no_fondo,no,no_aplica,recurso_extraordinario,no,no,inadmite,FALTA_FUNDAMENTACION_AUTONOMA,1
346_p129,revoca,si,recurrente_gana,,no,si,admite,,0
346_p133,deja_sin_efecto,si,recurrente_gana,recurso_extraordinario,no,si,admite,,1
346_p143,deja_sin_efecto,si,recurrente_gana,recurso_extraordinario,no,si,admite,,1
346_p150,revoca,no,recurrente_gana,recurso_extraordinario,si,si,admite,,1
346_p164,no_fondo,no,no_aplica,,no,no,sin_marcador,,0
346_p165,deja_sin_efecto,si,recurrente_gana,recurso_extraordinario,no,si,admite,,1
346_p172,no_fondo,no,no_aplica,,no,no,sin_marcador,,0
346_p173,no_revision_procesal,no,no_aplica,,no,no,inadmite,INADMISIBLE_SIN_CAUSAL_EXPLICITA,0
346_p175,no_fondo,no,no_aplica,,no,no,sin_marcador,,0
346_p176,no_fondo,no,no_aplica,,no,no,sin_marcador,,0
346_p177,deja_sin_efecto,si,recurrente_gana,recurso_extraordinario,no,si,admite,,0
346_p182,deja_sin_efecto,si,recurrente_gana,recurso_extraordinario,no,si,admite,,0
346_p192,no_fondo,no,no_aplica,,no,no,sin_marcador,,0
346_p193,no_revision_procesal,no,no_aplica,,no,no,inadmite,INADMISIBLE_REMITE_DICTAMEN,1
346_p200,revoca,no,recurrente_gana,recurso_extraordinario,no,si,admite,,0
346_p209,no_fondo,no,no_aplica,,no,no,no_aplica,,0
346_p217,deja_sin_efecto,si,recurrente_gana,recurso_extraordinario,no,si,admite,,1
346_p231,confirma,no,recurrente_pierde,,no,si,admite,,0
346_p233,no_fondo,no,no_aplica,,no,no,sin_marcador,,0
346_p235,no_fondo,no,no_aplica,,no,no,sin_marcador,,0
346_p236,no_fondo,no,no_aplica,recurso_extraordinario,si,no,inadmite,FALTA_SENTENCIA_DEFINITIVA,0
346_p247,no_fondo,no,no_aplica,,no,no,sin_marcador,,0
346_p249,deja_sin_efecto,no,recurrente_gana,recurso_extraordinario,si,si,admite,,1
346_p253,no_fondo,no,no_aplica,,no,no,sin_marcador,,0
346_p254,no_fondo,no,no_aplica,,no,no,sin_marcador,,0
346_p256,no_fondo,no,no_aplica,,no,no,sin_marcador,,0
346_p257,no_fondo,no,no_aplica,recurso_extraordinario,no,no,inadmite,INADMISIBLE_SIN_CAUSAL_EXPLICITA,1
346_p259,deja_sin_efecto,si,recurrente_gana,recurso_extraordinario,no,si,admite,,1
346_p265,revoca,no,recurrente_gana,recurso_extraordinario,si,si,admite,,1
346_p287,revoca,no,recurrente_gana,recurso_extraordinario,si,si,admite,,1
346_p304,deja_sin_efecto,si,recurrente_gana,recurso_extraordinario,no,si,admite,,1
346_p314,deja_sin_efecto,si,recurrente_gana,recurso_extraordinario,no,si,admite,,1
346_p319,deja_sin_efecto,si,recurrente_gana,recurso_extraordinario,no,si,admite,,1
346_p326,deja_sin_efecto,si,recurrente_gana,recurso_extraordinario,no,si,admite,,1
346_p333,confirma,no,recurrente_pierde,recurso_extraordinario,no,si,admite,,0
346_p347,revoca,si,recurrente_gana,recurso_extraordinario,no,si,admite,,1
346_p361,no_revision_demanda,no,no_aplica,,no,no,no_aplica,,0
346_p382,confirma,no,recurrente_pierde,recurso_extraordinario,no,si,admite,,0
346_p387,deja_sin_efecto,no,recurrente_gana,recurso_ordinario,no,si,admite,,0
346_p390,no_fondo,no,no_aplica,,no,no,sin_marcador,,0
346_p391,no_fondo,no,no_aplica,recurso_extraordinario,no,no,inadmite,ACORDADA_4_2007,1
346_p403,no_fondo,no,no_aplica,recurso_extraordinario,no,no,admite,,1
346_p407,revoca,no,recurrente_gana,recurso_extraordinario,no,si,admite,,0
346_p431,no_fondo,no,no_aplica,,no,no,sin_marcador,,0
346_p432,no_revision_demanda,no,no_aplica,,no,no,no_aplica,,0
346_p439,nulidad_concesion,si,no_aplica,recurso_extraordinario,si,no,sin_marcador,,0
346_p441,confirma,no,recurrente_pierde,recurso_extraordinario,no,si,admite,,1
346_p461,no_fondo,no,no_aplica,,no,no,no_aplica,,0
346_p467,confirma,no,recurrente_pierde,recurso_extraordinario,no,si,admite,,0
346_p476,revoca,si,recurrente_gana,recurso_extraordinario,no,si,admite,,0
346_p484,deja_sin_efecto,no,recurrente_gana,recurso_extraordinario,no,si,admite,,0
346_p489,no_revision_procesal,no,no_aplica,,no,no,sin_marcador,,0
346_p491,deja_sin_efecto,si,recurrente_gana,recurso_extraordinario,no,si,admite,,1
346_p494,no_revision_procesal,no,no_aplica,,no,no,no_aplica,,0
346_p497,no_fondo,no,no_aplica,,no,no,no_aplica,,0
346_p502,no_fondo,no,no_aplica,recurso_extraordinario,no,no,inadmite,INADMISIBLE_SIN_CAUSAL_EXPLICITA,1
346_p515,deja_sin_efecto,si,recurrente_gana,recurso_extraordinario,no,si,admite,,1
346_p532,revoca,no,recurrente_gana,recurso_extraordinario,no,si,admite,,1
346_p535,deja_sin_efecto,no,recurrente_gana,recurso_extraordinario,no,si,admite,,1
346_p537,no_fondo,no,no_aplica,,no,no,inadmite,CUESTION_ABSTRACTA,1
346_p542,no_fondo,no,no_aplica,,no,no,sin_marcador,,0
346_p580,no_fondo,no,no_aplica,recurso_extraordinario,no,no,inadmite,INADMISIBLE_REMITE_DICTAMEN,1
346_p610,no_fondo,no,no_aplica,recurso_extraordinario,no,no,inadmite,CUESTION_ABSTRACTA,1
346_p613,confirma,no,recurrente_pierde,recurso_extraordinario,no,si,admite,,1
346_p624,no_fondo,no,no_aplica,,no,no,sin_marcador,,0
346_p625,no_fondo,no,no_aplica,,no,no,sin_marcador,,0
346_p626,no_fondo,no,no_aplica,,no,no,sin_marcador,,0
346_p627,no_fondo,no,no_aplica,,no,no,sin_marcador,,0
346_p629,revoca,si,recurrente_gana,recurso_extraordinario,no,si,admite,,1
346_p634,revoca,no,recurrente_gana,recurso_extraordinario,no,si,admite,,0
346_p646,deja_sin_efecto,si,recurrente_gana,recurso_extraordinario,no,si,admite,,1
346_p650,deja_sin_efecto,si,recurrente_gana,recurso_extraordinario,no,si,admite,,1
346_p658,confirma,no,recurrente_pierde,recurso_ordinario,no,si,admite,,0
346_p668,confirma,no,recurrente_pierde,recurso_ordinario,no,si,admite,,0
346_p675,deja_sin_efecto,no,recurrente_gana,recurso_extraordinario,no,si,admite,,0
346_p678,deja_sin_efecto,si,recurrente_gana,recurso_extraordinario,no,si,admite,,1
346_p683,revoca,no,recurrente_gana,recurso_extraordinario,no,si,admite,,1
346_p695,no_fondo,no,no_aplica,recurso_extraordinario,no,no,inadmite,INADMISIBLE_SIN_CAUSAL_EXPLICITA,1
346_p697,deja_sin_efecto,si,recurrente_gana,recurso_extraordinario,no,si,admite,,1
346_p706,confirma,no,recurrente_pierde,recurso_extraordinario,no,si,admite,,1
346_p718,deja_sin_efecto,si,recurrente_gana,recurso_extraordinario,no,si,admite,,1
346_p730,deja_sin_efecto,si,recurrente_gana,recurso_extraordinario,no,si,admite,,1
346_p736,deja_sin_efecto,no,recurrente_gana,recurso_ordinario,no,si,admite,,0
346_p741,no_fondo,no,no_aplica,recurso_extraordinario,no,no,inadmite,INADMISIBLE_REMITE_DICTAMEN,0
346_p745,no_fondo,no,no_aplica,,no,no,no_aplica,,0
346_p750,no_fondo,no,no_aplica,,no,no,no_aplica,,0
346_p754,deja_sin_efecto,si,recurrente_gana,recurso_extraordinario,no,si,admite,,1
346_p767,no_revision_demanda,no,no_aplica,,no,no,no_aplica,,0
346_p776,confirma,no,recurrente_pierde,recurso_extraordinario,no,si,admite,,0
346_p802,deja_sin_efecto,si,recurrente_gana,recurso_extraordinario,no,si,admite,,1
346_p807,deja_sin_efecto,si,recurrente_gana,recurso_extraordinario,no,si,admite,,1
346_p811,deja_sin_efecto,si,recurrente_gana,recurso_extraordinario,no,si,admite,,1
346_p814,deja_sin_efecto,si,recurrente_gana,recurso_extraordinario,no,si,admite,,0
346_p821,no_fondo,no,no_aplica,,no,no,no_aplica,,0
346_p834,no_fondo,no,no_aplica,,no,no,sin_marcador,,0
346_p846,no_fondo,no,no_aplica,,no,no,inadmite,INADMISIBLE_REMITE_DICTAMEN,1
346_p850,no_fondo,no,no_aplica,recurso_extraordinario,si,no,sin_marcador,,1
346_p854,revoca,si,recurrente_gana,recurso_extraordinario,no,si,admite,,0
346_p864,no_fondo,no,no_aplica,,no,no,sin_marcador,,0
346_p866,no_revision_procesal,no,no_aplica,recurso_extraordinario,no,no,inadmite,INADMISIBLE_SIN_CAUSAL_EXPLICITA,1
346_p868,no_fondo,no,no_aplica,recurso_extraordinario,no,no,inadmite,ART_280,1
346_p885,no_revision_procesal,no,no_aplica,recurso_extraordinario,no,no,inadmite,INADMISIBLE_SIN_CAUSAL_EXPLICITA,1
346_p887,no_fondo,no,no_aplica,,no,no,sin_marcador,,0
346_p888,deja_sin_efecto,si,recurrente_gana,recurso_extraordinario,no,si,admite,,0
346_p893,no_fondo,no,no_aplica,recurso_extraordinario,no,no,no_aplica,,0
346_p902,deja_sin_efecto,si,recurrente_gana,recurso_extraordinario,no,si,admite,,1
346_p920,no_fondo,no,no_aplica,,no,no,sin_marcador,,0
346_p921,confirma,no,recurrente_pierde,recurso_extraordinario,no,si,admite,,0
346_p931,no_fondo,no,no_aplica,recurso_extraordinario,no,no,inadmite,ART_280,0
346_p939,deja_sin_efecto,no,recurrente_gana,recurso_extraordinario,no,si,admite,,1
346_p944,no_fondo,no,no_aplica,,no,no,no_aplica,,0
346_p960,no_fondo,no,no_aplica,recurso_extraordinario,no,no,sin_marcador,,1
346_p965,no_fondo,no,no_aplica,,no,no,sin_marcador,,0
346_p969,no_fondo,no,no_aplica,,no,no,sin_marcador,,0
346_p970,confirma,no,recurrente_pierde,recurso_extraordinario,no,si,admite,,0
346_p1015,no_revision_demanda,no,no_aplica,,no,no,no_aplica,,0
346_p1039,revoca,no,recurrente_gana,recurso_extraordinario,no,no,admite,,0
346_p1062,no_fondo,no,no_aplica,,no,no,sin_marcador,,0
346_p1063,no_fondo,no,no_aplica,,no,no,sin_marcador,,0
346_p1065,deja_sin_efecto,si,recurrente_gana,recurso_extraordinario,no,si,admite,,1
346_p1068,no_fondo,no,no_aplica,,no,no,sin_marcador,,0
346_p1070,revoca,no,recurrente_gana,recurso_extraordinario,no,si,admite,,1
346_p1075,no_fondo,no,no_aplica,recurso_extraordinario,no,no,inadmite,INADMISIBLE_SIN_CAUSAL_EXPLICITA,0
346_p1081,no_fondo,no,no_aplica,,no,no,sin_marcador,,0
346_p1082,no_fondo,no,no_aplica,,no,no,sin_marcador,,0
346_p1086,revoca,si,recurrente_gana,recurso_extraordinario,no,si,admite,,0
346_p1087,no_fondo,no,no_aplica,,no,no,sin_marcador,,0
346_p1089,no_revision_demanda,no,no_aplica,,no,no,no_aplica,,0
346_p1108,no_fondo,no,no_aplica,,no,no,no_aplica,,0
346_p1117,nulidad,no,recurrente_gana,,no,no,no_aplica,,0
346_p1133,confirma,no,recurrente_pierde,recurso_extraordinario,no,si,admite,,0
346_p1139,no_fondo,no,no_aplica,,no,no,sin_marcador,,0
346_p1147,deja_sin_efecto,si,recurrente_gana,recurso_extraordinario,no,si,admite,,0
346_p1159,no_fondo,no,no_aplica,recurso_extraordinario,no,no,inadmite,ACORDADA_4_2007,1
346_p1175,revoca,si,recurrente_gana,recurso_extraordinario,no,si,admite,,0
346_p1180,no_revision_demanda,no,no_aplica,,no,no,no_aplica,,0
346_p1194,no_fondo,no,no_aplica,,no,no,sin_marcador,,0
346_p1195,no_fondo,no,no_aplica,,no,no,sin_marcador,,0
346_p1196,no_revision_competencia,no,no_aplica,,no,no,sin_marcador,,0
346_p1200,no_fondo,no,no_aplica,,no,no,sin_marcador,,0
346_p1201,no_fondo,no,no_aplica,,no,no,sin_marcador,,0
346_p1205,deja_sin_efecto,si,recurrente_gana,recurso_extraordinario,no,si,admite,,0
346_p1208,no_fondo,no,no_aplica,,no,no,sin_marcador,,0
346_p1212,deja_sin_efecto,si,recurrente_gana,recurso_extraordinario,no,si,admite,,1
346_p1218,no_revision_demanda,no,no_aplica,,no,no,no_aplica,,0
346_p1233,no_fondo,no,no_aplica,,no,no,sin_marcador,,0
346_p1234,deja_sin_efecto,no,recurrente_gana,recurso_extraordinario,no,si,admite,,0
346_p1241,deja_sin_efecto,no,recurrente_gana,recurso_extraordinario,no,si,admite,,0
346_p1243,no_fondo,no,no_aplica,,no,no,sin_marcador,,0
346_p1248,no_fondo,no,no_aplica,,no,no,sin_marcador,,0
346_p1257,revoca,no,recurrente_gana,recurso_extraordinario,no,si,admite,,1
346_p1272,no_fondo,no,no_aplica,,no,no,no_aplica,,0
346_p1279,no_fondo,no,no_aplica,,no,no,sin_marcador,,0
346_p1280,revoca,si,recurrente_gana,recurso_extraordinario,si,si,admite,,1
346_p1295,no_fondo,no,no_aplica,,no,no,sin_marcador,,0
346_p1296,deja_sin_efecto,si,recurrente_gana,recurso_extraordinario,no,si,admite,,1
346_p1304,revoca,no,recurrente_gana,recurso_extraordinario,no,si,admite,,1
346_p1311,deja_sin_efecto,si,recurrente_gana,recurso_extraordinario,no,si,admite,,1
346_p1313,no_fondo,no,no_aplica,recurso_ordinario,no,no,inadmite,INADMISIBLE_SIN_CAUSAL_EXPLICITA,0
346_p1316,no_revision_demanda,no,no_aplica,,no,no,no_aplica,,0
346_p1339,deja_sin_efecto,no,recurrente_gana,recurso_extraordinario,no,si,admite,,0
346_p1355,no_fondo,no,no_aplica,,no,no,no_aplica,,0
346_p1361,no_fondo,no,no_aplica,recurso_extraordinario,si,no,no_aplica,,0
346_p1377,no_revision_procesal,no,no_aplica,recurso_extraordinario,no,no,inadmite,INADMISIBLE_SIN_CAUSAL_EXPLICITA,0
346_p1379,confirma,si,recurrente_pierde,recurso_ordinario,no,si,admite,,0
346_p1387,no_revision_demanda,no,no_aplica,,no,no,sin_marcador,,0
346_p1405,deja_sin_efecto,si,recurrente_gana,recurso_extraordinario,no,si,admite,,1
346_p1415,deja_sin_efecto,si,recurrente_gana,recurso_extraordinario,no,si,admite,,1
346_p1419,revoca,si,recurrente_gana,recurso_extraordinario,no,si,admite,,1
346_p1426,confirma,no,recurrente_pierde,recurso_extraordinario,no,si,admite,,1
346_p1446,no_revision_procesal,no,no_aplica,recurso_extraordinario,no,no,inadmite,INADMISIBLE_SIN_CAUSAL_EXPLICITA,0
346_p1448,no_revision_procesal,no,no_aplica,recurso_extraordinario,no,no,sin_marcador,,0
346_p1455,deja_sin_efecto,si,recurrente_gana,recurso_extraordinario,no,si,admite,,1
346_p1461,no_fondo,no,no_aplica,,no,no,sin_marcador,,0
346_p1462,confirma,no,recurrente_pierde,recurso_extraordinario,si,si,admite,,0
346_p1471,grant_remand_implicito,si,recurrente_gana,recurso_extraordinario,si,si,admite,,0
346_p1483,revoca,no,recurrente_gana,recurso_extraordinario,si,si,admite,,1
346_p1489,deja_sin_efecto,si,recurrente_gana,recurso_extraordinario,no,si,admite,,1
346_p1501,deja_sin_efecto,si,recurrente_gana,recurso_extraordinario,no,si,admite,,1
346_p1514,revoca,no,recurrente_gana,recurso_extraordinario,no,si,admite,,0
346_p1520,no_fondo,no,no_aplica,,no,no,sin_marcador,,0
346_p1521,deja_sin_efecto,si,recurrente_gana,recurso_extraordinario,no,si,admite,,1
346_p1526,deja_sin_efecto,si,recurrente_gana,recurso_extraordinario,no,si,admite,,1
346_p1538,deja_sin_efecto,no,recurrente_gana,recurso_extraordinario,no,si,admite,,1
346_p1545,no_fondo,no,no_aplica,,no,no,sin_marcador,,0
346_p1549,deja_sin_efecto,si,recurrente_gana,recurso_extraordinario,no,si,admite,,1
346_p1551,no_fondo,no,no_aplica,,no,no,sin_marcador,,0
346_p1552,deja_sin_efecto,si,recurrente_gana,recurso_extraordinario,no,si,admite,,1
346_p1559,revoca,no,recurrente_gana,,no,no,admite,,1
346_p1564,deja_sin_efecto,si,recurrente_gana,recurso_extraordinario,no,si,admite,,1
347_p1,no_fondo,no,no_aplica,,no,no,sin_marcador,,0
347_p2,no_fondo,no,no_aplica,,no,no,inadmite,INADMISIBLE_REMITE_DICTAMEN,1
347_p6,no_fondo,no,no_aplica,,no,no,inadmite,INADMISIBLE_SIN_CAUSAL_EXPLICITA,1
347_p7,no_fondo,no,no_aplica,,no,no,inadmite,INADMISIBLE_REMITE_DICTAMEN,1
347_p18,deja_sin_efecto,no,recurrente_gana,recurso_extraordinario,no,si,admite,,1
347_p36,deja_sin_efecto,si,recurrente_gana,recurso_extraordinario,no,si,admite,,1
347_p43,no_fondo,no,no_aplica,recurso_extraordinario,no,no,inadmite,ART_280,1
347_p51,deja_sin_efecto,si,recurrente_gana,recurso_extraordinario,no,si,admite,,1
347_p62,revoca,no,recurrente_gana,,no,si,admite,,0
347_p69,deja_sin_efecto,si,recurrente_gana,recurso_extraordinario,no,si,admite,,1
347_p73,revoca,si,recurrente_gana,recurso_extraordinario,no,si,admite,,0
347_p83,confirma,no,recurrente_pierde,recurso_extraordinario,no,si,admite,,0
347_p94,deja_sin_efecto,si,recurrente_gana,recurso_extraordinario,no,si,admite,,1
347_p100,deja_sin_efecto,si,recurrente_gana,recurso_extraordinario,no,si,admite,,1
347_p105,deja_sin_efecto,si,recurrente_gana,recurso_extraordinario,no,si,admite,,1
347_p109,revoca,no,recurrente_gana,recurso_extraordinario,no,si,admite,,0
347_p116,confirma,no,recurrente_pierde,recurso_extraordinario,no,si,admite,,0
347_p127,no_fondo,no,no_aplica,,no,no,sin_marcador,,0
347_p128,no_revision_demanda,no,no_aplica,,no,no,no_aplica,,0
347_p178,no_revision_demanda,no,no_aplica,,no,no,no_aplica,,0
347_p214,no_fondo,no,no_aplica,,no,no,sin_marcador,,0
347_p216,confirma,no,recurrente_pierde,recurso_extraordinario,no,si,admite,,1
347_p229,revoca,no,recurrente_gana,recurso_ordinario,no,si,admite,,0
347_p237,revoca,si,recurrente_gana,recurso_extraordinario,no,si,admite,,1
347_p246,no_fondo,no,no_aplica,,no,no,sin_marcador,,0
347_p247,no_fondo,no,no_aplica,,no,no,inadmite,INADMISIBLE_REMITE_DICTAMEN,1
347_p257,revoca,no,recurrente_gana,recurso_ordinario,no,si,admite,,0
347_p273,revoca,si,recurrente_gana,recurso_extraordinario,no,si,admite,,1
347_p291,deja_sin_efecto,no,recurrente_gana,recurso_extraordinario,no,si,admite,,1
347_p302,confirma,no,recurrente_pierde,,no,si,admite,,0
347_p311,deja_sin_efecto,si,recurrente_gana,recurso_extraordinario,no,si,admite,,1
347_p316,no_fondo,no,no_aplica,,no,no,sin_marcador,,0
347_p320,no_fondo,no,no_aplica,,no,no,sin_marcador,,0
347_p321,no_revision_demanda,no,no_aplica,,no,no,sin_marcador,,0
347_p327,nulidad,si,recurrente_gana,recurso_extraordinario,no,si,admite,,1
347_p329,no_fondo,no,no_aplica,recurso_extraordinario,no,no,sin_marcador,,1
347_p338,no_fondo,no,no_aplica,,no,no,sin_marcador,,0
347_p339,revoca,no,recurrente_gana,,no,no,admite,,1
347_p344,nulidad_concesion,si,no_aplica,recurso_extraordinario,no,no,sin_marcador,,0
347_p347,revoca,si,recurrente_gana,recurso_extraordinario,no,si,admite,,1
347_p352,no_fondo,no,no_aplica,recurso_extraordinario,no,no,inadmite,INADMISIBLE_SIN_CAUSAL_EXPLICITA,1
347_p357,no_fondo,no,no_aplica,recurso_extraordinario,no,no,inadmite,INADMISIBLE_SIN_CAUSAL_EXPLICITA,0
347_p360,deja_sin_efecto,no,recurrente_gana,,no,no,admite,,0
347_p367,no_fondo,no,no_aplica,,no,no,sin_marcador,,0
347_p368,no_fondo,no,no_aplica,,no,no,no_aplica,,0
347_p375,no_fondo,no,no_aplica,,no,no,sin_marcador,,0
347_p379,confirma,no,recurrente_pierde,recurso_extraordinario,no,si,admite,,1
347_p391,no_fondo,no,no_aplica,,no,no,inadmite,INADMISIBLE_SIN_CAUSAL_EXPLICITA,0
347_p392,confirma,no,recurrente_pierde,recurso_ordinario,no,si,admite,,0
347_p400,deja_sin_efecto,no,recurrente_gana,recurso_extraordinario,no,si,admite,,1
347_p411,no_fondo,no,no_aplica,,no,no,sin_marcador,,0
347_p412,no_fondo,no,no_aplica,recurso_extraordinario,si,no,sin_marcador,,0
347_p414,deja_sin_efecto,si,recurrente_gana,recurso_extraordinario,no,si,admite,,1
347_p426,deja_sin_efecto,si,recurrente_gana,recurso_extraordinario,no,si,admite,,1
347_p437,revoca,si,recurrente_gana,recurso_extraordinario,no,si,admite,,0
347_p441,deja_sin_efecto,no,recurrente_gana,recurso_extraordinario,no,si,admite,,1
347_p459,grant_remand_implicito,si,recurrente_gana,recurso_extraordinario,no,si,admite,,0
347_p462,deja_sin_efecto,si,recurrente_gana,recurso_extraordinario,no,si,admite,,1
347_p468,revoca,no,recurrente_gana,recurso_extraordinario,no,si,admite,,1
347_p472,deja_sin_efecto,si,recurrente_gana,recurso_extraordinario,no,si,admite,,1
347_p474,no_fondo,no,no_aplica,recurso_extraordinario,no,no,admite,,1
347_p496,deja_sin_efecto,no,recurrente_gana,recurso_extraordinario,no,si,admite,,1
347_p500,revoca,si,recurrente_gana,recurso_extraordinario,no,si,admite,,1
347_p507,deja_sin_efecto,no,recurrente_gana,recurso_extraordinario,no,si,admite,,1
347_p512,deja_sin_efecto,si,recurrente_gana,recurso_extraordinario,no,si,admite,,1
347_p520,no_revision_procesal,no,no_aplica,,no,no,sin_marcador,,0
347_p540,deja_sin_efecto,si,recurrente_gana,recurso_extraordinario,no,si,admite,,1
347_p545,no_fondo,no,no_aplica,recurso_extraordinario,no,no,inadmite,INADMISIBLE_SIN_CAUSAL_EXPLICITA,1
347_p547,deja_sin_efecto,si,recurrente_gana,recurso_extraordinario,no,si,admite,,1
347_p552,no_revision_demanda,no,no_aplica,,no,no,no_aplica,,0
347_p562,no_fondo,no,no_aplica,recurso_extraordinario,si,no,admite,,0
347_p565,deja_sin_efecto,si,recurrente_gana,recurso_extraordinario,no,si,admite,,1
347_p572,deja_sin_efecto,si,recurrente_gana,recurso_extraordinario,no,si,admite,,1
347_p579,confirma,no,recurrente_pierde,recurso_extraordinario,no,si,admite,,1
347_p593,no_fondo,no,no_aplica,,no,no,sin_marcador,,0
347_p594,deja_sin_efecto,no,recurrente_gana,recurso_extraordinario,no,si,admite,,0
347_p596,revoca,si,recurrente_gana,recurso_extraordinario,no,si,admite,,1
347_p606,deja_sin_efecto,si,recurrente_gana,recurso_extraordinario,no,si,admite,,1
347_p614,no_revision_procesal,no,no_aplica,recurso_extraordinario,no,no,admite,,1
347_p621,no_fondo,no,no_aplica,,no,no,no_aplica,,0
347_p629,no_fondo,no,no_aplica,,no,no,sin_marcador,,0
347_p631,no_fondo,no,no_aplica,,no,no,sin_marcador,,0
347_p632,deja_sin_efecto,si,recurrente_gana,recurso_extraordinario,no,si,admite,,1
347_p640,deja_sin_efecto,si,recurrente_gana,recurso_extraordinario,no,si,admite,,1
347_p652,no_fondo,no,no_aplica,,no,no,sin_marcador,,0
347_p653,revoca,no,recurrente_gana,recurso_extraordinario,no,si,admite,,1
347_p673,revoca,si,recurrente_gana,recurso_extraordinario,si,si,admite,,0
347_p684,deja_sin_efecto,si,recurrente_gana,recurso_extraordinario,no,si,admite,,1
347_p688,confirma,no,recurrente_pierde,recurso_extraordinario,no,si,admite,,1
347_p721,deja_sin_efecto,no,recurrente_gana,recurso_extraordinario,no,si,admite,,1
347_p729,no_fondo,no,no_aplica,recurso_extraordinario,si,no,sin_marcador,,1
347_p737,confirma,no,recurrente_pierde,recurso_extraordinario,no,si,admite,,1
347_p745,revoca,si,recurrente_gana,recurso_extraordinario,no,si,admite,,1
347_p751,deja_sin_efecto,no,recurrente_gana,recurso_extraordinario,no,si,admite,,1
347_p759,no_fondo,no,no_aplica,recurso_extraordinario,no,no,inadmite,ART_280,1
347_p768,deja_sin_efecto,si,recurrente_gana,recurso_extraordinario,no,si,admite,,1
347_p775,revoca,si,recurrente_gana,recurso_extraordinario,no,si,admite,,1
347_p778,revoca,no,recurrente_gana,recurso_extraordinario,no,si,admite,,1
347_p785,deja_sin_efecto,si,recurrente_gana,recurso_extraordinario,si,si,admite,,1
347_p790,deja_sin_efecto,si,recurrente_gana,recurso_extraordinario,no,si,admite,,1
347_p802,deja_sin_efecto,si,recurrente_gana,recurso_extraordinario,si,si,admite,,1
347_p811,revoca,si,recurrente_gana,recurso_extraordinario,no,si,admite,,1
347_p818,deja_sin_efecto,no,recurrente_gana,recurso_extraordinario,no,si,admite,,0
347_p823,no_fondo,no,no_aplica,,no,no,sin_marcador,,0
347_p824,no_fondo,no,no_aplica,,no,no,sin_marcador,,0
347_p833,no_fondo,no,no_aplica,,no,no,no_aplica,,0
347_p843,deja_sin_efecto,si,recurrente_gana,recurso_extraordinario,si,si,admite,,1
347_p856,no_fondo,no,no_aplica,,no,no,inadmite,INADMISIBLE_SIN_CAUSAL_EXPLICITA,1
347_p863,deja_sin_efecto,si,recurrente_gana,recurso_extraordinario,no,si,admite,,1
347_p876,deja_sin_efecto,no,recurrente_gana,recurso_extraordinario,no,si,admite,,1
347_p880,no_fondo,no,no_aplica,recurso_extraordinario,no,no,inadmite,INADMISIBLE_SIN_CAUSAL_EXPLICITA,0
347_p893,no_revision_competencia,no,no_aplica,,no,no,sin_marcador,,0
347_p903,no_fondo,no,no_aplica,recurso_extraordinario,no,no,inadmite,RESOLUCION_NO_RECURRIBLE,0
347_p905,revoca,no,recurrente_gana,recurso_extraordinario,no,si,admite,,0
347_p917,no_fondo,no,no_aplica,recurso_extraordinario,no,no,inadmite,INADMISIBLE_SIN_CAUSAL_EXPLICITA,0
347_p924,deja_sin_efecto,no,recurrente_gana,recurso_extraordinario,no,si,admite,,1
347_p936,deja_sin_efecto,si,recurrente_gana,recurso_extraordinario,no,si,admite,,1
347_p943,deja_sin_efecto,si,recurrente_gana,recurso_extraordinario,no,si,admite,,1
347_p947,deja_sin_efecto,si,recurrente_gana,recurso_extraordinario,no,si,admite,,1
347_p952,revoca,no,recurrente_gana,recurso_extraordinario,no,si,admite,,1
347_p957,deja_sin_efecto,si,recurrente_gana,recurso_extraordinario,no,si,admite,,0
347_p959,no_revision_demanda,no,no_aplica,,no,no,no_aplica,,0
347_p969,deja_sin_efecto,si,recurrente_gana,recurso_extraordinario,no,si,admite,,1
347_p971,revoca,si,recurrente_gana,recurso_extraordinario,no,si,admite,,1
347_p993,deja_sin_efecto,si,recurrente_gana,recurso_extraordinario,no,si,admite,,1
347_p1001,no_fondo,no,no_aplica,recurso_extraordinario,si,no,inadmite,INADMISIBLE_SIN_CAUSAL_EXPLICITA,1
347_p1013,deja_sin_efecto,si,recurrente_gana,recurso_extraordinario,no,si,admite,,1
347_p1021,no_fondo,no,no_aplica,,no,no,sin_marcador,,0
347_p1022,revoca,si,recurrente_gana,recurso_extraordinario,no,si,admite,,1
347_p1031,no_revision_procesal,no,no_aplica,recurso_extraordinario,no,no,inadmite,FALTA_FUNDAMENTACION_AUTONOMA,0
347_p1046,no_fondo,no,no_aplica,,no,no,inadmite,INADMISIBLE_REMITE_DICTAMEN,1
347_p1058,revoca,si,recurrente_gana,recurso_extraordinario,no,si,admite,,0
347_p1061,no_fondo,no,no_aplica,recurso_extraordinario,si,no,inadmite,INADMISIBLE_SIN_CAUSAL_EXPLICITA,1
347_p1081,no_fondo,no,no_aplica,recurso_extraordinario,si,no,admite,,1
347_p1084,no_fondo,no,no_aplica,,no,no,inadmite,INADMISIBLE_SIN_CAUSAL_EXPLICITA,1
347_p1128,revoca,si,recurrente_gana,recurso_extraordinario,no,si,admite,,0
347_p1134,deja_sin_efecto,si,recurrente_gana,recurso_extraordinario,no,si,admite,,1
347_p1137,deja_sin_efecto,si,recurrente_gana,recurso_extraordinario,no,si,admite,,1
347_p1151,confirma,no,recurrente_pierde,recurso_extraordinario,no,si,admite,,1
347_p1166,confirma,no,recurrente_pierde,recurso_extraordinario,no,si,admite,,1
347_p1177,deja_sin_efecto,si,recurrente_gana,recurso_extraordinario,no,si,admite,,1
347_p1184,no_fondo,no,no_aplica,,no,no,sin_marcador,,0
347_p1185,revoca,no,recurrente_gana,recurso_extraordinario,no,si,admite,,0
347_p1191,confirma,no,recurrente_pierde,recurso_extraordinario,si,si,admite,,0
347_p1201,revoca,si,recurrente_gana,recurso_extraordinario,no,si,admite,,0
347_p1210,deja_sin_efecto,no,recurrente_gana,recurso_extraordinario,no,si,admite,,1
347_p1215,deja_sin_efecto,si,recurrente_gana,recurso_extraordinario,no,si,admite,,1
347_p1218,no_fondo,no,no_aplica,,no,no,sin_marcador,,0
347_p1223,revoca,si,recurrente_gana,recurso_extraordinario,no,si,admite,,0
347_p1230,deja_sin_efecto,si,recurrente_gana,recurso_extraordinario,no,si,admite,,1
347_p1234,revoca,no,recurrente_gana,recurso_extraordinario,no,si,admite,,1
347_p1248,no_revision_procesal,no,no_aplica,recurso_extraordinario,no,no,inadmite,INADMISIBLE_SIN_CAUSAL_EXPLICITA,1
347_p1250,deja_sin_efecto,no,recurrente_gana,recurso_extraordinario,no,si,admite,,1
347_p1254,revoca,si,recurrente_gana,recurso_extraordinario,no,si,admite,,1
347_p1259,no_fondo,no,no_aplica,recurso_extraordinario,no,no,inadmite,INADMISIBLE_REMITE_DICTAMEN,1
347_p1277,no_fondo,no,no_aplica,recurso_extraordinario,si,no,sin_marcador,,0
347_p1282,no_fondo,no,no_aplica,,no,no,sin_marcador,,0
347_p1288,revoca,si,recurrente_gana,recurso_extraordinario,no,si,admite,,1
347_p1313,confirma,no,recurrente_pierde,recurso_extraordinario,no,si,admite,,1
347_p1327,confirma,no,recurrente_pierde,recurso_extraordinario,si,si,admite,,0
347_p1340,deja_sin_efecto,si,recurrente_gana,recurso_extraordinario,no,si,admite,,1
347_p1344,deja_sin_efecto,si,recurrente_gana,recurso_extraordinario,no,si,admite,,1
347_p1353,deja_sin_efecto,si,recurrente_gana,recurso_extraordinario,no,si,admite,,1
347_p1360,deja_sin_efecto,si,recurrente_gana,recurso_extraordinario,no,si,admite,,1
347_p1363,no_fondo,no,no_aplica,,no,no,sin_marcador,,0
347_p1375,no_fondo,no,no_aplica,,no,no,sin_marcador,,0
347_p1376,no_fondo,no,no_aplica,,no,no,sin_marcador,,0
347_p1377,no_fondo,no,no_aplica,,no,no,inadmite,CUESTION_ABSTRACTA,0
347_p1378,no_fondo,no,no_aplica,,no,no,sin_marcador,,0
347_p1381,no_fondo,no,no_aplica,,no,no,sin_marcador,,0
347_p1383,no_fondo,no,no_aplica,,no,no,sin_marcador,,0
347_p1384,no_fondo,no,no_aplica,,no,no,sin_marcador,,0
347_p1385,no_fondo,no,no_aplica,,no,no,inadmite,INADMISIBLE_SIN_CAUSAL_EXPLICITA,1
347_p1386,deja_sin_efecto,si,recurrente_gana,recurso_extraordinario,no,si,admite,,1
347_p1396,no_fondo,no,no_aplica,recurso_extraordinario,si,no,inadmite,ART_280,1
347_p1403,revoca,no,recurrente_gana,recurso_extraordinario,si,si,admite,,1
347_p1434,no_fondo,no,no_aplica,recurso_extraordinario,no,no,inadmite,INADMISIBLE_SIN_CAUSAL_EXPLICITA,0
347_p1446,deja_sin_efecto,no,recurrente_gana,recurso_extraordinario,no,si,admite,,1
347_p1463,deja_sin_efecto,no,recurrente_gana,recurso_extraordinario,no,si,admite,,1
347_p1471,deja_sin_efecto,no,recurrente_gana,recurso_extraordinario,no,si,admite,,1
347_p1476,revoca,no,recurrente_gana,recurso_extraordinario,no,si,admite,,0
347_p1492,confirma,si,recurrente_pierde,recurso_ordinario,no,si,admite,,0
347_p1495,no_fondo,no,no_aplica,,no,no,no_aplica,,0
347_p1527,confirma,no,recurrente_pierde,recurso_extraordinario,si,si,admite,,1
347_p1586,confirma,no,recurrente_pierde,recurso_extraordinario,no,si,admite,,0
347_p1593,confirma,no,recurrente_pierde,recurso_extraordinario,si,si,admite,,1
347_p1620,deja_sin_efecto,no,recurrente_gana,recurso_extraordinario,si,si,admite,,1
347_p1632,deja_sin_efecto,no,recurrente_gana,recurso_extraordinario,no,si,admite,,1
347_p1648,revoca,no,recurrente_gana,recurso_extraordinario,no,si,admite,,0
347_p1673,revoca,no,recurrente_gana,recurso_extraordinario,si,si,admite,,1
347_p1697,deja_sin_efecto,si,recurrente_gana,recurso_extraordinario,no,si,admite,,0
347_p1701,revoca,no,recurrente_gana,recurso_extraordinario,no,si,admite,,0
347_p1709,deja_sin_efecto,si,recurrente_gana,recurso_extraordinario,no,si,admite,,1
347_p1726,revoca,si,recurrente_gana,recurso_extraordinario,no,si,admite,,1
347_p1737,revoca,no,recurrente_gana,recurso_extraordinario,si,si,admite,,0
347_p1757,deja_sin_efecto,si,recurrente_gana,recurso_extraordinario,no,si,admite,,1
347_p1762,no_fondo,no,no_aplica,,no,no,sin_marcador,,0
347_p1763,no_fondo,no,no_aplica,,no,no,sin_marcador,,0
347_p1770,no_revision_procesal,no,no_aplica,recurso_extraordinario,no,no,inadmite,INADMISIBLE_SIN_CAUSAL_EXPLICITA,0
347_p1787,no_fondo,no,no_aplica,recurso_extraordinario,no,no,inadmite,CUESTION_ABSTRACTA,0
347_p1802,revoca,si,recurrente_gana,recurso_extraordinario,no,si,admite,,1
347_p1807,deja_sin_efecto,si,recurrente_gana,recurso_extraordinario,no,si,admite,,1
347_p1813,deja_sin_efecto,si,recurrente_gana,recurso_extraordinario,no,si,admite,,1
347_p1820,deja_sin_efecto,si,recurrente_gana,recurso_extraordinario,no,si,admite,,1
347_p1827,revoca,no,recurrente_gana,recurso_extraordinario,no,si,admite,,1
347_p1834,deja_sin_efecto,si,recurrente_gana,recurso_extraordinario,no,si,admite,,1
347_p1839,deja_sin_efecto,si,recurrente_gana,recurso_extraordinario,no,si,admite,,1
347_p1843,no_fondo,no,no_aplica,,no,no,sin_marcador,,0
347_p1844,revoca,no,recurrente_gana,recurso_extraordinario,no,si,admite,,0
347_p1858,deja_sin_efecto,no,recurrente_gana,recurso_extraordinario,no,si,admite,,1
347_p1871,no_fondo,no,no_aplica,recurso_extraordinario,no,no,inadmite,FALTA_FUNDAMENTACION_AUTONOMA,1
347_p1885,deja_sin_efecto,si,recurrente_gana,recurso_extraordinario,no,si,admite,,1
347_p1891,deja_sin_efecto,no,recurrente_gana,recurso_extraordinario,no,si,admite,,1
347_p1932,deja_sin_efecto,si,recurrente_gana,recurso_extraordinario,si,si,admite,,0
347_p1944,deja_sin_efecto,si,recurrente_gana,recurso_extraordinario,no,si,admite,,1
347_p1963,deja_sin_efecto,si,recurrente_gana,recurso_extraordinario,no,si,admite,,1
347_p1990,revoca,no,recurrente_gana,recurso_extraordinario,no,si,admite,,0
347_p1996,confirma,no,recurrente_pierde,recurso_extraordinario,no,si,admite,,1
347_p2001,no_fondo,no,no_aplica,recurso_extraordinario,no,no,inadmite,INADMISIBLE_SIN_CAUSAL_EXPLICITA,1
347_p2002,revoca,no,recurrente_gana,recurso_extraordinario,no,si,admite,,1
347_p2015,revoca,no,recurrente_gana,recurso_extraordinario,si,si,admite,,1
347_p2025,no_fondo,no,no_aplica,recurso_extraordinario,no,no,inadmite,FALTA_SENTENCIA_DEFINITIVA,1
347_p2041,deja_sin_efecto,si,recurrente_gana,recurso_extraordinario,no,si,admite,,0
347_p2044,no_revision_demanda,no,no_aplica,,no,no,inadmite,INADMISIBLE_SIN_CAUSAL_EXPLICITA,0
347_p2115,revoca,si,recurrente_gana,recurso_extraordinario,no,si,admite,,1
347_p2146,revoca,si,recurrente_gana,recurso_extraordinario,si,si,admite,,1
347_p2154,revoca,si,recurrente_gana,recurso_extraordinario,no,si,admite,,0
347_p2160,no_fondo,no,no_aplica,recurso_extraordinario,no,no,inadmite,INADMISIBLE_SIN_CAUSAL_EXPLICITA,0
347_p2177,deja_sin_efecto,si,recurrente_gana,recurso_extraordinario,no,si,admite,,1
347_p2186,deja_sin_efecto,no,recurrente_gana,recurso_extraordinario,no,si,admite,,1
347_p2221,no_fondo,no,no_aplica,recurso_extraordinario,no,no,inadmite,INADMISIBLE_SIN_CAUSAL_EXPLICITA,1
347_p2241,no_revision_procesal,no,no_aplica,,no,no,inadmite,INADMISIBLE_SIN_CAUSAL_EXPLICITA,0
347_p2242,no_revision_demanda,no,no_aplica,,no,no,no_aplica,,0
347_p2278,no_fondo,no,no_aplica,,no,no,no_aplica,,0
347_p2286,no_fondo,no,no_aplica,recurso_extraordinario,si,no,sin_marcador,,0
347_p2314,deja_sin_efecto,si,recurrente_gana,recurso_extraordinario,no,si,admite,,1
347_p2318,deja_sin_efecto,si,recurrente_gana,recurso_extraordinario,no,si,admite,,1
347_p2324,deja_sin_efecto,si,recurrente_gana,recurso_extraordinario,no,si,admite,,1
347_p2334,no_fondo,no,no_aplica,recurso_extraordinario,no,no,inadmite,ART_280,1
347_p2352,confirma,no,recurrente_pierde,recurso_extraordinario,no,si,admite,,1
348_p1,no_revision_procesal,no,no_aplica,recurso_extraordinario,no,no,inadmite,INADMISIBLE_REMITE_DICTAMEN,0
348_p21,revoca,si,recurrente_gana,recurso_extraordinario,no,si,admite,,0
348_p31,revoca,no,recurrente_gana,recurso_extraordinario,no,si,admite,,1
348_p33,no_fondo,no,no_aplica,,no,no,sin_marcador,,0
348_p34,no_fondo,no,no_aplica,recurso_extraordinario,no,no,inadmite,ART_280,1
348_p36,revoca,no,recurrente_gana,recurso_extraordinario,no,si,admite,,1
348_p43,no_fondo,no,no_aplica,,no,no,inadmite,INADMISIBLE_SIN_CAUSAL_EXPLICITA,0
348_p45,no_fondo,no,no_aplica,,no,no,inadmite,INADMISIBLE_SIN_CAUSAL_EXPLICITA,0
348_p48,revoca,no,recurrente_gana,recurso_extraordinario,si,si,admite,,1
348_p53,no_fondo,no,no_aplica,,no,no,sin_marcador,,0
348_p54,no_fondo,no,no_aplica,,no,no,sin_marcador,,0
348_p56,deja_sin_efecto,si,recurrente_gana,recurso_extraordinario,no,si,admite,,1
348_p59,no_fondo,no,no_aplica,recurso_extraordinario,no,no,inadmite,INADMISIBLE_SIN_CAUSAL_EXPLICITA,0
348_p60,no_fondo,no,no_aplica,recurso_extraordinario,no,no,inadmite,INADMISIBLE_SIN_CAUSAL_EXPLICITA,0
348_p61,no_fondo,no,no_aplica,,no,no,sin_marcador,,0
348_p78,no_fondo,no,no_aplica,,no,no,inadmite,CUESTION_ABSTRACTA,0
348_p80,no_revision_procesal,no,no_aplica,,no,no,inadmite,INADMISIBLE_SIN_CAUSAL_EXPLICITA,1
348_p82,no_fondo,no,no_aplica,,no,no,sin_marcador,,0
348_p83,no_fondo,no,no_aplica,,no,no,sin_marcador,,0
348_p89,no_fondo,no,no_aplica,,no,no,sin_marcador,,0
348_p90,no_fondo,no,no_aplica,recurso_extraordinario,no,no,sin_marcador,,1
348_p92,no_revision_procesal,no,no_aplica,recurso_extraordinario,no,no,inadmite,ART_280,1
348_p94,no_fondo,no,no_aplica,,no,no,sin_marcador,,0
348_p95,deja_sin_efecto,no,recurrente_gana,recurso_extraordinario,no,si,admite,,1
348_p100,no_revision_procesal,no,no_aplica,recurso_extraordinario,no,no,inadmite,FALTA_SENTENCIA_DEFINITIVA,1
348_p101,confirma,no,recurrente_pierde,recurso_extraordinario,no,si,admite,,1
348_p108,nulidad,no,recurrente_gana,recurso_extraordinario,no,si,admite,,0
348_p113,revoca,si,recurrente_gana,recurso_extraordinario,no,si,admite,,0
348_p165,no_fondo,no,no_aplica,,no,no,inadmite,INADMISIBLE_REMITE_DICTAMEN,1
348_p169,deja_sin_efecto,no,recurrente_gana,recurso_extraordinario,no,si,admite,,1
348_p172,deja_sin_efecto,si,recurrente_gana,recurso_extraordinario,no,si,admite,,1
348_p179,revoca,no,recurrente_gana,recurso_extraordinario,no,si,admite,,1
348_p189,deja_sin_efecto,si,recurrente_gana,recurso_extraordinario,no,si,admite,,1
348_p246,no_fondo,no,no_aplica,recurso_extraordinario,no,no,inadmite,INADMISIBLE_SIN_CAUSAL_EXPLICITA,0
348_p248,deja_sin_efecto,si,recurrente_gana,recurso_extraordinario,no,si,admite,,1
348_p256,deja_sin_efecto,no,recurrente_gana,recurso_extraordinario,no,si,admite,,1
348_p259,deja_sin_efecto,no,recurrente_gana,recurso_extraordinario,no,si,admite,,1
348_p260,no_fondo,no,no_aplica,,no,no,sin_marcador,,0
348_p261,no_fondo,no,no_aplica,,no,no,sin_marcador,,0
348_p262,no_fondo,no,no_aplica,,no,no,sin_marcador,,0
348_p267,deja_sin_efecto,si,recurrente_gana,recurso_extraordinario,no,si,admite,,1
348_p274,no_fondo,no,no_aplica,,no,no,sin_marcador,,0
348_p275,no_fondo,no,no_aplica,,no,no,sin_marcador,,0
348_p276,revoca,si,recurrente_gana,recurso_extraordinario,no,si,admite,,1
348_p286,no_fondo,no,no_aplica,,no,no,sin_marcador,,0
348_p287,no_fondo,no,no_aplica,recurso_extraordinario,no,no,inadmite,ACORDADA_4_2007,0
348_p289,no_fondo,no,no_aplica,,no,no,inadmite,INADMISIBLE_SIN_CAUSAL_EXPLICITA,0
348_p291,deja_sin_efecto,no,recurrente_gana,recurso_extraordinario,no,si,admite,,0
348_p293,no_fondo,no,no_aplica,,no,no,sin_marcador,,0
348_p294,no_fondo,no,no_aplica,,no,no,sin_marcador,,0
348_p295,no_fondo,no,no_aplica,,no,no,sin_marcador,,0
348_p296,deja_sin_efecto,si,recurrente_gana,recurso_extraordinario,no,si,admite,,1
348_p308,deja_sin_efecto,no,recurrente_gana,,no,si,admite,,1
348_p311,no_fondo,no,no_aplica,recurso_extraordinario,no,no,sin_marcador,,1
348_p313,no_fondo,no,no_aplica,,no,no,sin_marcador,,0
348_p314,deja_sin_efecto,si,recurrente_gana,recurso_extraordinario,no,si,admite,,0
348_p323,no_revision_procesal,no,no_aplica,,no,no,inadmite,INADMISIBLE_SIN_CAUSAL_EXPLICITA,1
348_p325,no_fondo,no,no_aplica,,no,no,sin_marcador,,0
348_p328,no_fondo,no,no_aplica,,no,no,sin_marcador,,0
348_p329,no_fondo,no,no_aplica,,no,no,sin_marcador,,0
348_p330,nulidad_concesion,si,no_aplica,recurso_extraordinario,si,no,sin_marcador,,0
348_p332,deja_sin_efecto,no,recurrente_gana,recurso_extraordinario,no,si,admite,,1
348_p338,no_revision_demanda,no,no_aplica,,no,no,no_aplica,,0
348_p346,deja_sin_efecto,si,recurrente_gana,recurso_extraordinario,no,si,admite,,0
348_p355,no_fondo,no,no_aplica,recurso_extraordinario,no,no,admite,,1
348_p372,confirma,no,recurrente_pierde,recurso_extraordinario,no,si,admite,,0
348_p380,deja_sin_efecto,si,recurrente_gana,recurso_extraordinario,no,si,admite,,1
348_p389,revoca,no,recurrente_gana,recurso_extraordinario,no,si,admite,,0
348_p405,no_revision_demanda,no,no_aplica,,no,no,no_aplica,,0
348_p419,no_revision_demanda,no,no_aplica,,no,no,no_aplica,,0
348_p434,no_fondo,no,no_aplica,recurso_extraordinario,no,no,inadmite,CUESTION_ABSTRACTA,1
348_p437,deja_sin_efecto,si,recurrente_gana,recurso_extraordinario,no,si,admite,,1
348_p439,no_revision_procesal,no,no_aplica,recurso_extraordinario,no,no,inadmite,INADMISIBLE_SIN_CAUSAL_EXPLICITA,0
348_p443,no_fondo,no,no_aplica,recurso_extraordinario,no,no,sin_marcador,,0
348_p452,deja_sin_efecto,no,recurrente_gana,recurso_extraordinario,no,si,admite,,0
348_p461,no_revision_demanda,no,no_aplica,,no,no,no_aplica,,0
348_p473,no_revision_demanda,no,no_aplica,,no,no,sin_marcador,,0
348_p474,deja_sin_efecto,no,recurrente_gana,recurso_extraordinario,no,si,admite,,1
348_p487,deja_sin_efecto,si,recurrente_gana,recurso_extraordinario,no,si,admite,,1
348_p491,deja_sin_efecto,si,recurrente_gana,recurso_extraordinario,no,si,admite,,1
348_p494,no_fondo,no,no_aplica,recurso_extraordinario,no,no,inadmite,FALTA_FUNDAMENTACION_AUTONOMA,1
348_p519,no_fondo,no,no_aplica,,no,no,inadmite,INADMISIBLE_REMITE_DICTAMEN,1
348_p524,deja_sin_efecto,si,recurrente_gana,recurso_extraordinario,no,si,admite,,0
348_p532,no_fondo,no,no_aplica,recurso_extraordinario,no,no,sin_marcador,,0
348_p533,no_fondo,no,no_aplica,,no,no,sin_marcador,,0
348_p534,revoca,si,recurrente_gana,recurso_extraordinario,no,si,admite,,1
348_p563,revoca,no,recurrente_gana,recurso_extraordinario,no,si,admite,,0
348_p569,no_revision_procesal,no,no_aplica,recurso_extraordinario,no,no,sin_marcador,,0
348_p576,revoca,no,recurrente_gana,recurso_extraordinario,no,si,admite,,1
348_p589,no_fondo,no,no_aplica,recurso_extraordinario,no,no,inadmite,INADMISIBLE_REMITE_DICTAMEN,0
348_p611,deja_sin_efecto,no,recurrente_gana,recurso_extraordinario,si,si,admite,,0
348_p635,no_revision_procesal,no,no_aplica,recurso_extraordinario,no,no,inadmite,ART_280,1
348_p644,confirma,no,recurrente_pierde,recurso_ordinario,no,si,admite,,0
348_p659,no_revision_procesal,no,no_aplica,recurso_extraordinario,no,no,sin_marcador,,1
348_p662,revoca,no,recurrente_gana,recurso_extraordinario,no,si,admite,,1
348_p678,no_fondo,no,no_aplica,recurso_extraordinario,si,no,admite,,1
348_p680,no_revision_competencia,no,no_aplica,,no,no,sin_marcador,,0
348_p689,revoca,no,recurrente_gana,recurso_extraordinario,si,si,admite,,1
348_p696,no_fondo,no,no_aplica,,no,no,inadmite,INADMISIBLE_REMITE_DICTAMEN,1
348_p700,nulidad_concesion,no,no_aplica,recurso_extraordinario,si,no,sin_marcador,,0
348_p708,no_fondo,no,no_aplica,,no,no,sin_marcador,,0
348_p716,no_fondo,no,no_aplica,,no,no,sin_marcador,,0
348_p719,no_revision_competencia,no,no_aplica,,no,no,sin_marcador,,0
348_p728,no_fondo,no,no_aplica,,no,no,no_aplica,,0
348_p747,confirma,no,recurrente_pierde,recurso_extraordinario,no,si,admite,,0
348_p751,deja_sin_efecto,si,recurrente_gana,recurso_extraordinario,no,si,admite,,1
348_p755,no_fondo,no,no_aplica,recurso_extraordinario,no,no,inadmite,CUESTION_ABSTRACTA,1
348_p756,deja_sin_efecto,si,recurrente_gana,recurso_extraordinario,no,si,admite,,1
348_p763,deja_sin_efecto,no,recurrente_gana,recurso_extraordinario,no,si,admite,,1
348_p773,deja_sin_efecto,si,recurrente_gana,recurso_extraordinario,si,si,admite,,1
348_p782,deja_sin_efecto,no,recurrente_gana,recurso_extraordinario,no,no,admite,,1
348_p795,deja_sin_efecto,no,recurrente_gana,recurso_extraordinario,no,si,admite,,1
348_p802,deja_sin_efecto,si,recurrente_gana,recurso_extraordinario,si,si,admite,,0
348_p805,no_fondo,no,no_aplica,,no,no,inadmite,DEPOSITO_PREVIO,0
348_p807,no_fondo,no,no_aplica,recurso_extraordinario,no,no,inadmite,FALTA_SENTENCIA_DEFINITIVA,1
348_p809,no_fondo,no,no_aplica,,no,no,inadmite,INADMISIBLE_SIN_CAUSAL_EXPLICITA,0
348_p811,no_fondo,no,no_aplica,recurso_extraordinario,no,no,inadmite,ACORDADA_4_2007,1
348_p813,no_revision_demanda,no,no_aplica,,no,no,no_aplica,,0
348_p821,revoca,no,recurrente_gana,recurso_extraordinario,si,si,admite,,1
348_p834,deja_sin_efecto,si,recurrente_gana,recurso_extraordinario,no,si,admite,,1
348_p841,no_fondo,no,no_aplica,recurso_extraordinario,si,no,admite,,1
348_p878,no_fondo,no,no_aplica,,no,no,sin_marcador,,0
348_p879,no_fondo,no,no_aplica,recurso_extraordinario,no,no,inadmite,ART_280,1
348_p886,confirma,no,recurrente_pierde,,no,si,admite,,0
348_p889,deja_sin_efecto,si,recurrente_gana,recurso_extraordinario,no,si,admite,,1
348_p892,no_revision_procesal,no,no_aplica,recurso_extraordinario,no,no,sin_marcador,,0
348_p895,no_revision_demanda,no,no_aplica,recurso_extraordinario,no,no,admite,,1
348_p917,revoca,no,recurrente_gana,recurso_extraordinario,no,si,admite,,0
348_p932,revoca,no,recurrente_gana,recurso_extraordinario,no,si,admite,,0
348_p940,no_fondo,no,no_aplica,recurso_extraordinario,no,no,sin_marcador,,1
348_p943,confirma,no,recurrente_pierde,recurso_extraordinario,no,si,admite,,1
348_p953,deja_sin_efecto,no,recurrente_gana,recurso_extraordinario,no,si,admite,,1
348_p955,no_fondo,no,no_aplica,,no,no,inadmite,INADMISIBLE_SIN_CAUSAL_EXPLICITA,0
348_p957,deja_sin_efecto,si,recurrente_gana,recurso_extraordinario,no,si,admite,,1
348_p967,no_revision_demanda,no,no_aplica,,no,no,no_aplica,,0
348_p975,revoca,no,recurrente_gana,recurso_extraordinario,no,si,admite,,1
348_p983,no_revision_demanda,no,no_aplica,,no,no,sin_marcador,,0
348_p1028,no_fondo,no,no_aplica,,no,no,sin_marcador,,0
348_p1030,nulidad_concesion,si,no_aplica,recurso_extraordinario,si,no,sin_marcador,,0
348_p1032,no_fondo,no,no_aplica,,no,no,sin_marcador,,0
348_p1035,confirma,no,recurrente_pierde,recurso_extraordinario,no,si,admite,,0
348_p1045,revoca,si,recurrente_gana,recurso_extraordinario,no,si,admite,,1
348_p1058,confirma,no,recurrente_pierde,recurso_extraordinario,no,si,admite,,0
348_p1064,no_fondo,no,no_aplica,recurso_extraordinario,no,no,inadmite,ART_280,1
348_p1076,confirma,no,recurrente_pierde,recurso_extraordinario,no,si,admite,,1
348_p1083,revoca,si,recurrente_gana,recurso_extraordinario,no,si,admite,,1
348_p1087,revoca,si,recurrente_gana,recurso_extraordinario,no,si,admite,,1
348_p1097,no_fondo,no,no_aplica,recurso_extraordinario,no,no,inadmite,ART_280,0
348_p1104,deja_sin_efecto,si,recurrente_gana,recurso_extraordinario,no,si,admite,,1
348_p1109,no_revision_procesal,no,no_aplica,recurso_extraordinario,si,no,inadmite,ART_280,0
348_p1130,no_revision_procesal,no,no_aplica,recurso_extraordinario,no,no,inadmite,INADMISIBLE_SIN_CAUSAL_EXPLICITA,0
348_p1133,no_fondo,no,no_aplica,,no,no,inadmite,INADMISIBLE_REMITE_DICTAMEN,1
348_p1149,revoca,si,recurrente_gana,recurso_extraordinario,no,si,admite,,1
348_p1152,nulidad,si,recurrente_gana,recurso_extraordinario,no,si,admite,,1
348_p1159,deja_sin_efecto,si,recurrente_gana,recurso_extraordinario,no,si,admite,,1
348_p1169,no_fondo,no,no_aplica,recurso_extraordinario,no,no,inadmite,FALTA_SENTENCIA_DEFINITIVA,1
348_p1170,no_revision_procesal,no,no_aplica,,no,no,sin_marcador,,0
348_p1173,confirma,no,recurrente_pierde,recurso_extraordinario,no,si,admite,,1
348_p1178,deja_sin_efecto,si,recurrente_gana,recurso_extraordinario,no,si,admite,,1
348_p1189,nulidad,si,recurrente_gana,recurso_extraordinario,si,si,admite,,0
348_p1192,deja_sin_efecto,si,recurrente_gana,recurso_extraordinario,no,si,admite,,1
348_p1197,confirma,no,recurrente_pierde,recurso_ordinario,no,si,admite,,0
348_p1225,no_fondo,no,no_aplica,recurso_extraordinario,no,no,inadmite,INADMISIBLE_SIN_CAUSAL_EXPLICITA,1
348_p1227,no_fondo,no,no_aplica,recurso_extraordinario,no,no,inadmite,INADMISIBLE_SIN_CAUSAL_EXPLICITA,1
348_p1228,no_revision_procesal,no,no_aplica,,no,no,sin_marcador,,0
348_p1230,no_fondo,no,no_aplica,,no,no,sin_marcador,,0
348_p1231,no_fondo,no,no_aplica,,no,no,sin_marcador,,0
348_p1242,no_fondo,no,no_aplica,,no,no,no_aplica,,0
348_p1254,no_fondo,no,no_aplica,,no,no,sin_marcador,,0
348_p1255,confirma,no,recurrente_pierde,recurso_ordinario,no,si,admite,,0
348_p1262,deja_sin_efecto,si,recurrente_gana,recurso_extraordinario,no,si,admite,,1
348_p1265,nulidad,si,recurrente_gana,recurso_extraordinario,no,si,admite,,1
348_p1266,no_revision_procesal,no,no_aplica,,no,no,inadmite,INADMISIBLE_SIN_CAUSAL_EXPLICITA,0
348_p1269,no_fondo,no,no_aplica,,no,no,sin_marcador,,0
348_p1277,deja_sin_efecto,si,recurrente_gana,recurso_extraordinario,no,si,admite,,0
348_p1286,revoca,si,recurrente_gana,recurso_extraordinario,no,si,admite,,0
348_p1316,revoca,si,recurrente_gana,recurso_extraordinario,no,si,admite,,1
348_p1334,revoca,si,recurrente_gana,recurso_extraordinario,no,si,admite,,1
348_p1347,no_fondo,no,no_aplica,,no,no,inadmite,CUESTION_ABSTRACTA,0
348_p1351,no_fondo,no,no_aplica,,no,no,sin_marcador,,0
348_p1352,no_fondo,no,no_aplica,recurso_extraordinario,no,no,admite,,1
348_p1357,deja_sin_efecto,si,recurrente_gana,recurso_extraordinario,no,si,admite,,1
348_p1378,deja_sin_efecto,si,recurrente_gana,recurso_extraordinario,si,si,admite,,1
348_p1383,revoca,no,recurrente_gana,recurso_extraordinario,no,si,admite,,1
348_p1412,no_fondo,no,no_aplica,recurso_extraordinario,no,no,inadmite,INADMISIBLE_REMITE_DICTAMEN,0
348_p1418,deja_sin_efecto,no,recurrente_gana,recurso_extraordinario,no,si,admite,,1
348_p1421,deja_sin_efecto,si,recurrente_gana,recurso_extraordinario,no,si,admite,,0
348_p1429,no_fondo,no,no_aplica,,no,no,sin_marcador,,0
348_p1430,deja_sin_efecto,si,recurrente_gana,recurso_extraordinario,no,si,admite,,1
348_p1435,revoca,no,recurrente_gana,recurso_extraordinario,no,si,admite,,1
348_p1447,deja_sin_efecto,si,recurrente_gana,recurso_extraordinario,no,si,admite,,1
348_p1450,revoca,si,recurrente_gana,recurso_extraordinario,si,si,admite,,1
348_p1471,deja_sin_efecto,no,recurrente_gana,recurso_extraordinario,no,si,admite,,0
348_p1478,no_revision_demanda,no,no_aplica,,no,no,no_aplica,,0
348_p1485,no_revision_demanda,no,no_aplica,recurso_extraordinario,no,no,no_aplica,,0
348_p1493,no_fondo,no,no_aplica,,no,no,inadmite,INADMISIBLE_SIN_CAUSAL_EXPLICITA,0
348_p1494,no_fondo,no,no_aplica,,no,no,no_aplica,,0
348_p1499,revoca,no,recurrente_gana,recurso_extraordinario,no,no,admite,,0
348_p1502,no_fondo,no,no_aplica,recurso_extraordinario,no,no,inadmite,ACORDADA_4_2007,1
348_p1505,deja_sin_efecto,si,recurrente_gana,recurso_extraordinario,no,si,admite,,1
348_p1511,deja_sin_efecto,si,recurrente_gana,recurso_extraordinario,no,si,admite,,1
348_p1516,deja_sin_efecto,si,recurrente_gana,recurso_extraordinario,no,si,admite,,1
348_p1519,no_fondo,no,no_aplica,,no,no,sin_marcador,,0
348_p1523,no_fondo,no,no_aplica,,no,no,sin_marcador,,0
348_p1524,deja_sin_efecto,si,recurrente_gana,recurso_extraordinario,no,si,admite,,1
348_p1533,no_fondo,no,no_aplica,,no,no,sin_marcador,,0
348_p1534,no_fondo,no,no_aplica,,no,no,sin_marcador,,0
348_p1535,deja_sin_efecto,si,recurrente_gana,recurso_extraordinario,no,si,admite,,1
348_p1540,deja_sin_efecto,no,recurrente_gana,recurso_extraordinario,no,si,admite,,1
348_p1546,no_fondo,no,no_aplica,,no,no,sin_marcador,,0
348_p1547,revoca,si,recurrente_gana,recurso_extraordinario,no,si,admite,,0
348_p1553,confirma,no,recurrente_pierde,recurso_extraordinario,no,si,admite,,0
348_p1569,confirma,no,recurrente_pierde,recurso_extraordinario,no,si,inadmite,INADMISIBLE_REMITE_DICTAMEN,1
348_p1576,no_fondo,no,no_aplica,recurso_extraordinario,no,no,no_aplica,,0
348_p1585,nulidad_concesion,si,no_aplica,recurso_extraordinario,si,no,sin_marcador,,0
348_p1587,deja_sin_efecto,si,recurrente_gana,recurso_extraordinario,no,si,admite,,0
348_p1593,deja_sin_efecto,si,recurrente_gana,recurso_extraordinario,no,si,admite,,1
348_p1599,deja_sin_efecto,si,recurrente_gana,recurso_extraordinario,no,si,admite,,1
348_p1604,deja_sin_efecto,si,recurrente_gana,recurso_extraordinario,no,si,admite,,1
348_p1610,deja_sin_efecto,si,recurrente_gana,recurso_extraordinario,no,si,admite,,1
348_p1616,deja_sin_efecto,no,recurrente_gana,recurso_extraordinario,si,si,admite,,1
348_p1620,deja_sin_efecto,si,recurrente_gana,recurso_extraordinario,no,si,admite,,0
348_p1627,deja_sin_efecto,si,recurrente_gana,recurso_extraordinario,no,si,admite,,1
348_p1642,no_fondo,no,no_aplica,,no,no,sin_marcador,,0
348_p1645,deja_sin_efecto,si,recurrente_gana,recurso_extraordinario,no,si,admite,,1
348_p1655,deja_sin_efecto,si,recurrente_gana,recurso_extraordinario,no,si,admite,,1
348_p1661,deja_sin_efecto,si,recurrente_gana,recurso_extraordinario,no,si,admite,,1
348_p1675,no_fondo,no,no_aplica,recurso_extraordinario,no,no,no_aplica,,0
348_p1686,no_fondo,no,no_aplica,,no,no,sin_marcador,,0
348_p1698,revoca,no,recurrente_gana,recurso_extraordinario,si,si,admite,,1
348_p1710,deja_sin_efecto,si,recurrente_gana,recurso_extraordinario,no,si,admite,,1
348_p1714,no_fondo,no,no_aplica,recurso_extraordinario,no,no,sin_marcador,,1
348_p1717,nulidad_concesion,no,no_aplica,recurso_extraordinario,no,no,sin_marcador,,0
348_p1719,no_fondo,no,no_aplica,,no,no,sin_marcador,,0
348_p1721,no_revision_procesal,no,no_aplica,,no,no,no_aplica,,0
348_p1728,no_fondo,no,no_aplica,,no,no,sin_marcador,,0
348_p1729,no_fondo,no,no_aplica,,no,no,sin_marcador,,0
348_p1730,no_fondo,no,no_aplica,,no,no,sin_marcador,,0
348_p1733,no_revision_procesal,no,no_aplica,,no,no,sin_marcador,,0
348_p1738,no_fondo,no,no_aplica,,no,no,inadmite,INADMISIBLE_SIN_CAUSAL_EXPLICITA,0
348_p1741,confirma,no,recurrente_pierde,recurso_ordinario,no,si,admite,,0
348_p1746,deja_sin_efecto,si,recurrente_gana,recurso_extraordinario,no,si,admite,,1
348_p1751,no_fondo,no,no_aplica,recurso_extraordinario,no,no,sin_marcador,,1
348_p1757,no_fondo,no,no_aplica,,no,no,inadmite,INADMISIBLE_REMITE_DICTAMEN,1
348_p1761,no_fondo,no,no_aplica,,no,no,inadmite,INADMISIBLE_REMITE_DICTAMEN,1
348_p1770,no_fondo,no,no_aplica,,no,no,sin_marcador,,0
348_p1772,deja_sin_efecto,si,recurrente_gana,recurso_ordinario,no,si,admite,,0
348_p1783,deja_sin_efecto,si,recurrente_gana,recurso_extraordinario,no,si,admite,,1
348_p1786,no_fondo,no,no_aplica,,no,no,inadmite,INADMISIBLE_REMITE_DICTAMEN,1
348_p1793,nulidad,no,recurrente_gana,recurso_extraordinario,no,no,admite,,1
348_p1796,confirma,no,recurrente_pierde,recurso_extraordinario,no,si,admite,,0
349_p1,deja_sin_efecto,si,recurrente_gana,recurso_extraordinario,no,si,admite,,1
349_p10,no_fondo,no,no_aplica,,no,no,sin_marcador,,0
349_p15,no_fondo,no,no_aplica,recurso_extraordinario,no,no,inadmite,ART_280,1
349_p20,nulidad_concesion,si,no_aplica,recurso_extraordinario,si,no,sin_marcador,,0
349_p22,no_revision_procesal,no,no_aplica,recurso_extraordinario,no,no,inadmite,CADUCIDAD_INSTANCIA,0
349_p25,no_revision_procesal,no,no_aplica,,no,no,inadmite,INADMISIBLE_SIN_CAUSAL_EXPLICITA,0
349_p28,revoca,no,recurrente_gana,recurso_ordinario,no,si,admite,,0
349_p34,revoca,si,recurrente_gana,recurso_extraordinario,no,si,admite,,1
349_p40,deja_sin_efecto,si,recurrente_gana,recurso_extraordinario,no,si,admite,,1
349_p53,revoca,no,recurrente_gana,recurso_extraordinario,no,si,admite,,0
349_p60,deja_sin_efecto,si,recurrente_gana,recurso_extraordinario,no,si,admite,,1
349_p62,deja_sin_efecto,si,recurrente_gana,recurso_extraordinario,no,si,admite,,1
349_p73,no_fondo,no,no_aplica,,no,no,no_aplica,,0
349_p75,no_fondo,no,no_aplica,,no,no,sin_marcador,,0
349_p77,no_fondo,no,no_aplica,,no,no,no_aplica,,0
349_p80,no_fondo,no,no_aplica,recurso_extraordinario,no,no,inadmite,CUESTION_ABSTRACTA,1
349_p81,deja_sin_efecto,si,recurrente_gana,recurso_extraordinario,no,si,admite,,1
349_p95,revoca,no,recurrente_gana,recurso_ordinario,no,no,admite,,0
349_p105,no_fondo,no,no_aplica,,no,no,inadmite,CUESTION_ABSTRACTA,0
349_p107,deja_sin_efecto,no,recurrente_gana,recurso_extraordinario,no,si,admite,,1
349_p131,deja_sin_efecto,si,recurrente_gana,recurso_extraordinario,no,si,admite,,1
349_p139,revoca,si,recurrente_gana,recurso_extraordinario,no,si,admite,,1
349_p148,deja_sin_efecto,no,recurrente_gana,recurso_extraordinario,no,si,admite,,1
349_p163,no_fondo,no,no_aplica,recurso_extraordinario,no,no,inadmite,FALTA_SENTENCIA_DEFINITIVA,0
349_p166,revoca,no,recurrente_gana,recurso_extraordinario,si,si,admite,,0
349_p201,grant_remand_implicito,si,recurrente_gana,recurso_extraordinario,no,si,admite,,0
349_p203,deja_sin_efecto,si,recurrente_gana,recurso_extraordinario,no,si,admite,,1
349_p207,no_fondo,no,no_aplica,recurso_extraordinario,no,no,sin_marcador,,1
349_p210,no_fondo,no,no_aplica,,no,no,inadmite,INADMISIBLE_REMITE_DICTAMEN,1
349_p215,deja_sin_efecto,no,recurrente_gana,recurso_extraordinario,no,si,admite,,0
349_p225,deja_sin_efecto,si,recurrente_gana,recurso_extraordinario,si,si,admite,,0
349_p244,deja_sin_efecto,no,recurrente_gana,recurso_extraordinario,no,si,admite,,1
349_p247,no_fondo,no,no_aplica,recurso_extraordinario,no,no,inadmite,FALTA_FUNDAMENTACION_AUTONOMA,1
349_p251,no_fondo,no,no_aplica,recurso_extraordinario,no,no,inadmite,ART_280,0
349_p253,nulidad,no,recurrente_gana,recurso_extraordinario,no,si,admite,,1
349_p256,no_fondo,no,no_aplica,,no,no,inadmite,ACORDADA_4_2007,0
349_p258,no_fondo,si,no_aplica,recurso_extraordinario,si,no,sin_marcador,,0
349_p260,revoca,si,recurrente_gana,recurso_extraordinario,no,si,admite,,0
349_p269,deja_sin_efecto,si,recurrente_gana,recurso_extraordinario,no,si,admite,,1
349_p280,revoca,no,recurrente_gana,recurso_extraordinario,no,si,admite,,1
349_p286,no_fondo,no,no_aplica,,no,no,sin_marcador,,0
349_p287,confirma,no,recurrente_pierde,recurso_extraordinario,no,si,admite,,1
349_p291,deja_sin_efecto,si,recurrente_gana,recurso_extraordinario,no,si,admite,,1
349_p300,revoca,si,recurrente_gana,recurso_extraordinario,no,si,admite,,1
349_p306,deja_sin_efecto,si,recurrente_gana,recurso_extraordinario,no,si,admite,,1
