Tipo Tramite (casos con fallos 2025.sav) (grupo)-alias,REC(casos con fallos 2025.sav)-value,REC(casos con fallos 2025.sav)-alias
REGULA HONORARIOS,0.7243426632739609,0.7243426632739609
REPOSICIÓN/ACLARATORIA,0.19253604749787956,0.19253604749787956
SUSPENSIÓN DEL TRÁMITE,0.030534351145038167,0.030534351145038167
DECLARA COMPETENCIA,0.02586938083121289,0.02586938083121289
EXCUSACIÓN - RECUSACIÓN,0.015267175572519083,0.015267175572519083
PROCEDIMIENTO,0.007209499575911791,0.007209499575911791
RECHAZA/RECHAZA MEDIDA CAUTELAR,0.0016963528413910093,0.0016963528413910093
NULIDAD,0.001272264631043257,0.001272264631043257
ADMITE MEDIDA CAUTELAR,0.001272264631043257,0.001272264631043257
