VALORACION -alias,REC(casos con fallos 2025.sav)-alias
❌,0.09914024717893606
✅,0.9008597528210638
