caso_id_canonico,via,disposicion,parte_ganadora,reenvia,needs_alignment
329_p5,recurso_concedido,revoca,recurrente_gana,True,False
329_p15,queja,revoca,recurrente_gana,True,False
329_p20,queja,deja_sin_efecto,recurrente_gana,False,True
329_p28,queja,deja_sin_efecto,recurrente_gana,True,False
329_p59,recurso_concedido,no_revision_demanda,no_aplica,False,False
329_p78,recurso_concedido,no_revision_procesal,no_aplica,False,False
329_p88,queja,deja_sin_efecto,recurrente_gana,True,False
329_p94,recurso_concedido,deja_sin_efecto,recurrente_gana,False,False
329_p120,recurso_concedido,nulidad,recurrente_gana,True,False
329_p123,recurso_concedido,revoca,recurrente_gana,False,False
329_p142,queja,deja_sin_efecto,recurrente_gana,False,False
329_p149,queja,deja_sin_efecto,recurrente_gana,True,False
329_p184,recurso_concedido,confirma,recurrente_pierde,False,False
329_p187,recurso_concedido,confirma,recurrente_pierde,False,False
329_p201,queja,revoca,recurrente_gana,True,False
329_p222,recurso_concedido,no_revision_procesal,no_aplica,False,False
329_p239,recurso_concedido,revoca,recurrente_gana,False,False
329_p300,recurso_concedido,confirma,recurrente_pierde,False,False
329_p304,recurso_concedido,confirma,recurrente_pierde,False,False
329_p314,recurso_concedido,deja_sin_efecto,recurrente_gana,True,False
329_p318,queja,deja_sin_efecto,recurrente_gana,True,False
329_p335,queja,deja_sin_efecto,recurrente_gana,False,False
329_p358,recurso_concedido,no_revision_demanda,no_aplica,False,False
329_p385,recurso_concedido,confirma,recurrente_pierde,False,False
329_p429,recurso_concedido,nulidad,recurrente_gana,True,False
329_p431,queja,no_revision_procesal,no_aplica,False,False
329_p432,recurso_concedido,revoca,recurrente_gana,False,False
329_p445,recurso_concedido,revoca,recurrente_gana,False,False
329_p463,recurso_concedido,revoca,recurrente_gana,False,False
329_p471,recurso_concedido,deja_sin_efecto,recurrente_gana,False,False
329_p472,recurso_concedido,deja_sin_efecto,recurrente_gana,False,False
329_p473,queja,revoca,recurrente_gana,False,False
329_p502,queja,deja_sin_efecto,recurrente_gana,True,False
329_p513,queja,deja_sin_efecto,recurrente_gana,False,False
329_p518,queja,revoca,recurrente_gana,True,False
329_p526,queja,deja_sin_efecto,recurrente_gana,True,False
329_p530,queja,deja_sin_efecto,recurrente_gana,True,False
329_p548,recurso_concedido,no_revision_procesal,no_aplica,False,False
329_p553,recurso_concedido,no_revision_procesal,no_aplica,False,False
329_p573,recurso_concedido,revoca,recurrente_gana,False,False
329_p576,recurso_concedido,revoca,recurrente_gana,False,False
329_p584,recurso_concedido,confirma,recurrente_pierde,False,False
329_p595,recurso_concedido,revoca,recurrente_gana,False,False
329_p623,queja,sin_disposicion_legible,no_aplica,False,False
329_p624,recurso_concedido,revoca,recurrente_gana,True,False
329_p634,recurso_concedido,deja_sin_efecto,recurrente_gana,False,False
329_p639,recurso_concedido,revoca,recurrente_gana,False,False
329_p669,recurso_concedido,confirma,recurrente_pierde,False,False
329_p679,recurso_concedido,deja_sin_efecto,recurrente_gana,True,False
329_p710,queja,deja_sin_efecto,recurrente_gana,True,False
329_p723,queja,deja_sin_efecto,recurrente_gana,True,False
329_p792,recurso_concedido,no_revision_demanda,no_aplica,False,False
329_p868,recurso_concedido,revoca,recurrente_gana,False,False
329_p872,recurso_concedido,confirma,recurrente_pierde,False,False
329_p888,recurso_concedido,revoca,recurrente_gana,True,False
329_p899,recurso_concedido,deja_sin_efecto,recurrente_gana,True,False
329_p904,recurso_concedido,confirma,recurrente_pierde,False,False
329_p909,queja,deja_sin_efecto,recurrente_gana,True,False
329_p926,queja,no_revision_procesal,no_aplica,False,False
329_p959,recurso_concedido,revoca,recurrente_gana,False,False
329_p972,recurso_concedido,confirma,recurrente_pierde,False,False
329_p976,queja,confirma,recurrente_pierde,False,False
329_p984,recurso_concedido,confirma,recurrente_pierde,False,False
329_p988,recurso_concedido,confirma,recurrente_pierde,False,False
329_p997,queja,deja_sin_efecto,recurrente_gana,True,False
329_p1002,queja,deja_sin_efecto,recurrente_gana,False,False
329_p1007,queja,confirma,recurrente_pierde,False,False
329_p1012,queja,deja_sin_efecto,recurrente_gana,True,False
329_p1040,recurso_concedido,deja_sin_efecto,recurrente_gana,True,False
329_p1045,recurso_concedido,por_ello_cortado,no_aplica,False,False
329_p1053,queja,revoca,recurrente_gana,True,False
329_p1066,queja,revoca,recurrente_gana,True,False
329_p1092,queja,confirma,recurrente_pierde,False,False
329_p1219,queja,deja_sin_efecto,recurrente_gana,False,False
329_p1245,recurso_concedido,confirma,recurrente_pierde,False,False
329_p1310,recurso_concedido,no_revision_procesal,no_aplica,False,False
329_p1317,recurso_concedido,no_revision_demanda,no_aplica,False,False
329_p1350,recurso_concedido,revoca,recurrente_gana,False,False
329_p1391,queja,deja_sin_efecto,recurrente_gana,True,False
329_p1399,recurso_concedido,revoca,recurrente_gana,False,False
329_p1417,recurso_concedido,confirma,recurrente_pierde,False,False
329_p1425,recurso_concedido,revoca,recurrente_gana,False,False
329_p1436,recurso_concedido,revoca,recurrente_gana,True,False
329_p1440,recurso_concedido,confirma,recurrente_pierde,False,False
329_p1447,recurso_concedido,deja_sin_efecto,recurrente_gana,True,False
329_p1473,recurso_concedido,confirma,recurrente_pierde,False,False
329_p1480,recurso_concedido,deja_sin_efecto,recurrente_gana,True,False
329_p1514,queja,deja_sin_efecto,recurrente_gana,True,False
329_p1539,queja,no_revision_procesal,no_aplica,False,False
329_p1541,queja,deja_sin_efecto,recurrente_gana,False,False
329_p1554,recurso_concedido,nulidad,recurrente_gana,False,False
329_p1619,recurso_concedido,revoca,recurrente_gana,False,False
329_p1622,queja,deja_sin_efecto,recurrente_gana,False,False
329_p1626,recurso_concedido,nulidad,recurrente_gana,False,False
329_p1638,recurso_concedido,revoca,recurrente_gana,False,False
329_p1661,queja,deja_sin_efecto,recurrente_gana,False,False
329_p1673,recurso_concedido,no_revision_procesal,no_aplica,False,False
329_p1715,recurso_concedido,deja_sin_efecto,recurrente_gana,True,False
329_p1762,queja,deja_sin_efecto,recurrente_gana,True,False
329_p1779,queja,revoca,recurrente_gana,True,False
329_p1794,queja,nulidad,recurrente_gana,False,False
329_p1812,queja,deja_sin_efecto,recurrente_gana,True,False
329_p1821,queja,revoca,recurrente_gana,False,False
329_p1881,recurso_concedido,no_revision_demanda,no_aplica,False,False
329_p1930,recurso_concedido,confirma,recurrente_pierde,False,False
329_p1936,recurso_concedido,confirma,recurrente_pierde,False,False
329_p1938,recurso_concedido,confirma,recurrente_pierde,False,False
329_p1951,recurso_concedido,confirma,recurrente_pierde,False,False
329_p1963,recurso_concedido,revoca,recurrente_gana,True,False
329_p1969,recurso_concedido,confirma,recurrente_pierde,False,False
329_p2024,queja,deja_sin_efecto,recurrente_gana,True,False
329_p2037,queja,deja_sin_efecto,recurrente_gana,True,False
329_p2051,queja,deja_sin_efecto,recurrente_gana,True,False
329_p2055,queja,deja_sin_efecto,recurrente_gana,True,False
329_p2146,recurso_concedido,revoca,recurrente_gana,False,False
329_p2149,recurso_concedido,revoca,recurrente_gana,False,False
329_p2152,recurso_concedido,revoca,recurrente_gana,True,False
329_p2158,queja,revoca,recurrente_gana,False,False
329_p2166,queja,deja_sin_efecto,recurrente_gana,False,False
329_p2174,queja,deja_sin_efecto,recurrente_gana,False,False
329_p2179,queja,deja_sin_efecto,recurrente_gana,True,False
329_p2191,recurso_concedido,revoca,recurrente_gana,True,False
329_p2194,recurso_concedido,revoca,recurrente_gana,False,False
329_p2197,recurso_concedido,confirma,recurrente_pierde,False,False
329_p2199,queja,revoca,recurrente_gana,False,False
329_p2212,recurso_concedido,deja_sin_efecto,recurrente_gana,True,False
329_p2221,queja,no_revision_procesal,no_aplica,False,False
329_p2226,recurso_concedido,no_revision_procesal,no_aplica,False,False
329_p2231,recurso_concedido,no_revision_demanda,no_aplica,False,False
329_p2261,recurso_concedido,revoca,recurrente_gana,False,False
329_p2265,recurso_concedido,revoca,recurrente_gana,True,False
329_p2274,recurso_concedido,deja_sin_efecto,recurrente_gana,True,False
329_p2280,recurso_concedido,confirma,recurrente_pierde,False,False
329_p2284,queja,revoca,recurrente_gana,True,False
329_p2347,recurso_concedido,revoca,recurrente_gana,False,False
329_p2351,recurso_concedido,deja_sin_efecto,recurrente_gana,True,False
329_p2367,recurso_concedido,confirma,recurrente_pierde,False,False
329_p2413,recurso_concedido,revoca,recurrente_gana,True,False
329_p2419,recurso_concedido,deja_sin_efecto,recurrente_gana,True,False
329_p2429,queja,revoca,recurrente_gana,True,False
329_p2433,queja,deja_sin_efecto,recurrente_gana,False,False
329_p2440,queja,deja_sin_efecto,recurrente_gana,True,False
329_p2450,queja,deja_sin_efecto,recurrente_gana,True,False
329_p2459,queja,deja_sin_efecto,recurrente_gana,True,False
329_p2498,recurso_concedido,revoca,recurrente_gana,False,False
329_p2503,recurso_concedido,confirma,recurrente_pierde,False,False
329_p2511,recurso_concedido,revoca,recurrente_gana,False,False
329_p2532,recurso_concedido,deja_sin_efecto,recurrente_gana,False,False
329_p2539,recurso_concedido,confirma,recurrente_pierde,False,False
329_p2547,recurso_concedido,revoca,recurrente_gana,True,False
329_p2552,recurso_concedido,confirma,recurrente_pierde,False,False
329_p2563,recurso_concedido,deja_sin_efecto,recurrente_gana,True,False
329_p2569,recurso_concedido,revoca,recurrente_gana,True,False
329_p2575,recurso_concedido,deja_sin_efecto,recurrente_gana,False,False
329_p2591,queja,deja_sin_efecto,recurrente_gana,False,False
329_p2596,queja,deja_sin_efecto,recurrente_gana,False,False
329_p2601,queja,confirma,recurrente_pierde,False,False
329_p2614,queja,deja_sin_efecto,recurrente_gana,True,False
329_p2626,queja,deja_sin_efecto,recurrente_gana,False,False
329_p2645,queja,no_revision_competencia,no_aplica,False,False
329_p2659,queja,revoca,recurrente_gana,True,False
329_p2667,queja,deja_sin_efecto,recurrente_gana,True,False
329_p2688,recurso_concedido,no_revision_demanda,no_aplica,False,False
329_p2759,recurso_concedido,no_revision_procesal,no_aplica,False,False
329_p2825,recurso_concedido,confirma,recurrente_pierde,False,False
329_p2827,recurso_concedido,revoca,recurrente_gana,False,False
329_p2829,recurso_concedido,revoca,recurrente_gana,False,False
329_p2830,recurso_concedido,revoca,recurrente_gana,False,False
329_p2834,recurso_concedido,revoca,recurrente_gana,False,True
329_p2837,recurso_concedido,deja_sin_efecto,recurrente_gana,True,False
329_p2844,recurso_concedido,revoca,recurrente_gana,False,False
329_p2856,queja,deja_sin_efecto,recurrente_gana,False,False
329_p2864,recurso_concedido,modifica,parcial,False,False
329_p2876,recurso_concedido,deja_sin_efecto,recurrente_gana,True,False
329_p2886,recurso_concedido,deja_sin_efecto,recurrente_gana,True,False
329_p2890,recurso_concedido,deja_sin_efecto,recurrente_gana,True,False
329_p2897,queja,deja_sin_efecto,recurrente_gana,True,False
329_p2937,recurso_concedido,confirma,recurrente_pierde,False,False
329_p2939,recurso_concedido,confirma,recurrente_pierde,False,False
329_p2949,recurso_concedido,no_revision_procesal,no_aplica,False,False
329_p2967,recurso_concedido,deja_sin_efecto,recurrente_gana,True,False
329_p2975,recurso_concedido,revoca,recurrente_gana,True,False
329_p2986,queja,deja_sin_efecto,recurrente_gana,True,False
329_p3006,recurso_concedido,deja_sin_efecto,recurrente_gana,True,False
329_p3019,queja,revoca,recurrente_gana,True,False
329_p3021,queja,deja_sin_efecto,recurrente_gana,False,False
329_p3034,queja,revoca,recurrente_gana,True,False
329_p3046,queja,revoca,recurrente_gana,True,False
329_p3048,queja,deja_sin_efecto,recurrente_gana,False,False
329_p3054,queja,deja_sin_efecto,recurrente_gana,False,False
329_p3059,queja,deja_sin_efecto,recurrente_gana,True,False
329_p3100,recurso_concedido,confirma,recurrente_pierde,False,False
329_p3103,recurso_concedido,revoca,recurrente_gana,False,False
329_p3106,queja,deja_sin_efecto,recurrente_gana,False,False
329_p3115,queja,revoca,recurrente_gana,True,False
329_p3122,queja,deja_sin_efecto,recurrente_gana,False,False
329_p3129,queja,deja_sin_efecto,recurrente_gana,False,False
329_p3139,queja,grant_remand_implicito,recurrente_gana,True,False
329_p3203,recurso_concedido,revoca,recurrente_gana,False,False
329_p3207,recurso_concedido,revoca,recurrente_gana,False,False
329_p3211,recurso_concedido,revoca,recurrente_gana,False,False
329_p3213,recurso_concedido,confirma,recurrente_pierde,False,False
329_p3218,queja,deja_sin_efecto,recurrente_gana,True,False
329_p3373,recurso_concedido,confirma,recurrente_pierde,False,False
329_p3388,recurso_concedido,confirma,recurrente_pierde,False,False
329_p3400,queja,deja_sin_efecto,recurrente_gana,True,False
329_p3403,recurso_concedido,no_revision_demanda,no_aplica,False,False
329_p3445,recurso_concedido,no_revision_procesal,no_aplica,False,False
329_p3457,recurso_concedido,confirma,recurrente_pierde,False,False
329_p3459,recurso_concedido,revoca,recurrente_gana,False,False
329_p3464,recurso_concedido,deja_sin_efecto,recurrente_gana,False,False
329_p3470,recurso_concedido,confirma,recurrente_pierde,False,False
329_p3478,queja,deja_sin_efecto,recurrente_gana,True,False
329_p3488,queja,deja_sin_efecto,recurrente_gana,False,False
329_p3493,recurso_concedido,no_revision_procesal,no_aplica,False,False
329_p3528,recurso_concedido,no_revision_procesal,no_aplica,False,False
329_p3546,recurso_concedido,confirma,recurrente_pierde,True,False
329_p3568,queja,deja_sin_efecto,recurrente_gana,False,False
329_p3577,recurso_concedido,confirma,recurrente_pierde,False,False
329_p3584,recurso_concedido,revoca,recurrente_gana,True,False
329_p3589,recurso_concedido,revoca,recurrente_gana,True,False
329_p3593,recurso_concedido,deja_sin_efecto,recurrente_gana,True,False
329_p3666,queja,deja_sin_efecto,recurrente_gana,True,False
329_p3673,queja,deja_sin_efecto,recurrente_gana,False,False
329_p3680,queja,deja_sin_efecto,recurrente_gana,True,False
329_p3757,queja,deja_sin_efecto,recurrente_gana,True,False
329_p3800,queja,revoca,recurrente_gana,True,False
329_p3848,recurso_concedido,revoca,recurrente_gana,False,False
329_p3851,queja,no_revision_procesal,no_aplica,False,False
329_p3894,recurso_concedido,no_revision_procesal,no_aplica,False,False
329_p3956,recurso_concedido,deja_sin_efecto,recurrente_gana,True,False
329_p4007,recurso_concedido,confirma,recurrente_pierde,False,False
329_p4020,recurso_concedido,deja_sin_efecto,recurrente_gana,True,False
329_p4032,queja,deja_sin_efecto,recurrente_gana,False,False
329_p4039,recurso_concedido,deja_sin_efecto,recurrente_gana,True,False
329_p4044,recurso_concedido,deja_sin_efecto,recurrente_gana,True,False
329_p4078,recurso_concedido,deja_sin_efecto,recurrente_gana,True,False
329_p4087,queja,confirma,recurrente_pierde,False,False
329_p4099,queja,deja_sin_efecto,recurrente_gana,False,False
329_p4106,queja,deja_sin_efecto,recurrente_gana,True,False
329_p4133,queja,revoca,recurrente_gana,True,False
329_p4140,recurso_concedido,revoca,recurrente_gana,False,False
329_p4168,recurso_concedido,no_revision_procesal,no_aplica,False,False
329_p4203,recurso_concedido,revoca,recurrente_gana,False,False
329_p4206,recurso_concedido,deja_sin_efecto,recurrente_gana,True,False
329_p4213,queja,deja_sin_efecto,recurrente_gana,True,False
329_p4234,recurso_concedido,deja_sin_efecto,recurrente_gana,True,False
329_p4248,recurso_concedido,deja_sin_efecto,recurrente_gana,False,False
329_p4279,recurso_concedido,nulidad,recurrente_gana,True,False
329_p4306,queja,deja_sin_efecto,recurrente_gana,False,False
329_p4309,queja,deja_sin_efecto,recurrente_gana,False,False
329_p4349,recurso_concedido,confirma,recurrente_pierde,False,False
329_p4422,queja,deja_sin_efecto,recurrente_gana,False,False
329_p4425,recurso_concedido,deja_sin_efecto,recurrente_gana,True,False
329_p4430,recurso_concedido,deja_sin_efecto,recurrente_gana,True,False
329_p4438,queja,revoca,recurrente_gana,True,False
329_p4462,recurso_concedido,no_revision_procesal,no_aplica,False,False
329_p4503,recurso_concedido,confirma,recurrente_pierde,False,False
329_p4506,recurso_concedido,confirma,recurrente_pierde,False,False
329_p4524,recurso_concedido,deja_sin_efecto,recurrente_gana,True,False
329_p4531,recurso_concedido,deja_sin_efecto,recurrente_gana,True,False
329_p4542,recurso_concedido,deja_sin_efecto,recurrente_gana,False,False
329_p4566,recurso_concedido,deja_sin_efecto,recurrente_gana,True,False
329_p4570,recurso_concedido,confirma,recurrente_pierde,False,False
329_p4577,recurso_concedido,confirma,recurrente_pierde,False,False
329_p4584,queja,deja_sin_efecto,recurrente_gana,False,False
329_p4622,recurso_concedido,revoca,recurrente_gana,False,False
329_p4628,recurso_concedido,confirma,recurrente_pierde,False,False
329_p4634,recurso_concedido,por_ello_cortado,no_aplica,False,False
329_p4645,queja,deja_sin_efecto,recurrente_gana,True,False
329_p4652,queja,deja_sin_efecto,recurrente_gana,True,False
329_p4659,queja,deja_sin_efecto,recurrente_gana,True,False
329_p4663,queja,deja_sin_efecto,recurrente_gana,True,False
329_p4667,queja,revoca,recurrente_gana,False,False
329_p4672,queja,deja_sin_efecto,recurrente_gana,False,False
329_p4677,queja,deja_sin_efecto,recurrente_gana,True,False
329_p4682,queja,deja_sin_efecto,recurrente_gana,True,False
329_p4688,queja,nulidad,recurrente_gana,False,False
329_p4741,queja,deja_sin_efecto,recurrente_gana,False,False
329_p4755,queja,deja_sin_efecto,recurrente_gana,True,False
329_p4762,queja,confirma,recurrente_pierde,False,False
329_p4769,queja,confirma,recurrente_pierde,False,False
329_p4770,queja,revoca,recurrente_gana,False,False
329_p4789,recurso_concedido,no_revision_demanda,no_aplica,False,False
329_p4808,recurso_concedido,no_revision_procesal,no_aplica,False,False
329_p4817,recurso_concedido,no_revision_procesal,no_aplica,False,False
329_p4857,recurso_concedido,revoca,recurrente_gana,False,True
329_p4860,recurso_concedido,revoca,recurrente_gana,False,False
329_p4862,recurso_concedido,revoca,recurrente_gana,False,False
329_p4865,queja,deja_sin_efecto,recurrente_gana,False,False
329_p4870,queja,deja_sin_efecto,recurrente_gana,True,False
329_p4873,queja,deja_sin_efecto,recurrente_gana,True,False
329_p4891,recurso_concedido,revoca,recurrente_gana,False,False
329_p4907,queja,revoca,recurrente_gana,True,False
329_p4918,queja,deja_sin_efecto,recurrente_gana,True,False
329_p4931,queja,revoca,recurrente_gana,False,False
329_p4944,recurso_concedido,no_revision_demanda,no_aplica,False,False
329_p5004,recurso_concedido,confirma,recurrente_pierde,False,False
329_p5007,recurso_concedido,revoca,recurrente_gana,False,False
329_p5010,recurso_concedido,revoca,recurrente_gana,False,False
329_p5015,recurso_concedido,revoca,recurrente_gana,False,False
329_p5019,recurso_concedido,deja_sin_efecto,recurrente_gana,True,False
329_p5027,recurso_concedido,revoca,recurrente_gana,False,False
329_p5033,recurso_concedido,deja_sin_efecto,recurrente_gana,True,False
329_p5044,recurso_concedido,revoca,recurrente_gana,False,False
329_p5051,recurso_concedido,deja_sin_efecto,recurrente_gana,True,False
329_p5064,recurso_concedido,deja_sin_efecto,recurrente_gana,False,False
329_p5068,recurso_concedido,revoca,recurrente_gana,False,False
329_p5074,recurso_concedido,nulidad,recurrente_gana,True,False
329_p5078,recurso_concedido,sin_disposicion_legible,no_aplica,False,False
329_p5103,queja,nulidad,recurrente_gana,False,False
329_p5115,queja,deja_sin_efecto,recurrente_gana,True,False
329_p5123,queja,confirma,recurrente_pierde,False,False
329_p5139,queja,deja_sin_efecto,recurrente_gana,True,False
329_p5148,queja,no_revision_procesal,no_aplica,False,False
329_p5157,recurso_concedido,sin_disposicion_legible,no_aplica,False,False
329_p5184,recurso_concedido,no_revision_procesal,no_aplica,False,False
329_p5203,recurso_concedido,revoca,recurrente_gana,False,False
329_p5210,recurso_concedido,confirma,recurrente_pierde,False,False
329_p5234,recurso_concedido,deja_sin_efecto,recurrente_gana,True,False
329_p5239,recurso_concedido,revoca,recurrente_gana,True,False
329_p5259,recurso_concedido,nulidad,recurrente_gana,False,False
329_p5266,queja,revoca,recurrente_gana,True,False
329_p5310,queja,deja_sin_efecto,recurrente_gana,True,False
329_p5323,queja,deja_sin_efecto,recurrente_gana,True,False
329_p5366,queja,deja_sin_efecto,recurrente_gana,True,False
329_p5368,recurso_concedido,revoca,recurrente_gana,True,False
329_p5382,recurso_concedido,deja_sin_efecto,recurrente_gana,False,False
329_p5410,queja,deja_sin_efecto,recurrente_gana,True,False
329_p5424,queja,por_ello_cortado,no_aplica,False,False
329_p5438,queja,revoca,recurrente_gana,False,False
329_p5448,queja,deja_sin_efecto,recurrente_gana,False,False
329_p5460,queja,revoca,recurrente_gana,True,False
329_p5498,recurso_concedido,no_revision_procesal,no_aplica,False,False
329_p5518,recurso_concedido,confirma,recurrente_pierde,False,False
329_p5525,recurso_concedido,revoca,recurrente_gana,False,False
329_p5528,queja,deja_sin_efecto,recurrente_gana,True,False
329_p5531,queja,deja_sin_efecto,recurrente_gana,True,False
329_p5534,queja,confirma,recurrente_pierde,False,False
329_p5556,queja,deja_sin_efecto,recurrente_gana,True,False
329_p5567,recurso_concedido,confirma,recurrente_pierde,False,False
329_p5579,recurso_concedido,nulidad,recurrente_gana,True,False
329_p5586,queja,no_revision_competencia,no_aplica,False,False
329_p5594,queja,revoca,recurrente_gana,True,False
329_p5600,queja,deja_sin_efecto,recurrente_gana,True,False
329_p5615,queja,deja_sin_efecto,recurrente_gana,False,False
329_p5621,queja,deja_sin_efecto,recurrente_gana,False,False
329_p5731,recurso_concedido,confirma,recurrente_pierde,False,False
329_p5734,queja,deja_sin_efecto,recurrente_gana,True,False
329_p5737,queja,deja_sin_efecto,recurrente_gana,True,False
329_p5749,recurso_concedido,confirma,recurrente_pierde,False,False
329_p5755,recurso_concedido,revoca,recurrente_gana,False,False
329_p5762,queja,deja_sin_efecto,recurrente_gana,False,False
329_p5776,queja,deja_sin_efecto,recurrente_gana,False,False
329_p5778,queja,deja_sin_efecto,recurrente_gana,True,False
329_p5826,recurso_concedido,no_revision_procesal,no_aplica,False,False
329_p5857,queja,deja_sin_efecto,recurrente_gana,True,False
329_p5861,recurso_concedido,revoca,recurrente_gana,False,False
329_p5871,recurso_concedido,revoca,recurrente_gana,False,False
329_p5879,recurso_concedido,revoca,recurrente_gana,False,False
329_p5892,recurso_concedido,confirma,recurrente_pierde,False,False
329_p5903,recurso_concedido,deja_sin_efecto,recurrente_gana,True,False
329_p5913,recurso_concedido,deja_sin_efecto,recurrente_gana,False,False
329_p5944,recurso_concedido,revoca,recurrente_gana,True,False
329_p5950,queja,revoca,recurrente_gana,False,False
329_p5966,queja,deja_sin_efecto,recurrente_gana,True,False
329_p5971,queja,deja_sin_efecto,recurrente_gana,True,False
329_p5976,queja,deja_sin_efecto,recurrente_gana,False,False
329_p5994,queja,deja_sin_efecto,recurrente_gana,True,False
329_p6002,queja,deja_sin_efecto,recurrente_gana,True,False
329_p6009,queja,confirma,recurrente_pierde,False,False
329_p6019,queja,revoca,recurrente_gana,True,False
329_p6030,recurso_concedido,deja_sin_efecto,recurrente_gana,False,False
329_p6064,recurso_concedido,revoca,recurrente_gana,False,False
329_p6068,recurso_concedido,revoca,recurrente_gana,False,False
329_p6076,recurso_concedido,revoca,recurrente_gana,False,False
329_p6081,queja,deja_sin_efecto,recurrente_gana,True,False
329_p6087,recurso_concedido,deja_sin_efecto,recurrente_gana,False,False
330_p5,queja,confirma,recurrente_pierde,False,False
330_p45,recurso_concedido,por_ello_cortado,no_aplica,False,False
330_p50,recurso_concedido,deja_sin_efecto,recurrente_gana,False,False
330_p53,queja,revoca,recurrente_gana,True,False
330_p58,recurso_concedido,no_revision_procesal,no_aplica,False,False
330_p64,recurso_concedido,deja_sin_efecto,recurrente_gana,False,False
330_p76,queja,revoca,recurrente_gana,False,False
330_p98,queja,deja_sin_efecto,recurrente_gana,False,False
330_p119,recurso_concedido,no_revision_procesal,no_aplica,False,False
330_p130,recurso_concedido,revoca,recurrente_gana,False,False
330_p138,recurso_concedido,deja_sin_efecto,recurrente_gana,False,False
330_p147,recurso_concedido,deja_sin_efecto,recurrente_gana,True,False
330_p152,queja,no_revision_competencia,no_aplica,False,False
330_p159,queja,confirma,recurrente_pierde,False,False
330_p164,queja,deja_sin_efecto,recurrente_gana,False,False
330_p220,recurso_concedido,confirma,recurrente_pierde,False,False
330_p228,recurso_concedido,confirma,recurrente_pierde,False,False
330_p230,queja,deja_sin_efecto,recurrente_gana,True,False
330_p243,recurso_concedido,no_revision_procesal,no_aplica,False,False
330_p251,recurso_concedido,no_revision_procesal,no_aplica,False,False
330_p261,recurso_concedido,revoca,recurrente_gana,False,False
330_p284,recurso_concedido,revoca,recurrente_gana,False,False
330_p289,recurso_concedido,deja_sin_efecto,recurrente_gana,True,False
330_p294,recurso_concedido,revoca,recurrente_gana,False,False
330_p298,recurso_concedido,deja_sin_efecto,recurrente_gana,True,False
330_p304,recurso_concedido,confirma,recurrente_pierde,False,False
330_p331,recurso_concedido,deja_sin_efecto,recurrente_gana,False,False
330_p337,recurso_concedido,revoca,recurrente_gana,True,False
330_p342,recurso_concedido,confirma,recurrente_pierde,False,False
330_p358,queja,por_ello_cortado,no_aplica,False,False
330_p372,queja,deja_sin_efecto,recurrente_gana,True,False
330_p380,queja,sin_disposicion_legible,no_aplica,False,False
330_p393,queja,deja_sin_efecto,recurrente_gana,False,False
330_p399,queja,nulidad,recurrente_gana,False,False
330_p472,queja,deja_sin_efecto,recurrente_gana,False,False
330_p478,recurso_concedido,deja_sin_efecto,recurrente_gana,False,False
330_p487,recurso_concedido,nulidad,recurrente_gana,False,False
330_p490,queja,por_ello_cortado,no_aplica,False,False
330_p499,queja,deja_sin_efecto,recurrente_gana,True,False
330_p506,queja,deja_sin_efecto,recurrente_gana,True,False
330_p520,queja,revoca,recurrente_gana,False,False
330_p524,queja,deja_sin_efecto,recurrente_gana,False,False
330_p563,recurso_concedido,no_revision_demanda,no_aplica,False,False
330_p642,recurso_concedido,deja_sin_efecto,recurrente_gana,True,False
330_p694,queja,confirma,recurrente_pierde,False,False
330_p704,queja,deja_sin_efecto,recurrente_gana,True,False
330_p818,recurso_concedido,revoca,recurrente_gana,False,False
330_p822,recurso_concedido,revoca,recurrente_gana,True,False
330_p829,queja,deja_sin_efecto,recurrente_gana,True,False
330_p855,queja,revoca,recurrente_gana,False,False
330_p960,recurso_concedido,sin_disposicion_legible,no_aplica,False,False
330_p963,recurso_concedido,revoca,recurrente_gana,True,False
330_p971,recurso_concedido,confirma,recurrente_pierde,False,False
330_p1008,recurso_concedido,deja_sin_efecto,recurrente_gana,True,False
330_p1016,queja,deja_sin_efecto,recurrente_gana,True,False
330_p1026,queja,deja_sin_efecto,recurrente_gana,True,False
330_p1044,queja,deja_sin_efecto,recurrente_gana,True,False
330_p1049,queja,deja_sin_efecto,recurrente_gana,True,False
330_p1055,queja,confirma,recurrente_pierde,False,False
330_p1060,queja,deja_sin_efecto,recurrente_gana,False,False
330_p1066,queja,revoca,recurrente_gana,False,False
330_p1072,queja,deja_sin_efecto,recurrente_gana,True,False
330_p1169,recurso_concedido,nulidad,recurrente_gana,False,False
330_p1191,queja,deja_sin_efecto,recurrente_gana,True,False
330_p1195,recurso_concedido,confirma,recurrente_pierde,False,False
330_p1214,recurso_concedido,deja_sin_efecto,recurrente_gana,True,False
330_p1218,recurso_concedido,deja_sin_efecto,recurrente_gana,True,False
330_p1222,queja,deja_sin_efecto,recurrente_gana,False,False
330_p1234,queja,deja_sin_efecto,recurrente_gana,True,False
330_p1236,queja,deja_sin_efecto,recurrente_gana,True,False
330_p1246,queja,deja_sin_efecto,recurrente_gana,True,False
330_p1250,queja,deja_sin_efecto,recurrente_gana,True,False
330_p1257,queja,deja_sin_efecto,recurrente_gana,True,False
330_p1309,recurso_concedido,confirma,recurrente_pierde,False,False
330_p1325,recurso_concedido,confirma,recurrente_pierde,False,False
330_p1332,recurso_concedido,revoca,recurrente_gana,False,False
330_p1350,recurso_concedido,deja_sin_efecto,recurrente_gana,True,False
330_p1356,recurso_concedido,confirma,recurrente_pierde,False,False
330_p1366,recurso_concedido,deja_sin_efecto,recurrente_gana,False,False
330_p1375,recurso_concedido,deja_sin_efecto,recurrente_gana,False,False
330_p1377,recurso_concedido,deja_sin_efecto,recurrente_gana,True,False
330_p1383,recurso_concedido,deja_sin_efecto,recurrente_gana,True,False
330_p1389,recurso_concedido,deja_sin_efecto,recurrente_gana,True,False
330_p1393,queja,revoca,recurrente_gana,True,False
330_p1398,recurso_concedido,deja_sin_efecto,recurrente_gana,False,False
330_p1402,recurso_concedido,deja_sin_efecto,recurrente_gana,True,False
330_p1407,recurso_concedido,revoca,recurrente_gana,False,False
330_p1417,recurso_concedido,deja_sin_efecto,recurrente_gana,True,False
330_p1422,recurso_concedido,deja_sin_efecto,recurrente_gana,True,False
330_p1427,recurso_concedido,deja_sin_efecto,recurrente_gana,True,False
330_p1436,recurso_concedido,confirma,recurrente_pierde,False,False
330_p1451,recurso_concedido,deja_sin_efecto,recurrente_gana,True,False
330_p1457,queja,deja_sin_efecto,recurrente_gana,False,False
330_p1465,queja,deja_sin_efecto,recurrente_gana,False,False
330_p1469,queja,deja_sin_efecto,recurrente_gana,True,False
330_p1474,queja,deja_sin_efecto,recurrente_gana,True,False
330_p1478,queja,deja_sin_efecto,recurrente_gana,True,False
330_p1503,queja,deja_sin_efecto,recurrente_gana,False,False
330_p1507,queja,revoca,recurrente_gana,False,False
330_p1526,queja,revoca,recurrente_gana,False,False
330_p1529,queja,deja_sin_efecto,recurrente_gana,False,False
330_p1540,queja,deja_sin_efecto,recurrente_gana,True,False
330_p1545,queja,revoca,recurrente_gana,True,False
330_p1550,queja,deja_sin_efecto,recurrente_gana,False,False
330_p1567,queja,deja_sin_efecto,recurrente_gana,True,False
330_p1572,queja,revoca,recurrente_gana,False,False
330_p1578,queja,revoca,recurrente_gana,True,False
330_p1580,queja,deja_sin_efecto,recurrente_gana,True,False
330_p1632,recurso_concedido,revoca,recurrente_gana,False,False
330_p1635,queja,revoca,recurrente_gana,False,False
330_p1644,recurso_concedido,confirma,recurrente_pierde,False,False
330_p1649,queja,confirma,recurrente_pierde,False,False
330_p1703,recurso_concedido,deja_sin_efecto,recurrente_gana,True,False
330_p1718,recurso_concedido,confirma,recurrente_pierde,False,False
330_p1733,queja,deja_sin_efecto,recurrente_gana,True,False
330_p1748,recurso_concedido,confirma,recurrente_pierde,False,False
330_p1763,queja,confirma,recurrente_pierde,False,False
330_p1772,queja,deja_sin_efecto,recurrente_gana,True,False
330_p1785,queja,deja_sin_efecto,recurrente_gana,False,False
330_p1849,recurso_concedido,deja_sin_efecto,recurrente_gana,True,False
330_p1855,recurso_concedido,revoca,recurrente_gana,False,True
330_p1888,queja,deja_sin_efecto,recurrente_gana,True,False
330_p1895,queja,deja_sin_efecto,recurrente_gana,True,False
330_p1903,queja,deja_sin_efecto,recurrente_gana,True,False
330_p1910,queja,deja_sin_efecto,recurrente_gana,False,False
330_p1915,recurso_concedido,no_revision_procesal,no_aplica,False,False
330_p1918,recurso_concedido,no_revision_procesal,no_aplica,False,False
330_p1947,recurso_concedido,revoca,recurrente_gana,False,False
330_p1950,recurso_concedido,sin_disposicion_legible,no_aplica,False,False
330_p1975,recurso_concedido,revoca,recurrente_gana,False,False
330_p1989,recurso_concedido,confirma,recurrente_pierde,False,False
330_p2033,queja,deja_sin_efecto,recurrente_gana,True,False
330_p2049,recurso_concedido,no_revision_demanda,no_aplica,False,False
330_p2065,recurso_concedido,confirma,recurrente_pierde,False,False
330_p2074,recurso_concedido,deja_sin_efecto,recurrente_gana,False,False
330_p2081,recurso_concedido,confirma,recurrente_pierde,False,False
330_p2090,recurso_concedido,deja_sin_efecto,recurrente_gana,False,False
330_p2093,recurso_concedido,deja_sin_efecto,recurrente_gana,True,False
330_p2112,recurso_concedido,confirma,recurrente_pierde,False,False
330_p2115,recurso_concedido,deja_sin_efecto,recurrente_gana,True,False
330_p2122,queja,revoca,recurrente_gana,False,False
330_p2134,queja,revoca,recurrente_gana,True,False
330_p2140,queja,revoca,recurrente_gana,True,False
330_p2146,queja,deja_sin_efecto,recurrente_gana,True,False
330_p2180,queja,revoca,recurrente_gana,True,False
330_p2186,queja,deja_sin_efecto,recurrente_gana,False,False
330_p2192,queja,revoca,recurrente_gana,False,False
330_p2206,queja,revoca,recurrente_gana,True,False
330_p2215,queja,revoca,recurrente_gana,False,False
330_p2222,recurso_concedido,sin_disposicion_legible,no_aplica,False,False
330_p2234,recurso_concedido,deja_sin_efecto,recurrente_gana,True,False
330_p2241,recurso_concedido,revoca,recurrente_gana,True,False
330_p2245,recurso_concedido,revoca,recurrente_gana,True,False
330_p2249,recurso_concedido,confirma,recurrente_pierde,False,False
330_p2255,queja,revoca,recurrente_gana,False,False
330_p2265,queja,deja_sin_efecto,recurrente_gana,True,False
330_p2274,queja,confirma,recurrente_pierde,False,False
330_p2277,recurso_concedido,confirma,recurrente_pierde,False,False
330_p2286,recurso_concedido,confirma,recurrente_pierde,False,False
330_p2304,recurso_concedido,deja_sin_efecto,recurrente_gana,True,False
330_p2323,queja,deja_sin_efecto,recurrente_gana,False,False
330_p2347,recurso_concedido,revoca,recurrente_gana,True,False
330_p2361,recurso_concedido,sin_disposicion_legible,no_aplica,False,False
330_p2414,recurso_concedido,sin_disposicion_legible,no_aplica,False,False
330_p2416,recurso_concedido,revoca,recurrente_gana,True,False
330_p2429,recurso_concedido,deja_sin_efecto,recurrente_gana,False,False
330_p2464,queja,confirma,recurrente_pierde,False,False
330_p2498,queja,deja_sin_efecto,recurrente_gana,True,False
330_p2507,recurso_concedido,revoca,recurrente_gana,False,False
330_p2521,recurso_concedido,confirma,recurrente_pierde,False,False
330_p2527,recurso_concedido,revoca,recurrente_gana,False,False
330_p2548,recurso_concedido,revoca,recurrente_gana,False,False
330_p2564,queja,deja_sin_efecto,recurrente_gana,False,False
330_p2575,queja,deja_sin_efecto,recurrente_gana,True,False
330_p2584,queja,confirma,recurrente_pierde,False,False
330_p2617,recurso_concedido,no_revision_demanda,no_aplica,False,False
330_p2632,recurso_concedido,revoca,recurrente_gana,False,False
330_p2685,queja,deja_sin_efecto,recurrente_gana,False,False
330_p2696,queja,deja_sin_efecto,recurrente_gana,False,False
330_p2711,queja,deja_sin_efecto,recurrente_gana,False,False
330_p2748,recurso_concedido,no_revision_demanda,no_aplica,False,False
330_p2786,queja,revoca,recurrente_gana,False,False
330_p2795,queja,revoca,recurrente_gana,False,False
330_p2798,recurso_concedido,confirma,recurrente_pierde,False,False
330_p2800,recurso_concedido,revoca,recurrente_gana,False,False
330_p2826,queja,deja_sin_efecto,recurrente_gana,False,False
330_p2836,queja,revoca,recurrente_gana,True,False
330_p2849,recurso_concedido,no_revision_demanda,no_aplica,False,False
330_p2892,queja,revoca,recurrente_gana,False,False
330_p2902,queja,revoca,recurrente_gana,False,False
330_p2964,recurso_concedido,revoca,recurrente_gana,False,False
330_p2968,recurso_concedido,revoca,recurrente_gana,False,False
330_p2970,queja,deja_sin_efecto,recurrente_gana,True,False
330_p2975,recurso_concedido,por_ello_cortado,no_aplica,False,False
330_p2981,recurso_concedido,confirma,recurrente_pierde,False,False
330_p2992,recurso_concedido,confirma,recurrente_pierde,False,False
330_p3002,recurso_concedido,confirma,recurrente_pierde,False,False
330_p3015,recurso_concedido,deja_sin_efecto,recurrente_gana,False,False
330_p3028,recurso_concedido,deja_sin_efecto,recurrente_gana,True,False
330_p3045,queja,revoca,recurrente_gana,False,False
330_p3055,queja,deja_sin_efecto,recurrente_gana,True,False
330_p3069,queja,revoca,recurrente_gana,False,False
330_p3074,queja,confirma,recurrente_pierde,False,False
330_p3092,queja,por_ello_cortado,no_aplica,False,False
330_p3098,queja,deja_sin_efecto,recurrente_gana,False,False
330_p3145,recurso_concedido,confirma,recurrente_pierde,False,False
330_p3149,queja,deja_sin_efecto,recurrente_gana,True,False
330_p3248,recurso_concedido,confirma,recurrente_pierde,False,False
330_p3400,queja,no_revision_procesal,no_aplica,False,False
330_p3426,queja,deja_sin_efecto,recurrente_gana,True,False
330_p3461,recurso_concedido,confirma,recurrente_pierde,False,False
330_p3471,recurso_concedido,revoca,recurrente_gana,False,False
330_p3477,queja,deja_sin_efecto,recurrente_gana,True,False
330_p3483,queja,deja_sin_efecto,recurrente_gana,True,False
330_p3494,queja,deja_sin_efecto,recurrente_gana,True,False
330_p3526,queja,grant_remand_implicito,recurrente_gana,True,False
330_p3552,recurso_concedido,revoca,recurrente_gana,False,False
330_p3557,recurso_concedido,confirma,recurrente_pierde,False,False
330_p3565,recurso_concedido,confirma,recurrente_pierde,False,False
330_p3582,recurso_concedido,deja_sin_efecto,recurrente_gana,True,False
330_p3593,queja,revoca,recurrente_gana,False,False
330_p3609,recurso_concedido,no_revision_demanda,no_aplica,False,False
330_p3630,queja,deja_sin_efecto,recurrente_gana,True,False
330_p3635,queja,deja_sin_efecto,recurrente_gana,False,False
330_p3640,queja,deja_sin_efecto,recurrente_gana,True,False
330_p3673,recurso_concedido,confirma,recurrente_pierde,False,False
330_p3680,recurso_concedido,deja_sin_efecto,recurrente_gana,False,False
330_p3685,recurso_concedido,confirma,recurrente_pierde,False,False
330_p3725,queja,confirma,recurrente_pierde,False,False
330_p3758,queja,revoca,recurrente_gana,False,False
330_p3764,queja,revoca,recurrente_gana,False,False
330_p3787,recurso_concedido,revoca,recurrente_gana,True,False
330_p3793,recurso_concedido,deja_sin_efecto,recurrente_gana,True,False
330_p3836,queja,confirma,recurrente_pierde,False,False
330_p3843,queja,revoca,recurrente_gana,False,False
330_p3853,queja,revoca,recurrente_gana,True,False
330_p3908,recurso_concedido,no_revision_demanda,no_aplica,False,False
330_p3977,recurso_concedido,revoca,recurrente_gana,False,False
330_p3994,recurso_concedido,confirma,recurrente_pierde,False,False
330_p4015,queja,deja_sin_efecto,recurrente_gana,True,False
330_p4024,queja,revoca,recurrente_gana,False,False
330_p4033,queja,deja_sin_efecto,recurrente_gana,False,False
330_p4049,queja,deja_sin_efecto,recurrente_gana,False,False
330_p4084,recurso_concedido,deja_sin_efecto,recurrente_gana,True,False
330_p4090,recurso_concedido,nulidad,recurrente_gana,False,False
330_p4094,recurso_concedido,sin_disposicion_legible,no_aplica,False,False
330_p4103,queja,revoca,recurrente_gana,False,False
330_p4129,queja,no_revision_procesal,no_aplica,False,False
330_p4160,recurso_concedido,confirma,recurrente_pierde,False,False
330_p4172,recurso_concedido,revoca,recurrente_gana,False,False
330_p4199,recurso_concedido,deja_sin_efecto,recurrente_gana,True,False
330_p4207,queja,deja_sin_efecto,recurrente_gana,True,False
330_p4216,queja,por_ello_cortado,no_aplica,False,False
330_p4226,queja,deja_sin_efecto,recurrente_gana,True,False
330_p4263,queja,deja_sin_efecto,recurrente_gana,False,False
330_p4313,recurso_concedido,confirma,recurrente_pierde,False,False
330_p4328,recurso_concedido,nulidad,recurrente_gana,False,False
330_p4331,queja,confirma,recurrente_pierde,False,False
330_p4337,recurso_concedido,deja_sin_efecto,recurrente_gana,False,False
330_p4338,queja,deja_sin_efecto,recurrente_gana,True,False
330_p4351,recurso_concedido,revoca,recurrente_gana,False,False
330_p4354,recurso_concedido,confirma,recurrente_pierde,False,False
330_p4364,queja,no_revision_procesal,no_aplica,False,False
330_p4396,recurso_concedido,no_revision_procesal,no_aplica,False,False
330_p4399,recurso_concedido,revoca,recurrente_gana,False,False
330_p4413,recurso_concedido,deja_sin_efecto,recurrente_gana,True,False
330_p4416,queja,deja_sin_efecto,recurrente_gana,True,False
330_p4429,queja,deja_sin_efecto,recurrente_gana,True,False
330_p4435,queja,deja_sin_efecto,recurrente_gana,True,False
330_p4459,queja,deja_sin_efecto,recurrente_gana,True,False
330_p4465,queja,deja_sin_efecto,recurrente_gana,True,False
330_p4471,queja,nulidad,recurrente_gana,False,False
330_p4476,queja,deja_sin_efecto,recurrente_gana,True,False
330_p4498,queja,deja_sin_efecto,recurrente_gana,True,False
330_p4509,queja,revoca,recurrente_gana,True,False
330_p4534,recurso_concedido,deja_sin_efecto,recurrente_gana,True,False
330_p4539,recurso_concedido,deja_sin_efecto,recurrente_gana,True,False
330_p4544,recurso_concedido,deja_sin_efecto,recurrente_gana,True,False
330_p4554,queja,deja_sin_efecto,recurrente_gana,True,False
330_p4585,recurso_concedido,sin_disposicion_legible,no_aplica,False,False
330_p4615,recurso_concedido,confirma,recurrente_pierde,False,False
330_p4633,queja,deja_sin_efecto,recurrente_gana,True,False
330_p4647,queja,deja_sin_efecto,recurrente_gana,True,False
330_p4664,queja,revoca,recurrente_gana,False,False
330_p4685,recurso_concedido,revoca,recurrente_gana,False,False
330_p4687,recurso_concedido,revoca,recurrente_gana,False,False
330_p4690,recurso_concedido,revoca,recurrente_gana,False,False
330_p4697,recurso_concedido,confirma,recurrente_pierde,False,False
330_p4703,recurso_concedido,revoca,recurrente_gana,False,False
330_p4706,recurso_concedido,deja_sin_efecto,recurrente_gana,True,False
330_p4713,recurso_concedido,confirma,recurrente_pierde,False,False
330_p4721,recurso_concedido,revoca,recurrente_gana,False,False
330_p4735,queja,deja_sin_efecto,recurrente_gana,False,False
330_p4786,queja,deja_sin_efecto,recurrente_gana,True,False
330_p4820,recurso_concedido,revoca,recurrente_gana,False,False
330_p4841,queja,deja_sin_efecto,recurrente_gana,True,False
330_p4875,recurso_concedido,confirma,recurrente_pierde,False,False
330_p4900,recurso_concedido,confirma,recurrente_pierde,False,False
330_p4903,queja,deja_sin_efecto,recurrente_gana,True,False
330_p4909,recurso_concedido,deja_sin_efecto,recurrente_gana,True,False
330_p4920,queja,deja_sin_efecto,recurrente_gana,True,False
330_p4925,queja,nulidad,recurrente_gana,False,False
330_p4928,queja,deja_sin_efecto,recurrente_gana,True,False
330_p4930,queja,deja_sin_efecto,recurrente_gana,True,False
330_p4936,recurso_concedido,revoca,recurrente_gana,False,False
330_p4970,queja,deja_sin_efecto,recurrente_gana,True,False
330_p4983,recurso_concedido,deja_sin_efecto,recurrente_gana,True,False
330_p4988,recurso_concedido,confirma,recurrente_pierde,False,False
330_p5010,queja,revoca,recurrente_gana,False,False
330_p5020,queja,deja_sin_efecto,recurrente_gana,True,False
330_p5032,recurso_concedido,deja_sin_efecto,recurrente_gana,False,False
330_p5052,queja,nulidad,recurrente_gana,True,False
330_p5095,recurso_concedido,no_revision_procesal,no_aplica,False,False
330_p5108,recurso_concedido,deja_sin_efecto,recurrente_gana,False,False
330_p5111,recurso_concedido,revoca,recurrente_gana,False,False
330_p5139,recurso_concedido,confirma,recurrente_pierde,False,False
330_p5187,recurso_concedido,deja_sin_efecto,recurrente_gana,True,False
330_p5197,queja,deja_sin_efecto,recurrente_gana,True,False
330_p5201,queja,deja_sin_efecto,recurrente_gana,True,False
330_p5205,recurso_concedido,confirma,recurrente_pierde,False,False
330_p5224,recurso_concedido,revoca,recurrente_gana,False,False
330_p5237,recurso_concedido,confirma,recurrente_pierde,False,False
330_p5245,queja,sin_disposicion_legible,no_aplica,False,False
330_p5251,queja,revoca,recurrente_gana,False,False
330_p5257,queja,confirma,recurrente_pierde,False,False
330_p5272,queja,revoca,recurrente_gana,False,False
330_p5294,queja,deja_sin_efecto,recurrente_gana,True,False
330_p5306,recurso_concedido,sin_disposicion_legible,no_aplica,False,False
330_p5342,recurso_concedido,deja_sin_efecto,recurrente_gana,False,False
330_p5345,queja,revoca,recurrente_gana,False,False
330_p5404,recurso_concedido,revoca,recurrente_gana,False,False
330_p5435,queja,deja_sin_efecto,recurrente_gana,False,False
331_p13,recurso_concedido,deja_sin_efecto,recurrente_gana,False,False
331_p28,queja,deja_sin_efecto,recurrente_gana,True,False
331_p47,queja,deja_sin_efecto,recurrente_gana,False,False
331_p53,queja,deja_sin_efecto,recurrente_gana,True,False
331_p72,recurso_concedido,revoca,recurrente_gana,False,False
331_p76,recurso_concedido,revoca,recurrente_gana,False,False
331_p80,recurso_concedido,deja_sin_efecto,recurrente_gana,True,False
331_p89,queja,revoca,recurrente_gana,False,False
331_p95,queja,no_revision_procesal,no_aplica,False,False
331_p96,queja,revoca,recurrente_gana,False,False
331_p100,queja,no_revision_demanda,no_aplica,False,False
331_p121,recurso_concedido,confirma,recurrente_pierde,False,False
331_p123,recurso_concedido,revoca,recurrente_gana,False,False
331_p127,recurso_concedido,confirma,recurrente_pierde,False,False
331_p144,queja,deja_sin_efecto,recurrente_gana,True,False
331_p147,queja,revoca,recurrente_gana,False,False
331_p162,queja,deja_sin_efecto,recurrente_gana,True,False
331_p183,recurso_concedido,no_revision_demanda,no_aplica,False,False
331_p232,recurso_concedido,confirma,recurrente_pierde,False,False
331_p238,recurso_concedido,confirma,recurrente_pierde,False,False
331_p240,recurso_concedido,revoca,recurrente_gana,False,False
331_p241,recurso_concedido,nulidad,recurrente_gana,True,False
331_p250,recurso_concedido,deja_sin_efecto,recurrente_gana,True,False
331_p262,recurso_concedido,deja_sin_efecto,recurrente_gana,True,False
331_p287,queja,por_ello_cortado,no_aplica,False,False
331_p293,queja,deja_sin_efecto,recurrente_gana,True,False
331_p299,queja,revoca,recurrente_gana,True,False
331_p310,recurso_concedido,no_revision_demanda,no_aplica,False,False
331_p337,recurso_concedido,no_revision_demanda,no_aplica,False,False
331_p371,recurso_concedido,revoca,recurrente_gana,False,False
331_p373,queja,deja_sin_efecto,recurrente_gana,True,False
331_p379,queja,deja_sin_efecto,recurrente_gana,False,False
331_p400,recurso_concedido,no_revision_demanda,no_aplica,False,False
331_p415,recurso_concedido,deja_sin_efecto,recurrente_gana,True,False
331_p423,queja,deja_sin_efecto,recurrente_gana,False,False
331_p430,recurso_concedido,revoca,recurrente_gana,False,False
331_p432,recurso_concedido,revoca,recurrente_gana,False,False
331_p446,recurso_concedido,confirma,recurrente_pierde,False,False
331_p453,recurso_concedido,confirma,recurrente_pierde,False,False
331_p462,recurso_concedido,revoca,recurrente_gana,False,False
331_p466,queja,deja_sin_efecto,recurrente_gana,True,False
331_p472,queja,deja_sin_efecto,recurrente_gana,True,False
331_p477,queja,por_ello_cortado,no_aplica,False,False
331_p488,queja,deja_sin_efecto,recurrente_gana,True,False
331_p496,queja,deja_sin_efecto,recurrente_gana,True,False
331_p499,queja,deja_sin_efecto,recurrente_gana,True,False
331_p505,recurso_concedido,confirma,recurrente_pierde,False,False
331_p519,recurso_concedido,deja_sin_efecto,recurrente_gana,True,False
331_p536,queja,confirma,recurrente_pierde,False,False
331_p549,recurso_concedido,confirma,recurrente_pierde,False,False
331_p570,queja,deja_sin_efecto,recurrente_gana,True,False
331_p583,queja,deja_sin_efecto,recurrente_gana,True,False
331_p592,queja,deja_sin_efecto,recurrente_gana,True,False
331_p600,queja,deja_sin_efecto,recurrente_gana,True,False
331_p608,recurso_concedido,confirma,recurrente_pierde,False,False
331_p632,queja,revoca,recurrente_gana,True,False
331_p718,recurso_concedido,no_revision_demanda,no_aplica,False,False
331_p735,queja,revoca,recurrente_gana,True,False
331_p765,queja,deja_sin_efecto,recurrente_gana,True,False
331_p776,queja,deja_sin_efecto,recurrente_gana,False,False
331_p781,queja,revoca,recurrente_gana,False,False
331_p804,recurso_concedido,deja_sin_efecto,recurrente_gana,True,False
331_p819,queja,deja_sin_efecto,recurrente_gana,False,False
331_p831,queja,deja_sin_efecto,recurrente_gana,False,False
331_p843,queja,revoca,recurrente_gana,False,False
331_p858,queja,deja_sin_efecto,recurrente_gana,True,False
331_p866,recurso_concedido,revoca,recurrente_gana,False,False
331_p881,recurso_concedido,confirma,recurrente_pierde,False,False
331_p901,recurso_concedido,confirma,recurrente_pierde,True,False
331_p916,recurso_concedido,confirma,recurrente_pierde,False,False
331_p923,recurso_concedido,deja_sin_efecto,recurrente_gana,True,False
331_p926,queja,revoca,recurrente_gana,False,False
331_p933,queja,deja_sin_efecto,recurrente_gana,False,False
331_p941,queja,deja_sin_efecto,recurrente_gana,True,False
331_p964,queja,deja_sin_efecto,recurrente_gana,False,False
331_p973,queja,revoca,recurrente_gana,True,False
331_p989,queja,no_revision_competencia,no_aplica,False,False
331_p1007,recurso_concedido,revoca,recurrente_gana,False,False
331_p1013,recurso_concedido,revoca,recurrente_gana,False,False
331_p1024,queja,revoca,recurrente_gana,False,False
331_p1040,recurso_concedido,revoca,recurrente_gana,False,False
331_p1090,queja,deja_sin_efecto,recurrente_gana,True,False
331_p1105,queja,revoca,recurrente_gana,False,False
331_p1116,recurso_concedido,confirma,recurrente_pierde,False,False
331_p1120,recurso_concedido,revoca,recurrente_gana,False,False
331_p1123,recurso_concedido,revoca,recurrente_gana,False,False
331_p1171,recurso_concedido,confirma,recurrente_pierde,False,False
331_p1178,queja,deja_sin_efecto,recurrente_gana,False,False
331_p1186,queja,revoca,recurrente_gana,True,False
331_p1212,recurso_concedido,revoca,recurrente_gana,False,False
331_p1215,queja,revoca,recurrente_gana,False,False
331_p1234,recurso_concedido,no_revision_demanda,no_aplica,False,False
331_p1255,queja,deja_sin_efecto,recurrente_gana,True,False
331_p1262,recurso_concedido,no_revision_demanda,no_aplica,False,False
331_p1329,recurso_concedido,revoca,recurrente_gana,False,True
331_p1352,recurso_concedido,confirma,recurrente_pierde,False,False
331_p1369,recurso_concedido,deja_sin_efecto,recurrente_gana,True,False
331_p1382,recurso_concedido,confirma,recurrente_pierde,False,False
331_p1387,queja,deja_sin_efecto,recurrente_gana,False,False
331_p1399,recurso_concedido,revoca,recurrente_gana,False,False
331_p1403,recurso_concedido,revoca,recurrente_gana,False,False
331_p1412,recurso_concedido,no_revision_demanda,no_aplica,False,False
331_p1434,recurso_concedido,confirma,recurrente_pierde,False,False
331_p1449,recurso_concedido,revoca,recurrente_gana,True,False
331_p1468,queja,deja_sin_efecto,recurrente_gana,True,False
331_p1478,recurso_concedido,revoca,recurrente_gana,False,False
331_p1481,recurso_concedido,deja_sin_efecto,recurrente_gana,True,False
331_p1488,queja,revoca,recurrente_gana,True,False
331_p1496,recurso_concedido,revoca,recurrente_gana,False,False
331_p1502,queja,deja_sin_efecto,recurrente_gana,True,False
331_p1510,recurso_concedido,confirma,recurrente_pierde,False,False
331_p1519,queja,deja_sin_efecto,recurrente_gana,True,False
331_p1528,recurso_concedido,confirma,recurrente_pierde,False,False
331_p1530,queja,revoca,recurrente_gana,False,False
331_p1581,recurso_concedido,sin_disposicion_legible,no_aplica,False,False
331_p1596,queja,deja_sin_efecto,recurrente_gana,True,False
331_p1605,queja,deja_sin_efecto,recurrente_gana,False,False
331_p1620,recurso_concedido,confirma,recurrente_pierde,False,False
331_p1646,recurso_concedido,deja_sin_efecto,recurrente_gana,True,False
331_p1651,recurso_concedido,revoca,recurrente_gana,False,False
331_p1658,recurso_concedido,revoca,recurrente_gana,False,False
331_p1660,queja,deja_sin_efecto,recurrente_gana,True,False
331_p1664,queja,deja_sin_efecto,recurrente_gana,False,False
331_p1690,recurso_concedido,sin_disposicion_legible,no_aplica,False,False
331_p1701,recurso_concedido,no_revision_demanda,no_aplica,False,False
331_p1712,recurso_concedido,confirma,recurrente_pierde,False,False
331_p1715,queja,revoca,recurrente_gana,False,True
331_p1730,recurso_concedido,confirma,recurrente_pierde,False,False
331_p1744,queja,revoca,recurrente_gana,False,False
331_p1755,queja,deja_sin_efecto,recurrente_gana,True,False
331_p1765,recurso_concedido,revoca,recurrente_gana,False,False
331_p1771,recurso_concedido,confirma,recurrente_pierde,False,False
331_p1784,queja,deja_sin_efecto,recurrente_gana,True,False
331_p1846,recurso_concedido,revoca,recurrente_gana,False,False
331_p1865,queja,deja_sin_efecto,recurrente_gana,True,False
331_p1873,recurso_concedido,revoca,recurrente_gana,False,False
331_p1906,recurso_concedido,nulidad,recurrente_gana,True,False
331_p1917,recurso_concedido,confirma,recurrente_pierde,True,False
331_p1942,recurso_concedido,revoca,recurrente_gana,False,False
331_p1987,recurso_concedido,confirma,recurrente_pierde,False,False
331_p2002,recurso_concedido,revoca,recurrente_gana,False,False
331_p2006,recurso_concedido,confirma,recurrente_pierde,False,False
331_p2047,queja,revoca,recurrente_gana,False,False
331_p2068,queja,revoca,recurrente_gana,False,False
331_p2077,queja,deja_sin_efecto,recurrente_gana,True,False
331_p2088,recurso_concedido,revoca,recurrente_gana,False,False
331_p2094,recurso_concedido,revoca,recurrente_gana,False,False
331_p2104,recurso_concedido,revoca,recurrente_gana,True,False
331_p2109,queja,deja_sin_efecto,recurrente_gana,True,False
331_p2119,queja,revoca,recurrente_gana,True,False
331_p2129,queja,deja_sin_efecto,recurrente_gana,False,False
331_p2135,queja,revoca,recurrente_gana,False,False
331_p2163,recurso_concedido,revoca,recurrente_gana,False,False
331_p2166,recurso_concedido,revoca,recurrente_gana,False,False
331_p2169,recurso_concedido,deja_sin_efecto,recurrente_gana,True,False
331_p2174,queja,deja_sin_efecto,recurrente_gana,True,False
331_p2178,recurso_concedido,no_revision_demanda,no_aplica,False,False
331_p2195,queja,deja_sin_efecto,recurrente_gana,True,False
331_p2217,recurso_concedido,deja_sin_efecto,recurrente_gana,True,False
331_p2231,queja,deja_sin_efecto,recurrente_gana,True,False
331_p2240,recurso_concedido,confirma,recurrente_pierde,False,False
331_p2246,recurso_concedido,revoca,recurrente_gana,False,False
331_p2249,recurso_concedido,confirma,recurrente_pierde,False,False
331_p2257,recurso_concedido,confirma,recurrente_pierde,False,False
331_p2266,recurso_concedido,revoca,recurrente_gana,False,False
331_p2271,recurso_concedido,deja_sin_efecto,recurrente_gana,True,False
331_p2280,recurso_concedido,nulidad,recurrente_gana,False,False
331_p2285,queja,deja_sin_efecto,recurrente_gana,False,False
331_p2293,recurso_concedido,confirma,recurrente_pierde,False,False
331_p2298,recurso_concedido,revoca,recurrente_gana,False,False
331_p2302,recurso_concedido,deja_sin_efecto,recurrente_gana,False,False
331_p2305,recurso_concedido,revoca,recurrente_gana,False,False
331_p2316,recurso_concedido,revoca,recurrente_gana,False,False
331_p2319,recurso_concedido,deja_sin_efecto,recurrente_gana,True,False
331_p2325,recurso_concedido,revoca,recurrente_gana,False,False
331_p2331,queja,nulidad,recurrente_gana,False,False
331_p2336,queja,deja_sin_efecto,recurrente_gana,True,False
331_p2343,queja,deja_sin_efecto,recurrente_gana,True,False
331_p2353,recurso_concedido,confirma,recurrente_pierde,False,False
331_p2359,recurso_concedido,confirma,recurrente_pierde,False,False
331_p2363,recurso_concedido,revoca,recurrente_gana,False,False
331_p2366,queja,revoca,recurrente_gana,False,False
331_p2382,recurso_concedido,revoca,recurrente_gana,False,False
331_p2406,recurso_concedido,confirma,recurrente_pierde,False,False
331_p2449,recurso_concedido,revoca,recurrente_gana,False,False
331_p2453,recurso_concedido,revoca,recurrente_gana,False,False
331_p2466,queja,revoca,recurrente_gana,False,False
331_p2473,queja,deja_sin_efecto,recurrente_gana,True,False
331_p2480,queja,deja_sin_efecto,recurrente_gana,True,False
331_p2485,recurso_concedido,confirma,recurrente_pierde,False,False
331_p2491,recurso_concedido,revoca,recurrente_gana,False,False
331_p2494,recurso_concedido,deja_sin_efecto,recurrente_gana,True,False
331_p2499,queja,revoca,recurrente_gana,True,False
331_p2520,queja,deja_sin_efecto,recurrente_gana,True,False
331_p2538,recurso_concedido,confirma,recurrente_pierde,False,False
331_p2550,recurso_concedido,revoca,recurrente_gana,False,False
331_p2562,recurso_concedido,confirma,recurrente_pierde,False,False
331_p2573,recurso_concedido,deja_sin_efecto,recurrente_gana,True,False
331_p2578,recurso_concedido,deja_sin_efecto,recurrente_gana,True,False
331_p2583,recurso_concedido,nulidad,recurrente_gana,True,False
331_p2586,recurso_concedido,confirma,recurrente_pierde,False,False
331_p2590,queja,deja_sin_efecto,recurrente_gana,True,False
331_p2603,queja,deja_sin_efecto,recurrente_gana,True,False
331_p2608,recurso_concedido,deja_sin_efecto,recurrente_gana,True,False
331_p2628,recurso_concedido,sin_disposicion_legible,no_aplica,False,False
331_p2633,recurso_concedido,confirma,recurrente_pierde,False,False
331_p2649,recurso_concedido,confirma,recurrente_pierde,False,False
331_p2652,recurso_concedido,revoca,recurrente_gana,False,False
331_p2663,recurso_concedido,confirma,recurrente_pierde,False,False
331_p2672,queja,deja_sin_efecto,recurrente_gana,False,False
331_p2685,queja,revoca,recurrente_gana,False,False
331_p2691,queja,revoca,recurrente_gana,False,False
331_p2715,queja,revoca,recurrente_gana,True,False
331_p2728,recurso_concedido,revoca,recurrente_gana,False,False
331_p2737,recurso_concedido,por_ello_cortado,no_aplica,False,False
331_p2745,recurso_concedido,revoca,recurrente_gana,False,False
331_p2765,queja,deja_sin_efecto,recurrente_gana,True,False
331_p2769,recurso_concedido,nulidad,recurrente_gana,False,False
331_p2822,recurso_concedido,revoca,recurrente_gana,False,False
331_p2839,queja,revoca,recurrente_gana,True,False
331_p2844,queja,revoca,recurrente_gana,False,False
331_p2862,queja,deja_sin_efecto,recurrente_gana,True,False
331_p2898,queja,revoca,recurrente_gana,False,False
331_p2902,queja,deja_sin_efecto,recurrente_gana,True,False
332_p12,queja,deja_sin_efecto,recurrente_gana,False,False
332_p51,recurso_concedido,revoca,recurrente_gana,False,False
332_p58,recurso_concedido,revoca,recurrente_gana,True,False
332_p60,queja,deja_sin_efecto,recurrente_gana,False,False
332_p66,recurso_concedido,no_revision_demanda,no_aplica,False,False
332_p89,queja,deja_sin_efecto,recurrente_gana,True,False
332_p105,queja,revoca,recurrente_gana,True,False
332_p111,recurso_concedido,confirma,recurrente_pierde,False,False
332_p155,queja,deja_sin_efecto,recurrente_gana,True,False
332_p161,queja,deja_sin_efecto,recurrente_gana,True,False
332_p166,queja,deja_sin_efecto,recurrente_gana,True,False
332_p170,queja,revoca,recurrente_gana,True,False
332_p193,queja,revoca,recurrente_gana,True,False
332_p208,queja,deja_sin_efecto,recurrente_gana,True,False
332_p253,recurso_concedido,confirma,recurrente_pierde,False,False
332_p291,recurso_concedido,revoca,recurrente_gana,False,False
332_p297,recurso_concedido,confirma,recurrente_pierde,False,False
332_p306,recurso_concedido,confirma,recurrente_pierde,False,False
332_p324,queja,deja_sin_efecto,recurrente_gana,True,False
332_p335,queja,deja_sin_efecto,recurrente_gana,True,False
332_p343,recurso_concedido,confirma,recurrente_pierde,False,False
332_p351,recurso_concedido,revoca,recurrente_gana,False,False
332_p357,recurso_concedido,confirma,recurrente_pierde,False,False
332_p363,recurso_concedido,revoca,recurrente_gana,False,False
332_p370,recurso_concedido,confirma,recurrente_pierde,False,False
332_p373,recurso_concedido,confirma,recurrente_pierde,True,False
332_p377,recurso_concedido,confirma,recurrente_pierde,False,False
332_p387,recurso_concedido,revoca,recurrente_gana,True,False
332_p391,recurso_concedido,deja_sin_efecto,recurrente_gana,True,False
332_p394,recurso_concedido,revoca,recurrente_gana,True,False
332_p399,recurso_concedido,confirma,recurrente_pierde,False,False
332_p424,recurso_concedido,confirma,recurrente_pierde,False,False
332_p426,recurso_concedido,confirma,recurrente_pierde,False,False
332_p433,recurso_concedido,confirma,recurrente_pierde,False,False
332_p460,recurso_concedido,deja_sin_efecto,recurrente_gana,True,False
332_p479,queja,deja_sin_efecto,recurrente_gana,False,False
332_p494,queja,por_ello_cortado,no_aplica,False,False
332_p500,queja,deja_sin_efecto,recurrente_gana,False,False
332_p504,queja,deja_sin_efecto,recurrente_gana,False,False
332_p512,queja,deja_sin_efecto,recurrente_gana,True,False
332_p523,queja,deja_sin_efecto,recurrente_gana,True,False
332_p525,queja,revoca,recurrente_gana,False,False
332_p531,queja,deja_sin_efecto,recurrente_gana,False,False
332_p585,recurso_concedido,confirma,recurrente_pierde,False,False
332_p588,recurso_concedido,revoca,recurrente_gana,False,False
332_p591,recurso_concedido,confirma,recurrente_pierde,False,False
332_p595,recurso_concedido,revoca,recurrente_gana,True,False
332_p602,recurso_concedido,deja_sin_efecto,recurrente_gana,False,False
332_p607,recurso_concedido,confirma,recurrente_pierde,False,False
332_p611,queja,revoca,recurrente_gana,True,False
332_p616,queja,deja_sin_efecto,recurrente_gana,True,False
332_p622,queja,deja_sin_efecto,recurrente_gana,False,False
332_p627,queja,deja_sin_efecto,recurrente_gana,True,False
332_p640,recurso_concedido,no_revision_demanda,no_aplica,False,False
332_p674,recurso_concedido,confirma,recurrente_pierde,False,False
332_p731,recurso_concedido,sin_disposicion_legible,no_aplica,False,False
332_p737,recurso_concedido,confirma,recurrente_pierde,False,False
332_p761,recurso_concedido,nulidad,recurrente_gana,False,False
332_p767,recurso_concedido,confirma,recurrente_pierde,False,False
332_p770,queja,revoca,recurrente_gana,False,False
332_p797,queja,revoca,recurrente_gana,False,False
332_p813,recurso_concedido,revoca,recurrente_gana,False,False
332_p820,recurso_concedido,deja_sin_efecto,recurrente_gana,True,False
332_p826,recurso_concedido,deja_sin_efecto,recurrente_gana,True,False
332_p830,queja,confirma,recurrente_pierde,False,False
332_p837,queja,deja_sin_efecto,recurrente_gana,True,False
332_p846,queja,deja_sin_efecto,recurrente_gana,True,False
332_p850,recurso_concedido,revoca,recurrente_gana,False,False
332_p852,recurso_concedido,revoca,recurrente_gana,False,False
332_p854,queja,revoca,recurrente_gana,False,False
332_p857,queja,deja_sin_efecto,recurrente_gana,False,False
332_p862,queja,deja_sin_efecto,recurrente_gana,True,False
332_p873,recurso_concedido,revoca,recurrente_gana,False,False
332_p875,recurso_concedido,confirma,recurrente_pierde,False,False
332_p877,queja,confirma,recurrente_pierde,False,False
332_p885,queja,deja_sin_efecto,recurrente_gana,True,False
332_p892,queja,deja_sin_efecto,recurrente_gana,True,False
332_p913,recurso_concedido,revoca,recurrente_gana,False,False
332_p917,recurso_concedido,revoca,recurrente_gana,False,False
332_p921,recurso_concedido,revoca,recurrente_gana,False,False
332_p936,recurso_concedido,confirma,recurrente_pierde,False,False
332_p943,recurso_concedido,deja_sin_efecto,recurrente_gana,False,False
332_p952,recurso_concedido,confirma,recurrente_pierde,False,False
332_p962,queja,confirma,recurrente_pierde,False,False
332_p975,queja,deja_sin_efecto,recurrente_gana,False,False
332_p979,queja,deja_sin_efecto,recurrente_gana,True,False
332_p1035,recurso_concedido,confirma,recurrente_pierde,False,False
332_p1039,recurso_concedido,confirma,recurrente_pierde,False,False
332_p1060,recurso_concedido,confirma,recurrente_pierde,False,False
332_p1071,recurso_concedido,confirma,recurrente_pierde,False,False
332_p1078,recurso_concedido,confirma,recurrente_pierde,False,False
332_p1082,recurso_concedido,revoca,recurrente_gana,False,False
332_p1090,queja,deja_sin_efecto,recurrente_gana,True,False
332_p1095,queja,sin_disposicion_legible,no_aplica,False,False
332_p1098,queja,deja_sin_efecto,recurrente_gana,True,False
332_p1109,queja,revoca,recurrente_gana,True,False
332_p1115,recurso_concedido,deja_sin_efecto,recurrente_gana,False,False
332_p1118,recurso_concedido,confirma,recurrente_pierde,False,False
332_p1147,recurso_concedido,confirma,recurrente_pierde,False,False
332_p1152,recurso_concedido,revoca,recurrente_gana,False,False
332_p1155,recurso_concedido,revoca,recurrente_gana,True,False
332_p1174,recurso_concedido,revoca,recurrente_gana,False,False
332_p1182,recurso_concedido,deja_sin_efecto,recurrente_gana,True,False
332_p1186,recurso_concedido,confirma,recurrente_pierde,False,False
332_p1200,queja,deja_sin_efecto,recurrente_gana,True,False
332_p1210,recurso_concedido,deja_sin_efecto,recurrente_gana,True,False
332_p1276,recurso_concedido,revoca,recurrente_gana,True,False
332_p1298,recurso_concedido,confirma,recurrente_pierde,False,False
332_p1304,recurso_concedido,revoca,recurrente_gana,False,False
332_p1309,recurso_concedido,confirma,recurrente_pierde,False,False
332_p1332,recurso_concedido,revoca,recurrente_gana,False,False
332_p1338,queja,deja_sin_efecto,recurrente_gana,True,False
332_p1367,recurso_concedido,revoca,recurrente_gana,False,False
332_p1376,recurso_concedido,confirma,recurrente_pierde,True,False
332_p1382,recurso_concedido,deja_sin_efecto,recurrente_gana,True,False
332_p1388,queja,deja_sin_efecto,recurrente_gana,True,False
332_p1391,queja,deja_sin_efecto,recurrente_gana,False,False
332_p1394,queja,revoca,recurrente_gana,False,False
332_p1447,recurso_concedido,no_revision_demanda,no_aplica,False,False
332_p1466,recurso_concedido,deja_sin_efecto,recurrente_gana,True,False
332_p1488,recurso_concedido,revoca,recurrente_gana,False,False
332_p1492,queja,deja_sin_efecto,recurrente_gana,True,False
332_p1503,queja,revoca,recurrente_gana,False,False
332_p1512,queja,deja_sin_efecto,recurrente_gana,True,False
332_p1531,recurso_concedido,revoca,recurrente_gana,False,True
332_p1544,recurso_concedido,confirma,recurrente_pierde,False,False
332_p1564,queja,deja_sin_efecto,recurrente_gana,True,False
332_p1571,recurso_concedido,sin_disposicion_legible,no_aplica,False,False
332_p1616,queja,revoca,recurrente_gana,True,False
332_p1629,recurso_concedido,confirma,recurrente_pierde,False,False
332_p1633,recurso_concedido,confirma,recurrente_pierde,False,False
332_p1651,recurso_concedido,confirma,recurrente_pierde,False,False
332_p1655,recurso_concedido,revoca,recurrente_gana,False,False
332_p1663,recurso_concedido,deja_sin_efecto,recurrente_gana,False,False
332_p1671,queja,revoca,recurrente_gana,False,False
332_p1688,recurso_concedido,no_revision_demanda,no_aplica,False,False
332_p1704,recurso_concedido,no_revision_demanda,no_aplica,False,False
332_p1743,recurso_concedido,confirma,recurrente_pierde,False,False
332_p1759,recurso_concedido,revoca,recurrente_gana,False,False
332_p1769,recurso_concedido,sin_disposicion_legible,no_aplica,False,False
332_p1823,recurso_concedido,nulidad,recurrente_gana,False,False
332_p1835,queja,deja_sin_efecto,recurrente_gana,False,False
332_p1914,recurso_concedido,confirma,recurrente_pierde,False,False
332_p1928,recurso_concedido,revoca,recurrente_gana,False,False
332_p1933,queja,confirma,recurrente_pierde,False,False
332_p1952,recurso_concedido,confirma,recurrente_pierde,False,False
332_p2033,queja,deja_sin_efecto,recurrente_gana,False,False
332_p2043,queja,revoca,recurrente_gana,True,False
332_p2108,recurso_concedido,revoca,recurrente_gana,True,False
332_p2120,recurso_concedido,no_revision_demanda,no_aplica,False,False
332_p2142,queja,confirma,recurrente_pierde,True,False
332_p2146,queja,deja_sin_efecto,recurrente_gana,False,False
332_p2152,recurso_concedido,revoca,recurrente_gana,False,False
332_p2153,queja,deja_sin_efecto,recurrente_gana,True,False
332_p2159,recurso_concedido,sin_disposicion_legible,no_aplica,False,False
332_p2203,recurso_concedido,confirma,recurrente_pierde,False,False
332_p2208,recurso_concedido,deja_sin_efecto,recurrente_gana,True,False
332_p2228,recurso_concedido,revoca,recurrente_gana,True,False
332_p2250,recurso_concedido,no_revision_demanda,no_aplica,False,False
332_p2265,recurso_concedido,no_revision_demanda,no_aplica,False,False
332_p2280,recurso_concedido,revoca,recurrente_gana,True,False
332_p2288,recurso_concedido,revoca,recurrente_gana,False,False
332_p2295,recurso_concedido,revoca,recurrente_gana,False,False
332_p2302,recurso_concedido,revoca,recurrente_gana,False,False
332_p2307,recurso_concedido,confirma,recurrente_pierde,False,False
332_p2328,recurso_concedido,deja_sin_efecto,recurrente_gana,True,False
332_p2339,recurso_concedido,deja_sin_efecto,recurrente_gana,True,False
332_p2414,queja,deja_sin_efecto,recurrente_gana,True,False
332_p2435,recurso_concedido,confirma,recurrente_pierde,False,False
332_p2441,queja,revoca,recurrente_gana,False,False
332_p2454,queja,revoca,recurrente_gana,False,False
332_p2463,recurso_concedido,confirma,recurrente_pierde,False,False
332_p2468,recurso_concedido,revoca,recurrente_gana,True,False
332_p2487,queja,sin_disposicion_legible,no_aplica,False,False
332_p2497,queja,revoca,recurrente_gana,False,False
332_p2529,recurso_concedido,revoca,recurrente_gana,True,False
332_p2539,recurso_concedido,revoca,recurrente_gana,True,False
332_p2544,recurso_concedido,deja_sin_efecto,recurrente_gana,False,False
332_p2553,queja,deja_sin_efecto,recurrente_gana,True,False
332_p2559,queja,no_revision_demanda,no_aplica,False,False
332_p2599,recurso_concedido,confirma,recurrente_pierde,False,False
332_p2604,queja,revoca,recurrente_gana,True,False
332_p2614,queja,deja_sin_efecto,recurrente_gana,True,False
332_p2633,queja,deja_sin_efecto,recurrente_gana,True,False
332_p2675,recurso_concedido,confirma,recurrente_pierde,False,False
332_p2686,recurso_concedido,sin_disposicion_legible,no_aplica,False,False
332_p2698,recurso_concedido,deja_sin_efecto,recurrente_gana,True,False
332_p2705,recurso_concedido,deja_sin_efecto,recurrente_gana,True,False
332_p2708,queja,revoca,recurrente_gana,True,False
332_p2715,queja,revoca,recurrente_gana,True,False
332_p2751,recurso_concedido,deja_sin_efecto,recurrente_gana,True,False
332_p2759,recurso_concedido,revoca,recurrente_gana,True,False
332_p2769,queja,sin_disposicion_legible,no_aplica,False,False
332_p2779,recurso_concedido,revoca,recurrente_gana,False,True
332_p2783,queja,deja_sin_efecto,recurrente_gana,False,False
332_p2797,queja,no_revision_procesal,no_aplica,False,False
332_p2801,recurso_concedido,revoca,recurrente_gana,False,False
332_p2813,recurso_concedido,nulidad,recurrente_gana,True,False
332_p2815,queja,deja_sin_efecto,recurrente_gana,False,False
332_p2828,queja,deja_sin_efecto,recurrente_gana,True,False
332_p2842,recurso_concedido,no_revision_demanda,no_aplica,False,False
332_p2868,queja,deja_sin_efecto,recurrente_gana,True,False
332_p2872,recurso_concedido,confirma,recurrente_pierde,False,False
332_p2878,recurso_concedido,revoca,recurrente_gana,False,False
332_p2884,recurso_concedido,revoca,recurrente_gana,False,False
333_p5,queja,deja_sin_efecto,recurrente_gana,False,False
333_p16,queja,confirma,recurrente_pierde,False,False
333_p24,recurso_concedido,deja_sin_efecto,recurrente_gana,True,False
333_p31,recurso_concedido,no_revision_demanda,no_aplica,False,False
333_p68,recurso_concedido,revoca,recurrente_gana,False,False
333_p71,recurso_concedido,confirma,recurrente_pierde,False,False
333_p78,recurso_concedido,revoca,recurrente_gana,False,False
333_p86,recurso_concedido,confirma,recurrente_pierde,False,False
333_p90,queja,deja_sin_efecto,recurrente_gana,True,False
333_p123,queja,confirma,recurrente_pierde,False,False
333_p133,queja,deja_sin_efecto,recurrente_gana,True,False
333_p138,queja,sin_disposicion_legible,no_aplica,False,False
333_p143,recurso_concedido,deja_sin_efecto,recurrente_gana,True,False
333_p155,recurso_concedido,revoca,recurrente_gana,True,False
333_p161,queja,revoca,recurrente_gana,False,False
333_p203,queja,deja_sin_efecto,recurrente_gana,True,False
333_p215,recurso_concedido,no_revision_demanda,no_aplica,False,False
333_p228,queja,deja_sin_efecto,recurrente_gana,False,False
333_p255,queja,revoca,recurrente_gana,True,False
333_p264,queja,deja_sin_efecto,recurrente_gana,True,False
333_p273,queja,deja_sin_efecto,recurrente_gana,True,False
333_p300,recurso_concedido,revoca,recurrente_gana,False,False
333_p311,recurso_concedido,revoca,recurrente_gana,False,False
333_p333,queja,deja_sin_efecto,recurrente_gana,False,False
333_p335,queja,revoca,recurrente_gana,True,False
333_p357,queja,deja_sin_efecto,recurrente_gana,True,False
333_p360,recurso_concedido,nulidad,recurrente_gana,False,False
333_p364,recurso_concedido,no_revision_demanda,no_aplica,False,False
333_p380,queja,deja_sin_efecto,recurrente_gana,True,False
333_p394,recurso_concedido,deja_sin_efecto,recurrente_gana,False,False
333_p405,queja,revoca,recurrente_gana,False,True
333_p433,recurso_concedido,revoca,recurrente_gana,False,False
333_p447,queja,deja_sin_efecto,recurrente_gana,True,False
333_p503,recurso_concedido,revoca,recurrente_gana,False,False
333_p519,recurso_concedido,por_ello_cortado,no_aplica,False,False
333_p527,queja,deja_sin_efecto,recurrente_gana,False,False
333_p530,queja,deja_sin_efecto,recurrente_gana,True,False
333_p538,recurso_concedido,no_revision_demanda,no_aplica,False,False
333_p566,recurso_concedido,revoca,recurrente_gana,False,False
333_p570,recurso_concedido,deja_sin_efecto,recurrente_gana,False,False
333_p584,queja,deja_sin_efecto,recurrente_gana,True,False
333_p600,recurso_concedido,confirma,recurrente_pierde,False,False
333_p604,recurso_concedido,revoca,recurrente_gana,False,False
333_p631,recurso_concedido,confirma,recurrente_pierde,False,False
333_p662,recurso_concedido,deja_sin_efecto,recurrente_gana,True,False
333_p667,queja,revoca,recurrente_gana,True,False
333_p677,recurso_concedido,revoca,recurrente_gana,False,False
333_p680,recurso_concedido,deja_sin_efecto,recurrente_gana,False,False
333_p699,queja,revoca,recurrente_gana,True,False
333_p721,recurso_concedido,revoca,recurrente_gana,False,False
333_p730,queja,deja_sin_efecto,recurrente_gana,True,False
333_p735,recurso_concedido,revoca,recurrente_gana,True,False
333_p744,recurso_concedido,revoca,recurrente_gana,True,False
333_p777,recurso_concedido,revoca,recurrente_gana,False,False
333_p792,recurso_concedido,revoca,recurrente_gana,True,False
333_p796,recurso_concedido,deja_sin_efecto,recurrente_gana,True,False
333_p819,queja,deja_sin_efecto,recurrente_gana,True,False
333_p831,recurso_concedido,deja_sin_efecto,recurrente_gana,False,False
333_p847,recurso_concedido,revoca,recurrente_gana,False,False
333_p855,recurso_concedido,revoca,recurrente_gana,False,False
333_p927,recurso_concedido,confirma,recurrente_pierde,False,False
333_p935,recurso_concedido,revoca,recurrente_gana,False,False
333_p993,recurso_concedido,confirma,recurrente_pierde,False,False
333_p1017,recurso_concedido,deja_sin_efecto,recurrente_gana,False,False
333_p1023,recurso_concedido,revoca,recurrente_gana,False,False
333_p1053,queja,deja_sin_efecto,recurrente_gana,True,False
333_p1062,queja,deja_sin_efecto,recurrente_gana,True,False
333_p1075,queja,revoca,recurrente_gana,True,False
333_p1133,recurso_concedido,deja_sin_efecto,recurrente_gana,True,False
333_p1143,queja,deja_sin_efecto,recurrente_gana,True,False
333_p1152,recurso_concedido,sin_disposicion_legible,no_aplica,False,False
333_p1156,queja,deja_sin_efecto,recurrente_gana,False,False
333_p1179,recurso_concedido,confirma,recurrente_pierde,False,False
333_p1192,recurso_concedido,deja_sin_efecto,recurrente_gana,False,False
333_p1205,recurso_concedido,confirma,recurrente_pierde,False,False
333_p1218,recurso_concedido,revoca,recurrente_gana,True,False
333_p1224,recurso_concedido,revoca,recurrente_gana,True,False
333_p1244,recurso_concedido,confirma,recurrente_pierde,False,False
333_p1257,queja,deja_sin_efecto,recurrente_gana,False,False
333_p1268,queja,deja_sin_efecto,recurrente_gana,True,False
333_p1273,queja,revoca,recurrente_gana,True,False
333_p1279,recurso_concedido,no_revision_demanda,no_aplica,False,False
333_p1304,recurso_concedido,revoca,recurrente_gana,False,False
333_p1309,queja,deja_sin_efecto,recurrente_gana,True,False
333_p1316,recurso_concedido,confirma,recurrente_pierde,False,False
333_p1318,recurso_concedido,revoca,recurrente_gana,False,False
333_p1325,recurso_concedido,deja_sin_efecto,recurrente_gana,True,False
333_p1331,recurso_concedido,revoca,recurrente_gana,False,False
333_p1354,recurso_concedido,revoca,recurrente_gana,False,False
333_p1361,queja,revoca,recurrente_gana,True,False
333_p1376,queja,revoca,recurrente_gana,False,False
333_p1404,recurso_concedido,confirma,recurrente_pierde,False,False
333_p1433,recurso_concedido,deja_sin_efecto,recurrente_gana,False,False
333_p1460,queja,deja_sin_efecto,recurrente_gana,False,False
333_p1467,queja,revoca,recurrente_gana,False,False
333_p1469,queja,deja_sin_efecto,recurrente_gana,False,False
333_p1613,queja,sin_disposicion_legible,no_aplica,False,False
333_p1623,recurso_concedido,revoca,recurrente_gana,False,False
333_p1639,recurso_concedido,revoca,recurrente_gana,False,False
333_p1643,recurso_concedido,sin_disposicion_legible,no_aplica,False,False
333_p1650,recurso_concedido,revoca,recurrente_gana,True,False
333_p1657,recurso_concedido,confirma,recurrente_pierde,False,False
333_p1671,queja,nulidad,recurrente_gana,False,False
333_p1674,queja,revoca,recurrente_gana,False,False
333_p1687,queja,revoca,recurrente_gana,True,False
333_p1723,queja,deja_sin_efecto,recurrente_gana,True,False
333_p1735,recurso_concedido,revoca,recurrente_gana,False,False
333_p1759,queja,revoca,recurrente_gana,False,False
333_p1765,queja,deja_sin_efecto,recurrente_gana,True,False
333_p1776,queja,revoca,recurrente_gana,False,False
333_p1817,recurso_concedido,confirma,recurrente_pierde,False,False
333_p1820,recurso_concedido,confirma,recurrente_pierde,False,False
333_p1828,recurso_concedido,confirma,recurrente_pierde,False,False
333_p1841,recurso_concedido,revoca,recurrente_gana,True,False
333_p1857,queja,sin_disposicion_legible,no_aplica,False,False
333_p1863,queja,deja_sin_efecto,recurrente_gana,False,False
333_p1869,queja,revoca,recurrente_gana,True,False
333_p1891,recurso_concedido,deja_sin_efecto,recurrente_gana,True,False
333_p1909,recurso_concedido,deja_sin_efecto,recurrente_gana,True,False
333_p1916,recurso_concedido,revoca,recurrente_gana,True,False
333_p1922,queja,deja_sin_efecto,recurrente_gana,False,False
333_p1930,queja,sin_disposicion_legible,no_aplica,False,False
333_p1942,recurso_concedido,confirma,recurrente_pierde,False,False
333_p1946,recurso_concedido,revoca,recurrente_gana,False,False
333_p1951,recurso_concedido,por_ello_cortado,no_aplica,False,False
333_p1979,queja,deja_sin_efecto,recurrente_gana,True,False
333_p2001,queja,deja_sin_efecto,recurrente_gana,True,False
333_p2010,queja,grant_remand_implicito,recurrente_gana,True,False
333_p2017,queja,revoca,recurrente_gana,False,True
333_p2044,queja,deja_sin_efecto,recurrente_gana,True,False
333_p2061,queja,confirma,recurrente_pierde,False,False
333_p2065,recurso_concedido,revoca,recurrente_gana,False,False
333_p2073,recurso_concedido,deja_sin_efecto,recurrente_gana,True,False
333_p2079,recurso_concedido,confirma,recurrente_pierde,False,False
333_p2125,queja,deja_sin_efecto,recurrente_gana,True,False
333_p2136,recurso_concedido,revoca,recurrente_gana,False,False
333_p2141,recurso_concedido,deja_sin_efecto,recurrente_gana,True,False
333_p2159,recurso_concedido,no_revision_demanda,no_aplica,False,False
333_p2179,recurso_concedido,confirma,recurrente_pierde,False,False
333_p2184,recurso_concedido,revoca,recurrente_gana,True,False
333_p2197,recurso_concedido,deja_sin_efecto,recurrente_gana,True,False
333_p2200,recurso_concedido,revoca,recurrente_gana,True,False
333_p2208,recurso_concedido,confirma,recurrente_pierde,False,False
333_p2218,recurso_concedido,revoca,recurrente_gana,False,False
333_p2222,recurso_concedido,revoca,recurrente_gana,False,False
333_p2237,queja,deja_sin_efecto,recurrente_gana,True,False
333_p2251,queja,revoca,recurrente_gana,True,False
333_p2261,recurso_concedido,confirma,recurrente_pierde,False,False
333_p2271,recurso_concedido,deja_sin_efecto,recurrente_gana,False,False
333_p2296,recurso_concedido,deja_sin_efecto,recurrente_gana,True,False
333_p2306,queja,confirma,recurrente_pierde,False,False
333_p2338,recurso_concedido,revoca,recurrente_gana,False,False
333_p2344,recurso_concedido,confirma,recurrente_pierde,False,False
333_p2353,recurso_concedido,deja_sin_efecto,recurrente_gana,True,False
333_p2367,recurso_concedido,no_revision_demanda,no_aplica,False,False
333_p2396,recurso_concedido,confirma,recurrente_pierde,False,False
333_p2420,queja,deja_sin_efecto,recurrente_gana,False,False
333_p2426,queja,deja_sin_efecto,recurrente_gana,False,False
333_p2439,queja,revoca,recurrente_gana,False,False
334_p5,recurso_concedido,confirma,recurrente_pierde,False,False
334_p9,queja,deja_sin_efecto,recurrente_gana,True,False
334_p13,recurso_concedido,confirma,recurrente_pierde,False,False
334_p30,recurso_concedido,confirma,recurrente_pierde,False,False
334_p35,queja,revoca,recurrente_gana,False,False
334_p38,queja,sin_disposicion_legible,no_aplica,False,False
334_p44,queja,revoca,recurrente_gana,False,False
334_p53,recurso_concedido,confirma,recurrente_pierde,False,False
334_p62,recurso_concedido,confirma,recurrente_pierde,False,False
334_p95,recurso_concedido,revoca,recurrente_gana,False,False
334_p109,queja,confirma,recurrente_pierde,False,False
334_p120,recurso_concedido,deja_sin_efecto,recurrente_gana,True,False
334_p128,recurso_concedido,revoca,recurrente_gana,False,False
334_p156,queja,deja_sin_efecto,recurrente_gana,True,False
334_p173,recurso_concedido,revoca,recurrente_gana,False,False
334_p178,recurso_concedido,confirma,recurrente_pierde,False,False
334_p187,queja,deja_sin_efecto,recurrente_gana,True,False
334_p196,recurso_concedido,deja_sin_efecto,recurrente_gana,False,False
334_p198,queja,revoca,recurrente_gana,False,False
334_p210,recurso_concedido,confirma,recurrente_pierde,False,False
334_p214,queja,deja_sin_efecto,recurrente_gana,True,False
334_p223,queja,deja_sin_efecto,recurrente_gana,False,False
334_p229,queja,confirma,recurrente_pierde,False,False
334_p236,queja,revoca,recurrente_gana,False,False
334_p249,recurso_concedido,confirma,recurrente_pierde,False,False
334_p275,recurso_concedido,confirma,recurrente_pierde,False,False
334_p287,recurso_concedido,deja_sin_efecto,recurrente_gana,True,False
334_p295,recurso_concedido,deja_sin_efecto,recurrente_gana,True,False
334_p304,queja,deja_sin_efecto,recurrente_gana,False,False
334_p312,queja,no_revision_procesal,no_aplica,False,False
334_p343,queja,deja_sin_efecto,recurrente_gana,True,False
334_p349,recurso_concedido,deja_sin_efecto,recurrente_gana,False,True
334_p357,queja,sin_disposicion_legible,no_aplica,False,False
334_p362,recurso_concedido,revoca,recurrente_gana,False,False
334_p365,queja,revoca,recurrente_gana,False,False
334_p405,queja,deja_sin_efecto,recurrente_gana,True,False
334_p427,queja,revoca,recurrente_gana,False,False
334_p434,queja,revoca,recurrente_gana,False,False
334_p445,queja,confirma,recurrente_pierde,False,False
334_p454,recurso_concedido,deja_sin_efecto,recurrente_gana,True,False
334_p458,queja,deja_sin_efecto,recurrente_gana,True,False
334_p463,queja,sin_disposicion_legible,no_aplica,False,False
334_p474,recurso_concedido,revoca,recurrente_gana,False,False
334_p485,recurso_concedido,confirma,recurrente_pierde,False,False
334_p490,recurso_concedido,deja_sin_efecto,recurrente_gana,True,False
334_p502,recurso_concedido,por_ello_cortado,no_aplica,False,False
334_p509,recurso_concedido,revoca,recurrente_gana,True,False
334_p516,recurso_concedido,revoca,recurrente_gana,True,False
334_p552,queja,revoca,recurrente_gana,True,False
334_p559,queja,deja_sin_efecto,recurrente_gana,True,False
334_p565,queja,deja_sin_efecto,recurrente_gana,False,False
334_p573,queja,revoca,recurrente_gana,True,False
334_p582,queja,deja_sin_efecto,recurrente_gana,False,False
334_p666,recurso_concedido,revoca,recurrente_gana,False,False
334_p690,recurso_concedido,revoca,recurrente_gana,True,False
334_p698,recurso_concedido,confirma,recurrente_pierde,False,False
334_p725,queja,deja_sin_efecto,recurrente_gana,False,False
334_p736,recurso_concedido,deja_sin_efecto,recurrente_gana,True,False
334_p742,queja,deja_sin_efecto,recurrente_gana,True,False
334_p749,queja,revoca,recurrente_gana,False,False
334_p763,recurso_concedido,confirma,recurrente_pierde,False,False
334_p768,recurso_concedido,confirma,recurrente_pierde,False,False
334_p778,queja,deja_sin_efecto,recurrente_gana,True,False
334_p784,recurso_concedido,revoca,recurrente_gana,True,False
334_p799,recurso_concedido,confirma,recurrente_pierde,False,False
334_p829,recurso_concedido,sin_disposicion_legible,no_aplica,False,False
334_p847,queja,deja_sin_efecto,recurrente_gana,False,False
334_p852,recurso_concedido,deja_sin_efecto,recurrente_gana,False,False
334_p858,queja,revoca,recurrente_gana,True,False
334_p871,queja,por_ello_cortado,no_aplica,False,False
334_p875,recurso_concedido,confirma,recurrente_pierde,False,False
334_p885,recurso_concedido,confirma,recurrente_pierde,False,False
334_p891,recurso_concedido,confirma,recurrente_pierde,False,False
334_p913,recurso_concedido,confirma,recurrente_pierde,False,False
334_p934,recurso_concedido,deja_sin_efecto,recurrente_gana,True,False
334_p950,recurso_concedido,confirma,recurrente_pierde,False,False
334_p959,queja,confirma,recurrente_pierde,False,False
334_p965,recurso_concedido,confirma,recurrente_pierde,False,False
334_p970,recurso_concedido,confirma,recurrente_pierde,False,False
334_p972,recurso_concedido,confirma,recurrente_pierde,False,False
334_p983,recurso_concedido,revoca,recurrente_gana,False,False
334_p988,recurso_concedido,revoca,recurrente_gana,False,False
334_p996,recurso_concedido,no_revision_demanda,no_aplica,False,False
334_p1002,queja,revoca,recurrente_gana,True,False
334_p1010,recurso_concedido,deja_sin_efecto,recurrente_gana,True,False
334_p1018,recurso_concedido,revoca,recurrente_gana,False,False
334_p1027,recurso_concedido,confirma,recurrente_pierde,False,False
334_p1036,queja,deja_sin_efecto,recurrente_gana,True,False
334_p1074,recurso_concedido,confirma,recurrente_pierde,False,False
334_p1099,recurso_concedido,revoca,recurrente_gana,False,False
334_p1101,recurso_concedido,revoca,recurrente_gana,True,False
334_p1113,recurso_concedido,confirma,recurrente_pierde,False,False
334_p1133,queja,deja_sin_efecto,recurrente_gana,True,False
334_p1139,recurso_concedido,nulidad,recurrente_gana,True,False
334_p1172,recurso_concedido,revoca,recurrente_gana,True,False
334_p1182,recurso_concedido,confirma,recurrente_pierde,False,False
334_p1193,recurso_concedido,revoca,recurrente_gana,False,False
334_p1198,recurso_concedido,revoca,recurrente_gana,True,False
334_p1204,recurso_concedido,deja_sin_efecto,recurrente_gana,True,False
334_p1216,recurso_concedido,revoca,recurrente_gana,False,False
334_p1231,recurso_concedido,revoca,recurrente_gana,False,False
334_p1237,recurso_concedido,revoca,recurrente_gana,False,False
334_p1241,recurso_concedido,revoca,recurrente_gana,True,False
334_p1276,recurso_concedido,revoca,recurrente_gana,True,False
334_p1287,recurso_concedido,revoca,recurrente_gana,False,False
334_p1327,queja,confirma,recurrente_pierde,False,False
334_p1346,recurso_concedido,no_revision_demanda,no_aplica,False,False
334_p1361,recurso_concedido,revoca,recurrente_gana,False,False
334_p1372,queja,deja_sin_efecto,recurrente_gana,False,False
334_p1387,queja,revoca,recurrente_gana,False,False
334_p1406,recurso_concedido,revoca,recurrente_gana,True,False
334_p1412,queja,deja_sin_efecto,recurrente_gana,True,False
334_p1426,recurso_concedido,confirma,recurrente_pierde,False,False
334_p1431,recurso_concedido,confirma,recurrente_pierde,False,False
334_p1437,recurso_concedido,revoca,recurrente_gana,True,False
334_p1445,recurso_concedido,revoca,recurrente_gana,False,False
334_p1458,recurso_concedido,nulidad,recurrente_gana,False,False
334_p1472,recurso_concedido,no_revision_demanda,no_aplica,False,False
334_p1489,queja,deja_sin_efecto,recurrente_gana,True,False
334_p1504,recurso_concedido,deja_sin_efecto,recurrente_gana,False,False
334_p1609,recurso_concedido,confirma,recurrente_pierde,False,False
334_p1614,recurso_concedido,revoca,recurrente_gana,False,False
334_p1622,recurso_concedido,deja_sin_efecto,recurrente_gana,True,False
334_p1626,recurso_concedido,no_revision_demanda,no_aplica,False,False
334_p1644,recurso_concedido,deja_sin_efecto,recurrente_gana,True,False
334_p1659,recurso_concedido,confirma,recurrente_pierde,False,False
334_p1673,queja,deja_sin_efecto,recurrente_gana,True,False
334_p1691,queja,deja_sin_efecto,recurrente_gana,True,False
334_p1703,recurso_concedido,confirma,recurrente_pierde,False,False
334_p1714,recurso_concedido,deja_sin_efecto,recurrente_gana,True,False
334_p1722,queja,revoca,recurrente_gana,False,False
334_p1768,queja,revoca,recurrente_gana,False,False
334_p1791,recurso_concedido,nulidad,recurrente_gana,False,False
334_p1795,recurso_concedido,deja_sin_efecto,recurrente_gana,True,False
334_p1804,queja,deja_sin_efecto,recurrente_gana,False,False
334_p1808,recurso_concedido,confirma,recurrente_pierde,False,False
334_p1815,queja,revoca,recurrente_gana,False,False
334_p1821,recurso_concedido,no_revision_demanda,no_aplica,False,False
334_p1842,queja,revoca,recurrente_gana,False,False
334_p1848,queja,deja_sin_efecto,recurrente_gana,False,False
334_p1854,recurso_concedido,confirma,recurrente_pierde,False,False
334_p1869,queja,revoca,recurrente_gana,False,False
334_p1897,queja,revoca,recurrente_gana,True,False
334_p1903,recurso_concedido,revoca,recurrente_gana,False,False
334_p1909,recurso_concedido,revoca,recurrente_gana,False,False
334_p1920,recurso_concedido,revoca,recurrente_gana,False,False
337_p37,recurso_concedido,deja_sin_efecto,recurrente_gana,True,False
337_p45,recurso_concedido,no_revision_procesal,no_aplica,False,False
337_p58,recurso_concedido,revoca,recurrente_gana,False,False
337_p62,queja,revoca,recurrente_gana,False,False
337_p70,recurso_concedido,confirma,recurrente_pierde,False,False
337_p77,recurso_concedido,deja_sin_efecto,recurrente_gana,False,False
337_p88,recurso_concedido,revoca,recurrente_gana,False,False
337_p112,queja,revoca,recurrente_gana,True,False
337_p119,recurso_concedido,revoca,recurrente_gana,False,False
337_p123,queja,confirma,recurrente_pierde,False,False
337_p133,recurso_concedido,confirma,recurrente_pierde,False,False
337_p149,queja,deja_sin_efecto,recurrente_gana,True,False
337_p154,queja,confirma,recurrente_pierde,False,False
337_p179,recurso_concedido,deja_sin_efecto,recurrente_gana,True,False
337_p191,queja,revoca,recurrente_gana,False,False
337_p196,recurso_concedido,deja_sin_efecto,recurrente_gana,True,False
337_p205,recurso_concedido,confirma,recurrente_pierde,False,False
337_p222,recurso_concedido,confirma,recurrente_pierde,False,False
337_p234,recurso_concedido,no_revision_demanda,no_aplica,False,False
337_p256,recurso_concedido,confirma,recurrente_pierde,False,False
337_p315,queja,deja_sin_efecto,recurrente_gana,True,False
337_p329,queja,deja_sin_efecto,recurrente_gana,True,False
337_p339,recurso_concedido,revoca,recurrente_gana,True,False
337_p346,recurso_concedido,confirma,recurrente_pierde,False,False
337_p354,queja,revoca,recurrente_gana,True,False
337_p373,queja,confirma,recurrente_pierde,False,False
337_p448,queja,confirma,recurrente_pierde,False,False
337_p471,recurso_concedido,deja_sin_efecto,recurrente_gana,True,False
337_p481,recurso_concedido,revoca,recurrente_gana,False,False
337_p486,recurso_concedido,confirma,recurrente_pierde,False,False
337_p505,queja,revoca,recurrente_gana,True,False
337_p548,recurso_concedido,no_revision_demanda,no_aplica,False,False
337_p567,queja,deja_sin_efecto,recurrente_gana,True,False
337_p574,recurso_concedido,confirma,recurrente_pierde,False,False
337_p580,queja,deja_sin_efecto,recurrente_gana,False,False
337_p611,queja,deja_sin_efecto,recurrente_gana,True,False
337_p647,recurso_concedido,confirma,recurrente_pierde,False,False
337_p654,recurso_concedido,revoca,recurrente_gana,False,False
337_p659,recurso_concedido,revoca,recurrente_gana,False,False
337_p675,queja,deja_sin_efecto,recurrente_gana,True,False
337_p692,recurso_concedido,confirma,recurrente_pierde,False,False
337_p703,queja,confirma,recurrente_pierde,False,False
337_p740,queja,confirma,recurrente_pierde,False,False
337_p748,queja,deja_sin_efecto,recurrente_gana,True,False
337_p753,recurso_concedido,confirma,recurrente_pierde,False,False
337_p762,recurso_concedido,deja_sin_efecto,recurrente_gana,True,False
337_p771,recurso_concedido,revoca,recurrente_gana,True,False
337_p790,recurso_concedido,revoca,recurrente_gana,True,False
337_p813,recurso_concedido,no_revision_demanda,no_aplica,False,False
337_p822,recurso_concedido,no_revision_demanda,no_aplica,False,False
337_p858,queja,confirma,recurrente_pierde,False,False
337_p877,recurso_concedido,revoca,recurrente_gana,False,False
337_p901,recurso_concedido,sin_disposicion_legible,no_aplica,False,False
337_p939,recurso_concedido,revoca,recurrente_gana,False,False
337_p948,recurso_concedido,revoca,recurrente_gana,True,False
337_p966,recurso_concedido,confirma,recurrente_pierde,False,False
337_p993,queja,confirma,recurrente_pierde,False,False
337_p1006,recurso_concedido,revoca,recurrente_gana,True,False
337_p1037,queja,revoca,recurrente_gana,False,False
337_p1042,recurso_concedido,sin_disposicion_legible,no_aplica,False,False
337_p1052,recurso_concedido,deja_sin_efecto,recurrente_gana,True,False
337_p1081,queja,deja_sin_efecto,recurrente_gana,True,False
337_p1095,recurso_concedido,revoca,recurrente_gana,False,False
337_p1102,queja,deja_sin_efecto,recurrente_gana,True,False
337_p1108,queja,deja_sin_efecto,recurrente_gana,True,False
337_p1117,recurso_concedido,revoca,recurrente_gana,False,False
337_p1136,queja,deja_sin_efecto,recurrente_gana,True,False
337_p1142,recurso_concedido,confirma,recurrente_pierde,False,False
337_p1174,recurso_concedido,no_revision_demanda,no_aplica,False,False
337_p1217,recurso_concedido,confirma,recurrente_pierde,False,False
337_p1234,recurso_concedido,deja_sin_efecto,recurrente_gana,False,False
337_p1252,queja,deja_sin_efecto,recurrente_gana,False,False
337_p1254,recurso_concedido,deja_sin_efecto,recurrente_gana,True,False
337_p1263,queja,deja_sin_efecto,recurrente_gana,True,False
337_p1277,recurso_concedido,revoca,recurrente_gana,False,False
337_p1289,recurso_concedido,deja_sin_efecto,recurrente_gana,True,False
337_p1307,recurso_concedido,revoca,recurrente_gana,False,False
337_p1337,recurso_concedido,confirma,recurrente_pierde,False,False
337_p1361,queja,deja_sin_efecto,recurrente_gana,True,False
337_p1375,recurso_concedido,no_revision_demanda,no_aplica,False,False
337_p1393,recurso_concedido,revoca,recurrente_gana,False,False
337_p1403,queja,deja_sin_efecto,recurrente_gana,False,False
337_p1408,queja,sin_disposicion_legible,no_aplica,False,False
337_p1420,queja,deja_sin_efecto,recurrente_gana,False,False
337_p1431,queja,deja_sin_efecto,recurrente_gana,True,False
337_p1447,recurso_concedido,no_revision_procesal,no_aplica,False,False
337_p1451,recurso_concedido,revoca,recurrente_gana,False,False
337_p1464,recurso_concedido,no_revision_demanda,no_aplica,False,False
337_p1491,recurso_concedido,deja_sin_efecto,recurrente_gana,True,False
337_p1494,recurso_concedido,deja_sin_efecto,recurrente_gana,True,False
337_p1511,queja,confirma,recurrente_pierde,False,False
337_p1521,queja,deja_sin_efecto,recurrente_gana,True,False
337_p1530,queja,revoca,recurrente_gana,True,False
337_p1548,queja,revoca,recurrente_gana,True,False
337_p1555,recurso_concedido,deja_sin_efecto,recurrente_gana,True,False
337_p1564,recurso_concedido,deja_sin_efecto,recurrente_gana,True,False
337_p1581,queja,revoca,recurrente_gana,False,False
338_p29,queja,deja_sin_efecto,recurrente_gana,False,False
338_p48,queja,deja_sin_efecto,recurrente_gana,True,False
338_p53,queja,revoca,recurrente_gana,True,False
338_p68,queja,deja_sin_efecto,recurrente_gana,True,False
338_p88,recurso_concedido,confirma,recurrente_pierde,True,False
338_p102,queja,no_revision_demanda,no_aplica,False,False
338_p113,recurso_concedido,no_revision_demanda,no_aplica,False,False
338_p123,recurso_concedido,revoca,recurrente_gana,False,False
338_p130,queja,deja_sin_efecto,recurrente_gana,True,False
338_p134,queja,grant_remand_implicito,recurrente_gana,True,False
338_p141,recurso_concedido,no_revision_demanda,no_aplica,False,False
338_p148,queja,revoca,recurrente_gana,False,False
338_p155,queja,revoca,recurrente_gana,False,False
338_p161,recurso_concedido,confirma,recurrente_pierde,False,False
338_p169,recurso_concedido,revoca,recurrente_gana,False,True
338_p195,queja,revoca,recurrente_gana,False,False
338_p203,recurso_concedido,revoca,recurrente_gana,True,False
338_p212,recurso_concedido,revoca,recurrente_gana,False,False
338_p234,recurso_concedido,sin_disposicion_legible,no_aplica,False,False
338_p284,recurso_concedido,sin_disposicion_legible,no_aplica,True,False
338_p298,recurso_concedido,sin_disposicion_legible,no_aplica,False,False
338_p308,queja,revoca,recurrente_gana,False,False
338_p313,recurso_concedido,no_revision_demanda,no_aplica,False,False
338_p335,recurso_concedido,deja_sin_efecto,recurrente_gana,True,False
338_p342,recurso_concedido,confirma,recurrente_pierde,False,False
338_p349,queja,revoca,recurrente_gana,False,True
338_p399,queja,deja_sin_efecto,recurrente_gana,True,False
338_p407,queja,confirma,recurrente_pierde,False,False
338_p412,recurso_concedido,sin_disposicion_legible,no_aplica,False,False
338_p424,recurso_concedido,revoca,recurrente_gana,False,False
338_p435,queja,deja_sin_efecto,recurrente_gana,False,False
338_p451,queja,grant_remand_implicito,recurrente_gana,True,False
338_p453,recurso_concedido,revoca,recurrente_gana,False,False
338_p477,queja,revoca,recurrente_gana,False,False
338_p484,queja,deja_sin_efecto,recurrente_gana,True,False
338_p488,queja,deja_sin_efecto,recurrente_gana,True,False
338_p493,recurso_concedido,deja_sin_efecto,recurrente_gana,True,False
338_p525,recurso_concedido,revoca,recurrente_gana,False,False
338_p530,recurso_concedido,deja_sin_efecto,recurrente_gana,True,False
338_p534,queja,revoca,recurrente_gana,True,False
338_p552,queja,deja_sin_efecto,recurrente_gana,True,False
338_p556,recurso_concedido,confirma,recurrente_pierde,False,False
338_p599,recurso_concedido,deja_sin_efecto,recurrente_gana,True,False
338_p601,recurso_concedido,revoca,recurrente_gana,False,False
338_p613,queja,deja_sin_efecto,recurrente_gana,True,False
338_p623,queja,deja_sin_efecto,recurrente_gana,True,False
338_p628,queja,confirma,recurrente_pierde,False,False
338_p652,recurso_concedido,no_revision_demanda,no_aplica,False,False
338_p693,recurso_concedido,deja_sin_efecto,recurrente_gana,True,False
338_p711,recurso_concedido,nulidad,recurrente_gana,False,False
338_p716,queja,revoca,recurrente_gana,False,True
338_p757,recurso_concedido,revoca,recurrente_gana,False,False
338_p767,recurso_concedido,no_revision_demanda,no_aplica,False,False
338_p779,queja,confirma,recurrente_pierde,False,False
338_p815,recurso_concedido,no_revision_demanda,no_aplica,False,False
338_p823,queja,deja_sin_efecto,recurrente_gana,True,False
338_p845,recurso_concedido,no_revision_demanda,no_aplica,False,False
338_p875,queja,revoca,recurrente_gana,True,False
338_p896,queja,deja_sin_efecto,recurrente_gana,True,False
338_p911,queja,sin_disposicion_legible,no_aplica,False,False
338_p921,recurso_concedido,confirma,recurrente_pierde,False,False
338_p934,queja,deja_sin_efecto,recurrente_gana,True,False
338_p942,recurso_concedido,confirma,recurrente_pierde,False,False
338_p952,queja,sin_disposicion_legible,no_aplica,False,False
338_p962,recurso_concedido,no_revision_demanda,no_aplica,False,False
338_p991,queja,deja_sin_efecto,recurrente_gana,False,False
338_p1009,queja,revoca,recurrente_gana,False,False
338_p1017,queja,confirma,recurrente_pierde,False,False
338_p1021,queja,deja_sin_efecto,recurrente_gana,True,False
338_p1026,queja,deja_sin_efecto,recurrente_gana,True,False
338_p1045,recurso_concedido,deja_sin_efecto,recurrente_gana,True,False
338_p1048,recurso_concedido,confirma,recurrente_pierde,False,False
338_p1084,queja,confirma,recurrente_pierde,False,False
338_p1092,queja,confirma,recurrente_pierde,False,False
338_p1104,queja,deja_sin_efecto,recurrente_gana,True,False
338_p1149,queja,deja_sin_efecto,recurrente_gana,False,False
338_p1171,recurso_concedido,revoca,recurrente_gana,True,False
338_p1183,recurso_concedido,no_revision_demanda,no_aplica,False,False
338_p1248,queja,deja_sin_efecto,recurrente_gana,True,False
338_p1252,queja,deja_sin_efecto,recurrente_gana,True,False
338_p1277,queja,deja_sin_efecto,recurrente_gana,True,False
338_p1284,queja,deja_sin_efecto,recurrente_gana,True,False
338_p1299,queja,deja_sin_efecto,recurrente_gana,True,False
338_p1304,queja,grant_remand_implicito,recurrente_gana,True,False
338_p1311,queja,sin_disposicion_legible,no_aplica,False,False
338_p1325,recurso_concedido,sin_disposicion_legible,no_aplica,False,False
338_p1331,queja,deja_sin_efecto,recurrente_gana,True,False
338_p1335,queja,deja_sin_efecto,recurrente_gana,True,False
338_p1339,queja,revoca,recurrente_gana,False,False
338_p1347,queja,revoca,recurrente_gana,True,False
338_p1431,recurso_concedido,deja_sin_efecto,recurrente_gana,False,False
338_p1444,recurso_concedido,sin_disposicion_legible,no_aplica,False,False
338_p1455,recurso_concedido,no_revision_demanda,no_aplica,False,False
338_p1477,recurso_concedido,revoca,recurrente_gana,False,False
338_p1504,queja,deja_sin_efecto,recurrente_gana,True,False
338_p1534,recurso_concedido,nulidad,recurrente_gana,False,False
338_p1538,queja,deja_sin_efecto,recurrente_gana,True,False
338_p1545,recurso_concedido,deja_sin_efecto,recurrente_gana,False,False
338_p1551,recurso_concedido,confirma,recurrente_pierde,False,False
339_p80,queja,sin_disposicion_legible,no_aplica,False,False
339_p84,queja,deja_sin_efecto,recurrente_gana,False,False
339_p94,recurso_concedido,confirma,recurrente_pierde,False,False
339_p115,recurso_concedido,deja_sin_efecto,recurrente_gana,True,False
339_p127,queja,deja_sin_efecto,recurrente_gana,False,False
339_p142,queja,deja_sin_efecto,recurrente_gana,False,False
339_p155,recurso_concedido,deja_sin_efecto,recurrente_gana,True,False
339_p189,recurso_concedido,revoca,recurrente_gana,False,False
339_p194,queja,deja_sin_efecto,recurrente_gana,True,False
339_p216,recurso_concedido,no_revision_procesal,no_aplica,False,False
339_p219,queja,revoca,recurrente_gana,False,False
339_p236,queja,deja_sin_efecto,recurrente_gana,True,False
339_p245,recurso_concedido,revoca,recurrente_gana,True,False
339_p252,recurso_concedido,confirma,recurrente_pierde,False,False
339_p276,queja,sin_disposicion_legible,no_aplica,False,False
339_p290,queja,deja_sin_efecto,recurrente_gana,True,False
339_p299,recurso_concedido,nulidad,recurrente_gana,False,False
339_p305,recurso_concedido,no_revision_procesal,no_aplica,False,False
339_p307,recurso_concedido,nulidad,recurrente_gana,False,False
339_p316,recurso_concedido,confirma,recurrente_pierde,False,False
339_p323,recurso_concedido,no_revision_demanda,no_aplica,False,False
339_p357,queja,deja_sin_efecto,recurrente_gana,True,False
339_p359,queja,grant_remand_implicito,recurrente_gana,True,False
339_p368,queja,deja_sin_efecto,recurrente_gana,False,False
339_p372,queja,deja_sin_efecto,recurrente_gana,True,False
339_p381,queja,grant_remand_implicito,recurrente_gana,True,False
339_p389,queja,deja_sin_efecto,recurrente_gana,True,False
339_p399,recurso_concedido,deja_sin_efecto,recurrente_gana,True,False
339_p405,queja,revoca,recurrente_gana,False,False
339_p408,queja,deja_sin_efecto,recurrente_gana,False,False
339_p414,queja,sin_disposicion_legible,no_aplica,False,False
339_p419,queja,revoca,recurrente_gana,True,False
339_p423,queja,deja_sin_efecto,recurrente_gana,True,False
339_p434,recurso_concedido,revoca,recurrente_gana,True,False
339_p459,queja,deja_sin_efecto,recurrente_gana,False,False
339_p480,queja,revoca,recurrente_gana,True,False
339_p490,recurso_concedido,revoca,recurrente_gana,False,False
339_p493,queja,deja_sin_efecto,recurrente_gana,True,False
339_p499,queja,deja_sin_efecto,recurrente_gana,False,False
339_p508,queja,deja_sin_efecto,recurrente_gana,False,False
339_p533,queja,deja_sin_efecto,recurrente_gana,True,False
339_p536,queja,deja_sin_efecto,recurrente_gana,False,False
339_p542,recurso_concedido,revoca,recurrente_gana,True,False
339_p551,recurso_concedido,revoca,recurrente_gana,False,False
339_p561,queja,no_revision_procesal,no_aplica,False,False
339_p569,recurso_concedido,no_revision_demanda,no_aplica,False,False
339_p584,recurso_concedido,confirma,recurrente_pierde,False,False
339_p609,recurso_concedido,confirma,recurrente_pierde,False,False
339_p622,queja,por_ello_cortado,no_aplica,False,False
339_p635,queja,deja_sin_efecto,recurrente_gana,True,False
339_p638,queja,deja_sin_efecto,recurrente_gana,False,False
339_p643,recurso_concedido,no_revision_procesal,no_aplica,False,False
339_p649,recurso_concedido,revoca,recurrente_gana,False,False
339_p656,queja,nulidad,recurrente_gana,False,False
339_p662,queja,deja_sin_efecto,recurrente_gana,False,False
339_p680,recurso_concedido,deja_sin_efecto,recurrente_gana,True,False
339_p683,queja,revoca,recurrente_gana,False,False
339_p704,recurso_concedido,confirma,recurrente_pierde,False,False
339_p713,recurso_concedido,revoca,recurrente_gana,False,False
339_p728,queja,confirma,recurrente_pierde,False,False
339_p737,recurso_concedido,confirma,recurrente_pierde,False,False
339_p754,queja,revoca,recurrente_gana,False,False
339_p758,recurso_concedido,no_revision_procesal,no_aplica,False,False
339_p760,queja,revoca,recurrente_gana,False,False
339_p781,queja,revoca,recurrente_gana,True,False
339_p795,queja,revoca,recurrente_gana,False,False
339_p814,queja,deja_sin_efecto,recurrente_gana,True,False
339_p822,queja,revoca,recurrente_gana,False,False
339_p824,queja,deja_sin_efecto,recurrente_gana,False,False
339_p827,recurso_concedido,sin_disposicion_legible,no_aplica,False,False
339_p841,recurso_concedido,sin_disposicion_legible,no_aplica,False,False
339_p846,recurso_concedido,revoca,recurrente_gana,False,False
339_p852,recurso_concedido,sin_disposicion_legible,no_aplica,False,False
339_p854,queja,revoca,recurrente_gana,False,False
339_p864,queja,deja_sin_efecto,recurrente_gana,True,False
339_p869,recurso_concedido,nulidad,recurrente_gana,False,False
339_p873,recurso_concedido,nulidad,recurrente_gana,True,False
339_p882,recurso_concedido,deja_sin_efecto,recurrente_gana,True,False
339_p897,queja,grant_remand_implicito,recurrente_gana,True,False
339_p901,queja,deja_sin_efecto,recurrente_gana,True,True
339_p906,recurso_concedido,confirma,recurrente_pierde,False,False
339_p919,queja,revoca,recurrente_gana,False,False
339_p921,queja,revoca,recurrente_gana,False,False
339_p930,recurso_concedido,deja_sin_efecto,recurrente_gana,False,False
339_p1041,queja,deja_sin_efecto,recurrente_gana,True,False
339_p1045,recurso_concedido,revoca,recurrente_gana,False,False
339_p1058,recurso_concedido,sin_disposicion_legible,no_aplica,False,False
339_p1066,queja,revoca,recurrente_gana,False,False
339_p1077,recurso_concedido,confirma,recurrente_pierde,False,False
339_p1168,queja,deja_sin_efecto,recurrente_gana,False,False
339_p1172,recurso_concedido,nulidad,recurrente_gana,False,False
339_p1199,queja,deja_sin_efecto,recurrente_gana,True,False
339_p1208,queja,revoca,recurrente_gana,True,False
339_p1223,recurso_concedido,revoca,recurrente_gana,False,False
339_p1269,recurso_concedido,revoca,recurrente_gana,False,False
339_p1277,recurso_concedido,confirma,recurrente_pierde,False,False
339_p1308,queja,deja_sin_efecto,recurrente_gana,True,False
339_p1314,recurso_concedido,deja_sin_efecto,recurrente_gana,False,False
339_p1342,queja,deja_sin_efecto,recurrente_gana,False,False
339_p1349,recurso_concedido,no_revision_procesal,no_aplica,False,False
339_p1355,recurso_concedido,nulidad,recurrente_gana,False,False
339_p1357,recurso_concedido,por_ello_cortado,no_aplica,False,False
339_p1420,queja,deja_sin_efecto,recurrente_gana,False,False
339_p1423,queja,deja_sin_efecto,recurrente_gana,False,False
339_p1436,recurso_concedido,deja_sin_efecto,recurrente_gana,False,False
339_p1441,queja,deja_sin_efecto,recurrente_gana,True,False
339_p1448,queja,deja_sin_efecto,recurrente_gana,True,False
339_p1453,queja,deja_sin_efecto,recurrente_gana,False,False
339_p1483,queja,deja_sin_efecto,recurrente_gana,True,False
339_p1489,queja,revoca,recurrente_gana,True,False
339_p1493,queja,deja_sin_efecto,recurrente_gana,False,False
339_p1514,queja,deja_sin_efecto,recurrente_gana,True,False
339_p1520,queja,deja_sin_efecto,recurrente_gana,True,False
339_p1523,recurso_concedido,revoca,recurrente_gana,True,False
339_p1530,queja,deja_sin_efecto,recurrente_gana,False,False
339_p1534,queja,sin_disposicion_legible,no_aplica,False,False
339_p1567,queja,deja_sin_efecto,recurrente_gana,True,False
339_p1583,queja,grant_remand_implicito,recurrente_gana,True,False
339_p1593,recurso_concedido,deja_sin_efecto,recurrente_gana,True,False
339_p1608,queja,deja_sin_efecto,recurrente_gana,False,False
339_p1615,queja,revoca,recurrente_gana,True,False
339_p1622,recurso_concedido,confirma,recurrente_pierde,False,False
339_p1628,queja,deja_sin_efecto,recurrente_gana,True,False
339_p1635,queja,grant_remand_implicito,recurrente_gana,True,False
339_p1674,queja,deja_sin_efecto,recurrente_gana,True,False
339_p1683,queja,por_ello_cortado,no_aplica,False,False
339_p1691,queja,deja_sin_efecto,recurrente_gana,False,False
339_p1695,queja,deja_sin_efecto,recurrente_gana,False,False
339_p1722,queja,deja_sin_efecto,recurrente_gana,True,False
339_p1727,queja,deja_sin_efecto,recurrente_gana,True,False
339_p1732,recurso_concedido,no_revision_procesal,no_aplica,False,False
339_p1742,recurso_concedido,confirma,recurrente_pierde,False,False
339_p1763,recurso_concedido,confirma,recurrente_pierde,False,False
339_p1801,queja,grant_remand_implicito,recurrente_gana,True,False
339_p1808,queja,revoca,recurrente_gana,False,False
339_p1812,queja,deja_sin_efecto,recurrente_gana,True,False
339_p1819,recurso_concedido,deja_sin_efecto,recurrente_gana,False,False
339_p1820,queja,deja_sin_efecto,recurrente_gana,False,False
340_p14,queja,confirma,recurrente_pierde,False,False
340_p21,queja,revoca,recurrente_gana,False,False
340_p29,queja,nulidad,recurrente_gana,False,False
340_p33,queja,deja_sin_efecto,recurrente_gana,False,False
340_p72,recurso_concedido,confirma,recurrente_pierde,False,False
340_p85,queja,sin_disposicion_legible,no_aplica,False,False
340_p88,recurso_concedido,nulidad,recurrente_gana,False,False
340_p93,queja,revoca,recurrente_gana,False,False
340_p103,queja,no_revision_competencia,no_aplica,False,False
340_p141,recurso_concedido,revoca,recurrente_gana,True,False
340_p158,recurso_concedido,deja_sin_efecto,recurrente_gana,True,False
340_p172,queja,revoca,recurrente_gana,True,False
340_p185,queja,revoca,recurrente_gana,False,False
340_p212,recurso_concedido,deja_sin_efecto,recurrente_gana,True,False
340_p229,recurso_concedido,deja_sin_efecto,recurrente_gana,True,False
340_p236,recurso_concedido,revoca,recurrente_gana,False,True
340_p257,recurso_concedido,revoca,recurrente_gana,False,False
340_p345,recurso_concedido,revoca,recurrente_gana,True,False
340_p387,recurso_concedido,nulidad,recurrente_gana,False,False
340_p403,recurso_concedido,nulidad,recurrente_gana,False,False
340_p411,recurso_concedido,por_ello_cortado,no_aplica,False,False
340_p431,queja,revoca,recurrente_gana,False,False
340_p437,queja,confirma,recurrente_pierde,False,False
340_p483,recurso_concedido,confirma,recurrente_pierde,False,False
340_p493,recurso_concedido,revoca,recurrente_gana,True,False
340_p549,queja,grant_remand_implicito,recurrente_gana,True,False
340_p614,queja,revoca,recurrente_gana,True,False
340_p660,queja,deja_sin_efecto,recurrente_gana,True,False
340_p669,queja,deja_sin_efecto,recurrente_gana,False,False
340_p711,queja,deja_sin_efecto,recurrente_gana,True,False
340_p765,recurso_concedido,deja_sin_efecto,recurrente_gana,True,False
340_p832,queja,deja_sin_efecto,recurrente_gana,False,False
340_p861,queja,deja_sin_efecto,recurrente_gana,False,False
340_p872,queja,revoca,recurrente_gana,False,False
340_p878,queja,deja_sin_efecto,recurrente_gana,False,True
340_p898,queja,deja_sin_efecto,recurrente_gana,True,False
340_p910,queja,deja_sin_efecto,recurrente_gana,True,False
340_p951,queja,deja_sin_efecto,recurrente_gana,False,False
340_p979,recurso_concedido,deja_sin_efecto,recurrente_gana,True,False
340_p983,recurso_concedido,confirma,recurrente_pierde,False,False
340_p1038,queja,revoca,recurrente_gana,True,False
340_p1062,queja,deja_sin_efecto,recurrente_gana,True,False
340_p1084,queja,deja_sin_efecto,recurrente_gana,True,False
340_p1094,recurso_concedido,sin_disposicion_legible,no_aplica,False,False
340_p1111,queja,revoca,recurrente_gana,False,False
340_p1136,queja,por_ello_cortado,no_aplica,False,False
340_p1144,queja,deja_sin_efecto,recurrente_gana,False,False
340_p1149,recurso_concedido,deja_sin_efecto,recurrente_gana,True,False
340_p1175,recurso_concedido,revoca,recurrente_gana,False,False
340_p1185,queja,revoca,recurrente_gana,False,False
340_p1193,queja,sin_disposicion_legible,no_aplica,False,False
340_p1213,recurso_concedido,deja_sin_efecto,recurrente_gana,True,False
340_p1226,queja,deja_sin_efecto,recurrente_gana,False,False
340_p1232,queja,revoca,recurrente_gana,True,False
340_p1236,recurso_concedido,confirma,recurrente_pierde,False,False
340_p1252,queja,deja_sin_efecto,recurrente_gana,True,False
340_p1256,queja,deja_sin_efecto,recurrente_gana,True,False
340_p1259,queja,deja_sin_efecto,recurrente_gana,False,False
340_p1266,recurso_concedido,deja_sin_efecto,recurrente_gana,True,False
340_p1280,queja,deja_sin_efecto,recurrente_gana,True,False
340_p1283,queja,deja_sin_efecto,recurrente_gana,True,False
340_p1296,recurso_concedido,confirma,recurrente_pierde,False,False
340_p1311,recurso_concedido,deja_sin_efecto,recurrente_gana,True,False
340_p1327,queja,deja_sin_efecto,recurrente_gana,True,False
340_p1331,queja,deja_sin_efecto,recurrente_gana,True,False
340_p1346,recurso_concedido,deja_sin_efecto,recurrente_gana,True,False
340_p1357,queja,deja_sin_efecto,recurrente_gana,True,False
340_p1364,recurso_concedido,confirma,recurrente_pierde,False,False
340_p1398,queja,deja_sin_efecto,recurrente_gana,False,False
340_p1421,queja,revoca,recurrente_gana,True,False
340_p1428,queja,sin_disposicion_legible,no_aplica,False,False
340_p1441,queja,deja_sin_efecto,recurrente_gana,True,False
340_p1450,recurso_concedido,confirma,recurrente_pierde,False,False
340_p1513,recurso_concedido,confirma,recurrente_pierde,False,False
340_p1557,queja,revoca,recurrente_gana,False,False
340_p1581,recurso_concedido,revoca,recurrente_gana,False,False
340_p1600,queja,deja_sin_efecto,recurrente_gana,True,False
340_p1606,recurso_concedido,confirma,recurrente_pierde,False,False
340_p1644,queja,revoca,recurrente_gana,True,False
340_p1663,queja,revoca,recurrente_gana,False,True
340_p1675,recurso_concedido,deja_sin_efecto,recurrente_gana,True,False
340_p1686,recurso_concedido,deja_sin_efecto,recurrente_gana,True,False
340_p1753,queja,deja_sin_efecto,recurrente_gana,True,False
340_p1775,recurso_concedido,confirma,recurrente_pierde,False,False
340_p1795,recurso_concedido,revoca,recurrente_gana,False,False
340_p1884,recurso_concedido,confirma,recurrente_pierde,False,False
340_p1918,queja,deja_sin_efecto,recurrente_gana,True,False
340_p1921,recurso_concedido,revoca,recurrente_gana,False,False
340_p1940,queja,deja_sin_efecto,recurrente_gana,True,False
340_p1969,recurso_concedido,revoca,recurrente_gana,False,False
340_p1973,recurso_concedido,revoca,recurrente_gana,False,False
340_p1976,recurso_concedido,confirma,recurrente_pierde,False,False
340_p1995,queja,deja_sin_efecto,recurrente_gana,True,False
340_p2001,queja,deja_sin_efecto,recurrente_gana,False,False
340_p2016,queja,deja_sin_efecto,recurrente_gana,True,False
340_p2021,queja,revoca,recurrente_gana,False,False
341_p25,queja,grant_remand_implicito,recurrente_gana,True,False
341_p29,queja,deja_sin_efecto,recurrente_gana,True,False
341_p79,queja,deja_sin_efecto,recurrente_gana,True,False
341_p98,queja,deja_sin_efecto,recurrente_gana,False,False
341_p101,queja,revoca,recurrente_gana,False,False
341_p129,queja,deja_sin_efecto,recurrente_gana,False,False
341_p150,queja,deja_sin_efecto,recurrente_gana,False,False
341_p161,queja,deja_sin_efecto,recurrente_gana,False,False
341_p207,queja,deja_sin_efecto,recurrente_gana,True,False
341_p218,queja,deja_sin_efecto,recurrente_gana,False,False
341_p247,recurso_concedido,grant_remand_implicito,recurrente_gana,True,False
341_p258,queja,deja_sin_efecto,recurrente_gana,False,False
341_p260,queja,deja_sin_efecto,recurrente_gana,True,False
341_p262,queja,deja_sin_efecto,recurrente_gana,True,False
341_p274,recurso_concedido,deja_sin_efecto,recurrente_gana,False,False
341_p336,recurso_concedido,deja_sin_efecto,recurrente_gana,False,False
341_p413,recurso_concedido,deja_sin_efecto,recurrente_gana,False,False
341_p416,queja,grant_remand_implicito,recurrente_gana,True,False
341_p424,queja,grant_remand_implicito,recurrente_gana,True,False
341_p427,queja,deja_sin_efecto,recurrente_gana,True,False
341_p461,recurso_concedido,sin_disposicion_legible,no_aplica,False,False
341_p474,queja,deja_sin_efecto,recurrente_gana,False,False
341_p500,recurso_concedido,revoca,recurrente_gana,False,False
341_p526,queja,grant_remand_implicito,recurrente_gana,True,False
341_p531,queja,revoca,recurrente_gana,False,False
341_p536,queja,deja_sin_efecto,recurrente_gana,True,False
341_p545,recurso_concedido,revoca,recurrente_gana,False,False
341_p553,recurso_concedido,deja_sin_efecto,recurrente_gana,True,False
341_p562,queja,deja_sin_efecto,recurrente_gana,True,False
341_p566,queja,deja_sin_efecto,recurrente_gana,True,False
341_p570,recurso_concedido,revoca,recurrente_gana,True,False
341_p573,recurso_concedido,confirma,recurrente_pierde,False,False
341_p581,recurso_concedido,deja_sin_efecto,recurrente_gana,True,False
341_p585,queja,deja_sin_efecto,recurrente_gana,False,False
341_p600,queja,deja_sin_efecto,recurrente_gana,True,False
341_p605,recurso_concedido,deja_sin_efecto,recurrente_gana,False,False
341_p631,queja,revoca,recurrente_gana,False,False
341_p648,queja,revoca,recurrente_gana,False,False
341_p678,recurso_concedido,nulidad,recurrente_gana,True,False
341_p681,recurso_concedido,nulidad,recurrente_gana,False,False
341_p688,queja,deja_sin_efecto,recurrente_gana,False,False
341_p701,queja,deja_sin_efecto,recurrente_gana,True,False
341_p706,recurso_concedido,deja_sin_efecto,recurrente_gana,False,False
341_p715,recurso_concedido,no_revision_procesal,no_aplica,False,False
341_p727,recurso_concedido,confirma,recurrente_pierde,False,False
341_p745,recurso_concedido,deja_sin_efecto,recurrente_gana,True,False
341_p762,recurso_concedido,grant_remand_implicito,recurrente_gana,True,False
341_p770,queja,deja_sin_efecto,recurrente_gana,False,False
341_p774,recurso_concedido,revoca,recurrente_gana,False,False
341_p878,queja,revoca,recurrente_gana,False,False
341_p883,queja,sin_disposicion_legible,no_aplica,False,False
341_p898,queja,deja_sin_efecto,recurrente_gana,False,False
341_p915,queja,por_ello_cortado,no_aplica,False,False
341_p919,queja,revoca,recurrente_gana,False,False
341_p929,recurso_concedido,deja_sin_efecto,recurrente_gana,False,False
341_p939,queja,revoca,recurrente_gana,True,False
341_p954,queja,deja_sin_efecto,recurrente_gana,True,False
341_p961,queja,revoca,recurrente_gana,False,False
341_p966,queja,deja_sin_efecto,recurrente_gana,True,False
341_p971,recurso_concedido,confirma,recurrente_pierde,False,False
341_p1010,recurso_concedido,deja_sin_efecto,recurrente_gana,True,False
341_p1015,recurso_concedido,deja_sin_efecto,recurrente_gana,True,False
341_p1055,queja,deja_sin_efecto,recurrente_gana,False,False
341_p1075,queja,sin_disposicion_legible,no_aplica,False,False
341_p1084,queja,revoca,recurrente_gana,True,False
341_p1091,queja,grant_remand_implicito,recurrente_gana,True,False
341_p1097,recurso_concedido,sin_disposicion_legible,no_aplica,False,False
341_p1106,queja,revoca,recurrente_gana,True,False
341_p1130,recurso_concedido,sin_disposicion_legible,no_aplica,False,False
341_p1136,recurso_concedido,revoca,recurrente_gana,False,False
341_p1179,queja,revoca,recurrente_gana,True,False
341_p1195,queja,deja_sin_efecto,recurrente_gana,True,False
341_p1207,queja,revoca,recurrente_gana,False,False
341_p1232,recurso_concedido,revoca,recurrente_gana,False,False
341_p1237,queja,deja_sin_efecto,recurrente_gana,True,False
341_p1246,recurso_concedido,revoca,recurrente_gana,True,False
341_p1251,queja,revoca,recurrente_gana,True,False
341_p1258,queja,deja_sin_efecto,recurrente_gana,True,False
341_p1263,queja,deja_sin_efecto,recurrente_gana,True,False
341_p1268,queja,deja_sin_efecto,recurrente_gana,True,False
341_p1284,queja,deja_sin_efecto,recurrente_gana,True,False
341_p1287,queja,deja_sin_efecto,recurrente_gana,True,False
341_p1298,recurso_concedido,deja_sin_efecto,recurrente_gana,True,False
341_p1322,recurso_concedido,sin_disposicion_legible,no_aplica,False,False
341_p1352,queja,deja_sin_efecto,recurrente_gana,False,False
341_p1372,recurso_concedido,confirma,recurrente_pierde,False,False
341_p1390,queja,confirma,recurrente_pierde,False,False
341_p1397,recurso_concedido,deja_sin_efecto,recurrente_gana,False,False
341_p1399,queja,nulidad,recurrente_gana,True,False
341_p1400,recurso_concedido,no_revision_demanda,no_aplica,False,False
341_p1408,recurso_concedido,no_revision_demanda,no_aplica,False,False
341_p1414,queja,deja_sin_efecto,recurrente_gana,False,False
341_p1423,queja,confirma,recurrente_pierde,False,False
341_p1439,queja,deja_sin_efecto,recurrente_gana,True,False
341_p1443,queja,deja_sin_efecto,recurrente_gana,True,False
341_p1450,queja,sin_disposicion_legible,no_aplica,False,False
341_p1460,queja,revoca,recurrente_gana,False,False
341_p1483,recurso_concedido,deja_sin_efecto,recurrente_gana,False,False
341_p1485,recurso_concedido,confirma,recurrente_pierde,False,False
341_p1511,recurso_concedido,sin_disposicion_legible,no_aplica,False,False
341_p1555,queja,deja_sin_efecto,recurrente_gana,False,False
341_p1586,queja,revoca,recurrente_gana,False,False
341_p1591,queja,deja_sin_efecto,recurrente_gana,False,False
341_p1596,queja,deja_sin_efecto,recurrente_gana,True,False
341_p1607,queja,deja_sin_efecto,recurrente_gana,False,False
341_p1611,queja,deja_sin_efecto,recurrente_gana,True,False
341_p1621,queja,deja_sin_efecto,recurrente_gana,True,False
341_p1625,recurso_concedido,confirma,recurrente_pierde,False,False
341_p1655,queja,deja_sin_efecto,recurrente_gana,True,False
341_p1675,recurso_concedido,revoca,recurrente_gana,False,False
341_p1679,queja,no_revision_procesal,no_aplica,False,False
341_p1704,queja,deja_sin_efecto,recurrente_gana,True,False
341_p1708,queja,revoca,recurrente_gana,False,True
341_p1717,queja,deja_sin_efecto,recurrente_gana,True,False
341_p1727,queja,revoca,recurrente_gana,False,False
341_p1733,recurso_concedido,sin_disposicion_legible,no_aplica,False,False
341_p1763,queja,deja_sin_efecto,recurrente_gana,True,False
341_p1768,queja,sin_disposicion_legible,no_aplica,False,False
341_p1844,queja,deja_sin_efecto,recurrente_gana,False,False
341_p1846,queja,deja_sin_efecto,recurrente_gana,False,False
341_p1854,recurso_concedido,no_revision_procesal,no_aplica,False,False
341_p1924,recurso_concedido,sin_disposicion_legible,no_aplica,False,False
341_p1965,recurso_concedido,por_ello_cortado,no_aplica,False,False
341_p1975,queja,grant_remand_implicito,recurrente_gana,True,False
341_p1983,queja,deja_sin_efecto,recurrente_gana,True,False
341_p2006,recurso_concedido,revoca,recurrente_gana,False,False
341_p2015,recurso_concedido,confirma,recurrente_pierde,False,False
341_p2019,recurso_concedido,confirma,recurrente_pierde,False,False
342_p35,recurso_concedido,deja_sin_efecto,recurrente_gana,False,False
342_p39,queja,grant_remand_implicito,recurrente_gana,True,False
342_p43,queja,deja_sin_efecto,recurrente_gana,True,False
342_p49,queja,deja_sin_efecto,recurrente_gana,True,False
342_p54,queja,grant_remand_implicito,recurrente_gana,True,False
342_p58,recurso_concedido,confirma,recurrente_pierde,False,False
342_p65,queja,deja_sin_efecto,recurrente_gana,True,False
342_p73,queja,deja_sin_efecto,recurrente_gana,True,False
342_p93,queja,deja_sin_efecto,recurrente_gana,False,False
342_p99,queja,grant_remand_implicito,recurrente_gana,True,False
342_p142,queja,sin_disposicion_legible,no_aplica,False,False
342_p148,queja,deja_sin_efecto,recurrente_gana,False,False
342_p159,queja,deja_sin_efecto,recurrente_gana,True,False
342_p162,queja,sin_disposicion_legible,no_aplica,False,False
342_p186,queja,deja_sin_efecto,recurrente_gana,True,False
342_p193,queja,revoca,recurrente_gana,False,False
342_p197,queja,deja_sin_efecto,recurrente_gana,True,False
342_p208,recurso_concedido,sin_disposicion_legible,no_aplica,True,False
342_p250,queja,deja_sin_efecto,recurrente_gana,True,False
342_p256,queja,deja_sin_efecto,recurrente_gana,True,False
342_p263,queja,deja_sin_efecto,recurrente_gana,False,False
342_p266,queja,deja_sin_efecto,recurrente_gana,False,False
342_p278,queja,deja_sin_efecto,recurrente_gana,False,False
342_p287,recurso_concedido,no_revision_demanda,no_aplica,False,False
342_p343,recurso_concedido,nulidad,recurrente_gana,False,False
342_p411,queja,sin_disposicion_legible,no_aplica,False,False
342_p459,recurso_concedido,deja_sin_efecto,recurrente_gana,False,False
342_p526,queja,deja_sin_efecto,recurrente_gana,True,False
342_p575,queja,deja_sin_efecto,recurrente_gana,True,False
342_p580,queja,sin_disposicion_legible,no_aplica,False,False
342_p584,queja,revoca,recurrente_gana,False,False
342_p606,recurso_concedido,nulidad,recurrente_gana,True,False
342_p624,queja,deja_sin_efecto,recurrente_gana,True,False
342_p643,recurso_concedido,sin_disposicion_legible,no_aplica,False,False
342_p681,queja,confirma,recurrente_pierde,False,False
342_p697,queja,confirma,recurrente_pierde,False,False
342_p738,queja,deja_sin_efecto,recurrente_gana,True,False
342_p741,queja,deja_sin_efecto,recurrente_gana,True,False
342_p757,recurso_concedido,confirma,recurrente_pierde,False,False
342_p761,queja,no_revision_demanda,no_aplica,False,False
342_p826,queja,deja_sin_efecto,recurrente_gana,True,False
342_p832,queja,confirma,recurrente_pierde,False,False
342_p853,queja,deja_sin_efecto,recurrente_gana,True,False
342_p863,queja,deja_sin_efecto,recurrente_gana,True,False
342_p875,queja,deja_sin_efecto,recurrente_gana,True,False
342_p881,recurso_concedido,sin_disposicion_legible,no_aplica,False,False
342_p884,queja,deja_sin_efecto,recurrente_gana,True,False
342_p969,recurso_concedido,sin_disposicion_legible,no_aplica,False,False
342_p971,recurso_concedido,no_revision_demanda,no_aplica,False,False
342_p1004,queja,deja_sin_efecto,recurrente_gana,True,False
342_p1011,queja,deja_sin_efecto,recurrente_gana,True,False
342_p1023,queja,revoca,recurrente_gana,True,False
342_p1039,recurso_concedido,sin_disposicion_legible,no_aplica,False,False
342_p1041,recurso_concedido,no_revision_demanda,no_aplica,False,False
342_p1043,queja,deja_sin_efecto,recurrente_gana,True,False
342_p1057,recurso_concedido,deja_sin_efecto,recurrente_gana,False,False
342_p1061,queja,revoca,recurrente_gana,True,False
342_p1139,queja,sin_disposicion_legible,no_aplica,False,False
342_p1143,queja,deja_sin_efecto,recurrente_gana,True,False
342_p1152,queja,deja_sin_efecto,recurrente_gana,False,False
342_p1155,queja,deja_sin_efecto,recurrente_gana,True,False
342_p1193,recurso_concedido,deja_sin_efecto,recurrente_gana,True,False
342_p1198,recurso_concedido,revoca,recurrente_gana,True,False
342_p1203,queja,deja_sin_efecto,recurrente_gana,True,False
342_p1227,queja,deja_sin_efecto,recurrente_gana,True,False
342_p1249,recurso_concedido,deja_sin_efecto,recurrente_gana,False,False
342_p1252,queja,revoca,recurrente_gana,False,True
342_p1261,queja,deja_sin_efecto,recurrente_gana,False,False
342_p1302,queja,revoca,recurrente_gana,True,False
342_p1309,queja,deja_sin_efecto,recurrente_gana,False,False
342_p1313,queja,deja_sin_efecto,recurrente_gana,False,False
342_p1315,recurso_concedido,revoca,recurrente_gana,False,False
342_p1336,recurso_concedido,grant_remand_implicito,recurrente_gana,True,False
342_p1358,recurso_concedido,sin_disposicion_legible,no_aplica,False,False
342_p1362,queja,deja_sin_efecto,recurrente_gana,True,False
342_p1367,queja,revoca,recurrente_gana,True,False
342_p1372,queja,deja_sin_efecto,recurrente_gana,False,False
342_p1376,queja,deja_sin_efecto,recurrente_gana,True,False
342_p1393,recurso_concedido,confirma,recurrente_pierde,False,False
342_p1404,recurso_concedido,no_revision_demanda,no_aplica,False,False
342_p1412,queja,revoca,recurrente_gana,True,False
342_p1429,queja,revoca,recurrente_gana,True,False
342_p1434,queja,deja_sin_efecto,recurrente_gana,True,False
342_p1445,recurso_concedido,grant_remand_implicito,recurrente_gana,True,False
342_p1450,queja,deja_sin_efecto,recurrente_gana,True,False
342_p1456,queja,deja_sin_efecto,recurrente_gana,True,False
342_p1459,queja,revoca,recurrente_gana,True,False
342_p1463,queja,revoca,recurrente_gana,False,False
342_p1468,queja,deja_sin_efecto,recurrente_gana,True,False
342_p1484,queja,deja_sin_efecto,recurrente_gana,True,False
342_p1492,queja,revoca,recurrente_gana,True,False
342_p1496,recurso_concedido,revoca,recurrente_gana,False,False
342_p1501,queja,deja_sin_efecto,recurrente_gana,False,False
342_p1511,recurso_concedido,confirma,recurrente_pierde,False,False
342_p1568,recurso_concedido,confirma,recurrente_pierde,False,False
342_p1580,recurso_concedido,deja_sin_efecto,recurrente_gana,True,False
342_p1589,recurso_concedido,nulidad,recurrente_gana,False,False
342_p1620,queja,deja_sin_efecto,recurrente_gana,True,False
342_p1625,recurso_concedido,revoca,recurrente_gana,False,False
342_p1637,recurso_concedido,sin_disposicion_legible,no_aplica,True,False
342_p1652,queja,deja_sin_efecto,recurrente_gana,True,False
342_p1665,queja,nulidad,recurrente_gana,False,True
342_p1753,queja,deja_sin_efecto,recurrente_gana,True,False
342_p1760,queja,revoca,recurrente_gana,True,False
342_p1763,queja,deja_sin_efecto,recurrente_gana,True,False
342_p1769,queja,revoca,recurrente_gana,False,False
342_p1777,recurso_concedido,revoca,recurrente_gana,False,False
342_p1827,recurso_concedido,deja_sin_efecto,recurrente_gana,True,False
342_p1894,queja,revoca,recurrente_gana,False,False
342_p1921,queja,deja_sin_efecto,recurrente_gana,True,False
342_p1938,recurso_concedido,deja_sin_efecto,recurrente_gana,False,False
342_p2009,queja,confirma,recurrente_pierde,False,False
342_p2051,queja,revoca,recurrente_gana,True,False
342_p2063,queja,deja_sin_efecto,recurrente_gana,True,False
342_p2075,recurso_concedido,deja_sin_efecto,recurrente_gana,False,False
342_p2083,recurso_concedido,revoca,recurrente_gana,False,False
342_p2100,queja,grant_remand_implicito,recurrente_gana,True,False
342_p2106,recurso_concedido,deja_sin_efecto,recurrente_gana,True,False
342_p2115,queja,deja_sin_efecto,recurrente_gana,True,False
342_p2125,recurso_concedido,deja_sin_efecto,recurrente_gana,True,False
342_p2155,queja,revoca,recurrente_gana,False,False
342_p2183,recurso_concedido,nulidad,recurrente_gana,False,False
342_p2187,queja,revoca,recurrente_gana,True,False
342_p2198,recurso_concedido,no_revision_demanda,no_aplica,False,False
342_p2231,queja,grant_remand_implicito,recurrente_gana,True,False
342_p2236,queja,deja_sin_efecto,recurrente_gana,False,False
342_p2298,queja,deja_sin_efecto,recurrente_gana,True,False
342_p2313,queja,por_ello_cortado,no_aplica,True,False
342_p2319,recurso_concedido,sin_disposicion_legible,no_aplica,False,False
342_p2344,queja,revoca,recurrente_gana,False,False
342_p2362,queja,deja_sin_efecto,recurrente_gana,True,False
342_p2389,queja,por_ello_cortado,no_aplica,False,False
342_p2399,queja,no_revision_procesal,no_aplica,False,False
343_p1,queja,deja_sin_efecto,recurrente_gana,True,False
343_p3,recurso_concedido,grant_remand_implicito,recurrente_gana,True,False
343_p28,recurso_concedido,sin_disposicion_legible,no_aplica,False,False
343_p35,recurso_concedido,sin_disposicion_legible,no_aplica,False,False
343_p38,queja,deja_sin_efecto,recurrente_gana,True,False
343_p42,queja,deja_sin_efecto,recurrente_gana,True,False
343_p47,queja,revoca,recurrente_gana,True,False
343_p52,queja,deja_sin_efecto,recurrente_gana,True,False
343_p55,queja,sin_disposicion_legible,no_aplica,False,False
343_p60,queja,deja_sin_efecto,recurrente_gana,True,False
343_p63,recurso_concedido,confirma,recurrente_pierde,False,False
343_p86,recurso_concedido,sin_disposicion_legible,no_aplica,False,False
343_p103,queja,deja_sin_efecto,recurrente_gana,True,False
343_p110,recurso_concedido,deja_sin_efecto,recurrente_gana,True,False
343_p113,recurso_concedido,revoca,recurrente_gana,False,False
343_p116,recurso_concedido,deja_sin_efecto,recurrente_gana,True,False
343_p119,queja,deja_sin_efecto,recurrente_gana,False,False
343_p124,queja,deja_sin_efecto,recurrente_gana,True,False
343_p128,queja,deja_sin_efecto,recurrente_gana,False,False
343_p133,queja,deja_sin_efecto,recurrente_gana,False,False
343_p140,recurso_concedido,revoca,recurrente_gana,False,False
343_p156,queja,deja_sin_efecto,recurrente_gana,True,False
343_p161,recurso_concedido,deja_sin_efecto,recurrente_gana,True,False
343_p168,queja,deja_sin_efecto,recurrente_gana,False,False
343_p184,queja,revoca,recurrente_gana,True,False
343_p625,queja,revoca,recurrente_gana,True,False
343_p637,queja,confirma,recurrente_pierde,False,False
343_p646,recurso_concedido,deja_sin_efecto,recurrente_gana,False,False
343_p648,queja,deja_sin_efecto,recurrente_gana,True,False
343_p681,queja,revoca,recurrente_gana,False,False
343_p702,recurso_concedido,sin_disposicion_legible,no_aplica,False,False
343_p723,queja,revoca,recurrente_gana,False,True
343_p763,recurso_concedido,confirma,recurrente_pierde,False,False
343_p767,queja,confirma,recurrente_pierde,False,False
343_p795,queja,sin_disposicion_legible,no_aplica,False,False
343_p803,queja,deja_sin_efecto,recurrente_gana,True,False
343_p827,queja,revoca,recurrente_gana,False,False
343_p840,queja,deja_sin_efecto,recurrente_gana,True,False
343_p845,queja,deja_sin_efecto,recurrente_gana,True,False
343_p867,recurso_concedido,grant_remand_implicito,recurrente_gana,True,False
343_p892,queja,sin_disposicion_legible,no_aplica,False,False
343_p897,queja,deja_sin_efecto,recurrente_gana,True,False
343_p902,queja,deja_sin_efecto,recurrente_gana,True,False
343_p908,queja,revoca,recurrente_gana,False,False
343_p938,queja,revoca,recurrente_gana,True,False
343_p947,queja,deja_sin_efecto,recurrente_gana,True,False
343_p951,queja,deja_sin_efecto,recurrente_gana,False,False
343_p956,queja,deja_sin_efecto,recurrente_gana,True,False
343_p970,recurso_concedido,revoca,recurrente_gana,False,False
343_p990,recurso_concedido,deja_sin_efecto,recurrente_gana,True,False
343_p1024,recurso_concedido,deja_sin_efecto,recurrente_gana,True,False
343_p1031,queja,deja_sin_efecto,recurrente_gana,True,False
343_p1075,recurso_concedido,confirma,recurrente_pierde,False,False
343_p1121,recurso_concedido,grant_remand_implicito,recurrente_gana,True,False
343_p1126,queja,deja_sin_efecto,recurrente_gana,True,False
343_p1135,queja,deja_sin_efecto,recurrente_gana,True,False
343_p1142,queja,sin_disposicion_legible,no_aplica,False,False
343_p1146,recurso_concedido,deja_sin_efecto,recurrente_gana,False,False
343_p1233,queja,deja_sin_efecto,recurrente_gana,True,False
343_p1239,queja,revoca,recurrente_gana,True,False
343_p1247,queja,deja_sin_efecto,recurrente_gana,True,False
343_p1281,queja,deja_sin_efecto,recurrente_gana,True,False
343_p1307,recurso_concedido,confirma,recurrente_pierde,False,False
343_p1337,queja,revoca,recurrente_gana,False,False
343_p1354,queja,deja_sin_efecto,recurrente_gana,True,False
343_p1362,queja,revoca,recurrente_gana,False,False
343_p1389,queja,deja_sin_efecto,recurrente_gana,False,False
343_p1402,queja,deja_sin_efecto,recurrente_gana,True,False
343_p1406,queja,deja_sin_efecto,recurrente_gana,True,False
343_p1411,queja,deja_sin_efecto,recurrente_gana,True,False
343_p1416,queja,revoca,recurrente_gana,True,False
343_p1434,recurso_concedido,sin_disposicion_legible,no_aplica,True,False
343_p1444,queja,sin_disposicion_legible,no_aplica,False,False
343_p1447,queja,deja_sin_efecto,recurrente_gana,True,False
343_p1457,recurso_concedido,revoca,recurrente_gana,False,False
343_p1605,queja,revoca,recurrente_gana,False,False
343_p1613,recurso_concedido,sin_disposicion_legible,no_aplica,False,False
343_p1617,queja,grant_remand_implicito,recurrente_gana,True,False
343_p1620,queja,deja_sin_efecto,recurrente_gana,True,False
343_p1624,recurso_concedido,no_revision_procesal,no_aplica,False,False
343_p1646,recurso_concedido,confirma,recurrente_pierde,False,False
343_p1657,recurso_concedido,deja_sin_efecto,recurrente_gana,True,False
343_p1663,recurso_concedido,sin_disposicion_legible,no_aplica,False,False
343_p1673,queja,deja_sin_efecto,recurrente_gana,True,False
343_p1679,queja,deja_sin_efecto,recurrente_gana,True,False
343_p1684,queja,deja_sin_efecto,recurrente_gana,True,False
343_p1688,queja,revoca,recurrente_gana,True,False
343_p1718,queja,deja_sin_efecto,recurrente_gana,False,False
343_p1732,queja,deja_sin_efecto,recurrente_gana,True,False
343_p1738,recurso_concedido,confirma,recurrente_pierde,False,False
343_p1750,recurso_concedido,nulidad,recurrente_gana,False,False
343_p1752,recurso_concedido,no_revision_demanda,no_aplica,False,False
343_p1758,queja,deja_sin_efecto,recurrente_gana,True,False
343_p1762,queja,revoca,recurrente_gana,False,False
343_p1772,queja,deja_sin_efecto,recurrente_gana,True,False
343_p1784,queja,deja_sin_efecto,recurrente_gana,True,False
343_p1791,queja,deja_sin_efecto,recurrente_gana,True,False
343_p1794,queja,grant_remand_implicito,recurrente_gana,True,False
343_p1800,queja,deja_sin_efecto,recurrente_gana,True,False
343_p1827,queja,deja_sin_efecto,recurrente_gana,True,False
343_p1841,recurso_concedido,confirma,recurrente_pierde,False,False
343_p1854,queja,deja_sin_efecto,recurrente_gana,True,False
343_p1859,queja,deja_sin_efecto,recurrente_gana,False,False
343_p1894,queja,confirma,recurrente_pierde,False,False
343_p1910,recurso_concedido,deja_sin_efecto,recurrente_gana,False,False
343_p1932,recurso_concedido,confirma,recurrente_pierde,False,False
343_p2006,recurso_concedido,nulidad,recurrente_gana,False,False
343_p2011,queja,deja_sin_efecto,recurrente_gana,False,False
343_p2019,queja,confirma,recurrente_pierde,False,False
343_p2122,queja,deja_sin_efecto,recurrente_gana,True,False
343_p2135,queja,sin_disposicion_legible,no_aplica,False,False
343_p2145,queja,deja_sin_efecto,recurrente_gana,False,False
343_p2151,queja,revoca,recurrente_gana,False,False
343_p2158,queja,confirma,recurrente_pierde,False,False
343_p2161,recurso_concedido,confirma,recurrente_pierde,False,False
343_p2176,recurso_concedido,deja_sin_efecto,recurrente_gana,True,False
343_p2184,queja,revoca,recurrente_gana,True,False
343_p2211,recurso_concedido,revoca,recurrente_gana,False,False
343_p2243,queja,deja_sin_efecto,recurrente_gana,True,False
343_p2255,queja,deja_sin_efecto,recurrente_gana,False,False
343_p2280,queja,deja_sin_efecto,recurrente_gana,True,False
344_p1,recurso_concedido,nulidad,recurrente_gana,False,False
344_p5,queja,revoca,recurrente_gana,True,False
344_p21,recurso_concedido,sin_disposicion_legible,no_aplica,False,False
344_p48,recurso_concedido,por_ello_cortado,no_aplica,False,False
344_p57,queja,deja_sin_efecto,recurrente_gana,False,False
344_p62,queja,nulidad,recurrente_gana,False,False
344_p66,recurso_concedido,revoca,recurrente_gana,False,False
344_p102,queja,revoca,recurrente_gana,True,False
344_p116,queja,revoca,recurrente_gana,True,False
344_p140,queja,revoca,recurrente_gana,True,False
344_p163,queja,nulidad,recurrente_gana,False,False
344_p174,recurso_concedido,no_revision_procesal,no_aplica,False,False
344_p215,recurso_concedido,revoca,recurrente_gana,False,False
344_p220,recurso_concedido,deja_sin_efecto,recurrente_gana,False,False
344_p223,recurso_concedido,confirma,recurrente_pierde,False,False
344_p233,queja,confirma,recurrente_pierde,False,False
344_p277,queja,no_revision_demanda,no_aplica,False,False
344_p303,queja,deja_sin_efecto,recurrente_gana,True,False
344_p307,recurso_concedido,deja_sin_efecto,recurrente_gana,True,False
344_p329,recurso_concedido,deja_sin_efecto,recurrente_gana,True,False
344_p344,recurso_concedido,sin_disposicion_legible,no_aplica,False,False
344_p362,queja,confirma,recurrente_pierde,False,False
344_p378,recurso_concedido,sin_disposicion_legible,no_aplica,False,False
344_p391,queja,deja_sin_efecto,recurrente_gana,True,False
344_p402,queja,deja_sin_efecto,recurrente_gana,True,False
344_p406,queja,deja_sin_efecto,recurrente_gana,False,False
344_p421,recurso_concedido,confirma,recurrente_pierde,False,False
344_p431,recurso_concedido,sin_disposicion_legible,no_aplica,False,False
344_p441,recurso_concedido,no_revision_demanda,no_aplica,False,False
344_p527,queja,deja_sin_efecto,recurrente_gana,True,False
344_p535,queja,deja_sin_efecto,recurrente_gana,False,False
344_p551,queja,deja_sin_efecto,recurrente_gana,False,False
344_p566,queja,deja_sin_efecto,recurrente_gana,True,False
344_p575,queja,revoca,recurrente_gana,False,False
344_p645,queja,revoca,recurrente_gana,False,False
344_p672,recurso_concedido,revoca,recurrente_gana,False,False
344_p675,recurso_concedido,sin_disposicion_legible,no_aplica,False,False
344_p692,queja,sin_disposicion_legible,no_aplica,False,False
344_p701,queja,deja_sin_efecto,recurrente_gana,True,False
344_p721,queja,deja_sin_efecto,recurrente_gana,True,False
344_p724,queja,no_revision_competencia,no_aplica,False,False
344_p741,queja,deja_sin_efecto,recurrente_gana,False,False
344_p750,queja,confirma,recurrente_pierde,False,False
344_p759,recurso_concedido,deja_sin_efecto,recurrente_gana,True,False
344_p791,queja,grant_remand_implicito,recurrente_gana,True,False
344_p802,queja,confirma,recurrente_pierde,False,False
344_p809,recurso_concedido,no_revision_demanda,no_aplica,False,False
344_p936,recurso_concedido,no_revision_demanda,no_aplica,False,False
344_p983,recurso_concedido,deja_sin_efecto,recurrente_gana,False,False
344_p990,recurso_concedido,nulidad,recurrente_gana,False,False
344_p1002,queja,sin_disposicion_legible,no_aplica,False,False
344_p1010,queja,deja_sin_efecto,recurrente_gana,True,False
344_p1013,recurso_concedido,revoca,recurrente_gana,True,False
344_p1030,recurso_concedido,deja_sin_efecto,recurrente_gana,False,False
344_p1051,queja,revoca,recurrente_gana,False,False
344_p1062,queja,sin_disposicion_legible,no_aplica,False,False
344_p1082,recurso_concedido,sin_disposicion_legible,no_aplica,False,False
344_p1142,queja,deja_sin_efecto,recurrente_gana,True,False
344_p1146,recurso_concedido,deja_sin_efecto,recurrente_gana,False,False
344_p1151,queja,no_revision_demanda,no_aplica,False,False
344_p1219,queja,deja_sin_efecto,recurrente_gana,True,False
344_p1259,recurso_concedido,nulidad,recurrente_gana,False,False
344_p1266,recurso_concedido,deja_sin_efecto,recurrente_gana,False,False
344_p1283,queja,sin_disposicion_legible,no_aplica,False,False
344_p1291,queja,deja_sin_efecto,recurrente_gana,True,False
344_p1308,queja,deja_sin_efecto,recurrente_gana,True,False
344_p1315,queja,deja_sin_efecto,recurrente_gana,True,False
344_p1318,queja,deja_sin_efecto,recurrente_gana,False,False
344_p1336,queja,revoca,recurrente_gana,True,False
344_p1362,recurso_concedido,confirma,recurrente_pierde,False,False
344_p1374,recurso_concedido,confirma,recurrente_pierde,False,False
344_p1388,recurso_concedido,confirma,recurrente_pierde,False,False
344_p1411,recurso_concedido,revoca,recurrente_gana,True,False
344_p1435,recurso_concedido,nulidad,recurrente_gana,True,False
344_p1444,queja,por_ello_cortado,no_aplica,False,False
344_p1458,recurso_concedido,deja_sin_efecto,recurrente_gana,False,False
344_p1464,recurso_concedido,sin_disposicion_legible,no_aplica,False,False
344_p1499,queja,deja_sin_efecto,recurrente_gana,True,False
344_p1509,recurso_concedido,revoca,recurrente_gana,True,False
344_p1535,queja,revoca,recurrente_gana,True,False
344_p1539,queja,confirma,recurrente_pierde,False,False
344_p1557,queja,confirma,recurrente_pierde,False,False
344_p1635,recurso_concedido,sin_disposicion_legible,no_aplica,False,False
344_p1657,queja,deja_sin_efecto,recurrente_gana,True,False
344_p1675,queja,deja_sin_efecto,recurrente_gana,True,False
344_p1685,queja,revoca,recurrente_gana,False,False
344_p1695,queja,deja_sin_efecto,recurrente_gana,False,False
344_p1711,queja,deja_sin_efecto,recurrente_gana,False,False
344_p1716,queja,deja_sin_efecto,recurrente_gana,False,False
344_p1744,queja,deja_sin_efecto,recurrente_gana,False,False
344_p1769,queja,revoca,recurrente_gana,False,False
344_p1788,recurso_concedido,revoca,recurrente_gana,False,False
344_p1810,recurso_concedido,sin_disposicion_legible,no_aplica,False,False
344_p1835,queja,deja_sin_efecto,recurrente_gana,True,False
344_p1857,recurso_concedido,deja_sin_efecto,recurrente_gana,False,False
344_p1887,queja,revoca,recurrente_gana,True,False
344_p1896,queja,deja_sin_efecto,recurrente_gana,True,False
344_p1899,queja,deja_sin_efecto,recurrente_gana,True,False
344_p1906,queja,deja_sin_efecto,recurrente_gana,True,False
344_p1911,queja,revoca,recurrente_gana,False,False
344_p1915,queja,deja_sin_efecto,recurrente_gana,True,False
344_p1930,queja,revoca,recurrente_gana,True,False
344_p1952,recurso_concedido,revoca,recurrente_gana,False,False
344_p2002,queja,revoca,recurrente_gana,False,False
344_p2057,queja,deja_sin_efecto,recurrente_gana,True,False
344_p2062,recurso_concedido,confirma,recurrente_pierde,False,False
344_p2123,queja,confirma,recurrente_pierde,False,False
344_p2172,queja,deja_sin_efecto,recurrente_gana,True,False
344_p2175,queja,sin_disposicion_legible,no_aplica,False,False
344_p2251,queja,deja_sin_efecto,recurrente_gana,True,False
344_p2256,queja,revoca,recurrente_gana,True,False
344_p2339,recurso_concedido,confirma,recurrente_pierde,False,False
344_p2404,queja,deja_sin_efecto,recurrente_gana,True,False
344_p2428,queja,no_revision_procesal,no_aplica,True,False
344_p2459,recurso_concedido,deja_sin_efecto,recurrente_gana,True,False
344_p2488,queja,revoca,recurrente_gana,True,False
344_p2500,recurso_concedido,revoca,recurrente_gana,False,False
344_p2513,recurso_concedido,sin_disposicion_legible,no_aplica,False,False
344_p2543,queja,deja_sin_efecto,recurrente_gana,False,False
344_p2559,queja,sin_disposicion_legible,no_aplica,False,False
344_p2591,recurso_concedido,confirma,recurrente_pierde,False,False
344_p2629,recurso_concedido,sin_disposicion_legible,no_aplica,False,False
344_p2639,queja,revoca,recurrente_gana,True,False
344_p2647,recurso_concedido,deja_sin_efecto,recurrente_gana,False,False
344_p2659,recurso_concedido,deja_sin_efecto,recurrente_gana,False,False
344_p2669,queja,revoca,recurrente_gana,True,False
344_p2728,queja,revoca,recurrente_gana,True,False
344_p2752,recurso_concedido,sin_disposicion_legible,no_aplica,False,False
344_p2765,queja,revoca,recurrente_gana,True,False
344_p2811,recurso_concedido,grant_remand_implicito,recurrente_gana,True,False
344_p2830,queja,revoca,recurrente_gana,False,False
344_p2835,queja,deja_sin_efecto,recurrente_gana,True,False
344_p2849,queja,deja_sin_efecto,recurrente_gana,True,False
344_p2858,recurso_concedido,sin_disposicion_legible,no_aplica,True,False
344_p2868,recurso_concedido,no_revision_demanda,no_aplica,False,False
344_p2901,queja,sin_disposicion_legible,no_aplica,False,False
344_p2949,queja,grant_remand_implicito,recurrente_gana,True,False
344_p2977,recurso_concedido,deja_sin_efecto,recurrente_gana,True,False
344_p2991,queja,deja_sin_efecto,recurrente_gana,True,False
344_p3006,queja,revoca,recurrente_gana,True,False
344_p3011,queja,sin_disposicion_legible,no_aplica,False,False
344_p3057,queja,revoca,recurrente_gana,True,False
344_p3132,recurso_concedido,revoca,recurrente_gana,False,False
344_p3146,recurso_concedido,revoca,recurrente_gana,True,False
344_p3156,recurso_concedido,revoca,recurrente_gana,True,False
344_p3209,queja,confirma,recurrente_pierde,False,False
344_p3230,recurso_concedido,deja_sin_efecto,recurrente_gana,True,False
344_p3249,queja,revoca,recurrente_gana,True,False
344_p3330,queja,deja_sin_efecto,recurrente_gana,True,False
344_p3345,queja,deja_sin_efecto,recurrente_gana,True,False
344_p3385,recurso_concedido,revoca,recurrente_gana,False,False
344_p3401,recurso_concedido,sin_disposicion_legible,no_aplica,False,False
344_p3418,queja,deja_sin_efecto,recurrente_gana,True,False
344_p3451,recurso_concedido,confirma,recurrente_pierde,False,False
344_p3476,recurso_concedido,no_revision_demanda,no_aplica,False,False
344_p3547,queja,deja_sin_efecto,recurrente_gana,False,False
344_p3551,recurso_concedido,confirma,recurrente_pierde,False,False
344_p3567,recurso_concedido,revoca,recurrente_gana,False,False
344_p3573,recurso_concedido,sin_disposicion_legible,no_aplica,False,False
344_p3580,recurso_concedido,revoca,recurrente_gana,False,False
344_p3585,recurso_concedido,grant_remand_implicito,recurrente_gana,True,False
344_p3595,queja,revoca,recurrente_gana,True,False
344_p3600,recurso_concedido,deja_sin_efecto,recurrente_gana,True,False
344_p3613,queja,deja_sin_efecto,recurrente_gana,False,False
344_p3625,recurso_concedido,revoca,recurrente_gana,False,False
344_p3683,recurso_concedido,confirma,recurrente_pierde,False,False
344_p3695,queja,deja_sin_efecto,recurrente_gana,False,False
344_p3700,recurso_concedido,sin_disposicion_legible,no_aplica,True,False
344_p3711,recurso_concedido,revoca,recurrente_gana,False,False
344_p3749,queja,deja_sin_efecto,recurrente_gana,True,False
344_p3761,queja,deja_sin_efecto,recurrente_gana,False,False
344_p3782,queja,deja_sin_efecto,recurrente_gana,True,False
345_p1,recurso_concedido,confirma,recurrente_pierde,False,False
345_p50,recurso_concedido,confirma,recurrente_pierde,False,False
345_p61,queja,revoca,recurrente_gana,False,False
345_p76,recurso_concedido,no_revision_demanda,no_aplica,False,False
345_p81,queja,deja_sin_efecto,recurrente_gana,False,False
345_p84,queja,deja_sin_efecto,recurrente_gana,False,False
345_p102,queja,deja_sin_efecto,recurrente_gana,True,False
345_p116,queja,por_ello_cortado,no_aplica,False,False
345_p137,recurso_concedido,grant_remand_implicito,recurrente_gana,True,False
345_p140,queja,deja_sin_efecto,recurrente_gana,True,False
345_p154,queja,deja_sin_efecto,recurrente_gana,True,False
345_p163,recurso_concedido,confirma,recurrente_pierde,False,False
345_p175,queja,deja_sin_efecto,recurrente_gana,False,False
345_p189,recurso_concedido,confirma,recurrente_pierde,False,False
345_p191,recurso_concedido,nulidad,recurrente_gana,False,False
345_p220,queja,grant_remand_implicito,recurrente_gana,True,False
345_p224,queja,deja_sin_efecto,recurrente_gana,True,False
345_p241,recurso_concedido,nulidad,recurrente_gana,False,False
345_p263,queja,revoca,recurrente_gana,True,False
345_p278,recurso_concedido,confirma,recurrente_pierde,False,False
345_p285,queja,deja_sin_efecto,recurrente_gana,False,False
345_p331,queja,deja_sin_efecto,recurrente_gana,True,False
345_p348,queja,deja_sin_efecto,recurrente_gana,True,False
345_p358,queja,revoca,recurrente_gana,False,False
345_p401,recurso_concedido,sin_disposicion_legible,no_aplica,False,False
345_p477,queja,revoca,recurrente_gana,True,False
345_p482,queja,revoca,recurrente_gana,False,False
345_p523,queja,revoca,recurrente_gana,True,False
345_p533,recurso_concedido,confirma,recurrente_pierde,False,False
345_p549,recurso_concedido,confirma,recurrente_pierde,False,False
345_p578,queja,deja_sin_efecto,recurrente_gana,False,False
345_p599,queja,confirma,recurrente_pierde,False,False
345_p621,queja,grant_remand_implicito,recurrente_gana,True,False
345_p634,queja,deja_sin_efecto,recurrente_gana,False,False
345_p645,queja,deja_sin_efecto,recurrente_gana,True,False
345_p647,queja,deja_sin_efecto,recurrente_gana,False,False
345_p683,recurso_concedido,deja_sin_efecto,recurrente_gana,True,False
345_p686,queja,sin_disposicion_legible,no_aplica,False,False
345_p688,queja,revoca,recurrente_gana,True,False
345_p694,recurso_concedido,confirma,recurrente_pierde,False,False
345_p702,recurso_concedido,confirma,recurrente_pierde,False,False
345_p722,queja,sin_disposicion_legible,no_aplica,True,False
345_p728,recurso_concedido,nulidad,recurrente_gana,False,False
345_p730,queja,confirma,recurrente_pierde,False,False
345_p789,queja,revoca,recurrente_gana,False,False
345_p838,queja,confirma,recurrente_pierde,False,False
345_p869,queja,revoca,recurrente_gana,True,False
345_p876,recurso_concedido,confirma,recurrente_pierde,False,False
345_p881,recurso_concedido,deja_sin_efecto,recurrente_gana,False,False
345_p884,queja,deja_sin_efecto,recurrente_gana,True,False
345_p923,recurso_concedido,sin_disposicion_legible,no_aplica,False,False
345_p938,recurso_concedido,revoca,recurrente_gana,True,False
345_p945,recurso_concedido,revoca,recurrente_gana,True,False
345_p1011,queja,deja_sin_efecto,recurrente_gana,True,False
345_p1015,queja,revoca,recurrente_gana,False,False
345_p1021,queja,revoca,recurrente_gana,False,False
345_p1025,queja,revoca,recurrente_gana,False,False
345_p1034,queja,sin_disposicion_legible,no_aplica,False,False
345_p1037,queja,revoca,recurrente_gana,False,False
345_p1042,recurso_concedido,sin_disposicion_legible,no_aplica,False,False
345_p1079,recurso_concedido,deja_sin_efecto,recurrente_gana,True,False
345_p1086,recurso_concedido,confirma,recurrente_pierde,False,False
345_p1101,queja,revoca,recurrente_gana,True,False
345_p1113,recurso_concedido,sin_disposicion_legible,no_aplica,False,False
345_p1114,recurso_concedido,grant_remand_implicito,recurrente_gana,True,False
345_p1127,queja,revoca,recurrente_gana,True,False
345_p1140,queja,deja_sin_efecto,recurrente_gana,True,False
345_p1143,queja,deja_sin_efecto,recurrente_gana,True,False
345_p1150,queja,deja_sin_efecto,recurrente_gana,True,False
345_p1160,queja,deja_sin_efecto,recurrente_gana,False,False
345_p1174,recurso_concedido,revoca,recurrente_gana,False,False
345_p1181,recurso_concedido,deja_sin_efecto,recurrente_gana,True,False
345_p1184,queja,confirma,recurrente_pierde,False,False
345_p1205,queja,deja_sin_efecto,recurrente_gana,True,False
345_p1210,queja,deja_sin_efecto,recurrente_gana,True,False
345_p1238,queja,deja_sin_efecto,recurrente_gana,True,False
345_p1249,recurso_concedido,sin_disposicion_legible,no_aplica,False,False
345_p1259,queja,deja_sin_efecto,recurrente_gana,False,False
345_p1266,recurso_concedido,deja_sin_efecto,recurrente_gana,False,False
345_p1269,recurso_concedido,sin_disposicion_legible,no_aplica,False,False
345_p1291,queja,revoca,recurrente_gana,True,False
345_p1297,queja,deja_sin_efecto,recurrente_gana,True,False
345_p1303,recurso_concedido,confirma,recurrente_pierde,False,False
345_p1332,queja,deja_sin_efecto,recurrente_gana,True,False
345_p1342,recurso_concedido,revoca,recurrente_gana,True,False
345_p1358,queja,revoca,recurrente_gana,True,False
345_p1365,queja,revoca,recurrente_gana,True,False
345_p1370,recurso_concedido,confirma,recurrente_pierde,False,False
345_p1374,queja,deja_sin_efecto,recurrente_gana,True,False
345_p1387,queja,deja_sin_efecto,recurrente_gana,True,False
345_p1394,recurso_concedido,revoca,recurrente_gana,False,False
345_p1411,queja,confirma,recurrente_pierde,False,False
345_p1417,queja,deja_sin_efecto,recurrente_gana,False,False
345_p1457,queja,revoca,recurrente_gana,False,False
345_p1470,queja,deja_sin_efecto,recurrente_gana,False,False
345_p1473,queja,deja_sin_efecto,recurrente_gana,True,False
345_p1531,queja,revoca,recurrente_gana,False,False
345_p1549,queja,revoca,recurrente_gana,True,False
346_p1,recurso_concedido,revoca,recurrente_gana,False,False
346_p12,recurso_concedido,grant_remand_implicito,recurrente_gana,True,False
346_p25,queja,grant_remand_implicito,recurrente_gana,True,False
346_p32,queja,deja_sin_efecto,recurrente_gana,True,False
346_p37,queja,deja_sin_efecto,recurrente_gana,True,False
346_p58,queja,deja_sin_efecto,recurrente_gana,True,False
346_p84,queja,deja_sin_efecto,recurrente_gana,True,False
346_p103,queja,revoca,recurrente_gana,True,False
346_p133,queja,deja_sin_efecto,recurrente_gana,True,False
346_p143,queja,deja_sin_efecto,recurrente_gana,True,False
346_p150,queja,revoca,recurrente_gana,False,False
346_p165,queja,deja_sin_efecto,recurrente_gana,True,False
346_p177,recurso_concedido,deja_sin_efecto,recurrente_gana,True,False
346_p182,recurso_concedido,deja_sin_efecto,recurrente_gana,True,False
346_p200,recurso_concedido,revoca,recurrente_gana,False,False
346_p217,queja,deja_sin_efecto,recurrente_gana,True,False
346_p231,recurso_concedido,confirma,recurrente_pierde,False,False
346_p249,queja,deja_sin_efecto,recurrente_gana,False,False
346_p259,queja,deja_sin_efecto,recurrente_gana,True,False
346_p265,queja,revoca,recurrente_gana,False,True
346_p287,queja,revoca,recurrente_gana,False,True
346_p304,queja,grant_remand_implicito,recurrente_gana,True,False
346_p314,queja,deja_sin_efecto,recurrente_gana,True,False
346_p319,queja,deja_sin_efecto,recurrente_gana,True,False
346_p326,queja,deja_sin_efecto,recurrente_gana,True,False
346_p333,recurso_concedido,confirma,recurrente_pierde,False,False
346_p382,recurso_concedido,confirma,recurrente_pierde,False,False
346_p387,recurso_concedido,deja_sin_efecto,recurrente_gana,False,False
346_p403,queja,sin_disposicion_legible,no_aplica,False,False
346_p407,recurso_concedido,revoca,recurrente_gana,False,False
346_p439,recurso_concedido,sin_disposicion_legible,no_aplica,True,False
346_p441,queja,sin_disposicion_legible,no_aplica,False,False
346_p467,recurso_concedido,confirma,recurrente_pierde,False,False
346_p476,recurso_concedido,revoca,recurrente_gana,True,False
346_p484,recurso_concedido,deja_sin_efecto,recurrente_gana,False,False
346_p491,queja,deja_sin_efecto,recurrente_gana,True,False
346_p515,queja,deja_sin_efecto,recurrente_gana,True,False
346_p532,queja,revoca,recurrente_gana,False,False
346_p535,queja,deja_sin_efecto,recurrente_gana,False,False
346_p613,queja,confirma,recurrente_pierde,False,False
346_p629,queja,revoca,recurrente_gana,True,False
346_p634,recurso_concedido,sin_disposicion_legible,no_aplica,False,False
346_p646,queja,deja_sin_efecto,recurrente_gana,True,False
346_p650,queja,deja_sin_efecto,recurrente_gana,True,False
346_p658,recurso_concedido,confirma,recurrente_pierde,False,False
346_p668,recurso_concedido,confirma,recurrente_pierde,False,False
346_p675,recurso_concedido,deja_sin_efecto,recurrente_gana,False,False
346_p678,queja,deja_sin_efecto,recurrente_gana,True,False
346_p683,queja,revoca,recurrente_gana,False,False
346_p697,queja,deja_sin_efecto,recurrente_gana,True,False
346_p706,queja,confirma,recurrente_pierde,False,False
346_p718,queja,deja_sin_efecto,recurrente_gana,True,False
346_p730,queja,deja_sin_efecto,recurrente_gana,True,False
346_p736,recurso_concedido,deja_sin_efecto,recurrente_gana,False,False
346_p754,queja,deja_sin_efecto,recurrente_gana,True,False
346_p767,recurso_concedido,no_revision_demanda,no_aplica,False,False
346_p776,recurso_concedido,confirma,recurrente_pierde,False,False
346_p802,queja,deja_sin_efecto,recurrente_gana,True,False
346_p807,queja,deja_sin_efecto,recurrente_gana,True,False
346_p811,queja,deja_sin_efecto,recurrente_gana,True,False
346_p814,recurso_concedido,deja_sin_efecto,recurrente_gana,True,False
346_p834,recurso_concedido,sin_disposicion_legible,no_aplica,False,False
346_p854,recurso_concedido,revoca,recurrente_gana,True,False
346_p888,recurso_concedido,deja_sin_efecto,recurrente_gana,True,False
346_p902,queja,deja_sin_efecto,recurrente_gana,True,False
346_p921,recurso_concedido,confirma,recurrente_pierde,False,False
346_p939,queja,deja_sin_efecto,recurrente_gana,False,False
346_p1015,recurso_concedido,no_revision_demanda,no_aplica,False,False
346_p1039,recurso_concedido,revoca,recurrente_gana,False,False
346_p1065,queja,deja_sin_efecto,recurrente_gana,False,False
346_p1070,queja,revoca,recurrente_gana,False,False
346_p1086,recurso_concedido,revoca,recurrente_gana,True,False
346_p1089,recurso_concedido,no_revision_demanda,no_aplica,False,False
346_p1133,recurso_concedido,confirma,recurrente_pierde,False,False
346_p1147,recurso_concedido,deja_sin_efecto,recurrente_gana,True,False
346_p1175,recurso_concedido,revoca,recurrente_gana,True,False
346_p1180,recurso_concedido,no_revision_demanda,no_aplica,False,False
346_p1212,queja,deja_sin_efecto,recurrente_gana,True,False
346_p1218,recurso_concedido,no_revision_demanda,no_aplica,False,False
346_p1234,recurso_concedido,deja_sin_efecto,recurrente_gana,False,False
346_p1241,recurso_concedido,deja_sin_efecto,recurrente_gana,False,False
346_p1257,queja,revoca,recurrente_gana,False,False
346_p1280,queja,revoca,recurrente_gana,True,False
346_p1296,queja,deja_sin_efecto,recurrente_gana,True,False
346_p1304,queja,revoca,recurrente_gana,False,False
346_p1311,queja,deja_sin_efecto,recurrente_gana,True,False
346_p1316,recurso_concedido,no_revision_demanda,no_aplica,False,False
346_p1339,recurso_concedido,por_ello_cortado,no_aplica,False,False
346_p1379,recurso_concedido,confirma,recurrente_pierde,True,False
346_p1405,queja,deja_sin_efecto,recurrente_gana,True,False
346_p1415,queja,sin_disposicion_legible,no_aplica,True,False
346_p1419,queja,revoca,recurrente_gana,True,False
346_p1426,queja,confirma,recurrente_pierde,False,False
346_p1455,queja,deja_sin_efecto,recurrente_gana,True,False
346_p1462,recurso_concedido,confirma,recurrente_pierde,False,False
346_p1471,recurso_concedido,sin_disposicion_legible,no_aplica,False,False
346_p1483,queja,revoca,recurrente_gana,False,False
346_p1489,queja,deja_sin_efecto,recurrente_gana,True,False
346_p1501,queja,deja_sin_efecto,recurrente_gana,True,False
346_p1514,recurso_concedido,no_revision_procesal,no_aplica,False,False
346_p1521,queja,deja_sin_efecto,recurrente_gana,True,False
346_p1526,queja,deja_sin_efecto,recurrente_gana,True,False
346_p1538,queja,deja_sin_efecto,recurrente_gana,False,False
346_p1549,queja,deja_sin_efecto,recurrente_gana,True,False
346_p1552,queja,deja_sin_efecto,recurrente_gana,True,False
346_p1559,queja,revoca,recurrente_gana,False,False
346_p1564,queja,deja_sin_efecto,recurrente_gana,True,False
347_p18,queja,deja_sin_efecto,recurrente_gana,False,False
347_p36,queja,deja_sin_efecto,recurrente_gana,True,False
347_p51,queja,grant_remand_implicito,recurrente_gana,True,False
347_p62,recurso_concedido,revoca,recurrente_gana,False,False
347_p69,queja,deja_sin_efecto,recurrente_gana,True,False
347_p73,recurso_concedido,grant_remand_implicito,recurrente_gana,True,False
347_p83,recurso_concedido,sin_disposicion_legible,no_aplica,False,False
347_p94,queja,deja_sin_efecto,recurrente_gana,True,False
347_p100,queja,deja_sin_efecto,recurrente_gana,True,False
347_p105,queja,deja_sin_efecto,recurrente_gana,True,False
347_p109,recurso_concedido,revoca,recurrente_gana,False,False
347_p116,recurso_concedido,confirma,recurrente_pierde,False,False
347_p128,recurso_concedido,no_revision_demanda,no_aplica,False,False
347_p178,recurso_concedido,no_revision_demanda,no_aplica,False,False
347_p216,queja,confirma,recurrente_pierde,False,False
347_p229,recurso_concedido,revoca,recurrente_gana,False,False
347_p237,queja,revoca,recurrente_gana,True,False
347_p257,recurso_concedido,sin_disposicion_legible,no_aplica,False,False
347_p273,queja,revoca,recurrente_gana,True,False
347_p291,queja,deja_sin_efecto,recurrente_gana,False,False
347_p302,recurso_concedido,confirma,recurrente_pierde,False,False
347_p311,queja,deja_sin_efecto,recurrente_gana,True,False
347_p339,queja,revoca,recurrente_gana,False,False
347_p347,queja,revoca,recurrente_gana,True,False
347_p360,recurso_concedido,deja_sin_efecto,recurrente_gana,False,False
347_p379,queja,confirma,recurrente_pierde,False,False
347_p392,recurso_concedido,confirma,recurrente_pierde,False,False
347_p400,queja,deja_sin_efecto,recurrente_gana,False,False
347_p414,queja,deja_sin_efecto,recurrente_gana,True,False
347_p426,queja,deja_sin_efecto,recurrente_gana,True,False
347_p437,recurso_concedido,revoca,recurrente_gana,True,False
347_p441,queja,deja_sin_efecto,recurrente_gana,False,False
347_p459,recurso_concedido,grant_remand_implicito,recurrente_gana,True,False
347_p462,queja,deja_sin_efecto,recurrente_gana,True,False
347_p468,queja,revoca,recurrente_gana,False,False
347_p472,queja,deja_sin_efecto,recurrente_gana,True,False
347_p474,queja,sin_disposicion_legible,no_aplica,False,False
347_p496,queja,deja_sin_efecto,recurrente_gana,False,False
347_p500,queja,revoca,recurrente_gana,True,False
347_p507,queja,deja_sin_efecto,recurrente_gana,False,False
347_p512,queja,deja_sin_efecto,recurrente_gana,False,False
347_p540,queja,deja_sin_efecto,recurrente_gana,True,False
347_p547,queja,deja_sin_efecto,recurrente_gana,True,False
347_p552,recurso_concedido,no_revision_demanda,no_aplica,False,False
347_p562,recurso_concedido,sin_disposicion_legible,no_aplica,False,False
347_p565,queja,deja_sin_efecto,recurrente_gana,True,False
347_p572,queja,deja_sin_efecto,recurrente_gana,True,False
347_p579,queja,confirma,recurrente_pierde,False,False
347_p594,recurso_concedido,deja_sin_efecto,recurrente_gana,False,False
347_p596,queja,revoca,recurrente_gana,True,False
347_p606,queja,sin_disposicion_legible,no_aplica,False,False
347_p614,queja,no_revision_procesal,no_aplica,False,False
347_p632,queja,deja_sin_efecto,recurrente_gana,True,False
347_p653,queja,revoca,recurrente_gana,False,False
347_p673,recurso_concedido,revoca,recurrente_gana,True,False
347_p684,queja,deja_sin_efecto,recurrente_gana,True,False
347_p688,queja,confirma,recurrente_pierde,False,False
347_p721,queja,deja_sin_efecto,recurrente_gana,False,False
347_p729,queja,sin_disposicion_legible,no_aplica,False,False
347_p737,queja,confirma,recurrente_pierde,False,False
347_p745,queja,revoca,recurrente_gana,True,False
347_p751,queja,deja_sin_efecto,recurrente_gana,False,False
347_p768,queja,deja_sin_efecto,recurrente_gana,True,False
347_p778,queja,revoca,recurrente_gana,False,False
347_p785,queja,deja_sin_efecto,recurrente_gana,True,False
347_p790,queja,deja_sin_efecto,recurrente_gana,True,False
347_p802,queja,deja_sin_efecto,recurrente_gana,True,False
347_p811,queja,revoca,recurrente_gana,True,False
347_p818,recurso_concedido,deja_sin_efecto,recurrente_gana,False,False
347_p843,queja,deja_sin_efecto,recurrente_gana,True,False
347_p876,queja,deja_sin_efecto,recurrente_gana,False,False
347_p905,recurso_concedido,sin_disposicion_legible,no_aplica,False,False
347_p924,queja,deja_sin_efecto,recurrente_gana,False,False
347_p943,queja,deja_sin_efecto,recurrente_gana,True,False
347_p947,queja,deja_sin_efecto,recurrente_gana,True,False
347_p957,recurso_concedido,deja_sin_efecto,recurrente_gana,True,False
347_p959,recurso_concedido,por_ello_cortado,no_aplica,False,False
347_p969,queja,deja_sin_efecto,recurrente_gana,True,False
347_p971,queja,grant_remand_implicito,recurrente_gana,True,False
347_p993,queja,deja_sin_efecto,recurrente_gana,True,False
347_p1013,queja,deja_sin_efecto,recurrente_gana,True,False
347_p1022,queja,revoca,recurrente_gana,True,False
347_p1058,recurso_concedido,grant_remand_implicito,recurrente_gana,True,False
347_p1081,queja,sin_disposicion_legible,no_aplica,False,False
347_p1128,recurso_concedido,grant_remand_implicito,recurrente_gana,True,False
347_p1137,queja,deja_sin_efecto,recurrente_gana,True,False
347_p1151,queja,confirma,recurrente_pierde,False,False
347_p1166,queja,confirma,recurrente_pierde,False,False
347_p1177,queja,deja_sin_efecto,recurrente_gana,True,False
347_p1185,recurso_concedido,sin_disposicion_legible,no_aplica,False,False
347_p1191,recurso_concedido,confirma,recurrente_pierde,False,False
347_p1201,recurso_concedido,revoca,recurrente_gana,True,False
347_p1210,queja,deja_sin_efecto,recurrente_gana,False,False
347_p1215,queja,deja_sin_efecto,recurrente_gana,True,False
347_p1223,recurso_concedido,sin_disposicion_legible,no_aplica,True,False
347_p1230,queja,deja_sin_efecto,recurrente_gana,True,False
347_p1234,queja,revoca,recurrente_gana,False,False
347_p1250,queja,deja_sin_efecto,recurrente_gana,False,False
347_p1254,queja,revoca,recurrente_gana,True,False
347_p1288,queja,grant_remand_implicito,recurrente_gana,True,False
347_p1313,queja,confirma,recurrente_pierde,False,False
347_p1327,recurso_concedido,confirma,recurrente_pierde,False,False
347_p1340,queja,grant_remand_implicito,recurrente_gana,True,False
347_p1344,queja,deja_sin_efecto,recurrente_gana,True,False
347_p1353,queja,deja_sin_efecto,recurrente_gana,True,False
347_p1360,queja,deja_sin_efecto,recurrente_gana,True,False
347_p1386,queja,deja_sin_efecto,recurrente_gana,True,False
347_p1403,queja,revoca,recurrente_gana,False,False
347_p1446,queja,deja_sin_efecto,recurrente_gana,False,False
347_p1463,queja,deja_sin_efecto,recurrente_gana,False,False
347_p1471,queja,deja_sin_efecto,recurrente_gana,False,False
347_p1476,recurso_concedido,revoca,recurrente_gana,False,False
347_p1492,recurso_concedido,confirma,recurrente_pierde,True,False
347_p1527,queja,confirma,recurrente_pierde,False,False
347_p1586,recurso_concedido,confirma,recurrente_pierde,False,False
347_p1593,queja,confirma,recurrente_pierde,False,False
347_p1620,queja,sin_disposicion_legible,no_aplica,False,False
347_p1632,queja,deja_sin_efecto,recurrente_gana,False,False
347_p1648,recurso_concedido,no_revision_demanda,no_aplica,False,False
347_p1697,recurso_concedido,deja_sin_efecto,recurrente_gana,True,False
347_p1701,recurso_concedido,sin_disposicion_legible,no_aplica,False,False
347_p1709,queja,deja_sin_efecto,recurrente_gana,True,False
347_p1726,queja,revoca,recurrente_gana,True,False
347_p1737,recurso_concedido,no_revision_demanda,no_aplica,False,False
347_p1757,queja,deja_sin_efecto,recurrente_gana,True,False
347_p1802,queja,revoca,recurrente_gana,True,False
347_p1807,queja,deja_sin_efecto,recurrente_gana,True,False
347_p1813,queja,deja_sin_efecto,recurrente_gana,True,False
347_p1820,queja,sin_disposicion_legible,no_aplica,False,False
347_p1827,queja,revoca,recurrente_gana,False,False
347_p1834,queja,deja_sin_efecto,recurrente_gana,True,False
347_p1839,queja,deja_sin_efecto,recurrente_gana,True,False
347_p1844,recurso_concedido,revoca,recurrente_gana,False,False
347_p1858,queja,deja_sin_efecto,recurrente_gana,False,True
347_p1885,queja,deja_sin_efecto,recurrente_gana,True,False
347_p1891,queja,deja_sin_efecto,recurrente_gana,False,False
347_p1932,recurso_concedido,deja_sin_efecto,recurrente_gana,True,False
347_p1944,queja,deja_sin_efecto,recurrente_gana,True,False
347_p1963,queja,deja_sin_efecto,recurrente_gana,True,False
347_p1990,recurso_concedido,sin_disposicion_legible,no_aplica,False,False
347_p1996,queja,confirma,recurrente_pierde,False,False
347_p2002,queja,revoca,recurrente_gana,False,False
347_p2015,queja,revoca,recurrente_gana,False,False
347_p2041,recurso_concedido,deja_sin_efecto,recurrente_gana,True,False
347_p2115,queja,revoca,recurrente_gana,True,False
347_p2146,queja,revoca,recurrente_gana,True,False
347_p2154,recurso_concedido,revoca,recurrente_gana,True,False
347_p2177,queja,deja_sin_efecto,recurrente_gana,True,False
347_p2186,queja,deja_sin_efecto,recurrente_gana,False,False
347_p2242,recurso_concedido,no_revision_demanda,no_aplica,False,False
347_p2314,queja,deja_sin_efecto,recurrente_gana,True,False
347_p2318,queja,grant_remand_implicito,recurrente_gana,True,False
347_p2324,queja,deja_sin_efecto,recurrente_gana,True,False
347_p2352,queja,confirma,recurrente_pierde,False,False
348_p21,recurso_concedido,grant_remand_implicito,recurrente_gana,True,False
348_p31,queja,revoca,recurrente_gana,False,False
348_p36,queja,revoca,recurrente_gana,False,False
348_p48,queja,revoca,recurrente_gana,False,False
348_p56,queja,deja_sin_efecto,recurrente_gana,True,False
348_p83,recurso_concedido,sin_disposicion_legible,no_aplica,False,False
348_p95,queja,deja_sin_efecto,recurrente_gana,False,False
348_p101,queja,confirma,recurrente_pierde,False,False
348_p113,recurso_concedido,revoca,recurrente_gana,True,False
348_p169,queja,deja_sin_efecto,recurrente_gana,False,False
348_p172,queja,deja_sin_efecto,recurrente_gana,True,False
348_p179,queja,sin_disposicion_legible,no_aplica,False,False
348_p189,queja,deja_sin_efecto,recurrente_gana,True,False
348_p248,queja,deja_sin_efecto,recurrente_gana,True,False
348_p256,queja,deja_sin_efecto,recurrente_gana,False,False
348_p259,queja,deja_sin_efecto,recurrente_gana,False,False
348_p267,queja,deja_sin_efecto,recurrente_gana,True,False
348_p276,queja,revoca,recurrente_gana,True,False
348_p291,recurso_concedido,deja_sin_efecto,recurrente_gana,False,False
348_p296,queja,deja_sin_efecto,recurrente_gana,True,False
348_p308,queja,sin_disposicion_legible,no_aplica,False,False
348_p314,recurso_concedido,deja_sin_efecto,recurrente_gana,True,False
348_p330,recurso_concedido,nulidad,recurrente_gana,True,False
348_p332,queja,deja_sin_efecto,recurrente_gana,False,False
348_p338,recurso_concedido,no_revision_demanda,no_aplica,False,False
348_p346,recurso_concedido,deja_sin_efecto,recurrente_gana,True,False
348_p355,queja,por_ello_cortado,no_aplica,False,False
348_p372,recurso_concedido,confirma,recurrente_pierde,False,False
348_p380,queja,deja_sin_efecto,recurrente_gana,True,False
348_p389,recurso_concedido,revoca,recurrente_gana,False,False
348_p419,recurso_concedido,no_revision_demanda,no_aplica,False,False
348_p452,recurso_concedido,deja_sin_efecto,recurrente_gana,False,False
348_p461,recurso_concedido,no_revision_demanda,no_aplica,False,False
348_p473,recurso_concedido,no_revision_demanda,no_aplica,False,False
348_p474,queja,deja_sin_efecto,recurrente_gana,False,False
348_p487,queja,grant_remand_implicito,recurrente_gana,True,False
348_p491,queja,deja_sin_efecto,recurrente_gana,True,False
348_p524,recurso_concedido,deja_sin_efecto,recurrente_gana,True,False
348_p534,queja,grant_remand_implicito,recurrente_gana,True,False
348_p563,recurso_concedido,revoca,recurrente_gana,False,False
348_p576,queja,revoca,recurrente_gana,False,False
348_p611,recurso_concedido,deja_sin_efecto,recurrente_gana,False,False
348_p644,recurso_concedido,confirma,recurrente_pierde,False,False
348_p662,queja,revoca,recurrente_gana,False,False
348_p678,queja,sin_disposicion_legible,no_aplica,False,False
348_p689,queja,revoca,recurrente_gana,False,False
348_p700,recurso_concedido,nulidad,recurrente_gana,False,False
348_p751,queja,deja_sin_efecto,recurrente_gana,True,False
348_p756,queja,deja_sin_efecto,recurrente_gana,True,False
348_p763,queja,deja_sin_efecto,recurrente_gana,False,False
348_p773,queja,deja_sin_efecto,recurrente_gana,True,False
348_p782,queja,deja_sin_efecto,recurrente_gana,False,False
348_p795,queja,deja_sin_efecto,recurrente_gana,False,False
348_p802,recurso_concedido,deja_sin_efecto,recurrente_gana,True,False
348_p821,queja,sin_disposicion_legible,no_aplica,False,False
348_p834,queja,deja_sin_efecto,recurrente_gana,True,False
348_p841,queja,sin_disposicion_legible,no_aplica,False,False
348_p886,recurso_concedido,confirma,recurrente_pierde,False,False
348_p889,queja,grant_remand_implicito,recurrente_gana,True,False
348_p895,queja,sin_disposicion_legible,no_aplica,False,False
348_p917,recurso_concedido,revoca,recurrente_gana,False,False
348_p932,recurso_concedido,revoca,recurrente_gana,False,False
348_p943,queja,confirma,recurrente_pierde,False,False
348_p953,queja,deja_sin_efecto,recurrente_gana,False,False
348_p975,queja,revoca,recurrente_gana,False,False
348_p983,recurso_concedido,no_revision_demanda,no_aplica,False,False
348_p1030,recurso_concedido,nulidad,recurrente_gana,True,False
348_p1035,recurso_concedido,confirma,recurrente_pierde,False,False
348_p1045,queja,revoca,recurrente_gana,True,False
348_p1058,recurso_concedido,confirma,recurrente_pierde,False,False
348_p1076,queja,confirma,recurrente_pierde,False,False
348_p1087,queja,revoca,recurrente_gana,True,False
348_p1104,queja,deja_sin_efecto,recurrente_gana,True,False
348_p1149,queja,revoca,recurrente_gana,True,False
348_p1159,queja,deja_sin_efecto,recurrente_gana,True,False
348_p1170,recurso_concedido,no_revision_procesal,no_aplica,False,False
348_p1173,queja,confirma,recurrente_pierde,False,False
348_p1178,queja,deja_sin_efecto,recurrente_gana,True,False
348_p1189,recurso_concedido,nulidad,recurrente_gana,True,False
348_p1192,queja,deja_sin_efecto,recurrente_gana,True,False
348_p1197,recurso_concedido,confirma,recurrente_pierde,False,False
348_p1255,recurso_concedido,no_revision_procesal,no_aplica,False,False
348_p1262,queja,deja_sin_efecto,recurrente_gana,True,False
348_p1265,queja,nulidad,recurrente_gana,True,False
348_p1277,recurso_concedido,deja_sin_efecto,recurrente_gana,True,False
348_p1286,recurso_concedido,grant_remand_implicito,recurrente_gana,True,False
348_p1316,queja,revoca,recurrente_gana,True,False
348_p1334,queja,revoca,recurrente_gana,True,False
348_p1352,queja,por_ello_cortado,no_aplica,False,False
348_p1357,queja,deja_sin_efecto,recurrente_gana,True,False
348_p1378,queja,deja_sin_efecto,recurrente_gana,True,False
348_p1383,queja,revoca,recurrente_gana,False,False
348_p1418,queja,deja_sin_efecto,recurrente_gana,False,False
348_p1421,recurso_concedido,deja_sin_efecto,recurrente_gana,True,False
348_p1430,queja,deja_sin_efecto,recurrente_gana,True,False
348_p1447,queja,deja_sin_efecto,recurrente_gana,True,False
348_p1450,queja,revoca,recurrente_gana,True,False
348_p1471,recurso_concedido,deja_sin_efecto,recurrente_gana,False,False
348_p1499,recurso_concedido,revoca,recurrente_gana,False,False
348_p1505,queja,deja_sin_efecto,recurrente_gana,True,False
348_p1511,queja,deja_sin_efecto,recurrente_gana,True,False
348_p1524,queja,deja_sin_efecto,recurrente_gana,True,False
348_p1535,queja,deja_sin_efecto,recurrente_gana,True,False
348_p1540,queja,deja_sin_efecto,recurrente_gana,False,False
348_p1547,recurso_concedido,revoca,recurrente_gana,True,False
348_p1553,recurso_concedido,sin_disposicion_legible,no_aplica,False,False
348_p1585,recurso_concedido,nulidad,recurrente_gana,True,False
348_p1587,recurso_concedido,deja_sin_efecto,recurrente_gana,True,False
348_p1593,queja,deja_sin_efecto,recurrente_gana,True,False
348_p1599,queja,deja_sin_efecto,recurrente_gana,True,False
348_p1604,queja,deja_sin_efecto,recurrente_gana,True,False
348_p1610,queja,deja_sin_efecto,recurrente_gana,True,False
348_p1616,queja,deja_sin_efecto,recurrente_gana,False,False
348_p1620,recurso_concedido,deja_sin_efecto,recurrente_gana,True,False
348_p1627,queja,deja_sin_efecto,recurrente_gana,True,False
348_p1645,queja,grant_remand_implicito,recurrente_gana,True,False
348_p1655,queja,deja_sin_efecto,recurrente_gana,True,False
348_p1698,queja,revoca,recurrente_gana,False,False
348_p1710,queja,deja_sin_efecto,recurrente_gana,True,False
348_p1714,queja,sin_disposicion_legible,no_aplica,False,False
348_p1717,recurso_concedido,deja_sin_efecto,recurrente_gana,False,False
348_p1741,recurso_concedido,confirma,recurrente_pierde,False,False
348_p1746,queja,deja_sin_efecto,recurrente_gana,True,False
348_p1772,recurso_concedido,deja_sin_efecto,recurrente_gana,True,False
348_p1783,queja,deja_sin_efecto,recurrente_gana,True,False
348_p1796,recurso_concedido,sin_disposicion_legible,no_aplica,False,False
349_p1,queja,deja_sin_efecto,recurrente_gana,True,False
349_p20,recurso_concedido,nulidad,recurrente_gana,True,False
349_p28,recurso_concedido,revoca,recurrente_gana,False,False
349_p34,queja,revoca,recurrente_gana,True,False
349_p40,queja,deja_sin_efecto,recurrente_gana,True,False
349_p53,recurso_concedido,revoca,recurrente_gana,False,False
349_p60,queja,deja_sin_efecto,recurrente_gana,True,False
349_p62,queja,deja_sin_efecto,recurrente_gana,True,False
349_p81,queja,deja_sin_efecto,recurrente_gana,True,False
349_p107,queja,deja_sin_efecto,recurrente_gana,False,False
349_p131,queja,deja_sin_efecto,recurrente_gana,True,False
349_p139,queja,grant_remand_implicito,recurrente_gana,True,False
349_p148,queja,deja_sin_efecto,recurrente_gana,False,False
349_p166,recurso_concedido,revoca,recurrente_gana,False,False
349_p201,recurso_concedido,grant_remand_implicito,recurrente_gana,True,False
349_p203,queja,deja_sin_efecto,recurrente_gana,True,False
349_p207,queja,sin_disposicion_legible,no_aplica,False,False
349_p215,recurso_concedido,deja_sin_efecto,recurrente_gana,False,False
349_p225,recurso_concedido,deja_sin_efecto,recurrente_gana,True,False
349_p244,queja,deja_sin_efecto,recurrente_gana,False,False
349_p253,queja,nulidad,recurrente_gana,False,False
349_p260,recurso_concedido,grant_remand_implicito,recurrente_gana,True,False
349_p269,queja,deja_sin_efecto,recurrente_gana,True,False
349_p280,queja,revoca,recurrente_gana,False,False
349_p287,queja,confirma,recurrente_pierde,False,False
349_p291,queja,deja_sin_efecto,recurrente_gana,True,False
349_p300,queja,revoca,recurrente_gana,True,False
349_p306,queja,deja_sin_efecto,recurrente_gana,True,False
