caso_id_canonico,source_file,a0,k0_rel,k0_abs,clase,rama,guard_fuente,n_anclas_pre,n_anclas_post,k_propio_rel,span_pre_apertura,wc_primer_span,n_spans,wc_epilogo_total,primera_linea,k_post_rel,clase_post,rama_post,guard_fuente_post,primera_linea_post
330_p5257,LibroVol330.4.md,ok,340,36480,pie_genuino,Recurso,mixta,2,4,259,0,59,2,62,"Recurso de hecho interpuesto por la Empresa Distribuidora de Energía Norte S.A., actora",340,pie_genuino,Recurso,mixta,"Recurso de hecho interpuesto por la Empresa Distribuidora de Energía Norte S.A., actora"
331_p400,LibroVol331.1.md,ok,339,15312,rotulo_pie,Profesionales,mixta,2,4,122,0,19,1,19,Profesionales intervinientes: Dres. Benjamín H. Schoua; Daniel A. Guolo; Milton,339,rotulo_pie,Profesionales,mixta,Profesionales intervinientes: Dres. Benjamín H. Schoua; Daniel A. Guolo; Milton
331_p2889,LibroVol331.3.md,ok,169,35001,pie_genuino,Parte actora,propia,0,3,72,0,35,1,35,Parte actora: (única presentada en el expediente) Obra Social para la Activi-,169,pie_genuino,Parte actora,propia,Parte actora: (única presentada en el expediente) Obra Social para la Activi-
333_p487,LibroVol333.1.md,ok,419,19178,rotulo_pie,Nombre del,mixta,2,5,122,0,38,1,38,Nombre del actor: Administración de Parques Nacionales.,419,rotulo_pie,Nombre del,mixta,Nombre del actor: Administración de Parques Nacionales.
333_p1723,LibroVol333.2.md,ok,143,37520,recurso_narrativo,Recurso,solo_pre_apertura,1,0,126,0,353,3,727,recurso extraordinario (fs. 855/861) cuya denegación dio origen a la,143,recurso_narrativo,Recurso,solo_pre_apertura,recurso extraordinario (fs. 855/861) cuya denegación dio origen a la
333_p1735,LibroVol333.2.md,ok,951,38763,recurso_narrativo,Recurso,mixta,1,4,782,0,43,1,43,Recursos ordinarios de apelación interpuestos los el Ministerio Público Fiscal y la,951,recurso_narrativo,Recurso,mixta,Recursos ordinarios de apelación interpuestos los el Ministerio Público Fiscal y la
333_p2079,LibroVol333.3.md,ok,644,8099,recurso_narrativo,Recurso,solo_pre_apertura,4,0,400,0,318,5,710,recurso periodístico del titulado sólo apunta –obviamente– a traslucir,644,recurso_narrativo,Recurso,solo_pre_apertura,recurso periodístico del titulado sólo apunta –obviamente– a traslucir
334_p768,LibroVol334.2.md,ok,363,2454,pie_genuino,Recurso,mixta,1,12,32,0,17,2,46,"Recurso extraordinario interpuesto por la Dirección General de Aduanas, repre-",363,pie_genuino,Recurso,mixta,"Recurso extraordinario interpuesto por la Dirección General de Aduanas, repre-"
334_p1346,LibroVol334.3.md,ok,252,11542,rotulo_pie,Profesionales,solo_pre_apertura,2,0,208,0,12,6,1526,Profesionales de la Ingeniería Civil y por la Caja de Previsión Social,252,rotulo_pie,Profesionales,solo_pre_apertura,Profesionales de la Ingeniería Civil y por la Caja de Previsión Social
334_p1754,LibroVol334.3.md,ok,451,27897,recurso_narrativo,Recurso,propia,0,2,43,0,231,5,1223,recurso extraordinario previsto en el artículo 14 de la ley 48 (Fallos:,451,recurso_narrativo,Recurso,propia,recurso extraordinario previsto en el artículo 14 de la ley 48 (Fallos:
337_p23,LibroVol337.1.md,ok,573,1290,pie_genuino,Parte actora,mixta,1,10,43,0,47,1,47,"Parte actora: Compañía de Tierras del Sud Argentino S.A., representada por su apo-",573,pie_genuino,Parte actora,mixta,"Parte actora: Compañía de Tierras del Sud Argentino S.A., representada por su apo-"
337_p47,LibroVol337.1.md,ok,151,1808,recurso_narrativo,Recurso,solo_pre_apertura,1,0,61,0,11,6,1140,"recurso extraordinario federal (fs. 746/765 vta.), que fue concedido por",151,recurso_narrativo,Recurso,solo_pre_apertura,"recurso extraordinario federal (fs. 746/765 vta.), que fue concedido por"
337_p58,LibroVol337.1.md,ok,159,2238,rotulo_pie,Tribunal de origen,propia,0,3,45,0,25,1,25,Tribunal de origen: Cámara Nacional de Apelaciones en lo Contencioso Administra-,159,rotulo_pie,Tribunal de origen,propia,Tribunal de origen: Cámara Nacional de Apelaciones en lo Contencioso Administra-
337_p62,LibroVol337.1.md,ok,304,2545,pie_genuino,Recurso,propia,0,3,40,0,57,1,57,"Recurso de hecho interpuesto por Diario Perfil S.A., representada por el Dr. Mario R.",304,pie_genuino,Recurso,propia,"Recurso de hecho interpuesto por Diario Perfil S.A., representada por el Dr. Mario R."
337_p88,LibroVol337.1.md,ok,359,3637,rotulo_pie,Tribunal de origen,propia,0,4,37,0,28,1,28,"Tribunal de origen: Cámara Federal de Apelaciones de La Plata, Sala II.",359,rotulo_pie,Tribunal de origen,propia,"Tribunal de origen: Cámara Federal de Apelaciones de La Plata, Sala II."
337_p123,LibroVol337.1.md,ok,391,5033,pie_genuino,Recurso,propia,0,3,37,0,44,2,61,"Recurso de hecho interpuesto por la AFIP-DGI, representada por el Dr. Raúl Martínez",391,pie_genuino,Recurso,propia,"Recurso de hecho interpuesto por la AFIP-DGI, representada por el Dr. Raúl Martínez"
337_p149,LibroVol337.1.md,ok,194,5919,pie_genuino,Recurso,propia,0,6,36,0,57,1,57,Recurso de hecho interpuesto por la actora (Luis Eduardo Russo y Pablo Alberto,194,pie_genuino,Recurso,propia,Recurso de hecho interpuesto por la actora (Luis Eduardo Russo y Pablo Alberto
337_p196,LibroVol337.1.md,ok,346,7927,pie_genuino,Recurso,mixta,2,13,82,0,96,1,96,"Recurso extraordinario deducido por la Unión de Usuarios y Consumidores, actor en",346,pie_genuino,Recurso,mixta,"Recurso extraordinario deducido por la Unión de Usuarios y Consumidores, actor en"
337_p234,LibroVol337.1.md,ok,851,9952,rotulo_pie,Nombre del,propia,0,6,36,0,7,2,35,Nombre del actor: Banco Credicoop Cooperativo Limitado.,851,rotulo_pie,Nombre del,propia,Nombre del actor: Banco Credicoop Cooperativo Limitado.
337_p256,LibroVol337.1.md,ok,1384,11344,pie_genuino,Recurso,mixta,1,13,91,0,24,2,89,"Recurso extraordinario interpuesto por el Ministerio de Desarrollo Social, represen-",1384,pie_genuino,Recurso,mixta,"Recurso extraordinario interpuesto por el Ministerio de Desarrollo Social, represen-"
337_p315,LibroVol337.1.md,ok,475,12779,rotulo_pie,Tribunal de origen,propia,0,2,69,0,27,4,131,"tribunal de origen para que, por quien corresponda, se dicte un nuevo",475,rotulo_pie,Tribunal de origen,propia,"tribunal de origen para que, por quien corresponda, se dicte un nuevo"
337_p354,LibroVol337.1.md,ok,429,14242,pie_genuino,Recurso,propia,0,4,81,0,17,2,195,"Recurso de hecho interpuesto por Raúl Omar Plée, Fiscal General ante la Cámara",429,pie_genuino,Recurso,propia,"Recurso de hecho interpuesto por Raúl Omar Plée, Fiscal General ante la Cámara"
337_p388,LibroVol337.1.md,ok,2400,17611,pie_genuino,Recurso,propia,0,17,126,0,24,2,60,Recurso extraordinario interpuesto por el Ministerio de Economía -Administración,2400,pie_genuino,Recurso,propia,Recurso extraordinario interpuesto por el Ministerio de Economía -Administración
337_p448,LibroVol337.1.md,ok,865,18487,pie_genuino,Recurso,propia,0,9,49,0,31,1,31,"Recurso de queja interpuesto por Standard & Poor’s Ratings LLC. suc. Argentina,",865,pie_genuino,Recurso,propia,"Recurso de queja interpuesto por Standard & Poor’s Ratings LLC. suc. Argentina,"
337_p530,LibroVol337.1.md,ok,492,21395,recurso_narrativo,Recurso,mixta,1,9,70,0,12,2,151,recurso extraordinario era inadmisible (art. 280 CPCCN)-.,492,recurso_narrativo,Recurso,mixta,recurso extraordinario era inadmisible (art. 280 CPCCN)-.
337_p548,LibroVol337.1.md,ok,181,21788,recurso_narrativo,Recurso,solo_pre_apertura,1,0,39,0,132,7,1474,recurso (fs. 577).,181,recurso_narrativo,Recurso,solo_pre_apertura,recurso (fs. 577).
337_p567,LibroVol337.1.md,ok,254,22593,pie_genuino,Recurso,propia,0,4,50,0,56,1,56,"Recurso de hecho interpuesto por Julio César Velárdez, representado por el Dr. Val-",254,pie_genuino,Recurso,propia,"Recurso de hecho interpuesto por Julio César Velárdez, representado por el Dr. Val-"
337_p590,LibroVol337.1.md,ok,657,23893,recurso_narrativo,Recurso,propia,0,2,81,0,269,3,667,recurso sólo traduce sus subjetivas discrepancias con el examen de,657,recurso_narrativo,Recurso,propia,recurso sólo traduce sus subjetivas discrepancias con el examen de
337_p627,LibroVol337.1.md,ok,366,25114,rotulo_pie,Profesionales,propia,0,4,73,0,35,1,35,Profesionales intervinientes: Parte actora. Universidad Nacional de Río Cuarto.,366,rotulo_pie,Profesionales,propia,Profesionales intervinientes: Parte actora. Universidad Nacional de Río Cuarto.
337_p647,LibroVol337.1.md,ok,242,25800,pie_genuino,Recurso,propia,0,3,36,0,77,1,77,Recurso ordinario de apelación interpuesto por: Compañía Inmobiliaria San Martín,242,pie_genuino,Recurso,propia,Recurso ordinario de apelación interpuesto por: Compañía Inmobiliaria San Martín
337_p703,LibroVol337.1.md,ok,324,28124,pie_genuino,Recurso,propia,0,5,45,0,43,1,43,"Recurso de hecho interpuesto por la Dirección General de Aduanas, representada por",324,pie_genuino,Recurso,propia,"Recurso de hecho interpuesto por la Dirección General de Aduanas, representada por"
337_p753,LibroVol337.1.md,ok,319,30097,rotulo_pie,Tribunal de origen,propia,0,2,35,0,3,2,19,tribunal de origen.,319,rotulo_pie,Tribunal de origen,propia,tribunal de origen.
337_p762,LibroVol337.1.md,ok,135,30254,recurso_narrativo,Recurso,solo_pre_apertura,1,0,141,1,19,3,114,recurso extraordinario y confirmar la sentencia apelada. Buenos Ai-,319,pie_genuino,Recurso,mixta,recurso extraordinario deducido por la parte actora y se deja sin efecto
337_p850,LibroVol337.1.md,ok,311,33885,pie_genuino,Recurso,propia,0,3,47,0,54,3,511,Recurso ordinario interpuesto por el Estado Nacional — Ministerio de Economía y,311,pie_genuino,Recurso,propia,Recurso ordinario interpuesto por el Estado Nacional — Ministerio de Economía y
337_p858,LibroVol337.1.md,ok,786,34690,pie_genuino,Recurso,propia,0,3,38,0,105,1,105,"Recurso extraordinario interpuesto por: el Gobierno de la Ciudad de Buenos Aires,",786,pie_genuino,Recurso,propia,"Recurso extraordinario interpuesto por: el Gobierno de la Ciudad de Buenos Aires,"
337_p877,LibroVol337.1.md,ok,394,35095,pie_genuino,Recurso,propia,0,3,37,0,280,1,280,Recurso extraordinario interpuesto por: a) Estado Nacional – Ministerio de Planifi-,394,pie_genuino,Recurso,propia,Recurso extraordinario interpuesto por: a) Estado Nacional – Ministerio de Planifi-
337_p921,LibroVol337.2.md,ok,716,1734,pie_genuino,Recurso,propia,0,6,40,0,56,1,56,"Recurso de queja interpuesto por la Fundación Wallenberg, representada por el Dr.",716,pie_genuino,Recurso,propia,"Recurso de queja interpuesto por la Fundación Wallenberg, representada por el Dr."
337_p966,LibroVol337.2.md,ok,746,3565,recurso_narrativo,Recurso,mixta,1,6,38,0,193,10,2651,recurso extraordinario –contestado a fs. 421/431 y concedido a fs. 434–.,746,recurso_narrativo,Recurso,mixta,recurso extraordinario –contestado a fs. 421/431 y concedido a fs. 434–.
337_p993,LibroVol337.2.md,ok,493,4346,rotulo_pie,Tribunal de origen,propia,0,3,56,0,3,4,249,tribunal de origen.,493,rotulo_pie,Tribunal de origen,propia,tribunal de origen.
337_p1013,LibroVol337.2.md,ok,410,5066,pie_genuino,Recurso,propia,0,3,47,0,55,1,55,"Recurso ordinario de apelación interpuesto por Sergio Einaudi, representado por el Dr.",410,pie_genuino,Recurso,propia,"Recurso ordinario de apelación interpuesto por Sergio Einaudi, representado por el Dr."
337_p1024,LibroVol337.2.md,ok,497,5574,pie_genuino,Recurso,propia,0,7,46,0,46,1,46,"Recurso de hecho interpuesto por Cablevisión S.A., representada por el Dr.",497,pie_genuino,Recurso,propia,"Recurso de hecho interpuesto por Cablevisión S.A., representada por el Dr."
337_p1042,LibroVol337.2.md,ok,416,6184,pie_genuino,Recurso,propia,0,3,35,0,79,1,79,"Recurso extraordinario interpuesto por Boston Cía. de Seguros S.A, representada por",416,pie_genuino,Recurso,propia,"Recurso extraordinario interpuesto por Boston Cía. de Seguros S.A, representada por"
337_p1081,LibroVol337.2.md,ok,565,7885,pie_genuino,Recurso,propia,0,4,43,0,54,1,54,"Recurso de hecho interpuesto por: Mauricio M. Frois, abogado defensor de Mauricio",565,pie_genuino,Recurso,propia,"Recurso de hecho interpuesto por: Mauricio M. Frois, abogado defensor de Mauricio"
337_p1102,LibroVol337.2.md,ok,211,8400,pie_genuino,Recurso,propia,0,3,36,0,44,1,44,"Recurso de hecho interpuesto por la Crecencio Pilquiman, representada por el Dr.",211,pie_genuino,Recurso,propia,"Recurso de hecho interpuesto por la Crecencio Pilquiman, representada por el Dr."
337_p1117,LibroVol337.2.md,ok,723,9510,pie_genuino,Recurso,propia,0,7,60,0,122,2,157,Recurso extraordinario interpuesto por la Asociación de Editores de Diarios de Bue-,723,pie_genuino,Recurso,propia,Recurso extraordinario interpuesto por la Asociación de Editores de Diarios de Bue-
337_p1152,LibroVol337.2.md,ok,927,11081,pie_genuino,Recurso,mixta,1,2,837,0,46,1,46,"Recurso de hecho interpuesto por el actor, José Manuel Moyano Nores, le-",927,pie_genuino,Recurso,mixta,"Recurso de hecho interpuesto por el actor, José Manuel Moyano Nores, le-"
337_p1174,LibroVol337.2.md,ok,161,11252,recurso_narrativo,Recurso,solo_pre_apertura,2,0,536,1,319,11,3576,recurso de queja.,1715,pie_genuino,Recurso,mixta,"Recursos extraordinarios interpuestos por María Belén Rodríguez, patrocinada por"
337_p1289,LibroVol337.2.md,ok,435,16061,recurso_narrativo,Recurso,propia,0,1,36,0,217,7,1980,recurso extraordinario. Señaló la arbitrariedad en la que incurrió el,435,recurso_narrativo,Recurso,propia,recurso extraordinario. Señaló la arbitrariedad en la que incurrió el
337_p1361,LibroVol337.2.md,ok,567,19063,pie_genuino,Recurso,propia,0,5,71,0,77,1,77,"Recurso de hecho deducido por Aguas Bonaerenses S.A., representada por el doctor",567,pie_genuino,Recurso,propia,"Recurso de hecho deducido por Aguas Bonaerenses S.A., representada por el doctor"
337_p1393,LibroVol337.2.md,ok,193,19986,pie_genuino,Recurso,propia,0,1,50,0,148,7,1821,"recurso de apelación deducido por la demandada, confirmó la senten-",193,pie_genuino,Recurso,propia,"recurso de apelación deducido por la demandada, confirmó la senten-"
337_p1408,LibroVol337.2.md,ok,484,20841,pie_genuino,Recurso,propia,0,3,41,0,61,1,61,Recurso de hecho deducido por el Estado Nacional – Ministerio de Planificación Fe-,484,pie_genuino,Recurso,propia,Recurso de hecho deducido por el Estado Nacional – Ministerio de Planificación Fe-
337_p1447,LibroVol337.2.md,ok,136,22012,pie_genuino,Parte actora,propia,0,3,34,0,78,1,78,"Parte actora: Universidad Nacional de Rosario, representada por el señor rector",136,pie_genuino,Parte actora,propia,"Parte actora: Universidad Nacional de Rosario, representada por el señor rector"
337_p1530,LibroVol337.2.md,ok,389,25595,pie_genuino,Recurso,propia,0,7,38,0,15,1,15,"Recurso de hecho interpuesto por Alfredo Eric Calcagno, patrocinado por el Dr. Ho-",389,pie_genuino,Recurso,propia,"Recurso de hecho interpuesto por Alfredo Eric Calcagno, patrocinado por el Dr. Ho-"
337_p1540,LibroVol337.2.md,ok,282,25879,pie_genuino,Parte actora,propia,0,4,34,0,63,1,63,"Parte actora: Cámara Minera de Jujuy, representada por el ingeniero Nilo Carrión,",282,pie_genuino,Parte actora,propia,"Parte actora: Cámara Minera de Jujuy, representada por el ingeniero Nilo Carrión,"
337_p1548,LibroVol337.2.md,ok,218,26107,recurso_narrativo,Recurso,propia,0,2,39,0,153,3,250,recursos económicos de las obras sociales a garantizar la prestación,218,recurso_narrativo,Recurso,propia,recursos económicos de las obras sociales a garantizar la prestación
337_p1555,LibroVol337.2.md,ok,326,26492,pie_genuino,Recurso,propia,0,6,37,0,67,1,67,"Recurso extraordinario interpuesto por el apoderado del actor, Dr. Marcelo Nicolás",326,pie_genuino,Recurso,propia,"Recurso extraordinario interpuesto por el apoderado del actor, Dr. Marcelo Nicolás"
338_p53,LibroVol338.1.md,ok,592,2454,pie_genuino,Recurso,propia,0,6,77,0,65,1,65,Recurso de hecho interpuesto por la Sociedad Italiana de Beneficencia en Buenos Aires,592,pie_genuino,Recurso,propia,Recurso de hecho interpuesto por la Sociedad Italiana de Beneficencia en Buenos Aires
338_p88,LibroVol338.1.md,ok,554,3811,pie_genuino,Recurso,propia,0,3,45,0,70,1,70,Recurso extraordinario interpuesto por la Administración Federal de Ingresos Públi­,554,pie_genuino,Recurso,propia,Recurso extraordinario interpuesto por la Administración Federal de Ingresos Públi­
338_p148,LibroVol338.1.md,ok,263,5870,pie_genuino,Recurso,propia,0,3,35,0,45,1,45,"Recurso de hecho interpuesto por Alicia Estela Vergara, representada por el Dr. Edgar­",263,pie_genuino,Recurso,propia,"Recurso de hecho interpuesto por Alicia Estela Vergara, representada por el Dr. Edgar­"
338_p161,LibroVol338.1.md,ok,299,6399,pie_genuino,Recurso,propia,0,3,56,0,53,1,53,Recurso ordinario interpuesto por el Estado Nacional –Ministerio del Interior y,299,pie_genuino,Recurso,propia,Recurso ordinario interpuesto por el Estado Nacional –Ministerio del Interior y
338_p221,LibroVol338.1.md,ok,390,8833,pie_genuino,Recurso,propia,0,4,59,0,77,1,77,Recurso de hecho interpuesto por la Federación Única de Viajantes de la República,390,pie_genuino,Recurso,propia,Recurso de hecho interpuesto por la Federación Única de Viajantes de la República
338_p249,LibroVol338.1.md,ok,530,10087,recurso_narrativo,Recurso,solo_pre_apertura,3,0,159,0,291,9,3071,recurso extraordinario.,530,recurso_narrativo,Recurso,solo_pre_apertura,recurso extraordinario.
338_p313,LibroVol338.1.md,ok,867,12955,rotulo_pie,Nombre del,propia,0,6,70,0,47,1,47,Nombre del actor: Empresa Pesquera de la Patagonia y Antártida S.A.,867,rotulo_pie,Nombre del,propia,Nombre del actor: Empresa Pesquera de la Patagonia y Antártida S.A.
338_p349,LibroVol338.1.md,ok,140,13575,pie_genuino,Recurso,propia,0,2,43,0,47,1,47,"Recurso de hecho interpuesto por Mabel Concepción Zozzia, con el patrocinio letrado",140,pie_genuino,Recurso,propia,"Recurso de hecho interpuesto por Mabel Concepción Zozzia, con el patrocinio letrado"
338_p362,LibroVol338.1.md,ok,964,14921,rotulo_pie,Nombre del,propia,0,3,45,0,52,1,52,Nombre del actor: Provincia de Misiones.,964,rotulo_pie,Nombre del,propia,Nombre del actor: Provincia de Misiones.
338_p435,LibroVol338.1.md,ok,368,17145,recurso_narrativo,Recurso,propia,0,4,128,0,50,8,2209,"recurso, resulta que —contrariamente a lo alegado por la recurren­",368,recurso_narrativo,Recurso,propia,"recurso, resulta que —contrariamente a lo alegado por la recurren­"
338_p488,LibroVol338.1.md,ok,182,18999,rotulo_pie,Tribunal de origen,propia,0,1,38,0,53,2,105,"tribunal de origen a fin de que, por medio de quien corresponda, pro­",182,rotulo_pie,Tribunal de origen,propia,"tribunal de origen a fin de que, por medio de quien corresponda, pro­"
338_p556,LibroVol338.1.md,ok,896,22340,recurso_narrativo,Recurso,propia,0,2,151,0,71,21,7098,"recursos extraordinarios (fs. 1010/1030 y 1032/1063, respectivamente),",896,recurso_narrativo,Recurso,propia,"recursos extraordinarios (fs. 1010/1030 y 1032/1063, respectivamente),"
338_p628,LibroVol338.1.md,ok,279,24565,recurso_narrativo,Recurso,propia,0,2,46,0,245,17,5402,recursos necesarios para imprimir una boleta por elector registrado,279,recurso_narrativo,Recurso,propia,recursos necesarios para imprimir una boleta por elector registrado
338_p652,LibroVol338.1.md,ok,1051,26288,rotulo_pie,Profesionales,propia,0,3,124,0,46,2,47,Profesionales intervinientes: doctores Roberto M. Jardon; Nora G. Modolo; Diana,1051,rotulo_pie,Profesionales,propia,Profesionales intervinientes: doctores Roberto M. Jardon; Nora G. Modolo; Diana
338_p724,LibroVol338.2.md,ok,965,2293,pie_genuino,Recurso,propia,0,2,84,0,80,1,80,Recurso ordinario de apelación interpuesto por el Estado Nacional –Comisión Nacio­,965,pie_genuino,Recurso,propia,Recurso ordinario de apelación interpuesto por el Estado Nacional –Comisión Nacio­
338_p779,LibroVol338.2.md,ok,546,4012,pie_genuino,Recurso,propia,0,4,55,0,56,1,56,"Recurso de hecho interpuesto por E. D. V. y E. H. L., representados por el Dr. Andrés",546,pie_genuino,Recurso,propia,"Recurso de hecho interpuesto por E. D. V. y E. H. L., representados por el Dr. Andrés"
338_p802,LibroVol338.2.md,ok,341,4662,pie_genuino,Parte actora,propia,0,2,40,0,34,1,34,"Parte actora: Telecom Argentina S.A., representada por su apoderado, doctor Claudio",341,pie_genuino,Parte actora,propia,"Parte actora: Telecom Argentina S.A., representada por su apoderado, doctor Claudio"
338_p837,LibroVol338.2.md,ok,269,5935,pie_genuino,Parte actora,propia,0,2,46,0,89,1,89,"Parte actora: Comunidad Indígena Toba La Primavera Navogoh, representada por el se­",269,pie_genuino,Parte actora,propia,"Parte actora: Comunidad Indígena Toba La Primavera Navogoh, representada por el se­"
338_p911,LibroVol338.2.md,ok,414,8985,pie_genuino,Recurso,propia,0,5,38,0,54,1,54,"Recurso de hecho interpuesto por Fernando Gabriel Roberto Latrille, con el patrocinio",414,pie_genuino,Recurso,propia,"Recurso de hecho interpuesto por Fernando Gabriel Roberto Latrille, con el patrocinio"
338_p1048,LibroVol338.2.md,ok,435,14351,pie_genuino,Recurso,propia,0,5,55,0,121,2,176,"Recurso extraordinario interpuesto por el Ministerio de Economía y Finanzas, de­",435,pie_genuino,Recurso,propia,"Recurso extraordinario interpuesto por el Ministerio de Economía y Finanzas, de­"
338_p1084,LibroVol338.2.md,ok,276,15623,recurso_narrativo,Recurso,propia,0,2,38,0,72,2,103,Recurso extraordinario y recurso de hecho —por denegación parcial del primero—,276,recurso_narrativo,Recurso,propia,Recurso extraordinario y recurso de hecho —por denegación parcial del primero—
338_p1110,LibroVol338.2.md,ok,1536,17895,rotulo_pie,Nombre del,mixta,2,9,112,0,78,1,78,Nombre del actor: Nobleza Piccardo S.A.I.C. y F.,1536,rotulo_pie,Nombre del,mixta,Nombre del actor: Nobleza Piccardo S.A.I.C. y F.
338_p1156,LibroVol338.2.md,ok,576,18733,pie_genuino,Recurso,propia,0,5,70,0,86,1,86,"Recurso de queja interpuesto por San Juan S.A., representada por las Dras. Mirta Bea­",576,pie_genuino,Recurso,propia,"Recurso de queja interpuesto por San Juan S.A., representada por las Dras. Mirta Bea­"
338_p1183,LibroVol338.2.md,ok,1297,20480,rotulo_pie,Nombre del,propia,0,8,87,0,70,1,70,Nombre del actor: Papel Prensa S.A.,1297,rotulo_pie,Nombre del,propia,Nombre del actor: Papel Prensa S.A.
338_p1216,LibroVol338.2.md,ok,1273,21764,pie_genuino,Recurso,propia,0,6,103,0,95,1,95,Recurso extraordinario interpuesto por Rodolfo Marcelo Uriarte y Martín Javier Félix,1273,pie_genuino,Recurso,propia,Recurso extraordinario interpuesto por Rodolfo Marcelo Uriarte y Martín Javier Félix
338_p1248,LibroVol338.2.md,ok,162,21939,pie_genuino,Recurso,propia,0,2,41,0,46,1,46,"Recurso de queja interpuesto por Ilda Aída Soto, representada por su letrado apoderado",162,pie_genuino,Recurso,propia,"Recurso de queja interpuesto por Ilda Aída Soto, representada por su letrado apoderado"
338_p1258,LibroVol338.2.md,ok,704,22854,pie_genuino,Recurso,mixta,1,8,79,0,79,1,79,"Recurso extraordinario y recurso de queja interpuestos por Rubén Héctor Giustiniani,",704,pie_genuino,Recurso,mixta,"Recurso extraordinario y recurso de queja interpuestos por Rubén Héctor Giustiniani,"
338_p1356,LibroVol338.2.md,ok,298,26231,recurso_narrativo,Recurso,propia,0,1,126,0,268,22,7650,recursos de la Provincia de Santa Fe.,298,recurso_narrativo,Recurso,propia,recursos de la Provincia de Santa Fe.
338_p1455,LibroVol338.2.md,ok,846,30605,pie_genuino,Parte actora,propia,0,3,103,0,45,1,45,"Parte actora: Colegio de Escribanos de la Ciudad de Buenos Aires, representado por sus",846,pie_genuino,Parte actora,propia,"Parte actora: Colegio de Escribanos de la Ciudad de Buenos Aires, representado por sus"
338_p1524,LibroVol338.2.md,ok,224,32724,recurso_narrativo,Recurso,propia,0,3,64,0,420,5,1577,recurso de inaplicabilidad de ley deducido respecto de la sentencia de,224,recurso_narrativo,Recurso,propia,recurso de inaplicabilidad de ley deducido respecto de la sentencia de
339_p94,LibroVol339.1.md,ok,373,3639,recurso_narrativo,Recurso,propia,0,1,74,0,228,6,1883,"recurso ordinario de apelación (fs. 240/248 vta.) que, concedido (fs.",373,recurso_narrativo,Recurso,propia,"recurso ordinario de apelación (fs. 240/248 vta.) que, concedido (fs."
339_p142,LibroVol339.1.md,ok,352,5527,recurso_narrativo,Recurso,propia,0,1,59,0,44,4,334,recursos extraordinarios y se deja sin efecto la sentencia apelada.,352,recurso_narrativo,Recurso,propia,recursos extraordinarios y se deja sin efecto la sentencia apelada.
339_p194,LibroVol339.1.md,ok,235,7303,pie_genuino,Recurso,propia,0,3,46,0,81,1,81,"Recurso de queja interpuesto por el Diario La Unión S.A., representada por el Dr. Ga­",235,pie_genuino,Recurso,propia,"Recurso de queja interpuesto por el Diario La Unión S.A., representada por el Dr. Ga­"
339_p201,LibroVol339.1.md,ok,444,7758,recurso_narrativo,Recurso,mixta,1,1,72,0,316,5,1282,recurso federal cuando lo resuelto causa un agravio de difícil o imposi­,444,recurso_narrativo,Recurso,mixta,recurso federal cuando lo resuelto causa un agravio de difícil o imposi­
339_p260,LibroVol339.1.md,ok,251,9822,pie_genuino,Recurso,propia,0,3,44,0,25,2,281,"Recurso ordinario de apelación interpuesto por: Nidera S.A. la actora, representada",251,pie_genuino,Recurso,propia,"Recurso ordinario de apelación interpuesto por: Nidera S.A. la actora, representada"
339_p276,LibroVol339.1.md,ok,580,10701,pie_genuino,Recurso,propia,0,3,42,0,56,1,56,"Recurso de queja interpuesto por A. N. G., en su carácter de curadora de R. A. V., con",580,pie_genuino,Recurso,propia,"Recurso de queja interpuesto por A. N. G., en su carácter de curadora de R. A. V., con"
339_p307,LibroVol339.1.md,ok,71,11407,recurso_narrativo,Recurso,solo_pre_apertura,1,0,172,1,229,5,1109,recurso extraordinario federal (fs. 5/11) que fue declarado inadmisible,285,pie_genuino,Recurso,mixta,"Recurso extraordinario interpuesto por Raúl Omar Pleé, Fiscal General a cargo de la"
339_p316,LibroVol339.1.md,ok,245,11921,pie_genuino,Recurso,propia,0,2,35,0,55,1,55,Recurso extraordinario interpuesto por Walter Ricardo Vergara y María Silvia Álva­,245,pie_genuino,Recurso,propia,Recurso extraordinario interpuesto por Walter Ricardo Vergara y María Silvia Álva­
339_p349,LibroVol339.1.md,ok,133,13119,pie_genuino,Recurso,propia,0,2,42,0,50,1,50,"Recurso de queja interpuesto por Eduardo Antonio Campili, con el patrocinio de los",133,pie_genuino,Recurso,propia,"Recurso de queja interpuesto por Eduardo Antonio Campili, con el patrocinio de los"
339_p444,LibroVol339.1.md,ok,153,16659,recurso_narrativo,Recurso,propia,0,1,37,0,438,6,1982,recurso extraordinario de fs. 6452/6466 deducido contra la decisión de,153,recurso_narrativo,Recurso,propia,recurso extraordinario de fs. 6452/6466 deducido contra la decisión de
339_p464,LibroVol339.1.md,ok,138,17396,pie_genuino,Recurso,propia,0,3,35,0,43,1,43,Recurso de revocatoria interpuesta por el Dr. Daniel Bugallo Olano – (Defensoría,138,pie_genuino,Recurso,propia,Recurso de revocatoria interpuesta por el Dr. Daniel Bugallo Olano – (Defensoría
339_p468,LibroVol339.1.md,ok,347,17747,pie_genuino,Recurso,propia,0,3,56,0,133,1,133,Recurso ordinario interpuesto por el Estado Nacional (Administración de Parques,347,pie_genuino,Recurso,propia,Recurso ordinario interpuesto por el Estado Nacional (Administración de Parques
339_p525,LibroVol339.1.md,ok,306,19845,pie_genuino,Parte actora,propia,0,2,42,0,34,1,34,"Parte actora: Coto Centro Integral de Comercialización S.A., representada por su",306,pie_genuino,Parte actora,propia,"Parte actora: Coto Centro Integral de Comercialización S.A., representada por su"
339_p542,LibroVol339.1.md,ok,229,20387,recurso_narrativo,Recurso,propia,0,1,35,0,48,4,847,"recurso de casación”, sentencia del 27 de agosto de 2013, entre muchos",229,recurso_narrativo,Recurso,propia,"recurso de casación”, sentencia del 27 de agosto de 2013, entre muchos"
339_p569,LibroVol339.1.md,ok,503,21717,rotulo_pie,Nombre del,propia,0,5,41,0,47,2,48,Nombre del actor: Transportadora Cuyana S.A.,503,rotulo_pie,Nombre del,propia,Nombre del actor: Transportadora Cuyana S.A.
339_p609,LibroVol339.1.md,ok,524,23267,pie_genuino,Recurso,propia,0,3,46,0,69,1,69,"Recurso extraordinario interpuesto por la demandada, P. F. P., representada por la",524,pie_genuino,Recurso,propia,"Recurso extraordinario interpuesto por la demandada, P. F. P., representada por la"
339_p622,LibroVol339.1.md,ok,422,23696,pie_genuino,Recurso,propia,0,2,37,0,69,1,69,Recurso de queja interpuesto por el Estado Nacional (P.E.N. – Ministerio de Plani­,422,pie_genuino,Recurso,propia,Recurso de queja interpuesto por el Estado Nacional (P.E.N. – Ministerio de Plani­
339_p662,LibroVol339.1.md,ok,276,25030,recurso_narrativo,Recurso,propia,0,1,41,0,314,3,985,recurso extraordinario federal por medio del cual cuestiona la inte­,276,recurso_narrativo,Recurso,propia,recurso extraordinario federal por medio del cual cuestiona la inte­
339_p676,LibroVol339.1.md,ok,137,25440,pie_genuino,Recurso,propia,0,1,39,0,47,1,47,"Recurso de queja interpuesto por la Curadora Pública María Ceumar Barral, cura­",137,pie_genuino,Recurso,propia,"Recurso de queja interpuesto por la Curadora Pública María Ceumar Barral, cura­"
339_p683,LibroVol339.1.md,ok,593,26149,pie_genuino,Recurso,propia,0,3,495,0,42,1,42,"Recurso de queja interpuesto por el Dr. Pablo R. Perchia, en representación del Es­",593,pie_genuino,Recurso,propia,"Recurso de queja interpuesto por el Dr. Pablo R. Perchia, en representación del Es­"
339_p728,LibroVol339.1.md,ok,283,27583,pie_genuino,Recurso,propia,0,2,169,0,43,3,44,"Recurso extraordinario interpuesto por Telefónica Móviles Argentina S.A., represen­",283,pie_genuino,Recurso,propia,"Recurso extraordinario interpuesto por Telefónica Móviles Argentina S.A., represen­"
339_p760,LibroVol339.1.md,ok,352,28797,recurso_narrativo,Recurso,solo_pre_apertura,1,0,277,0,312,13,4578,recurso extraordinario (fs. 404/417) cuya denegación dio origen a la,352,recurso_narrativo,Recurso,solo_pre_apertura,recurso extraordinario (fs. 404/417) cuya denegación dio origen a la
339_p827,LibroVol339.1.md,ok,540,31657,pie_genuino,Recurso,propia,0,5,73,0,33,2,78,Recurso extraordinario interpuesto por la Administración Federal de Ingresos Públi­,540,pie_genuino,Recurso,propia,Recurso extraordinario interpuesto por la Administración Federal de Ingresos Públi­
339_p864,LibroVol339.1.md,ok,212,32712,pie_genuino,Recurso,propia,0,2,141,0,52,1,52,"Recurso de hecho interpuesto por la Municipalidad de La Plata, demandada en au­",212,pie_genuino,Recurso,propia,"Recurso de hecho interpuesto por la Municipalidad de La Plata, demandada en au­"
339_p906,LibroVol339.1.md,ok,533,34594,pie_genuino,Recurso,propia,0,3,38,0,52,1,52,"Recurso ordinario interpuesto por José Luis Callirgós Chávez, representado por la",533,pie_genuino,Recurso,propia,"Recurso ordinario interpuesto por José Luis Callirgós Chávez, representado por la"
339_p1048,LibroVol339.2.md,ok,384,4015,pie_genuino,Recurso,propia,0,2,43,0,60,1,60,"Recurso de queja interpuesto por Carlos Macchi, representado por el Dr. Guillermo",384,pie_genuino,Recurso,propia,"Recurso de queja interpuesto por Carlos Macchi, representado por el Dr. Guillermo"
339_p1077,LibroVol339.2.md,ok,1673,6460,recurso_narrativo,Recurso,propia,0,4,272,0,403,8,2378,recursos materiales y humanos o en el dictado de sentencias contra­,1673,recurso_narrativo,Recurso,propia,recursos materiales y humanos o en el dictado de sentencias contra­
339_p1223,LibroVol339.2.md,ok,1236,11684,pie_genuino,Recurso,propia,0,5,134,0,78,1,78,Recursos extraordinarios interpuestos por Juan José Aranguren –Ministro de,1236,pie_genuino,Recurso,propia,Recursos extraordinarios interpuestos por Juan José Aranguren –Ministro de
339_p1277,LibroVol339.2.md,ok,1052,13650,pie_genuino,Recurso,propia,0,5,106,0,29,1,29,"Recurso ordinario interpuesto por Henry de Jesús López Londoño, asistido por la",1052,pie_genuino,Recurso,propia,"Recurso ordinario interpuesto por Henry de Jesús López Londoño, asistido por la"
339_p1342,LibroVol339.2.md,ok,251,15328,pie_genuino,Recurso,propia,0,5,53,0,54,1,54,"Recurso de queja interpuesto por el Dr. Ricardo Oscar Sáenz, Fiscal General.",251,pie_genuino,Recurso,propia,"Recurso de queja interpuesto por el Dr. Ricardo Oscar Sáenz, Fiscal General."
339_p1357,LibroVol339.2.md,ok,464,16077,pie_genuino,Recurso,propia,0,4,33,0,33,2,35,"Recurso ordinario de apelación deducido por Jorge David Altamiranda Biancciotti,",464,pie_genuino,Recurso,propia,"Recurso ordinario de apelación deducido por Jorge David Altamiranda Biancciotti,"
339_p1463,LibroVol339.2.md,ok,589,20112,pie_genuino,Recurso,propia,0,6,60,0,45,1,45,"Recurso de queja interpuesto por Alejandro Martín, con el patrocinio letrado del Dr.",589,pie_genuino,Recurso,propia,"Recurso de queja interpuesto por Alejandro Martín, con el patrocinio letrado del Dr."
339_p1478,LibroVol339.2.md,ok,134,20255,recurso_narrativo,Recurso,propia,0,1,40,0,132,4,687,"recurso extraordinario que, denegado, dio origen a la presente queja.",134,recurso_narrativo,Recurso,propia,"recurso extraordinario que, denegado, dio origen a la presente queja."
339_p1493,LibroVol339.2.md,ok,820,21522,pie_genuino,Recurso,mixta,3,9,100,0,47,1,47,"Recurso de queja interpuesto por Fernando Ariel Carrerra, asistido por los Dres. Ro­",820,pie_genuino,Recurso,mixta,"Recurso de queja interpuesto por Fernando Ariel Carrerra, asistido por los Dres. Ro­"
339_p1534,LibroVol339.2.md,ok,491,22754,recurso_narrativo,Recurso,solo_pre_apertura,1,0,421,0,115,13,4031,recurso de queja).,491,recurso_narrativo,Recurso,solo_pre_apertura,recurso de queja).
339_p1695,LibroVol339.2.md,ok,214,28431,recurso_narrativo,Recurso,propia,0,1,41,0,65,2,144,"recurso extraordinario y se deja sin efecto la decisión apelada, debien­",214,recurso_narrativo,Recurso,propia,"recurso extraordinario y se deja sin efecto la decisión apelada, debien­"
339_p1763,LibroVol339.2.md,ok,961,31666,pie_genuino,Recurso,mixta,1,5,158,0,74,1,74,"Recurso extraordinario interpuesto por M.C.P. por sí, con el patro­",961,pie_genuino,Recurso,mixta,"Recurso extraordinario interpuesto por M.C.P. por sí, con el patro­"
339_p1804,LibroVol339.2.md,ok,138,32425,pie_genuino,Recurso,propia,0,7,46,0,159,1,159,"Recurso de queja interpuesto por la Asociación Médica de Almirante Brown, repre­",138,pie_genuino,Recurso,propia,"Recurso de queja interpuesto por la Asociación Médica de Almirante Brown, repre­"
339_p1812,LibroVol339.2.md,ok,198,32755,pie_genuino,Recurso,propia,0,2,71,0,43,2,60,"Recurso de queja interpuesto por el Estado Nacional –Ejército Argentino-, represen­",198,pie_genuino,Recurso,propia,"Recurso de queja interpuesto por el Estado Nacional –Ejército Argentino-, represen­"
339_p1820,LibroVol339.2.md,ok,415,33255,pie_genuino,Recurso,propia,0,7,37,0,46,1,46,"Recurso de queja interpuesto por Carlos Manuel Garrido, con el patrocinio letrado del",415,pie_genuino,Recurso,propia,"Recurso de queja interpuesto por Carlos Manuel Garrido, con el patrocinio letrado del"
340_p21,LibroVol340.1.md,ok,117,681,pie_genuino,Recurso,propia,0,3,34,0,47,1,47,"Recurso de queja interpuesto por Esther Clotilde Díaz, actora en autos, representada",117,pie_genuino,Recurso,propia,"Recurso de queja interpuesto por Esther Clotilde Díaz, actora en autos, representada"
340_p103,LibroVol340.1.md,ok,367,3996,pie_genuino,Recurso,propia,0,7,47,0,38,2,61,"Recurso de queja interpuesto por la Dra. Jacqueline Elizabeth Dinale, apoderada",367,pie_genuino,Recurso,propia,"Recurso de queja interpuesto por la Dra. Jacqueline Elizabeth Dinale, apoderada"
340_p172,LibroVol340.1.md,ok,507,6623,pie_genuino,Recurso,propia,0,4,61,0,60,1,60,"Recurso de queja interpuesto por -PADEC- Prevención, Asesoramiento y Defensa",507,pie_genuino,Recurso,propia,"Recurso de queja interpuesto por -PADEC- Prevención, Asesoramiento y Defensa"
340_p257,LibroVol340.1.md,ok,392,9754,pie_genuino,Recurso,solo_pre_apertura,25,0,331,0,282,36,12232,recurso de apelación deducido por el Estado Nacional y confirmó la,392,pie_genuino,Recurso,solo_pre_apertura,recurso de apelación deducido por el Estado Nacional y confirmó la
340_p345,LibroVol340.1.md,ok,187,13009,recurso_narrativo,Recurso,solo_pre_apertura,11,0,233,1,72,4,143,RECURSO EXTRAORDINARIO,1612,pie_genuino,Recurso,mixta,"Recurso extraordinario interpuesto por el Estado Nacional, representado por el Dr."
340_p437,LibroVol340.1.md,ok,1442,17745,rotulo_pie,Tribunal de origen,mixta,8,6,145,0,27,2,66,"tribunal de origen a fin de que, por quien corresponda, dicte un nuevo",1442,rotulo_pie,Tribunal de origen,mixta,"tribunal de origen a fin de que, por quien corresponda, dicte un nuevo"
340_p493,LibroVol340.1.md,ok,879,19418,pie_genuino,Recurso,mixta,4,16,121,0,66,1,66,"Recurso extraordinario deducido por Felipe Jorge Alespeiti, asistido por el Dr. Federi­",879,pie_genuino,Recurso,mixta,"Recurso extraordinario deducido por Felipe Jorge Alespeiti, asistido por el Dr. Federi­"
340_p644,LibroVol340.1.md,ok,551,24802,pie_genuino,Recurso,propia,0,6,56,0,74,1,74,"Recurso extraordinario interpuesto por el Fisco Nacional (AFIP – DGI), representado",551,pie_genuino,Recurso,propia,"Recurso extraordinario interpuesto por el Fisco Nacional (AFIP – DGI), representado"
340_p669,LibroVol340.1.md,ok,541,25735,rotulo_pie,Tribunal de origen,mixta,1,3,47,0,17,3,84,tribunal de origen a fin de que se dicte un nuevo pronunciamiento con,541,rotulo_pie,Tribunal de origen,mixta,tribunal de origen a fin de que se dicte un nuevo pronunciamiento con
340_p745,LibroVol340.1.md,ok,232,28220,recurso_narrativo,Recurso,solo_pre_apertura,1,0,51,0,258,7,1754,recursos por los cuales se acciona redundarán en la concreción de los,232,recurso_narrativo,Recurso,solo_pre_apertura,recursos por los cuales se acciona redundarán en la concreción de los
340_p757,LibroVol340.1.md,ok,285,28738,pie_genuino,Parte actora,propia,0,2,57,0,31,1,31,"Parte actora: Bunge Argentina S.A., representada por el doctor Martín D. Manzano",285,pie_genuino,Parte actora,propia,"Parte actora: Bunge Argentina S.A., representada por el doctor Martín D. Manzano"
340_p765,LibroVol340.1.md,ok,821,29566,pie_genuino,Recurso,mixta,4,11,139,0,65,1,65,"Recurso extraordinario interpuesto por Liderar Compañía General de Seguros S.A.,",821,pie_genuino,Recurso,mixta,"Recurso extraordinario interpuesto por Liderar Compañía General de Seguros S.A.,"
340_p878,LibroVol340.1.md,ok,385,33234,pie_genuino,Recurso,propia,0,3,223,0,111,1,111,Recurso extraordinario interpuesto por la Empresa Distribuidora y Comercializado­,385,pie_genuino,Recurso,propia,Recurso extraordinario interpuesto por la Empresa Distribuidora y Comercializado­
340_p914,LibroVol340.1.md,ok,448,34553,recurso_narrativo,Recurso,solo_pre_apertura,1,0,135,0,84,20,6793,"recurso de casación, y ha declarado la validez de los comicios en",448,recurso_narrativo,Recurso,solo_pre_apertura,"recurso de casación, y ha declarado la validez de los comicios en"
340_p991,LibroVol340_2.md,ok,1348,1862,rotulo_pie,Nombre del,propia,0,7,60,0,46,1,46,Nombre del actor: Administración de Parques Nacionales.,1348,rotulo_pie,Nombre del,propia,Nombre del actor: Administración de Parques Nacionales.
340_p1084,LibroVol340_2.md,ok,200,4299,pie_genuino,Recurso,propia,0,3,47,0,86,1,86,"Recurso extraordinario interpuesto por Línea Rioja Federal, representada por su apo-",200,pie_genuino,Recurso,propia,"Recurso extraordinario interpuesto por Línea Rioja Federal, representada por su apo-"
340_p1111,LibroVol340_2.md,ok,715,5879,pie_genuino,Recurso,propia,0,4,67,0,67,1,67,"Recurso de queja interpuesto por Arte Radiotelevisivo Argentino S.A., María Laura",715,pie_genuino,Recurso,propia,"Recurso de queja interpuesto por Arte Radiotelevisivo Argentino S.A., María Laura"
340_p1236,LibroVol340_2.md,ok,605,10616,pie_genuino,Recurso,mixta,7,12,117,0,63,2,273,"Recursos extraordinarios deducidos por Carolina Valeria Gimbutas, representada por",605,pie_genuino,Recurso,mixta,"Recursos extraordinarios deducidos por Carolina Valeria Gimbutas, representada por"
340_p1269,LibroVol340_2.md,ok,441,11678,pie_genuino,Recurso,mixta,1,3,294,0,53,1,53,"Recurso de queja interpuesto por el Estado Nacional (Poder Judicial de la Nación),",441,pie_genuino,Recurso,mixta,"Recurso de queja interpuesto por el Estado Nacional (Poder Judicial de la Nación),"
340_p1311,LibroVol340_2.md,ok,480,13362,recurso_narrativo,Recurso,propia,0,4,73,0,137,3,230,recurso de casación reglado por el art. 456 del Código Procesal Penal,480,recurso_narrativo,Recurso,propia,recurso de casación reglado por el art. 456 del Código Procesal Penal
340_p1364,LibroVol340_2.md,ok,636,15435,pie_genuino,Recurso,propia,0,4,73,0,59,1,59,"Recurso extraordinario interpuesto por Samuel Gelblung, representado por el Dr. Os-",636,pie_genuino,Recurso,propia,"Recurso extraordinario interpuesto por Samuel Gelblung, representado por el Dr. Os-"
340_p1450,LibroVol340_2.md,ok,924,18994,pie_genuino,Recurso,mixta,1,7,48,0,55,1,55,"Recurso extraordinario interpuesto por C. J. A., asistido por la Dra. Marta Gloria",924,pie_genuino,Recurso,mixta,"Recurso extraordinario interpuesto por C. J. A., asistido por la Dra. Marta Gloria"
340_p1472,LibroVol340_2.md,ok,293,19293,pie_genuino,Parte actora,propia,0,7,47,0,39,1,39,"Parte actora: Ameriflight S.A., representada por el Dr. Juan Ignacio Sáenz, patrocina-",293,pie_genuino,Parte actora,propia,"Parte actora: Ameriflight S.A., representada por el Dr. Juan Ignacio Sáenz, patrocina-"
340_p1480,LibroVol340_2.md,ok,1170,20467,rotulo_pie,Profesionales,propia,0,6,99,0,17,1,17,"Profesionales: Dres. Gastón Armando Miani; Juan Carlos Carbone, Fiscal de",1170,rotulo_pie,Profesionales,propia,"Profesionales: Dres. Gastón Armando Miani; Juan Carlos Carbone, Fiscal de"
340_p1557,LibroVol340_2.md,ok,533,22803,pie_genuino,Recurso,propia,0,3,410,0,39,1,39,"Recursos de queja interpuestos por los actores, representados por el Dr. Gustavo Car-",533,pie_genuino,Recurso,propia,"Recursos de queja interpuestos por los actores, representados por el Dr. Gustavo Car-"
340_p1581,LibroVol340_2.md,ok,462,23675,pie_genuino,Recurso,propia,0,8,60,0,81,1,81,"Recursos extraordinarios interpuestos por el Ministerio Público Fiscal de la Nación,",462,pie_genuino,Recurso,propia,"Recursos extraordinarios interpuestos por el Ministerio Público Fiscal de la Nación,"
340_p1614,LibroVol340_2.md,ok,1221,25670,pie_genuino,Parte actora,mixta,5,12,87,0,153,2,181,"Parte actora: Federación Argentina de la Magistratura, representada por sus presi-",1221,pie_genuino,Parte actora,mixta,"Parte actora: Federación Argentina de la Magistratura, representada por sus presi-"
340_p1663,LibroVol340_2.md,ok,317,26721,pie_genuino,Recurso,propia,0,5,76,0,59,1,59,"Recurso de queja interpuesto por el Fisco Nacional -AFIP/DGI-, representado por el",317,pie_genuino,Recurso,propia,"Recurso de queja interpuesto por el Fisco Nacional -AFIP/DGI-, representado por el"
340_p1695,LibroVol340_2.md,ok,746,28241,recurso_narrativo,Recurso,solo_pre_apertura,6,0,253,0,249,26,8453,"recursos (inestabilidad, baja predictibilidad y seguridad), modificación",746,recurso_narrativo,Recurso,solo_pre_apertura,"recursos (inestabilidad, baja predictibilidad y seguridad), modificación"
340_p1756,LibroVol340_2.md,ok,429,30346,recurso_narrativo,Recurso,mixta,3,4,93,0,375,4,1320,recurso extraordinario.,429,recurso_narrativo,Recurso,mixta,recurso extraordinario.
340_p1775,LibroVol340_2.md,ok,799,31469,pie_genuino,Recurso,propia,0,6,75,0,123,1,123,"Recurso extraordinario interpuesto por Milagro Amalia Ángela Sala, asistida por el",799,pie_genuino,Recurso,propia,"Recurso extraordinario interpuesto por Milagro Amalia Ángela Sala, asistida por el"
340_p1795,LibroVol340_2.md,ok,1731,33212,rotulo_pie,Parte actora,mixta,15,3,432,0,380,25,8633,parte actora referido a que la obligación impuesta a los padres por,1731,rotulo_pie,Parte actora,mixta,parte actora referido a que la obligación impuesta a los padres por
340_p1927,LibroVol340_2.md,ok,493,37230,pie_genuino,Recurso,propia,0,7,80,0,51,1,51,"Recurso de queja interpuesto por Antonio Cayetano Saladino, asistido por el Dr. César",493,pie_genuino,Recurso,propia,"Recurso de queja interpuesto por Antonio Cayetano Saladino, asistido por el Dr. César"
340_p1940,LibroVol340_2.md,ok,966,38206,pie_genuino,Recurso,mixta,9,13,131,0,51,1,51,"Recurso de queja interpuesto por César Bartolomé Alberto Cigliutti, con el patrocinio",966,pie_genuino,Recurso,mixta,"Recurso de queja interpuesto por César Bartolomé Alberto Cigliutti, con el patrocinio"
340_p2021,LibroVol340_2.md,ok,192,40526,recurso_narrativo,Recurso,mixta,1,1,58,0,65,3,150,"recurso extraordinario, se revoca la sentencia apelada y, en uso de las",192,recurso_narrativo,Recurso,mixta,"recurso extraordinario, se revoca la sentencia apelada y, en uso de las"
341_p84,LibroVol341.1.md,ok,210,3277,recurso_narrativo,Recurso,solo_pre_apertura,2,0,52,0,229,5,1170,recurso extraordinario (fs. 267/279) cuya denegación dio origen a la,210,recurso_narrativo,Recurso,solo_pre_apertura,recurso extraordinario (fs. 267/279) cuya denegación dio origen a la
341_p180,LibroVol341.1.md,ok,812,7652,recurso_narrativo,Recurso,propia,0,1,72,0,271,3,380,Recursos Hídricos intimó a la actora a que en un plazo de cinco días,812,recurso_narrativo,Recurso,propia,Recursos Hídricos intimó a la actora a que en un plazo de cinco días
341_p207,LibroVol341.1.md,ok,282,8062,pie_genuino,Recurso,mixta,1,6,42,0,46,1,46,"Recurso de queja interpuesto por el Dr. Ricardo Gustavo Wechsler, Fiscal General",282,pie_genuino,Recurso,mixta,"Recurso de queja interpuesto por el Dr. Ricardo Gustavo Wechsler, Fiscal General"
341_p274,LibroVol341.1.md,ok,393,10691,recurso_narrativo,Recurso,propia,0,1,43,0,373,5,1083,"recurso extraordinario de fs. 170/181, que fue contestado a fs. 184/187 y",393,recurso_narrativo,Recurso,propia,"recurso extraordinario de fs. 170/181, que fue contestado a fs. 184/187 y"
341_p336,LibroVol341.1.md,ok,3062,15633,recurso_narrativo,Recurso,propia,0,14,97,0,176,4,719,recurso incoado por la parte querellante por considerar que el cuadro,3062,recurso_narrativo,Recurso,propia,recurso incoado por la parte querellante por considerar que el cuadro
341_p427,LibroVol341.1.md,ok,539,16856,rotulo_pie,Profesionales,solo_pre_apertura,9,0,290,0,334,13,3770,profesionales que ya se desempeñan en el Hospital Alemán y a través,539,rotulo_pie,Profesionales,solo_pre_apertura,profesionales que ya se desempeñan en el Hospital Alemán y a través
341_p480,LibroVol341.1.md,ok,773,19038,pie_genuino,Parte actora,mixta,1,7,80,0,45,1,45,"Parte actora: Yacimientos Mineros de Agua de Dionisio (YMAD), representado por",773,pie_genuino,Parte actora,mixta,"Parte actora: Yacimientos Mineros de Agua de Dionisio (YMAD), representado por"
341_p500,LibroVol341.1.md,ok,426,19469,pie_genuino,Recurso,propia,0,7,38,0,84,1,84,"Recurso extraordinario interpuesto por Pedro Roberto Apaza León, actor en autos,",426,pie_genuino,Recurso,propia,"Recurso extraordinario interpuesto por Pedro Roberto Apaza León, actor en autos,"
341_p512,LibroVol341.1.md,ok,546,20066,pie_genuino,Recurso,propia,0,6,87,0,34,1,34,"Recurso de queja interpuesto por Ramón Francisco Tomás Ramírez, por derecho",546,pie_genuino,Recurso,propia,"Recurso de queja interpuesto por Ramón Francisco Tomás Ramírez, por derecho"
341_p536,LibroVol341.1.md,ok,179,20610,recurso_narrativo,Recurso,propia,0,1,44,0,424,6,1722,"recurso interpuesto, esta Corte declaró su incompetencia para enten­",179,recurso_narrativo,Recurso,propia,"recurso interpuesto, esta Corte declaró su incompetencia para enten­"
341_p573,LibroVol341.1.md,ok,291,22083,pie_genuino,Recurso,mixta,1,3,215,0,15,2,44,"Recurso extraordinario interpuesto por Loreal Argentina S.A., representada por la",291,pie_genuino,Recurso,mixta,"Recurso extraordinario interpuesto por Loreal Argentina S.A., representada por la"
341_p688,LibroVol341.1.md,ok,209,26262,pie_genuino,Recurso,mixta,1,6,49,0,50,1,50,Recurso de queja interpuesto por Experiencia ART S.A. (ex QBE Argentina ART,209,pie_genuino,Recurso,mixta,Recurso de queja interpuesto por Experiencia ART S.A. (ex QBE Argentina ART
341_p745,LibroVol341.1.md,ok,476,28555,recurso_narrativo,Recurso,propia,0,1,51,0,157,8,1883,recurso extraordinario que fue concedido por existir cuestión federal,476,recurso_narrativo,Recurso,propia,recurso extraordinario que fue concedido por existir cuestión federal
341_p774,LibroVol341.1.md,ok,454,29675,recurso_narrativo,Recurso,propia,0,2,78,0,24,14,3566,"recurso extraordinario federal (fs. 1009/1029), que fue concedido “en",454,recurso_narrativo,Recurso,propia,"recurso extraordinario federal (fs. 1009/1029), que fue concedido “en"
341_p898,LibroVol341.2.md,ok,225,1557,recurso_narrativo,Recurso,propia,0,1,48,0,197,8,2588,"recurso y a la tutela judicial efectiva. En efecto, según entiende el",225,recurso_narrativo,Recurso,propia,"recurso y a la tutela judicial efectiva. En efecto, según entiende el"
341_p919,LibroVol341.2.md,ok,213,2329,pie_genuino,Recurso,propia,0,3,38,0,43,2,62,Recurso de queja interpuesto por el Estado Nacional (Ministerio de Justicia y De­,213,pie_genuino,Recurso,propia,Recurso de queja interpuesto por el Estado Nacional (Ministerio de Justicia y De­
341_p939,LibroVol341.2.md,ok,579,3465,pie_genuino,Recurso,propia,0,2,71,0,51,1,51,"Recurso de queja interpuesto por Pablo Mirolo, Intendente de la Municipalidad de",579,pie_genuino,Recurso,propia,"Recurso de queja interpuesto por Pablo Mirolo, Intendente de la Municipalidad de"
341_p971,LibroVol341.2.md,ok,801,4906,recurso_narrativo,Recurso,propia,0,1,73,0,397,22,7661,recurso de apelación ordinario (fs. 912) que fue concedido a fs. 911 y,801,recurso_narrativo,Recurso,propia,recurso de apelación ordinario (fs. 912) que fue concedido a fs. 911 y
341_p1017,LibroVol341.2.md,ok,1498,7440,pie_genuino,Recurso,propia,0,16,240,0,164,1,164,Recurso extraordinario interpuesto por el Colegio de Escribanos de la Provincia de,1498,pie_genuino,Recurso,propia,Recurso extraordinario interpuesto por el Colegio de Escribanos de la Provincia de
341_p1075,LibroVol341.2.md,ok,333,8560,pie_genuino,Recurso,propia,0,4,48,0,66,1,66,"Recurso de queja interpuesto por Bartolomé Luis Mitre, S.A. La Nación –representa­",333,pie_genuino,Recurso,propia,"Recurso de queja interpuesto por Bartolomé Luis Mitre, S.A. La Nación –representa­"
341_p1091,LibroVol341.2.md,ok,159,8968,pie_genuino,Recurso,propia,0,6,39,0,55,1,55,"Recurso de queja interpuesto por Arcos Dorados Argentina S.A., representada por",159,pie_genuino,Recurso,propia,"Recurso de queja interpuesto por Arcos Dorados Argentina S.A., representada por"
341_p1106,LibroVol341.2.md,ok,942,10318,pie_genuino,Recurso,mixta,1,9,66,0,78,1,78,"Recurso de queja interpuesto por José Gilberto Varela, actora, representado por la",942,pie_genuino,Recurso,mixta,"Recurso de queja interpuesto por José Gilberto Varela, actora, representado por la"
341_p1148,LibroVol341.2.md,ok,468,11482,pie_genuino,Recurso,propia,0,3,101,0,104,12,3042,recurso de alzada interpuesto por la provincia contra la resolución 27,468,pie_genuino,Recurso,propia,recurso de alzada interpuesto por la provincia contra la resolución 27
341_p1195,LibroVol341.2.md,ok,258,13127,pie_genuino,Recurso,propia,0,7,42,0,70,1,70,Recurso de queja interpuesto por el Banco Comercial Fondo de Recuperación,258,pie_genuino,Recurso,propia,Recurso de queja interpuesto por el Banco Comercial Fondo de Recuperación
341_p1207,LibroVol341.2.md,ok,722,14029,pie_genuino,Recurso,propia,0,4,50,0,40,1,40,"Recurso de queja interpuesto por Raúl Omar Pleé, Fiscal General ante la Cámara",722,pie_genuino,Recurso,propia,"Recurso de queja interpuesto por Raúl Omar Pleé, Fiscal General ante la Cámara"
341_p1237,LibroVol341.2.md,ok,328,14789,pie_genuino,Recurso,propia,0,7,42,0,51,1,51,"Recurso de queja interpuesto por el Dr. Raúl Omar Pleé, Fiscal General ante la Cá­",328,pie_genuino,Recurso,propia,"Recurso de queja interpuesto por el Dr. Raúl Omar Pleé, Fiscal General ante la Cá­"
341_p1246,LibroVol341.2.md,ok,107,14905,recurso_narrativo,Recurso,propia,0,4,57,0,55,2,73,"recurso previsto en el artículo 14 de la ley 48, debido a la posibilidad",107,recurso_narrativo,Recurso,propia,"recurso previsto en el artículo 14 de la ley 48, debido a la posibilidad"
341_p1268,LibroVol341.2.md,ok,608,16197,pie_genuino,Recurso,propia,0,7,78,0,50,2,64,"Recurso de queja interpuesto por Asociart S.A. Aseguradora de Riesgos del Trabajo,",608,pie_genuino,Recurso,propia,"Recurso de queja interpuesto por Asociart S.A. Aseguradora de Riesgos del Trabajo,"
341_p1443,LibroVol341.2.md,ok,273,22563,pie_genuino,Recurso,propia,0,6,64,0,47,1,47,"Recurso de queja interpuesto por Galeno Aseguradora de Riesgos del Trabajo S.A.,",273,pie_genuino,Recurso,propia,"Recurso de queja interpuesto por Galeno Aseguradora de Riesgos del Trabajo S.A.,"
341_p1460,LibroVol341.2.md,ok,236,23131,pie_genuino,Recurso,propia,0,8,51,0,48,1,48,"Recurso de queja interpuesto por los herederos de Jorge Alberto Yurrita, representa­",236,pie_genuino,Recurso,propia,"Recurso de queja interpuesto por los herederos de Jorge Alberto Yurrita, representa­"
341_p1485,LibroVol341.2.md,ok,437,24308,recurso_narrativo,Recurso,propia,0,5,65,0,200,8,2406,recurso de nulidad. Destacó que aquellos aspectos habían sido some­,437,recurso_narrativo,Recurso,propia,recurso de nulidad. Destacó que aquellos aspectos habían sido some­
341_p1502,LibroVol341.2.md,ok,193,24742,recurso_narrativo,Recurso,solo_pre_apertura,1,0,195,1,18,2,80,recurso extraordinario y revocar el pronunciamiento apelado. Buenos,333,pie_genuino,Recurso,mixta,Recurso extraordinario interpuesto por el Estado Nacional (Ministerio de Economía
341_p1511,LibroVol341.2.md,ok,1153,26042,recurso_narrativo,Recurso,mixta,3,5,728,0,151,7,2520,"recurso extraordinario concedido en la Corte Suprema, el juez resol­",1153,recurso_narrativo,Recurso,mixta,"recurso extraordinario concedido en la Corte Suprema, el juez resol­"
341_p1570,LibroVol341.2.md,ok,637,27877,pie_genuino,Recurso,propia,0,8,48,0,67,1,67,"Recurso de queja interpuesto por Mario Raúl Peralta Valiente, actor en autos, repre­",637,pie_genuino,Recurso,propia,"Recurso de queja interpuesto por Mario Raúl Peralta Valiente, actor en autos, repre­"
341_p1649,LibroVol341.2.md,ok,211,30531,pie_genuino,Recurso,propia,0,10,70,0,52,1,52,"Recurso de queja interpuesto por la Obra Social para la Actividad Docente, represen­",211,pie_genuino,Recurso,propia,"Recurso de queja interpuesto por la Obra Social para la Actividad Docente, represen­"
341_p1655,LibroVol341.2.md,ok,136,30672,pie_genuino,Recurso,propia,0,3,35,0,66,1,66,"Recurso de queja interpuesto por el Estado Nacional – Ministerio de Defensa, de­",136,pie_genuino,Recurso,propia,"Recurso de queja interpuesto por el Estado Nacional – Ministerio de Defensa, de­"
341_p1704,LibroVol341.2.md,ok,139,32595,pie_genuino,Recurso,propia,0,7,37,0,142,1,142,"Recurso de queja interpuesto por Alejandro Gutiérrez Guido Spano, representado por",139,pie_genuino,Recurso,propia,"Recurso de queja interpuesto por Alejandro Gutiérrez Guido Spano, representado por"
341_p1717,LibroVol341.2.md,ok,388,33365,pie_genuino,Recurso,propia,0,8,98,0,76,1,76,Recurso de queja interpuesto por el Estado Nacional (Ministerio de Justicia y Dere­,388,pie_genuino,Recurso,propia,Recurso de queja interpuesto por el Estado Nacional (Ministerio de Justicia y Dere­
341_p1733,LibroVol341.2.md,ok,1180,34765,pie_genuino,Recurso,propia,0,5,61,0,107,3,108,"Recurso extraordinario interpuesto por D.H. y M.L.M., por derecho propio y en re­",1180,pie_genuino,Recurso,propia,"Recurso extraordinario interpuesto por D.H. y M.L.M., por derecho propio y en re­"
341_p1768,LibroVol341.2.md,ok,3026,38026,pie_genuino,Recurso,propia,0,19,567,0,45,1,45,"Recurso de queja interpuesto por Rufino Batalla, asistido por la Dra. Magdalena Lai­",3026,pie_genuino,Recurso,propia,"Recurso de queja interpuesto por Rufino Batalla, asistido por la Dra. Magdalena Lai­"
341_p1854,LibroVol341.2.md,ok,383,38816,rotulo_pie,Profesionales,propia,0,10,87,0,44,6,1652,profesionales de la salud que han intervenido en la operación de la,383,rotulo_pie,Profesionales,propia,profesionales de la salud que han intervenido en la operación de la
341_p1869,LibroVol341.2.md,ok,2133,41144,pie_genuino,Recurso,propia,0,17,345,0,45,2,88,"Recurso de queja interpuesto por la Unión Cívica Radical de Santa Cruz (UCR), re­",2133,pie_genuino,Recurso,propia,"Recurso de queja interpuesto por la Unión Cívica Radical de Santa Cruz (UCR), re­"
341_p1924,LibroVol341.2.md,ok,904,42060,pie_genuino,Recurso,propia,0,7,209,0,26,4,146,recurso extraordinario deducido por la demandada y confirmar la sen­,904,pie_genuino,Recurso,propia,recurso extraordinario deducido por la demandada y confirmar la sen­
342_p1,LibroVol342-1.md,ok,1274,1577,pie_genuino,Parte actora,propia,0,12,119,0,66,3,70,"Parte actora: Unión Cívica Radical – Distrito La Rioja, representada por su presi­",1274,pie_genuino,Parte actora,propia,"Parte actora: Unión Cívica Radical – Distrito La Rioja, representada por su presi­"
342_p39,LibroVol342-1.md,ok,128,1859,pie_genuino,Recurso,propia,0,4,36,0,60,1,60,"Recurso de queja interpuesto por el Gobierno de la Ciudad de Buenos Aires, repre­",128,pie_genuino,Recurso,propia,"Recurso de queja interpuesto por el Gobierno de la Ciudad de Buenos Aires, repre­"
342_p93,LibroVol342-1.md,ok,164,3928,pie_genuino,Recurso,propia,0,6,38,0,96,1,96,Recurso de queja interpuesto por Reina Teresa Candia Acosta por sí y en represen­,164,pie_genuino,Recurso,propia,Recurso de queja interpuesto por Reina Teresa Candia Acosta por sí y en represen­
342_p208,LibroVol342-1.md,ok,749,8991,pie_genuino,Recurso,propia,0,2,86,0,113,1,113,"Recurso extraordinario interpuesto por Claudio Martín Savoia, por derecho propio,",749,pie_genuino,Recurso,propia,"Recurso extraordinario interpuesto por Claudio Martín Savoia, por derecho propio,"
342_p278,LibroVol342-1.md,ok,370,11288,pie_genuino,Recurso,propia,0,2,39,0,58,1,58,"Recurso de queja interpuesto por Ismael Ramón Marcón, asistido por el Dr. Raúl Al­",370,pie_genuino,Recurso,propia,"Recurso de queja interpuesto por Ismael Ramón Marcón, asistido por el Dr. Raúl Al­"
342_p287,LibroVol342-1.md,ok,1372,12665,recurso_narrativo,Recurso,propia,0,8,268,0,276,13,4979,"recurso de apelación por ante el Tribunal Superior de la provincia, el",1372,recurso_narrativo,Recurso,propia,"recurso de apelación por ante el Tribunal Superior de la provincia, el"
342_p411,LibroVol342-1.md,ok,1607,17893,recurso_narrativo,Recurso,propia,0,11,258,0,157,3,242,recurso que legalmente corresponda ingresar al régimen previsional,1607,recurso_narrativo,Recurso,propia,recurso que legalmente corresponda ingresar al régimen previsional
342_p459,LibroVol342-1.md,ok,1346,19561,recurso_narrativo,Recurso,propia,0,8,208,0,336,13,4841,recursos extraordinarios (fs. 652/656 y 660/664).,1346,recurso_narrativo,Recurso,propia,recursos extraordinarios (fs. 652/656 y 660/664).
342_p584,LibroVol342-1.md,ok,859,23968,rotulo_pie,Tribunal de origen,propia,0,2,148,0,17,2,86,"tribunal de origen para que, por quien corresponda, se dicte un fallo",859,rotulo_pie,Tribunal de origen,propia,"tribunal de origen para que, por quien corresponda, se dicte un fallo"
342_p654,LibroVol342-1.md,ok,315,26114,pie_genuino,Recurso,propia,0,9,38,0,53,1,53,"Recurso de queja interpuesto por Roberto Urzagasti, Justo Pastor Leguizamón, Pi­",315,pie_genuino,Recurso,propia,"Recurso de queja interpuesto por Roberto Urzagasti, Justo Pastor Leguizamón, Pi­"
342_p697,LibroVol342-1.md,ok,1575,28989,pie_genuino,Recurso,propia,0,12,228,0,48,1,48,Recurso de queja interpuesto por Alex Mauricio Obreque Varas y Alexis Gabriel Cas­,1575,pie_genuino,Recurso,propia,Recurso de queja interpuesto por Alex Mauricio Obreque Varas y Alexis Gabriel Cas­
342_p744,LibroVol342-1.md,ok,462,29730,pie_genuino,Recurso,propia,0,7,46,0,45,2,231,"Recurso de queja interpuesto por Mauricio Luis Fernando Frois, representado por el",462,pie_genuino,Recurso,propia,"Recurso de queja interpuesto por Mauricio Luis Fernando Frois, representado por el"
342_p761,LibroVol342-1.md,ok,1220,31107,recurso_narrativo,Recurso,propia,0,13,117,0,2,10,2895,recurso extraordinario.,1220,recurso_narrativo,Recurso,propia,recurso extraordinario.
342_p812,LibroVol342-1.md,ok,453,32441,pie_genuino,Recurso,propia,0,10,46,0,216,1,216,"Recurso de queja interpuesto por la Provincia de Buenos Aires, representada por su",453,pie_genuino,Recurso,propia,"Recurso de queja interpuesto por la Provincia de Buenos Aires, representada por su"
342_p853,LibroVol342-1.md,ok,231,33809,pie_genuino,Recurso,propia,0,4,51,0,43,2,266,"Recurso de queja interpuesto por AFSCA, demandada en autos, representada por la",231,pie_genuino,Recurso,propia,"Recurso de queja interpuesto por AFSCA, demandada en autos, representada por la"
342_p867,LibroVol342-1.md,ok,321,34392,pie_genuino,Recurso,propia,0,8,47,0,93,1,93,"Recursos de queja interpuestos por 1) Unilever de Argentina S.A., representada por",321,pie_genuino,Recurso,propia,"Recursos de queja interpuestos por 1) Unilever de Argentina S.A., representada por"
342_p884,LibroVol342-1.md,ok,636,35333,pie_genuino,Recurso,propia,0,8,36,0,51,1,51,"Recurso de queja interpuesto por el Dr. Néstor Pablo Barral, Defensor Público Ofi­",636,pie_genuino,Recurso,propia,"Recurso de queja interpuesto por el Dr. Néstor Pablo Barral, Defensor Público Ofi­"
342_p903,LibroVol342-1.md,ok,462,35940,pie_genuino,Recurso,propia,0,6,73,0,40,3,41,"Recurso de queja interpuesto por Lloyd Jorge Wickstrom, por derecho propio.",462,pie_genuino,Recurso,propia,"Recurso de queja interpuesto por Lloyd Jorge Wickstrom, por derecho propio."
342_p917,LibroVol342-1.md,ok,866,36819,recurso_narrativo,Recurso,propia,0,3,253,0,412,10,3191,recurso estratégico del agua (artículo 1°)- la hipotética controversia,866,recurso_narrativo,Recurso,propia,recurso estratégico del agua (artículo 1°)- la hipotética controversia
342_p971,LibroVol342-1.md,ok,634,38757,rotulo_pie,Nombre del,propia,0,3,49,0,34,1,34,Nombre del actor: Telefónica Móviles Argentina S.A.,634,rotulo_pie,Nombre del,propia,Nombre del actor: Telefónica Móviles Argentina S.A.
342_p988,LibroVol342-1.md,ok,519,39285,pie_genuino,Recurso,propia,0,7,68,0,43,1,43,"Recurso de queja interpuesto por Carlos Esteban Gómez, representado por el Dr. Ho­",519,pie_genuino,Recurso,propia,"Recurso de queja interpuesto por Carlos Esteban Gómez, representado por el Dr. Ho­"
342_p1004,LibroVol342-1.md,ok,287,39662,pie_genuino,Recurso,propia,0,8,38,0,49,1,49,Recurso de queja interpuesto por la Fiscal General ante la Cámara Nacional de Ape­,287,pie_genuino,Recurso,propia,Recurso de queja interpuesto por la Fiscal General ante la Cámara Nacional de Ape­
342_p1011,LibroVol342-1.md,ok,196,39863,pie_genuino,Recurso,propia,0,3,51,0,99,1,99,Recursos de queja interpuestos por Daniel Eladio Juárez y Dominga Josefina Gó­,196,pie_genuino,Recurso,propia,Recursos de queja interpuestos por Daniel Eladio Juárez y Dominga Josefina Gó­
342_p1061,LibroVol342-1.md,ok,1875,43329,recurso_narrativo,Recurso,propia,0,6,558,0,64,8,1816,"recurso extraordinario interpuesto y se revoca la sentencia apelada,",1875,recurso_narrativo,Recurso,propia,"recurso extraordinario interpuesto y se revoca la sentencia apelada,"
342_p1170,LibroVol342-1.md,ok,944,46642,pie_genuino,Recurso,propia,0,10,80,0,49,2,179,"Recursos ordinarios de apelación interpuestos por Compañía Mega S.A., representada",944,pie_genuino,Recurso,propia,"Recursos ordinarios de apelación interpuestos por Compañía Mega S.A., representada"
342_p1203,LibroVol342-1.md,ok,671,47695,recurso_narrativo,Recurso,propia,0,2,95,0,133,9,3024,recurso federal cuando lo resuelto causa un agravio de difícil o imposi­,671,recurso_narrativo,Recurso,propia,recurso federal cuando lo resuelto causa un agravio de difícil o imposi­
342_p1227,LibroVol342-1.md,ok,767,48778,pie_genuino,Recurso,propia,0,10,73,0,47,1,47,Recursos de queja interpuestos por la Defensora Pública Oficial de Menores y por,767,pie_genuino,Recurso,propia,Recursos de queja interpuestos por la Defensora Pública Oficial de Menores y por
342_p1261,LibroVol342-1.md,ok,214,49581,pie_genuino,Recurso,propia,0,6,60,0,56,2,56,Recurso de queja interpuesto por el Centro de Educación Médica e Investigaciones,214,pie_genuino,Recurso,propia,Recurso de queja interpuesto por el Centro de Educación Médica e Investigaciones
342_p1362,LibroVol342-2.md,ok,153,2645,pie_genuino,Recurso,propia,0,3,50,0,47,2,156,"Recurso de queja interpuesto por el Banco de la Nación Argentina, representado por",153,pie_genuino,Recurso,propia,"Recurso de queja interpuesto por el Banco de la Nación Argentina, representado por"
342_p1376,LibroVol342-2.md,ok,723,3702,pie_genuino,Recurso,propia,0,5,35,0,44,1,44,"Recurso de queja interpuesto por el Dr. Javier Augusto De Luca, Fiscal General ante",723,pie_genuino,Recurso,propia,"Recurso de queja interpuesto por el Dr. Javier Augusto De Luca, Fiscal General ante"
342_p1417,LibroVol342-2.md,ok,313,4902,pie_genuino,Parte actora,propia,0,7,72,0,96,1,96,"Parte actora: Amneris Lelia Nordi, patrocinada por los Dres. Adolfo A. Díaz Valdez,",313,pie_genuino,Parte actora,propia,"Parte actora: Amneris Lelia Nordi, patrocinada por los Dres. Adolfo A. Díaz Valdez,"
342_p1429,LibroVol342-2.md,ok,166,5210,pie_genuino,Recurso,propia,0,6,36,0,56,1,56,Recursos de queja interpuestos por Experta ART S.A. y Bridgestone Argentina,166,pie_genuino,Recurso,propia,Recursos de queja interpuestos por Experta ART S.A. y Bridgestone Argentina
342_p1434,LibroVol342-2.md,ok,321,5537,pie_genuino,Recurso,propia,0,7,63,0,56,4,57,"Recurso de queja interpuesto por Luis María Santos, en representación de la actora",321,pie_genuino,Recurso,propia,"Recurso de queja interpuesto por Luis María Santos, en representación de la actora"
342_p1484,LibroVol342-2.md,ok,211,7195,pie_genuino,Recurso,propia,0,6,44,0,58,1,58,Recurso de queja interpuesto por el Estado Nacional (Ministerio de Justicia y Dere­,211,pie_genuino,Recurso,propia,Recurso de queja interpuesto por el Estado Nacional (Ministerio de Justicia y Dere­
342_p1524,LibroVol342-2.md,ok,485,8928,recurso_narrativo,Recurso,propia,0,5,76,0,299,6,1592,"recurso, la postura del Estado Nacional resulta improcedente.",485,recurso_narrativo,Recurso,propia,"recurso, la postura del Estado Nacional resulta improcedente."
342_p1549,LibroVol342-2.md,ok,728,10167,recurso_narrativo,Recurso,propia,0,5,72,0,32,2,88,recurso extraordinario (artículos 14 y 15 de la ley 48) en la medida que,728,recurso_narrativo,Recurso,propia,recurso extraordinario (artículos 14 y 15 de la ley 48) en la medida que
342_p1568,LibroVol342-2.md,ok,465,10649,recurso_narrativo,Recurso,propia,0,2,58,0,12,2,88,recurso extraordinario y se confirma la sentencia apelada. Notifíquese,465,recurso_narrativo,Recurso,propia,recurso extraordinario y se confirma la sentencia apelada. Notifíquese
342_p1591,LibroVol342-2.md,ok,397,11384,recurso_narrativo,Recurso,propia,0,1,143,0,35,4,542,"recursos por la reducción de la alícuota en el IVA para ciertos bienes,",397,recurso_narrativo,Recurso,propia,"recursos por la reducción de la alícuota en el IVA para ciertos bienes,"
342_p1620,LibroVol342-2.md,ok,185,12277,pie_genuino,Recurso,propia,0,4,38,0,44,2,59,"Recurso de queja interpuesto por Miguel Alberto Rueda, Rodrigo Martínez Alcorta y",185,pie_genuino,Recurso,propia,"Recurso de queja interpuesto por Miguel Alberto Rueda, Rodrigo Martínez Alcorta y"
342_p1625,LibroVol342-2.md,ok,491,12778,pie_genuino,Recurso,propia,0,4,66,0,65,1,65,"Recurso extraordinario interpuesto por la actora, María Cristina Fernández, repre­",491,pie_genuino,Recurso,propia,"Recurso extraordinario interpuesto por la actora, María Cristina Fernández, repre­"
342_p1660,LibroVol342-2.md,ok,175,13837,pie_genuino,Recurso,propia,0,6,34,0,58,1,58,"Recurso extraordinario interpuesto por Fernando Dapero, asistido por el Dr. Marcelo",175,pie_genuino,Recurso,propia,"Recurso extraordinario interpuesto por Fernando Dapero, asistido por el Dr. Marcelo"
342_p1665,LibroVol342-2.md,ok,1189,15032,pie_genuino,Recurso,propia,0,3,393,0,49,14,4334,recurso extraordinario deducido por la demandada y se confirma la,1189,pie_genuino,Recurso,propia,recurso extraordinario deducido por la demandada y se confirma la
342_p1747,LibroVol342-2.md,ok,197,17352,pie_genuino,Recurso,propia,0,3,62,0,116,1,116,"Recursos extraordinarios interpuestos por Camuzzi Gas del Sur S.A., parte actora,",197,pie_genuino,Recurso,propia,"Recursos extraordinarios interpuestos por Camuzzi Gas del Sur S.A., parte actora,"
342_p1777,LibroVol342-2.md,ok,919,19207,recurso_narrativo,Recurso,propia,0,6,217,0,307,14,3779,"recurso extraordinario, que fue concedido por el a quo con sustento",919,recurso_narrativo,Recurso,propia,"recurso extraordinario, que fue concedido por el a quo con sustento"
342_p1921,LibroVol342-2.md,ok,679,24691,pie_genuino,Recurso,propia,0,12,93,0,49,1,49,Recurso de queja interpuesto por el Centro de Educación Médica e Investigaciones,679,pie_genuino,Recurso,propia,Recurso de queja interpuesto por el Centro de Educación Médica e Investigaciones
342_p1938,LibroVol342-2.md,ok,1322,26018,pie_genuino,Recurso,propia,0,2,160,0,67,13,3540,"recurso extraordinario deducido por algunos actores, quienes preten­",1322,pie_genuino,Recurso,propia,"recurso extraordinario deducido por algunos actores, quienes preten­"
342_p2079,LibroVol342-2.md,ok,147,30501,pie_genuino,Recurso,propia,0,4,46,0,47,1,47,"Recurso de queja interpuesto por Asociart S.A. Aseguradora de Riesgos del Trabajo,",147,pie_genuino,Recurso,propia,"Recurso de queja interpuesto por Asociart S.A. Aseguradora de Riesgos del Trabajo,"
342_p2100,LibroVol342-2.md,ok,229,31410,pie_genuino,Recurso,propia,0,3,45,0,96,1,96,Recurso extraordinario interpuesto por la Administración Federal de Ingresos Públi­,229,pie_genuino,Recurso,propia,Recurso extraordinario interpuesto por la Administración Federal de Ingresos Públi­
342_p2125,LibroVol342-2.md,ok,395,32495,pie_genuino,Recurso,propia,0,6,75,0,52,1,52,"Recurso extraordinario interpuesto por el Fisco Nacional, representado por la",395,pie_genuino,Recurso,propia,"Recurso extraordinario interpuesto por el Fisco Nacional, representado por la"
342_p2136,LibroVol342-2.md,ok,488,32993,recurso_narrativo,Recurso,propia,0,2,110,0,198,3,550,RECURSOS HÍDRICOS entonces dependiente de la ex SECRETA­,488,recurso_narrativo,Recurso,propia,RECURSOS HÍDRICOS entonces dependiente de la ex SECRETA­
342_p2155,LibroVol342-2.md,ok,307,33558,recurso_narrativo,Recurso,propia,0,2,96,0,385,9,2297,"recurso extraordinario local, dejó firme la sentencia de la cámara que,",307,recurso_narrativo,Recurso,propia,"recurso extraordinario local, dejó firme la sentencia de la cámara que,"
342_p2187,LibroVol342-2.md,ok,442,34963,pie_genuino,Recurso,propia,0,8,68,0,42,1,42,"Recurso de queja interpuesto por Google Inc., representado por el Dr. Arnaldo Cisilino.",442,pie_genuino,Recurso,propia,"Recurso de queja interpuesto por Google Inc., representado por el Dr. Arnaldo Cisilino."
342_p2198,LibroVol342-2.md,ok,1196,36163,rotulo_pie,Profesionales,propia,0,7,107,0,36,1,36,Profesionales intervinientes: doctores Marcelo R. Santamarina; Diego C. Córdoba;,1196,rotulo_pie,Profesionales,propia,Profesionales intervinientes: doctores Marcelo R. Santamarina; Diego C. Córdoba;
342_p2236,LibroVol342-2.md,ok,290,36698,pie_genuino,Recurso,propia,0,10,70,0,45,1,45,Recurso de queja interpuesto por la Asociación Trabajadores del Estado representa­,290,pie_genuino,Recurso,propia,Recurso de queja interpuesto por la Asociación Trabajadores del Estado representa­
342_p2244,LibroVol342-2.md,ok,228,36930,rotulo_pie,Profesionales,propia,0,7,50,0,284,4,615,"profesionales removidos, al resto de los socios del Círculo, a quienes",228,rotulo_pie,Profesionales,propia,"profesionales removidos, al resto de los socios del Círculo, a quienes"
342_p2256,LibroVol342-2.md,ok,1522,38684,rotulo_pie,Nombre del,propia,0,11,206,0,40,1,40,Nombre del actor: Estado Nacional (Estado Mayor General del Ejército).,1522,rotulo_pie,Nombre del,propia,Nombre del actor: Estado Nacional (Estado Mayor General del Ejército).
342_p2298,LibroVol342-2.md,ok,555,39323,pie_genuino,Recurso,propia,0,7,84,0,51,1,51,"Recurso de queja interpuesto por Pablo Andrés Fleitas, representado por los Dres.",555,pie_genuino,Recurso,propia,"Recurso de queja interpuesto por Pablo Andrés Fleitas, representado por los Dres."
342_p2319,LibroVol342-2.md,ok,1000,40557,pie_genuino,Recurso,propia,0,5,122,0,67,1,67,Recursos extraordinarios interpuestos por Lucía Cecilia Rojas asistida por el Dr. Ma­,1000,pie_genuino,Recurso,propia,Recursos extraordinarios interpuestos por Lucía Cecilia Rojas asistida por el Dr. Ma­
342_p2344,LibroVol342-2.md,ok,726,41294,pie_genuino,Recurso,propia,0,8,113,0,68,1,68,"Recurso de queja interpuesto por Haydée Susana Farina, asistida por el Dr. Jorge",726,pie_genuino,Recurso,propia,"Recurso de queja interpuesto por Haydée Susana Farina, asistida por el Dr. Jorge"
342_p2362,LibroVol342-2.md,ok,1041,42341,pie_genuino,Recurso,propia,0,10,109,0,78,1,78,"Recurso de queja interpuesto por Guillermo Miranda, asistido por el Dr. Mario Luis",1041,pie_genuino,Recurso,propia,"Recurso de queja interpuesto por Guillermo Miranda, asistido por el Dr. Mario Luis"
342_p2389,LibroVol342-2.md,ok,364,42718,pie_genuino,Recurso,propia,0,8,44,0,61,3,448,"Recurso de queja interpuesto por S.M.P., asistido por la Dra. Virginia Sansone, Defen­",364,pie_genuino,Recurso,propia,"Recurso de queja interpuesto por S.M.P., asistido por la Dra. Virginia Sansone, Defen­"
342_p2399,LibroVol342-2.md,ok,194,42922,pie_genuino,Recurso,propia,0,6,41,0,64,5,1023,"Recurso de queja interpuesto por Andrea V. Etcheverry, en representación del Mi­",194,pie_genuino,Recurso,propia,"Recurso de queja interpuesto por Andrea V. Etcheverry, en representación del Mi­"
343_p3,LibroVol343-1.md,ok,453,598,pie_genuino,Recurso,propia,0,11,64,0,42,1,42,"Recurso extraordinario interpuesto por Cairong Liu, por su propio derecho y con el",453,pie_genuino,Recurso,propia,"Recurso extraordinario interpuesto por Cairong Liu, por su propio derecho y con el"
343_p15,LibroVol343-1.md,ok,384,986,pie_genuino,Recurso,propia,0,3,95,0,68,1,68,"Recurso de queja interpuesto por la Administración Nacional de la Seguridad Social,",384,pie_genuino,Recurso,propia,"Recurso de queja interpuesto por la Administración Nacional de la Seguridad Social,"
343_p116,LibroVol343-1.md,ok,98,4513,pie_genuino,Recurso,propia,0,3,33,0,62,1,62,"Recurso extraordinario interpuesto por Roberto Omar Ravetti y otros, parte actora,",98,pie_genuino,Recurso,propia,"Recurso extraordinario interpuesto por Roberto Omar Ravetti y otros, parte actora,"
343_p140,LibroVol343-1.md,ok,540,5791,pie_genuino,Recurso,propia,0,5,76,0,70,1,70,Recurso extraordinario interpuesto por la Fuerza Aérea Argentina – Estado Nacio­,540,pie_genuino,Recurso,propia,Recurso extraordinario interpuesto por la Fuerza Aérea Argentina – Estado Nacio­
343_p168,LibroVol343-1.md,ok,460,6767,recurso_narrativo,Recurso,propia,0,5,66,0,25,3,304,"recurso de casación contra el fallo condenatorio, cuestionó la medida",460,recurso_narrativo,Recurso,propia,"recurso de casación contra el fallo condenatorio, cuestionó la medida"
343_p184,LibroVol343-1.md,ok,342,7266,rotulo_pie,Tribunal de origen,propia,0,1,92,0,29,2,102,"tribunal de origen a efectos de que, por quien corresponda, se dicte un",342,rotulo_pie,Tribunal de origen,propia,"tribunal de origen a efectos de que, por quien corresponda, se dicte un"
343_p264,LibroVol343-1.md,ok,659,10738,pie_genuino,Recurso,propia,0,6,185,0,65,2,66,"Recurso de queja interpuesto por J. C. C., parte actora, representado por el Dr. Mar­",659,pie_genuino,Recurso,propia,"Recurso de queja interpuesto por J. C. C., parte actora, representado por el Dr. Mar­"
343_p283,LibroVol343-1.md,ok,654,11404,pie_genuino,Parte actora,propia,0,7,105,0,62,1,62,"Parte actora: Demanda iniciada por la Dra. María de los Ángeles Giménez, en el ca­",654,pie_genuino,Parte actora,propia,"Parte actora: Demanda iniciada por la Dra. María de los Ángeles Giménez, en el ca­"
343_p319,LibroVol343-1.md,ok,355,12445,recurso_narrativo,Recurso,propia,0,1,90,0,372,6,2371,recurso de apelación y confirmó lo decidido por el juez de la causa.,355,recurso_narrativo,Recurso,propia,recurso de apelación y confirmó lo decidido por el juez de la causa.
343_p345,LibroVol343-1.md,ok,293,13413,pie_genuino,Recurso,propia,0,9,64,0,48,2,63,"Recurso de queja interpuesto por el actor, J. M. B., representado por el Dr. Marcelo",293,pie_genuino,Recurso,propia,"Recurso de queja interpuesto por el actor, J. M. B., representado por el Dr. Marcelo"
343_p412,LibroVol343-1.md,ok,497,16152,pie_genuino,Recurso,propia,0,9,60,0,71,1,71,"Recurso de queja interpuesto por los actores, Marcelo José Bruno y otros, represen­",497,pie_genuino,Recurso,propia,"Recurso de queja interpuesto por los actores, Marcelo José Bruno y otros, represen­"
343_p440,LibroVol343-1.md,ok,858,17568,pie_genuino,Recurso,propia,0,10,157,0,48,1,48,"Recurso de queja interpuesto por Graciela Beatriz Duarte, abogada en causa propia,",858,pie_genuino,Recurso,propia,"Recurso de queja interpuesto por Graciela Beatriz Duarte, abogada en causa propia,"
343_p476,LibroVol343-1.md,ok,361,18457,pie_genuino,Recurso,propia,0,11,33,0,56,1,56,"Recurso extraordinario interpuesto por Asociart S.A. ART, representada por el Dr. Ma­",361,pie_genuino,Recurso,propia,"Recurso extraordinario interpuesto por Asociart S.A. ART, representada por el Dr. Ma­"
343_p506,LibroVol343-1.md,ok,519,19728,pie_genuino,Recurso,propia,0,7,119,0,55,1,55,"Recurso de queja interpuesto por la Caja de Seguros S.A., parte demandada, repre­",519,pie_genuino,Recurso,propia,"Recurso de queja interpuesto por la Caja de Seguros S.A., parte demandada, repre­"
343_p519,LibroVol343-1.md,ok,649,20382,recurso_narrativo,Recurso,propia,0,1,76,0,42,2,110,recurso extraordinario y dejar sin efecto la sentencia apelada. Vuelvan,649,recurso_narrativo,Recurso,propia,recurso extraordinario y dejar sin efecto la sentencia apelada. Vuelvan
343_p560,LibroVol343-1.md,ok,596,21930,pie_genuino,Recurso,propia,0,7,80,0,61,1,61,"Recurso extraordinario interpuesto por Ricardo Daniel Echegaray, representado por",596,pie_genuino,Recurso,propia,"Recurso extraordinario interpuesto por Ricardo Daniel Echegaray, representado por"
343_p603,LibroVol343-1.md,ok,824,23789,pie_genuino,Parte actora,propia,0,8,185,0,132,1,132,"Parte actora: Provincia de La Pampa, representada por su Gobernador, Carlos Alber­",824,pie_genuino,Parte actora,propia,"Parte actora: Provincia de La Pampa, representada por su Gobernador, Carlos Alber­"
343_p726,LibroVol343-2.md,ok,535,2318,pie_genuino,Parte actora,mixta,1,3,260,0,19,1,19,"Parte actora: Asociación Civil Equística – Defensa del Medio Ambiente, representada",535,pie_genuino,Parte actora,mixta,"Parte actora: Asociación Civil Equística – Defensa del Medio Ambiente, representada"
343_p749,LibroVol343-2.md,ok,559,3234,pie_genuino,Recurso,propia,0,9,58,0,93,1,93,Recursos de queja interpuestos por la Fiscalía de Estado de la Provincia de Buenos,559,pie_genuino,Recurso,propia,Recursos de queja interpuestos por la Fiscalía de Estado de la Provincia de Buenos
343_p767,LibroVol343-2.md,ok,1099,4464,pie_genuino,Recurso,propia,0,6,253,0,69,1,69,"Recurso de queja interpuesto por Adriana Sandra Rearte –actora-, por derecho pro­",1099,pie_genuino,Recurso,propia,"Recurso de queja interpuesto por Adriana Sandra Rearte –actora-, por derecho pro­"
343_p806,LibroVol343-2.md,ok,336,5201,pie_genuino,Recurso,propia,0,10,81,0,39,1,39,"Recurso de queja interpuesto por el Fisco Nacional (AFIP – DGI), representado por la",336,pie_genuino,Recurso,propia,"Recurso de queja interpuesto por el Fisco Nacional (AFIP – DGI), representado por la"
343_p819,LibroVol343-2.md,ok,273,5635,pie_genuino,Recurso,propia,0,7,43,0,51,1,51,"Recurso de queja interpuesto por American Express Argentina S.A., representada",273,pie_genuino,Recurso,propia,"Recurso de queja interpuesto por American Express Argentina S.A., representada"
343_p840,LibroVol343-2.md,ok,190,6348,pie_genuino,Recurso,propia,0,8,37,0,47,1,47,"Recurso de queja interpuesto por la AFIP, representada por la Dra. Silvia M. Leiva,",190,pie_genuino,Recurso,propia,"Recurso de queja interpuesto por la AFIP, representada por la Dra. Silvia M. Leiva,"
343_p848,LibroVol343-2.md,ok,730,7182,pie_genuino,Recurso,propia,0,7,186,0,58,2,59,"Recurso de queja interpuesto por la actora, M. S. R., representada por la Dra. Lorena",730,pie_genuino,Recurso,propia,"Recurso de queja interpuesto por la actora, M. S. R., representada por la Dra. Lorena"
343_p867,LibroVol343-2.md,ok,1012,8205,pie_genuino,Recurso,propia,0,7,105,0,108,1,108,Recurso extraordinario interpuesto por la Unión de Trabajadores Municipales de Sal­,1012,pie_genuino,Recurso,propia,Recurso extraordinario interpuesto por la Unión de Trabajadores Municipales de Sal­
343_p892,LibroVol343-2.md,ok,158,8374,pie_genuino,Recurso,propia,0,3,53,0,14,2,50,"Recurso de queja interpuesto por el actor, representado por el Dr. Luis Miguel Iros.",158,pie_genuino,Recurso,propia,"Recurso de queja interpuesto por el actor, representado por el Dr. Luis Miguel Iros."
343_p930,LibroVol343-2.md,ok,299,9946,pie_genuino,Parte actora,propia,0,3,82,0,22,1,22,"Parte actora: Mariano Maggi, asistido por su letrado apoderado, Dr. Darío Javier Testi.",299,pie_genuino,Parte actora,propia,"Parte actora: Mariano Maggi, asistido por su letrado apoderado, Dr. Darío Javier Testi."
343_p961,LibroVol343-2.md,ok,216,10988,pie_genuino,Recurso,propia,0,3,45,0,54,2,250,"Recurso de queja interpuesto por Cristian Barraco, en su carácter de administrador",216,pie_genuino,Recurso,propia,"Recurso de queja interpuesto por Cristian Barraco, en su carácter de administrador"
343_p1024,LibroVol343-2.md,ok,257,13491,pie_genuino,Recurso,propia,0,6,53,0,49,1,49,Recurso extraordinario interpuesto por la Administración Federal de Ingresos Públi­,257,pie_genuino,Recurso,propia,Recurso extraordinario interpuesto por la Administración Federal de Ingresos Públi­
343_p1037,LibroVol343-2.md,ok,1488,15232,pie_genuino,Recurso,propia,0,16,266,0,42,1,42,"Recurso de queja interpuesto por Fernando Rodolfo Puig, representado por el Dr.",1488,pie_genuino,Recurso,propia,"Recurso de queja interpuesto por Fernando Rodolfo Puig, representado por el Dr."
343_p1075,LibroVol343-2.md,ok,325,15562,recurso_narrativo,Recurso,propia,0,2,44,0,105,4,980,recurso de apelación ordinario en materia de extradición en atención,325,recurso_narrativo,Recurso,propia,recurso de apelación ordinario en materia de extradición en atención
343_p1086,LibroVol343-2.md,ok,345,16020,pie_genuino,Recurso,propia,0,8,85,0,81,1,81,Recursos extraordinario y de queja interpuestos por la Dirección,345,pie_genuino,Recurso,propia,Recursos extraordinario y de queja interpuestos por la Dirección
343_p1109,LibroVol343-2.md,ok,466,16959,pie_genuino,Recurso,propia,0,6,37,0,62,2,75,"Recursos extraordinarios interpuestos por la Municipalidad de Marcos Paz, parte de­",466,pie_genuino,Recurso,propia,"Recursos extraordinarios interpuestos por la Municipalidad de Marcos Paz, parte de­"
343_p1126,LibroVol343-2.md,ok,130,17273,pie_genuino,Recurso,propia,0,3,43,0,60,1,60,Recurso de queja interpuesto por Jorge Luis Battistessa y Ana María Jovic de Bat­,130,pie_genuino,Recurso,propia,Recurso de queja interpuesto por Jorge Luis Battistessa y Ana María Jovic de Bat­
343_p1129,LibroVol343-2.md,ok,205,17484,pie_genuino,Recurso,propia,0,7,54,0,46,1,46,"Recurso de queja interpuesto por Bunge Argentina SA, actora en autos, representada",205,pie_genuino,Recurso,propia,"Recurso de queja interpuesto por Bunge Argentina SA, actora en autos, representada"
343_p1181,LibroVol343-2.md,ok,1288,20524,pie_genuino,Recurso,propia,0,5,220,0,15,1,15,"Recurso de queja interpuesto por Jorge Enrique González, asistido por el Dr. Mario",1288,pie_genuino,Recurso,propia,"Recurso de queja interpuesto por Jorge Enrique González, asistido por el Dr. Mario"
343_p1233,LibroVol343-2.md,ok,130,21402,pie_genuino,Recurso,propia,0,2,46,0,56,1,56,Recurso de queja interpuesto por la Fiscal General ante la Cámara Nacional de Ape­,130,pie_genuino,Recurso,propia,Recurso de queja interpuesto por la Fiscal General ante la Cámara Nacional de Ape­
343_p1239,LibroVol343-2.md,ok,254,21737,rotulo_pie,Tribunal de origen,propia,0,1,64,0,35,2,97,"tribunal de origen a fin de que, por medio de quien corresponda, se dicte",254,rotulo_pie,Tribunal de origen,propia,"tribunal de origen a fin de que, por medio de quien corresponda, se dicte"
343_p1259,LibroVol343-2.md,ok,739,22958,pie_genuino,Recurso,propia,0,8,98,0,77,1,77,Recurso extraordinario interpuesto por la Federación Argentina de Entidades Em­,739,pie_genuino,Recurso,propia,Recurso extraordinario interpuesto por la Federación Argentina de Entidades Em­
343_p1307,LibroVol343-2.md,ok,470,24617,pie_genuino,Recurso,propia,0,4,49,0,44,1,44,"Recurso ordinario interpuesto por la Dra. Stella Maris Zaragoza, defensora de Ro­",470,pie_genuino,Recurso,propia,"Recurso ordinario interpuesto por la Dra. Stella Maris Zaragoza, defensora de Ro­"
343_p1362,LibroVol343-2.md,ok,955,27226,pie_genuino,Recurso,propia,0,3,174,0,65,1,65,Recurso de queja interpuesto por C. R. S. Y. por sí y en representación de su,955,pie_genuino,Recurso,propia,Recurso de queja interpuesto por C. R. S. Y. por sí y en representación de su
343_p1389,LibroVol343-2.md,ok,475,27820,rotulo_pie,Tribunal de origen,propia,0,8,73,0,27,3,86,"tribunal de origen para que, por quien corresponda, se dicte un nuevo",475,rotulo_pie,Tribunal de origen,propia,"tribunal de origen para que, por quien corresponda, se dicte un nuevo"
343_p1406,LibroVol343-2.md,ok,203,28180,pie_genuino,Recurso,propia,0,6,59,0,60,1,60,"Recurso de queja interpuesto por la Obra Social del Poder Judicial de la Nación,",203,pie_genuino,Recurso,propia,"Recurso de queja interpuesto por la Obra Social del Poder Judicial de la Nación,"
343_p1416,LibroVol343-2.md,ok,153,28518,pie_genuino,Recurso,propia,0,8,41,0,58,1,58,"Recurso de queja interpuesto por la Dra. María Cristina Martínez Córdoba, Defenso­",153,pie_genuino,Recurso,propia,"Recurso de queja interpuesto por la Dra. María Cristina Martínez Córdoba, Defenso­"
343_p1421,LibroVol343-2.md,ok,539,29069,pie_genuino,Recurso,propia,0,3,64,0,38,1,38,"Recurso ordinario interpuesto por la Dra. Graciela S. López de Filoñuk, Fiscal Fede­",539,pie_genuino,Recurso,propia,"Recurso ordinario interpuesto por la Dra. Graciela S. López de Filoñuk, Fiscal Fede­"
343_p1457,LibroVol343-3.md,ok,3523,3585,recurso_narrativo,Recurso,mixta,1,9,1016,0,345,22,8088,recurso extraordinario por salto de instancia en los términos de los,3523,recurso_narrativo,Recurso,mixta,recurso extraordinario por salto de instancia en los términos de los
343_p1673,LibroVol343-3.md,ok,218,8740,pie_genuino,Recurso,propia,0,6,56,0,94,5,388,"Recurso de queja interpuesto por la Provincia de Río Negro, Ministerio de Salud Pú­",218,pie_genuino,Recurso,propia,"Recurso de queja interpuesto por la Provincia de Río Negro, Ministerio de Salud Pú­"
343_p1688,LibroVol343-3.md,ok,267,9344,rotulo_pie,Tribunal de origen,propia,0,1,72,0,58,4,284,"tribunal de origen para que, por quien corresponda, emita un nuevo",267,rotulo_pie,Tribunal de origen,propia,"tribunal de origen para que, por quien corresponda, emita un nuevo"
343_p1738,LibroVol343-3.md,ok,479,11453,pie_genuino,Recurso,propia,0,5,42,0,33,2,48,"Recurso ordinario de apelación interpuesto por Javier Luis Endler, asistido por el Dr.",479,pie_genuino,Recurso,propia,"Recurso ordinario de apelación interpuesto por Javier Luis Endler, asistido por el Dr."
343_p1752,LibroVol343-3.md,ok,217,11766,pie_genuino,Recurso,propia,0,8,56,0,66,1,66,Recurso extraordinario interpuesto por OSDE Organización de Servicios Directos,217,pie_genuino,Recurso,propia,Recurso extraordinario interpuesto por OSDE Organización de Servicios Directos
343_p1762,LibroVol343-3.md,ok,195,12113,recurso_narrativo,Recurso,propia,0,4,87,0,3,5,1338,recursos de apelación.,195,recurso_narrativo,Recurso,propia,recursos de apelación.
343_p1784,LibroVol343-3.md,ok,259,12997,pie_genuino,Recurso,propia,0,9,52,0,59,1,59,Recurso de queja interpuesto por el Ministerio de Relaciones Exteriores y Culto (Di­,259,pie_genuino,Recurso,propia,Recurso de queja interpuesto por el Ministerio de Relaciones Exteriores y Culto (Di­
343_p1791,LibroVol343-3.md,ok,89,13092,pie_genuino,Recurso,propia,0,3,34,0,43,1,43,"Recurso de queja interpuesto por Pablo Andrés Melvin, representado por las Dras.",89,pie_genuino,Recurso,propia,"Recurso de queja interpuesto por Pablo Andrés Melvin, representado por las Dras."
343_p1794,LibroVol343-3.md,ok,237,13337,pie_genuino,Recurso,propia,0,10,50,0,145,2,302,Recurso de queja interpuesto por Provincia Aseguradora de Riesgos del Trabajo,237,pie_genuino,Recurso,propia,Recurso de queja interpuesto por Provincia Aseguradora de Riesgos del Trabajo
343_p1805,LibroVol343-3.md,ok,707,14212,recurso_narrativo,Recurso,propia,0,6,156,0,109,2,152,recurso extraordinario articulado surge expresamente que lo cuestio­,707,recurso_narrativo,Recurso,propia,recurso extraordinario articulado surge expresamente que lo cuestio­
343_p1827,LibroVol343-3.md,ok,355,14665,pie_genuino,Recurso,propia,0,8,72,0,59,1,59,Recurso de queja interpuesto por Teresa del Valle Ferreyra y Francisco Fernando,355,pie_genuino,Recurso,propia,Recurso de queja interpuesto por Teresa del Valle Ferreyra y Francisco Fernando
343_p1841,LibroVol343-3.md,ok,447,15282,pie_genuino,Recurso,propia,0,11,165,0,45,1,45,"Recurso extraordinario interpuesto por el Ministerio de Trabajo, Empleo y Seguridad",447,pie_genuino,Recurso,propia,"Recurso extraordinario interpuesto por el Ministerio de Trabajo, Empleo y Seguridad"
343_p1854,LibroVol343-3.md,ok,164,15502,pie_genuino,Recurso,propia,0,6,55,0,30,2,50,"Recurso de queja interpuesto por el Banco de la Nación Argentina, representado por",164,pie_genuino,Recurso,propia,"Recurso de queja interpuesto por el Banco de la Nación Argentina, representado por"
343_p1871,LibroVol343-3.md,ok,883,16883,recurso_narrativo,Recurso,propia,0,9,176,0,34,2,81,recurso extraordinario y se confirma la decisión recurrida. Acumúlese,883,recurso_narrativo,Recurso,propia,recurso extraordinario y se confirma la decisión recurrida. Acumúlese
343_p1894,LibroVol343-3.md,ok,525,17422,recurso_narrativo,Recurso,propia,0,4,177,0,245,4,713,"recursos limitados para la satisfacción de necesidades ilimitadas, per­",525,recurso_narrativo,Recurso,propia,"recursos limitados para la satisfacción de necesidades ilimitadas, per­"
343_p1914,LibroVol343-3.md,ok,338,17987,pie_genuino,Recurso,propia,0,3,37,0,24,2,83,Recurso extraordinario interpuesto por Société de Conseils de Recherches Et,338,pie_genuino,Recurso,propia,Recurso extraordinario interpuesto por Société de Conseils de Recherches Et
343_p1932,LibroVol343-3.md,ok,516,18824,pie_genuino,Recurso,propia,0,4,43,0,45,1,45,"Recurso ordinario interpuesto por Fanny Cornejo Copana, asistida por el Dr. Juan",516,pie_genuino,Recurso,propia,"Recurso ordinario interpuesto por Fanny Cornejo Copana, asistida por el Dr. Juan"
343_p1944,LibroVol343-3.md,ok,772,19601,rotulo_pie,Parte actora,propia,0,1,195,0,33,2,72,parte actora lo contesta a fs. 369/378. A fs. 379/380 impugna la prueba,772,rotulo_pie,Parte actora,propia,parte actora lo contesta a fs. 369/378. A fs. 379/380 impugna la prueba
343_p2011,LibroVol343-3.md,ok,304,21748,pie_genuino,Recurso,propia,0,6,109,0,64,1,64,Recurso de queja interpuesto por el presidente de la Comisión Directiva de la Asocia­,304,pie_genuino,Recurso,propia,Recurso de queja interpuesto por el presidente de la Comisión Directiva de la Asocia­
343_p2039,LibroVol343-3.md,ok,1044,23616,pie_genuino,Parte actora,propia,0,11,159,0,46,1,46,Parte Actora: Transportes Unidos del Sud S.R.L. representada por los Dres. Ramón,1044,pie_genuino,Parte actora,propia,Parte Actora: Transportes Unidos del Sud S.R.L. representada por los Dres. Ramón
343_p2067,LibroVol343-3.md,ok,513,24138,pie_genuino,Parte actora,propia,0,3,34,0,21,1,21,"Parte actora: Chañares Energía S.A.U., representada por Mariano Rovelli, patrocina­",513,pie_genuino,Parte actora,propia,"Parte actora: Chañares Energía S.A.U., representada por Mariano Rovelli, patrocina­"
343_p2087,LibroVol343-3.md,ok,259,24694,recurso_narrativo,Recurso,propia,0,2,35,0,17,2,41,recurso extraordinario previsto en el art. 14 de la ley 48 antes mencio­,259,recurso_narrativo,Recurso,propia,recurso extraordinario previsto en el art. 14 de la ley 48 antes mencio­
343_p2098,LibroVol343-3.md,ok,756,25568,recurso_narrativo,Recurso,propia,0,2,49,0,92,7,1627,"recurso extraordinario federal a fs. 8088/8103, contra la sentencia de la",756,recurso_narrativo,Recurso,propia,"recurso extraordinario federal a fs. 8088/8103, contra la sentencia de la"
343_p2135,LibroVol343-3.md,ok,373,26736,pie_genuino,Recurso,propia,0,5,120,0,29,1,29,"Recurso de queja interpuesto por Anselmi y Cía. SRL, representada por el Dr. Carlos",373,pie_genuino,Recurso,propia,"Recurso de queja interpuesto por Anselmi y Cía. SRL, representada por el Dr. Carlos"
343_p2145,LibroVol343-3.md,ok,210,26949,pie_genuino,Recurso,propia,0,3,42,0,47,1,47,"Recurso de queja interpuesto por Galeno Aseguradora de Riesgos del Trabajo S.A.,",210,pie_genuino,Recurso,propia,"Recurso de queja interpuesto por Galeno Aseguradora de Riesgos del Trabajo S.A.,"
343_p2161,LibroVol343-3.md,ok,591,27937,pie_genuino,Recurso,propia,0,5,61,0,24,1,24,"Recurso ordinario interpuesto por Luis Francisco Espitia Salazar, asistido por el Dr.",591,pie_genuino,Recurso,propia,"Recurso ordinario interpuesto por Luis Francisco Espitia Salazar, asistido por el Dr."
343_p2176,LibroVol343-3.md,ok,166,28106,pie_genuino,Recurso,propia,0,6,39,0,41,2,64,"Recurso extraordinario interpuesto por la demandada, Obra Social de Conductores",166,pie_genuino,Recurso,propia,"Recurso extraordinario interpuesto por la demandada, Obra Social de Conductores"
343_p2211,LibroVol343-3.md,ok,1274,30543,pie_genuino,Recurso,propia,0,8,281,0,72,1,72,"Recurso extraordinario interpuesto por Gente Grossa S.R.L., demandada en autos,",1274,pie_genuino,Recurso,propia,"Recurso extraordinario interpuesto por Gente Grossa S.R.L., demandada en autos,"
343_p2255,LibroVol343-3.md,ok,628,31676,rotulo_pie,Tribunal de origen,propia,0,8,74,0,28,2,83,"tribunal de origen para que, por intermedio de quien corresponda, se",628,rotulo_pie,Tribunal de origen,propia,"tribunal de origen para que, por intermedio de quien corresponda, se"
343_p2271,LibroVol343-3.md,ok,351,32037,pie_genuino,Parte actora,propia,0,3,68,0,28,1,28,"Parte actora: Sinopec Argentina Exploration and Production Inc., Sucursal Argenti­",351,pie_genuino,Parte actora,propia,"Parte actora: Sinopec Argentina Exploration and Production Inc., Sucursal Argenti­"
343_p2280,LibroVol343-3.md,ok,1493,33533,recurso_narrativo,Recurso,propia,0,8,214,0,241,19,5760,recurso extraordinario de inaplicabilidad de ley en causa nº 43.787 y,1493,recurso_narrativo,Recurso,propia,recurso extraordinario de inaplicabilidad de ley en causa nº 43.787 y
344_p5,LibroVol344-1.md,ok,640,826,pie_genuino,Recurso,propia,0,8,39,0,56,1,56,"Recurso de queja interpuesto por Ramona Magdalena Lencina, actora en autos, re­",640,pie_genuino,Recurso,propia,"Recurso de queja interpuesto por Ramona Magdalena Lencina, actora en autos, re­"
344_p21,LibroVol344-1.md,ok,1143,1975,pie_genuino,Recurso,propia,0,4,60,0,36,1,36,"Recurso ordinario interpuesto por: Dra. Alejandra Mángano, Fiscal interinamente a",1143,pie_genuino,Recurso,propia,"Recurso ordinario interpuesto por: Dra. Alejandra Mángano, Fiscal interinamente a"
344_p57,LibroVol344-1.md,ok,158,2479,pie_genuino,Recurso,propia,0,3,37,0,44,1,44,"Recurso de queja interpuesto por Néstor Farías Bouvier, representado por el Dr. Nor­",158,pie_genuino,Recurso,propia,"Recurso de queja interpuesto por Néstor Farías Bouvier, representado por el Dr. Nor­"
344_p81,LibroVol344-1.md,ok,758,3997,recurso_narrativo,Recurso,propia,0,2,102,0,96,4,924,"recurso extraordinario, no basta la aserción de una determinada solu­",758,recurso_narrativo,Recurso,propia,"recurso extraordinario, no basta la aserción de una determinada solu­"
344_p116,LibroVol344-1.md,ok,411,5051,rotulo_pie,Parte actora,propia,0,1,47,0,2,3,82,parte actora.,411,rotulo_pie,Parte actora,propia,parte actora.
344_p140,LibroVol344-1.md,ok,750,6357,pie_genuino,Recurso,propia,0,2,55,0,31,2,99,Recurso extraordinario interpuesto por la Administración Federal de Ingresos Pú­,750,pie_genuino,Recurso,propia,Recurso extraordinario interpuesto por la Administración Federal de Ingresos Pú­
344_p174,LibroVol344-1.md,ok,1547,8479,rotulo_pie,Parte actora,propia,0,9,183,0,39,3,40,"Parte actora (única presentada): Silvia Graciela Saavedra y Ramón Héctor Luna, por",1547,rotulo_pie,Parte actora,propia,"Parte actora (única presentada): Silvia Graciela Saavedra y Ramón Héctor Luna, por"
344_p277,LibroVol344-1.md,ok,1070,11985,pie_genuino,Recurso,propia,0,9,70,0,52,1,52,Recurso de queja interpuesto por la Administración Federal de Ingresos Públicos –,1070,pie_genuino,Recurso,propia,Recurso de queja interpuesto por la Administración Federal de Ingresos Públicos –
344_p307,LibroVol344-1.md,ok,320,12440,pie_genuino,Recurso,propia,0,6,49,0,38,2,71,"Recurso extraordinario interpuesto por Turismo Doss S.A., representada por el Dr.",320,pie_genuino,Recurso,propia,"Recurso extraordinario interpuesto por Turismo Doss S.A., representada por el Dr."
344_p316,LibroVol344-1.md,ok,352,12804,pie_genuino,Parte actora,propia,0,3,67,0,19,1,19,"Parte actora: Dra. Romina Natalia Ibarrola, letrada en causa propia.",352,pie_genuino,Parte actora,propia,"Parte actora: Dra. Romina Natalia Ibarrola, letrada en causa propia."
344_p329,LibroVol344-1.md,ok,226,13196,pie_genuino,Recurso,propia,0,3,75,0,86,1,86,"Recurso extraordinario interpuesto por la demandada, Caja de Seguridad Social para",226,pie_genuino,Recurso,propia,"Recurso extraordinario interpuesto por la demandada, Caja de Seguridad Social para"
344_p362,LibroVol344-1.md,ok,406,14600,pie_genuino,Recurso,propia,0,9,108,0,43,1,43,"Recurso de queja interpuesto por Eduardo Emilio Kalinec, asistido por la Dra. Mag­",406,pie_genuino,Recurso,propia,"Recurso de queja interpuesto por Eduardo Emilio Kalinec, asistido por la Dra. Mag­"
344_p409,LibroVol344-1.md,ok,437,16424,rotulo_pie,Parte actora,propia,0,3,46,0,31,2,32,"Parte actora (única presentada): Sergio Raúl Ullate, con el patrocinio letrado de la",437,rotulo_pie,Parte actora,propia,"Parte actora (única presentada): Sergio Raúl Ullate, con el patrocinio letrado de la"
344_p421,LibroVol344-1.md,ok,374,16807,pie_genuino,Recurso,propia,0,11,84,0,69,1,69,"Recurso extraordinario interpuesto por el Banco de la Provincia de Buenos Aires,",374,pie_genuino,Recurso,propia,"Recurso extraordinario interpuesto por el Banco de la Provincia de Buenos Aires,"
344_p494,LibroVol344-1.md,ok,495,19813,pie_genuino,Parte actora,propia,0,10,41,0,34,1,34,"Parte actora: María Laura De Aguirre y otro, por derecho propio, con el patrocinio",495,pie_genuino,Parte actora,propia,"Parte actora: María Laura De Aguirre y otro, por derecho propio, con el patrocinio"
344_p507,LibroVol344-1.md,ok,775,20595,pie_genuino,Parte actora,propia,0,9,72,0,80,1,80,"Parte actora: Eduardo René Mondino, Defensor del Pueblo de la Nación, y los Dres.",775,pie_genuino,Parte actora,propia,"Parte actora: Eduardo René Mondino, Defensor del Pueblo de la Nación, y los Dres."
344_p535,LibroVol344-1.md,ok,392,21288,pie_genuino,Recurso,propia,0,6,106,0,44,1,44,"Recurso de queja interpuesto por Federación Patronal Seguros S.A., representada por",392,pie_genuino,Recurso,propia,"Recurso de queja interpuesto por Federación Patronal Seguros S.A., representada por"
344_p566,LibroVol344-1.md,ok,210,22295,pie_genuino,Recurso,propia,0,6,45,0,54,1,54,"Recurso de queja interpuesto por Experta S.A. (ex Qbe S.A.), Aseguradora de Riesgos",210,pie_genuino,Recurso,propia,"Recurso de queja interpuesto por Experta S.A. (ex Qbe S.A.), Aseguradora de Riesgos"
344_p575,LibroVol344-1.md,ok,1043,23469,pie_genuino,Recurso,propia,0,8,146,0,19,2,51,"Recurso de queja interpuesto por EDESUR S.A., codemandada en autos, representa­",1043,pie_genuino,Recurso,propia,"Recurso de queja interpuesto por EDESUR S.A., codemandada en autos, representa­"
344_p653,LibroVol344-1.md,ok,244,25712,pie_genuino,Parte actora,propia,0,8,36,0,63,1,63,"Parte actora: Gobierno de la Ciudad de Buenos Aires, representada por los Dres.",244,pie_genuino,Parte actora,propia,"Parte actora: Gobierno de la Ciudad de Buenos Aires, representada por los Dres."
344_p660,LibroVol344-1.md,ok,220,25942,pie_genuino,Parte actora,propia,0,8,41,0,71,2,90,"Parte actora: Gobierno de la Ciudad de Buenos Aires, representada por su apode­",220,pie_genuino,Parte actora,propia,"Parte actora: Gobierno de la Ciudad de Buenos Aires, representada por su apode­"
344_p711,LibroVol344-1.md,ok,400,28004,pie_genuino,Recurso,propia,0,5,60,0,53,1,53,Recurso de queja interpuesto por OSDE Organización de Servicios Directos Empre­,400,pie_genuino,Recurso,propia,Recurso de queja interpuesto por OSDE Organización de Servicios Directos Empre­
344_p731,LibroVol344-1.md,ok,382,28788,pie_genuino,Recurso,propia,0,12,48,0,47,1,47,"Recurso de queja interpuesto por Federación Patronal Seguros S.A., demandada en",382,pie_genuino,Recurso,propia,"Recurso de queja interpuesto por Federación Patronal Seguros S.A., demandada en"
344_p741,LibroVol344-1.md,ok,326,29119,pie_genuino,Recurso,propia,0,6,90,0,47,1,47,"Recurso de queja interpuesto por Galeno Aseguradora de Riesgos del Trabajo S.A.,",326,pie_genuino,Recurso,propia,"Recurso de queja interpuesto por Galeno Aseguradora de Riesgos del Trabajo S.A.,"
344_p809,LibroVol344-1.md,ok,3308,34660,rotulo_pie,Profesionales,propia,0,2,938,0,59,3,754,"profesionales; y promover el progreso económico, el desarrollo hu­",3308,rotulo_pie,Profesionales,propia,"profesionales; y promover el progreso económico, el desarrollo hu­"
344_p936,LibroVol344-1.md,ok,1732,38108,rotulo_pie,Nombre del,propia,0,9,212,0,45,1,45,Nombre del actor: Central Puerto S.A.,1732,rotulo_pie,Nombre del,propia,Nombre del actor: Central Puerto S.A.
344_p983,LibroVol344-1.md,ok,221,38439,rotulo_pie,Parte actora,propia,0,1,57,0,29,2,72,parte actora los montos retenidos en concepto de impuesto a las ga­,221,rotulo_pie,Parte actora,propia,parte actora los montos retenidos en concepto de impuesto a las ga­
344_p1013,LibroVol344-1.md,ok,370,39686,recurso_narrativo,Recurso,propia,0,6,151,0,363,4,1170,recurso.,370,recurso_narrativo,Recurso,propia,recurso.
344_p1033,LibroVol344-1.md,ok,211,40299,rotulo_pie,Parte demandada,propia,0,1,40,0,359,4,942,parte demandada acompañó copia certificada del expediente adminis­,211,rotulo_pie,Parte demandada,propia,parte demandada acompañó copia certificada del expediente adminis­
344_p1062,LibroVol344-1.md,ok,294,41426,pie_genuino,Recurso,propia,0,3,78,0,52,1,52,"Recurso de queja interpuesto por la Asociación de Anestesia, Analgesia y Reanimación",294,pie_genuino,Recurso,propia,"Recurso de queja interpuesto por la Asociación de Anestesia, Analgesia y Reanimación"
344_p1082,LibroVol344-1.md,ok,495,42416,recurso_narrativo,Recurso,propia,0,3,118,0,183,7,2195,"recurso de apelación ordinario (fs. 480/481) que, concedido (fs. 482), fue",495,recurso_narrativo,Recurso,propia,"recurso de apelación ordinario (fs. 480/481) que, concedido (fs. 482), fue"
344_p1102,LibroVol344-1.md,ok,1236,43971,recurso_narrativo,Recurso,propia,0,7,304,0,228,3,908,recurso de queja.,1236,recurso_narrativo,Recurso,propia,recurso de queja.
344_p1151,LibroVol344-1.md,ok,2340,46983,pie_genuino,Recurso,propia,0,13,38,0,40,1,40,"Recurso de queja interpuesto por la Municipalidad de la Ciudad de Arroyito, repre­",2340,pie_genuino,Recurso,propia,"Recurso de queja interpuesto por la Municipalidad de la Ciudad de Arroyito, repre­"
344_p1235,LibroVol344-1.md,ok,375,48291,pie_genuino,Parte actora,propia,0,9,47,0,45,1,45,"Parte actora: Provincia de La Pampa, representada por Carlos Alberto Verna, Go­",375,pie_genuino,Parte actora,propia,"Parte actora: Provincia de La Pampa, representada por Carlos Alberto Verna, Go­"
344_p1270,LibroVol344-2.md,ok,504,980,pie_genuino,Recurso,propia,0,7,131,0,48,1,48,"Recurso de queja interpuesto por Anabel Matilde Orozco, actora en autos, con el pa­",504,pie_genuino,Recurso,propia,"Recurso de queja interpuesto por Anabel Matilde Orozco, actora en autos, con el pa­"
344_p1315,LibroVol344-2.md,ok,127,2359,pie_genuino,Recurso,propia,0,6,45,0,46,1,46,Recurso de queja interpuesto por Axa Assistance Argentina S.A representada por el,127,pie_genuino,Recurso,propia,Recurso de queja interpuesto por Axa Assistance Argentina S.A representada por el
344_p1362,LibroVol344-2.md,ok,437,4513,pie_genuino,Recurso,propia,0,7,53,0,48,1,48,"Recurso ordinario de apelación interpuesto por Horacio Alberto Ramírez, asistido por",437,pie_genuino,Recurso,propia,"Recurso ordinario de apelación interpuesto por Horacio Alberto Ramírez, asistido por"
344_p1374,LibroVol344-2.md,ok,589,5107,pie_genuino,Recurso,propia,0,5,36,0,29,1,29,"Recurso extraordinario interpuesto por Behel Bhoy Arbin Santillán Ríos, asistido por",589,pie_genuino,Recurso,propia,"Recurso extraordinario interpuesto por Behel Bhoy Arbin Santillán Ríos, asistido por"
344_p1411,LibroVol344-2.md,ok,951,6987,pie_genuino,Recurso,propia,0,6,180,0,78,1,78,Recurso extraordinario interpuesto por la Administración Federal de Ingresos Públi­,951,pie_genuino,Recurso,propia,Recurso extraordinario interpuesto por la Administración Federal de Ingresos Públi­
344_p1458,LibroVol344-2.md,ok,222,8061,pie_genuino,Recurso,propia,0,3,41,0,60,1,60,"Recurso extraordinario interpuesto por la AFIP – DGI, representada por las Dras. Mir­",222,pie_genuino,Recurso,propia,"Recurso extraordinario interpuesto por la AFIP – DGI, representada por las Dras. Mir­"
344_p1464,LibroVol344-2.md,ok,639,8707,pie_genuino,Recurso,propia,0,9,91,0,70,2,152,"Recurso ordinario interpuesto por el Banco Central de la República Argentina, re­",639,pie_genuino,Recurso,propia,"Recurso ordinario interpuesto por el Banco Central de la República Argentina, re­"
344_p1499,LibroVol344-2.md,ok,303,9694,pie_genuino,Recurso,propia,0,4,45,0,262,1,262,"Recurso de queja interpuesto por ADECUA, representada por el Dr. Osvaldo Enrique",303,pie_genuino,Recurso,propia,"Recurso de queja interpuesto por ADECUA, representada por el Dr. Osvaldo Enrique"
344_p1509,LibroVol344-2.md,ok,1064,10834,pie_genuino,Recurso,propia,0,3,144,0,54,1,54,"Recurso extraordinario interpuesto por la Dra. Laura Beatriz Pollastri, Defensora",1064,pie_genuino,Recurso,propia,"Recurso extraordinario interpuesto por la Dra. Laura Beatriz Pollastri, Defensora"
344_p1557,LibroVol344-2.md,ok,3019,14709,pie_genuino,Recurso,propia,0,14,671,0,55,2,56,"Recurso de queja interpuesto por Farmacity S.A., representada por el Dr. Ga­",3019,pie_genuino,Recurso,propia,"Recurso de queja interpuesto por Farmacity S.A., representada por el Dr. Ga­"
344_p1657,LibroVol344-2.md,ok,589,16166,recurso_narrativo,Recurso,propia,0,5,90,0,356,5,1226,recurso extraordinario cuya denegación origina la presente queja.,589,recurso_narrativo,Recurso,propia,recurso extraordinario cuya denegación origina la presente queja.
344_p1716,LibroVol344-2.md,ok,693,18608,pie_genuino,Recurso,propia,0,2,151,0,178,2,526,recursos interpuestos por las defensas respecto de resoluciones que,693,pie_genuino,Recurso,propia,recursos interpuestos por las defensas respecto de resoluciones que
344_p1757,LibroVol344-2.md,ok,207,19738,recurso_narrativo,Recurso,propia,0,5,61,0,48,1,48,recurso extraordinario y se revoca la sentencia recurrida con el alcan­,207,recurso_narrativo,Recurso,propia,recurso extraordinario y se revoca la sentencia recurrida con el alcan­
344_p1810,LibroVol344-2.md,ok,731,22297,pie_genuino,Recurso,propia,0,2,74,0,74,1,74,Recurso extraordinario interpuesto por la Administración Federal de Ingresos Públi­,731,pie_genuino,Recurso,propia,Recurso extraordinario interpuesto por la Administración Federal de Ingresos Públi­
344_p1845,LibroVol344-2.md,ok,480,23379,pie_genuino,Parte actora,propia,0,3,46,0,39,1,39,"Parte actora: Colorantes Industriales Argentina S.A., representada por el Dr. John",480,pie_genuino,Parte actora,propia,"Parte actora: Colorantes Industriales Argentina S.A., representada por el Dr. John"
344_p1857,LibroVol344-2.md,ok,848,24230,recurso_narrativo,Recurso,propia,0,2,133,0,236,8,2093,"recursos concedidos, que determinan el ámbito de su facultad deci­",848,recurso_narrativo,Recurso,propia,"recursos concedidos, que determinan el ámbito de su facultad deci­"
344_p1906,LibroVol344-2.md,ok,176,25448,pie_genuino,Recurso,propia,0,7,32,0,62,1,62,"Recurso de queja interpuesto por Asociart S.A., Aseguradora de Riesgos del Trabajo",176,pie_genuino,Recurso,propia,"Recurso de queja interpuesto por Asociart S.A., Aseguradora de Riesgos del Trabajo"
344_p1911,LibroVol344-2.md,ok,158,25616,pie_genuino,Recurso,propia,0,2,45,0,54,1,54,"Recurso de queja interpuesto por el Banco Central de la República Argentina, re­",158,pie_genuino,Recurso,propia,"Recurso de queja interpuesto por el Banco Central de la República Argentina, re­"
344_p1915,LibroVol344-2.md,ok,154,25774,pie_genuino,Recurso,propia,0,6,42,0,57,1,57,Recurso de queja interpuesto por el Estado Nacional (Ministerio de Justicia y Dere­,154,pie_genuino,Recurso,propia,Recurso de queja interpuesto por el Estado Nacional (Ministerio de Justicia y Dere­
344_p1920,LibroVol344-2.md,ok,322,26106,pie_genuino,Parte actora,propia,0,3,51,0,108,1,108,"Parte actora: Comunidad Indígena Toba La Primavera - Navogoh, representada por",322,pie_genuino,Parte actora,propia,"Parte actora: Comunidad Indígena Toba La Primavera - Navogoh, representada por"
344_p1930,LibroVol344-2.md,ok,245,26417,pie_genuino,Recurso,propia,0,2,51,0,40,1,40,"Recurso de queja interpuesto por Carlos Alfredo Gómez, asistido por el Dr. César Al­",245,pie_genuino,Recurso,propia,"Recurso de queja interpuesto por Carlos Alfredo Gómez, asistido por el Dr. César Al­"
344_p1936,LibroVol344-2.md,ok,610,27031,pie_genuino,Recurso,propia,0,6,111,0,45,1,45,"Recurso de queja interpuesto por Pedro Alejandro Juárez, parte actora, letrado en",610,pie_genuino,Recurso,propia,"Recurso de queja interpuesto por Pedro Alejandro Juárez, parte actora, letrado en"
344_p2002,LibroVol344-2.md,ok,353,29351,pie_genuino,Recurso,propia,0,8,85,0,62,1,62,Recurso de queja interpuesto por La Meridional Compañía Argentina de Seguros,353,pie_genuino,Recurso,propia,Recurso de queja interpuesto por La Meridional Compañía Argentina de Seguros
344_p2057,LibroVol344-2.md,ok,164,31310,pie_genuino,Recurso,propia,0,6,42,0,52,1,52,Recurso de queja interpuesto por la Organización de Servicios Directos Empresarios,164,pie_genuino,Recurso,propia,Recurso de queja interpuesto por la Organización de Servicios Directos Empresarios
344_p2062,LibroVol344-2.md,ok,723,32043,pie_genuino,Recurso,propia,0,7,144,0,31,1,31,"Recurso ordinario interpuesto por Fernando Javier Servian, asistido por el Dr. Eduar­",723,pie_genuino,Recurso,propia,"Recurso ordinario interpuesto por Fernando Javier Servian, asistido por el Dr. Eduar­"
344_p2175,LibroVol344-2.md,ok,2464,38129,recurso_narrativo,Recurso,mixta,1,9,425,0,133,17,5790,"recurso extraordinario, pto. 4.1.2., fs. 1586 vta., 1º párr.). El 9 de mayo",2464,recurso_narrativo,Recurso,mixta,"recurso extraordinario, pto. 4.1.2., fs. 1586 vta., 1º párr.). El 9 de mayo"
344_p2251,LibroVol344-2.md,ok,169,38902,pie_genuino,Recurso,propia,0,3,47,0,31,2,45,"Recurso de queja interpuesto por el Banco de San Juan S.A., representado por el Dr.",169,pie_genuino,Recurso,propia,"Recurso de queja interpuesto por el Banco de San Juan S.A., representado por el Dr."
344_p2307,LibroVol344-2.md,ok,1292,42199,pie_genuino,Recurso,propia,0,3,261,0,45,1,45,"Recurso de queja interpuesto por Jonathan Jesús Pogonza, parte actora, representa­",1292,pie_genuino,Recurso,propia,"Recurso de queja interpuesto por Jonathan Jesús Pogonza, parte actora, representa­"
344_p2339,LibroVol344-2.md,ok,1779,43983,pie_genuino,Recurso,propia,0,11,320,0,72,1,72,"Recurso extraordinario interpuesto por la alianza “Vamos Mendocinos”, representada",1779,pie_genuino,Recurso,propia,"Recurso extraordinario interpuesto por la alianza “Vamos Mendocinos”, representada"
344_p2404,LibroVol344-2.md,ok,183,44997,pie_genuino,Recurso,propia,0,3,52,0,48,1,48,"Recurso de queja interpuesto por Restaurant Partners S.A., representada por el Dr.",183,pie_genuino,Recurso,propia,"Recurso de queja interpuesto por Restaurant Partners S.A., representada por el Dr."
344_p2409,LibroVol344-2.md,ok,180,45181,recurso_narrativo,Recurso,solo_pre_apertura,1,0,202,1,83,4,223,RECURSO EXTRAORDINARIO,711,pie_genuino,Recurso,mixta,"Recurso de queja interpuesto por Héctor Ismael Rodríguez, asistido por el Dr. Enri­"
344_p2441,LibroVol344-2.md,ok,662,46877,recurso_narrativo,Recurso,propia,0,6,158,0,62,3,314,recurso extraordinario solo cuando se acredite la violación del debido,662,recurso_narrativo,Recurso,propia,recurso extraordinario solo cuando se acredite la violación del debido
344_p2465,LibroVol344-2.md,ok,130,47310,recurso_narrativo,Recurso,propia,0,1,62,0,17,2,59,recurso extraordinario previsto en el art. 14 de la ley 48 antes mencio­,130,recurso_narrativo,Recurso,propia,recurso extraordinario previsto en el art. 14 de la ley 48 antes mencio­
344_p2471,LibroVol344-2.md,ok,423,47813,pie_genuino,Recurso,propia,0,3,159,0,77,1,77,"Recursos de queja interpuestos por A. K. V., representada por la Dra. María Florencia",423,pie_genuino,Recurso,propia,"Recursos de queja interpuestos por A. K. V., representada por la Dra. María Florencia"
344_p2543,LibroVol344-2.md,ok,653,50830,pie_genuino,Recurso,propia,0,3,110,0,56,1,56,"Recurso de queja interpuesto por Leandro Marisi, por su propio derecho, actor en",653,pie_genuino,Recurso,propia,"Recurso de queja interpuesto por Leandro Marisi, por su propio derecho, actor en"
344_p2559,LibroVol344-2.md,ok,537,51372,rotulo_pie,Tribunal de origen,propia,0,7,46,0,27,2,81,"tribunal de origen a fin de que, por medio de quien corresponda, pro­",537,rotulo_pie,Tribunal de origen,propia,"tribunal de origen a fin de que, por medio de quien corresponda, pro­"
344_p2573,LibroVol344-2.md,ok,164,51550,recurso_narrativo,Recurso,propia,0,4,82,0,129,5,1171,recurso de apelación no era el ámbito en el cual podía plantearse la in­,164,recurso_narrativo,Recurso,propia,recurso de apelación no era el ámbito en el cual podía plantearse la in­
344_p2581,LibroVol344-2.md,ok,396,52076,pie_genuino,Recurso,propia,0,13,88,0,46,1,46,"Recurso de queja interpuesto por el Ministerio de Relaciones Exteriores y Culto, re­",396,pie_genuino,Recurso,propia,"Recurso de queja interpuesto por el Ministerio de Relaciones Exteriores y Culto, re­"
344_p2591,LibroVol344-2.md,ok,352,52433,pie_genuino,Recurso,propia,0,6,125,0,80,1,80,"Recurso extraordinario interpuesto por la Universidad Nacional de La Plata, parte",352,pie_genuino,Recurso,propia,"Recurso extraordinario interpuesto por la Universidad Nacional de La Plata, parte"
344_p2601,LibroVol344-2.md,ok,575,53020,recurso_narrativo,Recurso,propia,0,6,252,0,392,14,4111,"recurso extraordinario (fs. 324/332), que fue concedido en orden a la",575,recurso_narrativo,Recurso,propia,"recurso extraordinario (fs. 324/332), que fue concedido en orden a la"
344_p2629,LibroVol344-3.md,ok,299,350,recurso_narrativo,Recurso,propia,0,2,50,0,175,4,926,recurso de apelación planteado por este contra la decisión de primera,299,recurso_narrativo,Recurso,propia,recurso de apelación planteado por este contra la decisión de primera
344_p2647,LibroVol344-3.md,ok,436,1186,pie_genuino,Recurso,propia,0,4,129,0,97,1,97,"Recurso de extraordinario interpuesto por M.L.A. y D.E.F., con el patrocinio letrado de",436,pie_genuino,Recurso,propia,"Recurso de extraordinario interpuesto por M.L.A. y D.E.F., con el patrocinio letrado de"
344_p2659,LibroVol344-3.md,ok,254,1452,pie_genuino,Recurso,propia,0,2,57,0,85,1,85,"Recursos extraordinarios interpuestos por Juan Ariel Antonio, representado por el",254,pie_genuino,Recurso,propia,"Recursos extraordinarios interpuestos por Juan Ariel Antonio, representado por el"
344_p2690,LibroVol344-3.md,ok,682,3095,recurso_narrativo,Recurso,propia,0,1,247,0,70,10,2393,recurso extraordinario. 2) Confirmar la sentencia apelada en cuanto,682,recurso_narrativo,Recurso,propia,recurso extraordinario. 2) Confirmar la sentencia apelada en cuanto
344_p2728,LibroVol344-3.md,ok,694,4629,recurso_narrativo,Recurso,propia,0,6,150,0,239,9,2294,recurso de hecho.,694,recurso_narrativo,Recurso,propia,recurso de hecho.
344_p2779,LibroVol344-3.md,ok,435,6374,pie_genuino,Recurso,propia,0,3,101,0,27,2,60,"Recurso extraordinario interpuesto por el Estado Nacional – Ministerio de Justicia,",435,pie_genuino,Recurso,propia,"Recurso extraordinario interpuesto por el Estado Nacional – Ministerio de Justicia,"
344_p2791,LibroVol344-3.md,ok,783,7168,pie_genuino,Recurso,propia,0,7,123,0,25,1,25,"Recurso ordinario de apelación interpuesto por Héctor Adolfo Casco, asistido por la",783,pie_genuino,Recurso,propia,"Recurso ordinario de apelación interpuesto por Héctor Adolfo Casco, asistido por la"
344_p2858,LibroVol344-3.md,ok,375,9414,pie_genuino,Recurso,propia,0,12,81,0,75,1,75,"Recurso extraordinario interpuesto por Valentín Artigas, actor en autos, representado",375,pie_genuino,Recurso,propia,"Recurso extraordinario interpuesto por Valentín Artigas, actor en autos, representado"
344_p2868,LibroVol344-3.md,ok,1329,10752,pie_genuino,Recurso,propia,0,10,122,0,92,1,92,"Recurso extraordinario interpuesto por C. B. B. y P. F. M., en representación de su hijo,",1329,pie_genuino,Recurso,propia,"Recurso extraordinario interpuesto por C. B. B. y P. F. M., en representación de su hijo,"
344_p2901,LibroVol344-3.md,ok,826,11586,pie_genuino,Recurso,propia,0,3,288,0,87,1,87,"Recursos de queja interpuestos por los actores C. L. R. y C. A. C., patrocinados por el",826,pie_genuino,Recurso,propia,"Recursos de queja interpuestos por los actores C. L. R. y C. A. C., patrocinados por el"
344_p2922,LibroVol344-3.md,ok,817,12410,recurso_narrativo,Recurso,propia,0,4,125,0,42,7,1794,"recursos naturales, en tanto Pascua Lama es un proyecto minero bina­",817,recurso_narrativo,Recurso,propia,"recursos naturales, en tanto Pascua Lama es un proyecto minero bina­"
344_p2991,LibroVol344-3.md,ok,505,14877,recurso_narrativo,Recurso,propia,0,4,101,0,222,3,678,"recurso extraordinario un importe de US$ 171,79 por metro cuadrado,",505,recurso_narrativo,Recurso,propia,"recurso extraordinario un importe de US$ 171,79 por metro cuadrado,"
344_p3006,LibroVol344-3.md,ok,172,15130,pie_genuino,Recurso,propia,0,3,50,0,31,1,31,Recurso de queja interpuesto por la Administración Federal de Ingresos Públicos,172,pie_genuino,Recurso,propia,Recurso de queja interpuesto por la Administración Federal de Ingresos Públicos
344_p3011,LibroVol344-3.md,ok,1802,16935,pie_genuino,Recurso,propia,0,14,424,0,55,1,55,"Recurso de queja interpuesto por el Estado Nacional - Ministerio de Trabajo, Empleo",1802,pie_genuino,Recurso,propia,"Recurso de queja interpuesto por el Estado Nacional - Ministerio de Trabajo, Empleo"
344_p3057,LibroVol344-3.md,ok,391,17332,recurso_narrativo,Recurso,propia,0,5,124,0,219,5,748,recurso extraordinario se alega conjuntamente la causa de arbitra­,391,recurso_narrativo,Recurso,propia,recurso extraordinario se alega conjuntamente la causa de arbitra­
344_p3070,LibroVol344-3.md,ok,286,17718,pie_genuino,Parte actora,propia,0,2,41,0,61,1,61,"Parte actora: Provincia del Neuquén, representada por sus apoderados, doctores Ho­",286,pie_genuino,Parte actora,propia,"Parte actora: Provincia del Neuquén, representada por sus apoderados, doctores Ho­"
344_p3078,LibroVol344-3.md,ok,697,18425,pie_genuino,Recurso,propia,0,3,81,0,82,1,82,"Recurso extraordinario interpuesto por la actora L. I. A. G., representada por la Dra.",697,pie_genuino,Recurso,propia,"Recurso extraordinario interpuesto por la actora L. I. A. G., representada por la Dra."
344_p3095,LibroVol344-3.md,ok,292,18725,pie_genuino,Recurso,propia,0,11,98,0,82,1,82,Recurso extraordinario interpuesto por A.C.U.D.E.N representada por los Dres. Mario,292,pie_genuino,Recurso,propia,Recurso extraordinario interpuesto por A.C.U.D.E.N representada por los Dres. Mario
344_p3104,LibroVol344-3.md,ok,1175,19913,pie_genuino,Recurso,propia,0,12,125,0,66,1,66,"Recurso de queja interpuesto por Germán Luis Kammerath Gordillo, asistido por el",1175,pie_genuino,Recurso,propia,"Recurso de queja interpuesto por Germán Luis Kammerath Gordillo, asistido por el"
344_p3132,LibroVol344-3.md,ok,533,20452,pie_genuino,Recurso,propia,0,9,91,0,65,1,65,"Recurso extraordinario interpuesto por la Universidad de Buenos Aires, representada",533,pie_genuino,Recurso,propia,"Recurso extraordinario interpuesto por la Universidad de Buenos Aires, representada"
344_p3156,LibroVol344-3.md,ok,1622,22441,recurso_narrativo,Recurso,propia,0,1,235,0,343,14,4490,"recursos de la seguridad social que ascendía a un 400%, el Congreso",1622,recurso_narrativo,Recurso,propia,"recursos de la seguridad social que ascendía a un 400%, el Congreso"
344_p3230,LibroVol344-3.md,ok,490,24310,rotulo_pie,Profesionales,propia,0,7,153,0,276,7,2160,"profesionales del derecho, y que los actores presentaron recursos con­",490,rotulo_pie,Profesionales,propia,"profesionales del derecho, y que los actores presentaron recursos con­"
344_p3289,LibroVol344-3.md,ok,603,26715,pie_genuino,Recurso,propia,0,3,101,0,71,2,92,Recursos de queja interpuestos por el Centro de Estudios para la Promoción de la,603,pie_genuino,Recurso,propia,Recursos de queja interpuestos por el Centro de Estudios para la Promoción de la
344_p3330,LibroVol344-3.md,ok,558,28281,pie_genuino,Recurso,propia,0,10,103,0,43,1,43,"Recurso de queja interpuesto por Julio Héctor Vicario, actor en autos, representa­",558,pie_genuino,Recurso,propia,"Recurso de queja interpuesto por Julio Héctor Vicario, actor en autos, representa­"
344_p3345,LibroVol344-3.md,ok,514,28804,recurso_narrativo,Recurso,propia,0,5,208,0,334,12,3788,"recurso extraordinario (fs. 734/745), cuya denegación (fs. 764) motivó",514,recurso_narrativo,Recurso,propia,"recurso extraordinario (fs. 734/745), cuya denegación (fs. 764) motivó"
344_p3368,LibroVol344-3.md,ok,658,29864,rotulo_pie,Tribunal de origen,propia,0,6,177,0,32,2,100,"tribunal de origen a fin de que, por medio de quien corresponda, dicte",658,rotulo_pie,Tribunal de origen,propia,"tribunal de origen a fin de que, por medio de quien corresponda, dicte"
344_p3413,LibroVol344-3.md,ok,197,31163,pie_genuino,Parte actora,propia,0,4,39,0,26,1,26,"Parte actora: Cañuelas Gas S.A., representada por su letrado apoderado, doctor Ed­",197,pie_genuino,Parte actora,propia,"Parte actora: Cañuelas Gas S.A., representada por su letrado apoderado, doctor Ed­"
344_p3431,LibroVol344-3.md,ok,228,31916,recurso_narrativo,Recurso,propia,0,5,44,0,37,3,92,"recurso de queja, para que el juzgado de origen, previa verificación de",228,recurso_narrativo,Recurso,propia,"recurso de queja, para que el juzgado de origen, previa verificación de"
344_p3442,LibroVol344-3.md,ok,337,32440,pie_genuino,Parte actora,propia,0,4,55,0,45,1,45,"Parte actora: Asociación Argentina de Abogados Ambientalistas, representada por el",337,pie_genuino,Parte actora,propia,"Parte actora: Asociación Argentina de Abogados Ambientalistas, representada por el"
344_p3451,LibroVol344-3.md,ok,276,32720,recurso_narrativo,Recurso,propia,0,1,48,0,48,2,138,recurso extraordinario y se confirma la sentencia apelada con el al­,276,recurso_narrativo,Recurso,propia,recurso extraordinario y se confirma la sentencia apelada con el al­
344_p3458,LibroVol344-3.md,ok,172,32908,recurso_narrativo,Recurso,propia,0,1,121,0,137,3,225,"recurso extraordinario federal, cuya denegación derivó en la interposi­",172,recurso_narrativo,Recurso,propia,"recurso extraordinario federal, cuya denegación derivó en la interposi­"
344_p3476,LibroVol344-3.md,ok,2119,35492,rotulo_pie,Parte actora,propia,0,4,479,0,219,15,5554,"parte actora ha demostrado con contundencia que, mientras estuvie­",2119,rotulo_pie,Parte actora,propia,"parte actora ha demostrado con contundencia que, mientras estuvie­"
344_p3547,LibroVol344-3.md,ok,168,36377,pie_genuino,Recurso,propia,0,3,37,0,51,1,51,"Recurso de queja interpuesto por la citada en garantía Caja de Seguros S.A., repre­",168,pie_genuino,Recurso,propia,"Recurso de queja interpuesto por la citada en garantía Caja de Seguros S.A., repre­"
344_p3551,LibroVol344-3.md,ok,608,36990,pie_genuino,Recurso,propia,0,4,120,0,102,2,103,"Recurso extraordinario interpuesto por Joanna Agostina Picetti, por derecho propio,",608,pie_genuino,Recurso,propia,"Recurso extraordinario interpuesto por Joanna Agostina Picetti, por derecho propio,"
344_p3567,LibroVol344-3.md,ok,215,37220,pie_genuino,Recurso,propia,0,3,43,0,52,1,52,"Recurso extraordinario interpuesto por Corina Elena Garay, parte actora, representa­",215,pie_genuino,Recurso,propia,"Recurso extraordinario interpuesto por Corina Elena Garay, parte actora, representa­"
344_p3585,LibroVol344-3.md,ok,340,38046,pie_genuino,Recurso,propia,0,2,130,0,56,1,56,"Recurso extraordinario interpuesto por Carlos Eusebio Cañete, asistido por la Dra.",340,pie_genuino,Recurso,propia,"Recurso extraordinario interpuesto por Carlos Eusebio Cañete, asistido por la Dra."
344_p3600,LibroVol344-3.md,ok,356,38601,pie_genuino,Recurso,propia,0,6,95,0,65,2,82,"Recurso extraordinario interpuesto por la Dirección Nacional de Migraciones, parte",356,pie_genuino,Recurso,propia,"Recurso extraordinario interpuesto por la Dirección Nacional de Migraciones, parte"
344_p3613,LibroVol344-3.md,ok,151,38894,pie_genuino,Recurso,propia,0,3,47,0,46,1,46,"Recurso de queja interpuesto por el Estado Nacional – Ministerio de Hacienda, repre­",151,pie_genuino,Recurso,propia,"Recurso de queja interpuesto por el Estado Nacional – Ministerio de Hacienda, repre­"
344_p3636,LibroVol344-3.md,ok,1768,41386,pie_genuino,Recurso,propia,0,8,463,0,133,1,133,Recursos extraordinarios interpuestos por el Estado Nacional – Ministerio de Jus­,1768,pie_genuino,Recurso,propia,Recursos extraordinarios interpuestos por el Estado Nacional – Ministerio de Jus­
344_p3683,LibroVol344-3.md,ok,189,41588,pie_genuino,Recurso,propia,0,3,37,0,81,1,81,"Recurso extraordinario interpuesto por Crispín Antonio Peralta, actor en autos, re­",189,pie_genuino,Recurso,propia,"Recurso extraordinario interpuesto por Crispín Antonio Peralta, actor en autos, re­"
344_p3725,LibroVol344-3.md,ok,618,43541,rotulo_pie,Parte actora,propia,0,3,41,0,75,1,75,"Parte actora (única presentada): Ú. W., F. B., G. V. M., A. F. A. y Á. W., representados",618,rotulo_pie,Parte actora,propia,"Parte actora (única presentada): Ú. W., F. B., G. V. M., A. F. A. y Á. W., representados"
344_p3749,LibroVol344-3.md,ok,277,44151,recurso_narrativo,Recurso,propia,0,4,108,0,93,2,156,recurso de queja deducido para cuestionar el rechazo de su demanda,277,recurso_narrativo,Recurso,propia,recurso de queja deducido para cuestionar el rechazo de su demanda
344_p3782,LibroVol344-3.md,ok,339,45522,pie_genuino,Recurso,propia,0,6,147,0,58,5,698,"Recurso de queja interpuesto por Horacio Pedro Diez, asistido por los Dres. Federico",339,pie_genuino,Recurso,propia,"Recurso de queja interpuesto por Horacio Pedro Diez, asistido por los Dres. Federico"
345_p13,LibroVol345-1.md,ok,177,717,pie_genuino,Recurso,propia,0,6,44,0,38,1,38,Recurso extraordinario interpuesto por el Estado Nacional - Ministerio de Energía y,177,pie_genuino,Recurso,propia,Recurso extraordinario interpuesto por el Estado Nacional - Ministerio de Energía y
345_p22,LibroVol345-1.md,ok,582,1441,pie_genuino,Parte actora,propia,0,8,106,0,29,1,29,"Parte actora: Intendente de la ciudad de Castelli, señor Francisco José Echarren,",582,pie_genuino,Parte actora,propia,"Parte actora: Intendente de la ciudad de Castelli, señor Francisco José Echarren,"
345_p61,LibroVol345-1.md,ok,569,2938,pie_genuino,Recurso,propia,0,7,107,0,46,1,46,Recursos de queja interpuestos por la Municipalidad del Departamento Capital de,569,pie_genuino,Recurso,propia,Recursos de queja interpuestos por la Municipalidad del Departamento Capital de
345_p76,LibroVol345-1.md,ok,199,3145,rotulo_pie,Nombre del,propia,0,4,48,0,37,1,37,Nombre del actor: Outokumpu Fortinox S.A.,199,rotulo_pie,Nombre del,propia,Nombre del actor: Outokumpu Fortinox S.A.
345_p84,LibroVol345-1.md,ok,125,3372,pie_genuino,Recurso,propia,0,3,32,0,54,3,57,"Recurso de queja interpuesto por Juan Pablo Olmo, Defensor Público Tutor de la",125,pie_genuino,Recurso,propia,"Recurso de queja interpuesto por Juan Pablo Olmo, Defensor Público Tutor de la"
345_p89,LibroVol345-1.md,ok,354,3742,pie_genuino,Recurso,propia,0,4,52,0,184,1,184,"Recursos extraordinarios interpuestos por la sindicatura, representada por Martín",354,pie_genuino,Recurso,propia,"Recursos extraordinarios interpuestos por la sindicatura, representada por Martín"
345_p102,LibroVol345-1.md,ok,551,4436,pie_genuino,Recurso,propia,0,8,54,0,109,1,109,"Recurso extraordinario interpuesto por el Estado Nacional - Ejército Argentino, par­",551,pie_genuino,Recurso,propia,"Recurso extraordinario interpuesto por el Estado Nacional - Ejército Argentino, par­"
345_p123,LibroVol345-1.md,ok,539,5278,pie_genuino,Recurso,propia,0,10,85,0,74,1,74,"Recurso extraordinario interpuesto por el Dr. Javier Augusto De Luca, Fiscal General",539,pie_genuino,Recurso,propia,"Recurso extraordinario interpuesto por el Dr. Javier Augusto De Luca, Fiscal General"
345_p229,LibroVol345-1.md,ok,445,9115,pie_genuino,Recurso,propia,0,3,72,0,56,1,56,"Recurso ordinario interpuesto por Sergio Radiuk, asistido por el Dr. Ricardo Sigfrido",445,pie_genuino,Recurso,propia,"Recurso ordinario interpuesto por Sergio Radiuk, asistido por el Dr. Ricardo Sigfrido"
345_p263,LibroVol345-1.md,ok,255,10215,pie_genuino,Recurso,propia,0,3,40,0,67,1,67,"Recurso de queja interpuesto por Cecilia Andrea Goyeneche, por derecho propio, con",255,pie_genuino,Recurso,propia,"Recurso de queja interpuesto por Cecilia Andrea Goyeneche, por derecho propio, con"
345_p270,LibroVol345-1.md,ok,225,10446,pie_genuino,Recurso,propia,0,6,61,0,79,1,79,"Recurso extraordinario interpuesto por la Dirección Nacional de Migraciones, parte",225,pie_genuino,Recurso,propia,"Recurso extraordinario interpuesto por la Dirección Nacional de Migraciones, parte"
345_p291,LibroVol345-1.md,ok,202,11185,pie_genuino,Parte actora,propia,0,3,48,0,20,1,20,"Parte actora: Provincia de Formosa, representada por el Dr. Santiago Bertinat Gonnet.",202,pie_genuino,Parte actora,propia,"Parte actora: Provincia de Formosa, representada por el Dr. Santiago Bertinat Gonnet."
345_p298,LibroVol345-1.md,ok,1321,12568,pie_genuino,Recurso,propia,0,9,302,0,46,1,46,"Recurso de queja interpuesto por el Dr. Raúl Omar Pleé, Fiscal General ante la Cá­",1321,pie_genuino,Recurso,propia,"Recurso de queja interpuesto por el Dr. Raúl Omar Pleé, Fiscal General ante la Cá­"
345_p331,LibroVol345-1.md,ok,221,12794,pie_genuino,Recurso,propia,0,2,53,0,51,1,51,"Recurso de queja interpuesto por Ricardo Francisco Julio López, asistido por el Dr.",221,pie_genuino,Recurso,propia,"Recurso de queja interpuesto por Ricardo Francisco Julio López, asistido por el Dr."
345_p358,LibroVol345-1.md,ok,800,14403,pie_genuino,Recurso,propia,0,4,120,0,138,1,138,"Recursos extraordinario y de queja interpuestos por la parte actora M. P. S., representa­",800,pie_genuino,Recurso,propia,"Recursos extraordinario y de queja interpuestos por la parte actora M. P. S., representa­"
345_p423,LibroVol345-1.md,ok,242,16328,pie_genuino,Recurso,propia,0,3,48,0,38,2,74,"Recurso de queja interpuesto por Cristina Elisabet Fernández de Kirchner, asistida",242,pie_genuino,Recurso,propia,"Recurso de queja interpuesto por Cristina Elisabet Fernández de Kirchner, asistida"
345_p430,LibroVol345-1.md,ok,367,16705,pie_genuino,Recurso,propia,0,3,80,0,42,1,42,"Recurso de queja interpuesto por Cristina Elisabet Fernández de Kirchner, asistida",367,pie_genuino,Recurso,propia,"Recurso de queja interpuesto por Cristina Elisabet Fernández de Kirchner, asistida"
345_p440,LibroVol345-1.md,ok,774,17487,recurso_narrativo,Recurso,propia,0,1,267,0,295,18,6590,"Recurso Extraordinario”, Nerva ediciones de derecho y economía,",774,recurso_narrativo,Recurso,propia,"Recurso Extraordinario”, Nerva ediciones de derecho y economía,"
345_p477,LibroVol345-1.md,ok,188,18364,pie_genuino,Recurso,propia,0,7,45,0,48,1,48,"Recurso de queja interpuesto por Oscar Vicente Sánchez, parte actora, representado",188,pie_genuino,Recurso,propia,"Recurso de queja interpuesto por Oscar Vicente Sánchez, parte actora, representado"
345_p482,LibroVol345-1.md,ok,1370,19739,recurso_narrativo,Recurso,propia,0,1,327,0,280,9,2698,recurso extraordinario).,1370,recurso_narrativo,Recurso,propia,recurso extraordinario).
345_p533,LibroVol345-1.md,ok,575,20970,pie_genuino,Recurso,propia,0,8,79,0,87,3,88,Recurso extraordinario interpuesto por la Administración Federal de Ingresos Públi­,575,pie_genuino,Recurso,propia,Recurso extraordinario interpuesto por la Administración Federal de Ingresos Públi­
345_p549,LibroVol345-1.md,ok,1125,22113,pie_genuino,Recurso,propia,0,4,260,0,71,2,126,"Recurso extraordinario interpuesto por la Asociación Civil MACAME, representada",1125,pie_genuino,Recurso,propia,"Recurso extraordinario interpuesto por la Asociación Civil MACAME, representada"
345_p578,LibroVol345-1.md,ok,145,22273,pie_genuino,Recurso,propia,0,3,43,0,49,1,49,"Recurso de queja interpuesto por Maribel Alejandra Soledad Barrera, asistida por el",145,pie_genuino,Recurso,propia,"Recurso de queja interpuesto por Maribel Alejandra Soledad Barrera, asistida por el"
345_p583,LibroVol345-1.md,ok,264,22584,rotulo_pie,Tribunal de origen,propia,0,3,125,0,63,2,128,"tribunal de origen para que, por quien corresponda, se dicte un nuevo",264,rotulo_pie,Tribunal de origen,propia,"tribunal de origen para que, por quien corresponda, se dicte un nuevo"
345_p608,LibroVol345-1.md,ok,473,23722,pie_genuino,Recurso,propia,0,3,51,0,59,1,59,"Recurso de queja interpuesto por Cencosud S.A., demandada en autos, representada",473,pie_genuino,Recurso,propia,"Recurso de queja interpuesto por Cencosud S.A., demandada en autos, representada"
345_p647,LibroVol345-1.md,ok,493,25244,recurso_narrativo,Recurso,propia,0,4,143,0,348,11,2586,"recurso de revisión con fundamento en el artículo 514, inciso 6°, del",493,recurso_narrativo,Recurso,propia,"recurso de revisión con fundamento en el artículo 514, inciso 6°, del"
345_p670,LibroVol345-1.md,ok,449,26098,recurso_narrativo,Recurso,propia,0,4,123,0,49,3,321,recurso extraordinario solo cuando se acredite la violación del debido,449,recurso_narrativo,Recurso,propia,recurso extraordinario solo cuando se acredite la violación del debido
345_p694,LibroVol345-1.md,ok,286,26857,pie_genuino,Recurso,propia,0,3,73,0,30,1,30,"Recurso ordinario interpuesto por Walter Gustavo Gauna, asistido por el Dr. Pablo",286,pie_genuino,Recurso,propia,"Recurso ordinario interpuesto por Walter Gustavo Gauna, asistido por el Dr. Pablo"
345_p722,LibroVol345-1.md,ok,214,27865,pie_genuino,Recurso,propia,0,6,55,0,40,2,54,"Recurso de queja interpuesto por María Virginia Cansino, por sí y en representación",214,pie_genuino,Recurso,propia,"Recurso de queja interpuesto por María Virginia Cansino, por sí y en representación"
345_p730,LibroVol345-1.md,ok,1585,29546,recurso_narrativo,Recurso,propia,0,7,440,0,28,2,98,"recurso extraordinario y, con el alcance indicado, se confirma la sen­",1585,recurso_narrativo,Recurso,propia,"recurso extraordinario y, con el alcance indicado, se confirma la sen­"
345_p783,LibroVol345-1.md,ok,198,30219,pie_genuino,Parte actora,propia,0,2,41,0,177,1,177,"Parte actora: Asociación de Bancos de la Argentina, representada por su letrado apo­",198,pie_genuino,Parte actora,propia,"Parte actora: Asociación de Bancos de la Argentina, representada por su letrado apo­"
345_p801,LibroVol345-1.md,ok,876,31606,recurso_narrativo,Recurso,propia,0,4,233,0,178,13,3722,"recursos vigente a la sanción de esta reforma”, se refiere a la relación",876,recurso_narrativo,Recurso,propia,"recursos vigente a la sanción de esta reforma”, se refiere a la relación"
345_p869,LibroVol345-1.md,ok,243,33581,pie_genuino,Recurso,propia,0,9,197,0,45,2,249,"Recurso de queja interpuesto por Marcelo Daniel Salvini, asistido por el Dr. Enrique",243,pie_genuino,Recurso,propia,"Recurso de queja interpuesto por Marcelo Daniel Salvini, asistido por el Dr. Enrique"
345_p1025,LibroVol345-2.md,ok,318,6022,pie_genuino,Recurso,propia,0,2,94,0,41,1,41,"Recurso de queja interpuesto por el Estado Nacional – Ministerio de Hacienda, parte",318,pie_genuino,Recurso,propia,"Recurso de queja interpuesto por el Estado Nacional – Ministerio de Hacienda, parte"
345_p1034,LibroVol345-2.md,ok,119,6149,pie_genuino,Recurso,propia,0,2,43,0,59,1,59,"Recurso de queja interpuesto por Arsenio García, representado por el Dr. César Augusto",119,pie_genuino,Recurso,propia,"Recurso de queja interpuesto por Arsenio García, representado por el Dr. César Augusto"
345_p1070,LibroVol345-2.md,ok,331,7762,pie_genuino,Parte actora,propia,0,2,45,0,32,1,32,"Parte actora: Loma Negra Compañía Industrial Argentina Sociedad Anónima, re­",331,pie_genuino,Parte actora,propia,"Parte actora: Loma Negra Compañía Industrial Argentina Sociedad Anónima, re­"
345_p1114,LibroVol345-2.md,ok,319,9410,pie_genuino,Recurso,propia,0,5,75,0,104,1,104,"Recurso extraordinario interpuesto por la Dirección Nacional de Migraciones, parte",319,pie_genuino,Recurso,propia,"Recurso extraordinario interpuesto por la Dirección Nacional de Migraciones, parte"
345_p1127,LibroVol345-2.md,ok,383,9943,pie_genuino,Recurso,propia,0,9,48,0,47,1,47,"Recurso de queja interpuesto por YPF S.A. e YPF Gas S.A., representadas por el Dr.",383,pie_genuino,Recurso,propia,"Recurso de queja interpuesto por YPF S.A. e YPF Gas S.A., representadas por el Dr."
345_p1184,LibroVol345-2.md,ok,809,12544,pie_genuino,Recurso,propia,0,8,33,0,267,2,350,"Recurso de queja interpuesto por el Fisco Nacional (AFIP-DGI), representado por la",809,pie_genuino,Recurso,propia,"Recurso de queja interpuesto por el Fisco Nacional (AFIP-DGI), representado por la"
345_p1210,LibroVol345-2.md,ok,280,13018,recurso_narrativo,Recurso,propia,0,7,68,0,172,4,720,recurso extraordinario cuya denegación dio origen a la presente queja,280,recurso_narrativo,Recurso,propia,recurso extraordinario cuya denegación dio origen a la presente queja
345_p1219,LibroVol345-2.md,ok,514,13612,pie_genuino,Recurso,propia,0,9,41,0,53,2,159,Recurso de queja interpuesto por el Estado Nacional – Ministerio de Hacienda y Fi­,514,pie_genuino,Recurso,propia,Recurso de queja interpuesto por el Estado Nacional – Ministerio de Hacienda y Fi­
345_p1249,LibroVol345-2.md,ok,339,14572,recurso_narrativo,Recurso,propia,0,4,76,0,195,2,249,"recurso directo de organismo externo”, fallada el 30 de agosto de 2022,",339,recurso_narrativo,Recurso,propia,"recurso directo de organismo externo”, fallada el 30 de agosto de 2022,"
345_p1269,LibroVol345-2.md,ok,767,15755,pie_genuino,Recurso,propia,0,3,176,0,97,1,97,Recurso extraordinario interpuesto por Luis Alfredo Juez y Humberto Luis Schiavo­,767,pie_genuino,Recurso,propia,Recurso extraordinario interpuesto por Luis Alfredo Juez y Humberto Luis Schiavo­
345_p1303,LibroVol345-2.md,ok,206,16501,pie_genuino,Recurso,propia,0,3,44,0,38,1,38,"Recurso ordinario interpuesto por Miguel Ángel Mendoza Romero, asistido por el Dr.",206,pie_genuino,Recurso,propia,"Recurso ordinario interpuesto por Miguel Ángel Mendoza Romero, asistido por el Dr."
345_p1322,LibroVol345-2.md,ok,89,17123,pie_genuino,Recurso,propia,0,3,36,0,48,1,48,"Recurso extraordinario interpuesto por la ANSeS, demandada, representada por el Dr.",89,pie_genuino,Recurso,propia,"Recurso extraordinario interpuesto por la ANSeS, demandada, representada por el Dr."
345_p1342,LibroVol345-2.md,ok,277,18001,pie_genuino,Recurso,propia,0,3,58,0,81,1,81,Recurso extraordinario interpuesto por la Administración Federal de Ingresos Públi­,277,pie_genuino,Recurso,propia,Recurso extraordinario interpuesto por la Administración Federal de Ingresos Públi­
345_p1365,LibroVol345-2.md,ok,177,18783,pie_genuino,Recurso,propia,0,6,45,0,45,1,45,Recurso de queja interpuesto por el Estado Nacional (Ministerio de Justicia y Dere­,177,pie_genuino,Recurso,propia,Recurso de queja interpuesto por el Estado Nacional (Ministerio de Justicia y Dere­
345_p1421,LibroVol345-2.md,ok,1430,22191,pie_genuino,Recurso,propia,0,6,249,0,44,1,44,"Recurso de queja interpuesto por Milagro Amalia Ángela Sala, asistida por los Dres.",1430,pie_genuino,Recurso,propia,"Recurso de queja interpuesto por Milagro Amalia Ángela Sala, asistida por los Dres."
345_p1473,LibroVol345-2.md,ok,290,23125,pie_genuino,Recurso,propia,0,2,81,0,69,1,69,"Recurso de queja interpuesto por Don Emilio S.A., representada por el Dr. Rodolfo",290,pie_genuino,Recurso,propia,"Recurso de queja interpuesto por Don Emilio S.A., representada por el Dr. Rodolfo"
345_p1498,LibroVol345-2.md,ok,862,24628,pie_genuino,Parte actora,propia,0,3,197,0,68,1,68,"Parte actora: Gobierno de la Ciudad de Buenos Aires, representado por los Dres.",862,pie_genuino,Parte actora,propia,"Parte actora: Gobierno de la Ciudad de Buenos Aires, representado por los Dres."
345_p1531,LibroVol345-2.md,ok,714,25821,pie_genuino,Recurso,propia,0,6,150,0,60,1,60,"Recurso de queja interpuesto por el Poder Ejecutivo Nacional, representado por la",714,pie_genuino,Recurso,propia,"Recurso de queja interpuesto por el Poder Ejecutivo Nacional, representado por la"
346_p25,LibroVol346-1.md,ok,262,1252,pie_genuino,Recurso,propia,0,5,44,0,47,2,154,Recurso de queja interpuesto por el Estado Nacional (Ministerio de Justicia y Dere­,262,pie_genuino,Recurso,propia,Recurso de queja interpuesto por el Estado Nacional (Ministerio de Justicia y Dere­
346_p37,LibroVol346-1.md,ok,150,1607,rotulo_pie,Tribunal de origen,propia,0,1,48,0,27,3,228,"tribunal de origen para que, por quien corresponda, se dicte un nuevo",150,rotulo_pie,Tribunal de origen,propia,"tribunal de origen para que, por quien corresponda, se dicte un nuevo"
346_p84,LibroVol346-1.md,ok,91,3347,recurso_narrativo,Recurso,solo_pre_apertura,1,0,146,1,296,9,1667,RECURSO EXTRAORDINARIO,356,recurso_narrativo,Recurso,solo_pre_apertura,"recurso judicial directo); tampoco por el Poder Judicial de la Nación, lo"
346_p143,LibroVol346-1.md,ok,253,5800,pie_genuino,Recurso,propia,0,4,50,0,45,1,45,"Recurso de queja interpuesto por UGOFE S.A, codemandada, representada por el Dr.",253,pie_genuino,Recurso,propia,"Recurso de queja interpuesto por UGOFE S.A, codemandada, representada por el Dr."
346_p259,LibroVol346-1.md,ok,201,10188,pie_genuino,Recurso,propia,0,6,39,0,50,1,50,"Recurso de queja interpuesto por Federación Patronal Seguros S.A., citada en garan­",201,pie_genuino,Recurso,propia,"Recurso de queja interpuesto por Federación Patronal Seguros S.A., citada en garan­"
346_p265,LibroVol346-1.md,ok,857,11050,pie_genuino,Recurso,propia,0,6,190,0,68,1,68,"Recurso de queja interpuesto por E. L. G. K. y A. C. G., con el patrocinio del Dr. Ger­",857,pie_genuino,Recurso,propia,"Recurso de queja interpuesto por E. L. G. K. y A. C. G., con el patrocinio del Dr. Ger­"
346_p287,LibroVol346-1.md,ok,673,11733,pie_genuino,Recurso,propia,0,6,171,0,76,1,76,"Recurso de queja interpuesto por C. G. P., con el patrocinio letrado del Dr. Juan Carlos",673,pie_genuino,Recurso,propia,"Recurso de queja interpuesto por C. G. P., con el patrocinio letrado del Dr. Juan Carlos"
346_p304,LibroVol346-1.md,ok,389,12129,pie_genuino,Recurso,propia,0,6,81,0,45,1,45,"Recurso de queja interpuesto por Don Marcelino S.A., representada por su Presiden­",389,pie_genuino,Recurso,propia,"Recurso de queja interpuesto por Don Marcelino S.A., representada por su Presiden­"
346_p314,LibroVol346-1.md,ok,154,12287,pie_genuino,Recurso,propia,0,6,40,0,50,1,50,Recurso de queja interpuesto por la Administración Federal de Ingresos Públicos –,154,pie_genuino,Recurso,propia,Recurso de queja interpuesto por la Administración Federal de Ingresos Públicos –
346_p326,LibroVol346-1.md,ok,252,12834,pie_genuino,Recurso,propia,0,6,66,0,37,2,54,"Recurso de queja interpuesto por Sabrina Pamela Rodríguez, B. A. G. y D. A. G., par­",252,pie_genuino,Recurso,propia,"Recurso de queja interpuesto por Sabrina Pamela Rodríguez, B. A. G. y D. A. G., par­"
346_p333,LibroVol346-1.md,ok,128,12971,recurso_narrativo,Recurso,solo_pre_apertura,1,0,147,1,87,4,222,RECURSO EXTRAORDINARIO,527,recurso_narrativo,Recurso,mixta,recurso extraordinario y se confirma la sentencia apelada. Con costas
346_p361,LibroVol346-1.md,ok,844,14773,pie_genuino,Parte actora,propia,0,4,136,0,32,1,32,Parte actora: Crucero del Norte S.R.L.,844,pie_genuino,Parte actora,propia,Parte actora: Crucero del Norte S.R.L.
346_p391,LibroVol346-1.md,ok,404,15481,recurso_narrativo,Recurso,propia,0,4,93,0,243,4,594,recurso extraordinario solo cuando se acredite la violación del debido,404,recurso_narrativo,Recurso,propia,recurso extraordinario solo cuando se acredite la violación del debido
346_p407,LibroVol346-1.md,ok,944,16654,pie_genuino,Recurso,propia,0,3,173,0,31,3,156,recurso extraordinario federal interpuesto por la defensa de Juan Ig­,944,pie_genuino,Recurso,propia,recurso extraordinario federal interpuesto por la defensa de Juan Ig­
346_p461,LibroVol346-1.md,ok,251,18095,pie_genuino,Parte actora,propia,0,2,59,0,41,1,41,"Parte actora: Sergio Guillermo Vallejos Mini, candidato oficializado a Gobernador",251,pie_genuino,Parte actora,propia,"Parte actora: Sergio Guillermo Vallejos Mini, candidato oficializado a Gobernador"
346_p476,LibroVol346-1.md,ok,288,18739,pie_genuino,Recurso,propia,0,6,60,0,55,1,55,"Recurso extraordinario interpuesto por la Dirección General de Aduanas, representa­",288,pie_genuino,Recurso,propia,"Recurso extraordinario interpuesto por la Dirección General de Aduanas, representa­"
346_p502,LibroVol346-1.md,ok,515,19921,pie_genuino,Recurso,propia,0,7,141,0,70,1,70,"Recurso extraordinario interpuesto por el Estado Nacional, representado por la Dra.",515,pie_genuino,Recurso,propia,"Recurso extraordinario interpuesto por el Estado Nacional, representado por la Dra."
346_p629,LibroVol346-1.md,ok,187,24591,pie_genuino,Recurso,propia,0,5,42,0,43,1,43,"Recurso de queja interpuesto por Asociart S.A. ART, representada por el Dr. Federico",187,pie_genuino,Recurso,propia,"Recurso de queja interpuesto por Asociart S.A. ART, representada por el Dr. Federico"
346_p650,LibroVol346-1.md,ok,318,25512,pie_genuino,Recurso,propia,0,3,86,0,36,1,36,Recurso de queja interpuesto por Santiago O’Donnell con el patrocinio letrado de los,318,pie_genuino,Recurso,propia,Recurso de queja interpuesto por Santiago O’Donnell con el patrocinio letrado de los
346_p668,LibroVol346-1.md,ok,259,26153,recurso_narrativo,Recurso,propia,0,4,63,0,93,1,93,Recurso ordinario de apelación interpuesto Lorena Belén Mansilla y Néstor Ezequiel,259,recurso_narrativo,Recurso,propia,Recurso ordinario de apelación interpuesto Lorena Belén Mansilla y Néstor Ezequiel
346_p678,LibroVol346-1.md,ok,192,26477,pie_genuino,Recurso,propia,0,2,40,0,42,1,42,"Recurso de queja interpuesto por el Estado Nacional, Fuerza Aérea Argentina, parte",192,pie_genuino,Recurso,propia,"Recurso de queja interpuesto por el Estado Nacional, Fuerza Aérea Argentina, parte"
346_p718,LibroVol346-1.md,ok,445,28264,pie_genuino,Recurso,propia,0,6,78,0,51,1,51,"Recurso de queja interpuesto por el Estado Nacional – Ministerio de Justicia, parte",445,pie_genuino,Recurso,propia,"Recurso de queja interpuesto por el Estado Nacional – Ministerio de Justicia, parte"
346_p767,LibroVol346-2.md,ok,351,395,rotulo_pie,Nombre del,propia,0,2,39,0,94,1,94,"Nombre del actor: Bice Fideicomisos S.A. –BFSA- (ex Nación Fideicomisos S.A.,",351,rotulo_pie,Nombre del,propia,"Nombre del actor: Bice Fideicomisos S.A. –BFSA- (ex Nación Fideicomisos S.A.,"
346_p776,LibroVol346-2.md,ok,884,1288,recurso_narrativo,Recurso,propia,0,4,138,0,39,5,944,recursos más poderosos para preservar la existencia de la Nación”,884,recurso_narrativo,Recurso,propia,recursos más poderosos para preservar la existencia de la Nación”
346_p814,LibroVol346-2.md,ok,274,2120,pie_genuino,Recurso,propia,0,6,51,0,82,1,82,"Recurso extraordinario interpuesto por la Dirección Nacional de Migraciones, de­",274,pie_genuino,Recurso,propia,"Recurso extraordinario interpuesto por la Dirección Nacional de Migraciones, de­"
346_p821,LibroVol346-2.md,ok,397,2526,recurso_narrativo,Recurso,propia,0,1,54,0,405,4,1047,"recursos marinos de nuestro país, con especial referencia a la situa­",397,recurso_narrativo,Recurso,propia,"recursos marinos de nuestro país, con especial referencia a la situa­"
346_p854,LibroVol346-2.md,ok,384,3784,pie_genuino,Recurso,propia,0,6,81,0,48,1,48,Recurso extraordinario interpuesto por la Administración Federal de Ingresos Pú­,384,pie_genuino,Recurso,propia,Recurso extraordinario interpuesto por la Administración Federal de Ingresos Pú­
346_p868,LibroVol346-2.md,ok,663,4574,pie_genuino,Recurso,propia,0,6,159,0,20,2,228,Recurso de queja interpuesto por el Instituto Argentino de Diagnóstico y Tratamien­,663,pie_genuino,Recurso,propia,Recurso de queja interpuesto por el Instituto Argentino de Diagnóstico y Tratamien­
346_p893,LibroVol346-2.md,ok,322,5202,pie_genuino,Parte actora,propia,0,6,58,0,27,1,27,"Parte actora: Banco BBVA Argentina S.A., representado por el Dr. Eduardo M. Gil Roca.",322,pie_genuino,Parte actora,propia,"Parte actora: Banco BBVA Argentina S.A., representado por el Dr. Eduardo M. Gil Roca."
346_p931,LibroVol346-2.md,ok,253,6653,pie_genuino,Recurso,propia,0,5,47,0,49,2,50,Recurso extraordinario interpuesto por el Estado Nacional – Ministerio de Planifica­,253,pie_genuino,Recurso,propia,Recurso extraordinario interpuesto por el Estado Nacional – Ministerio de Planifica­
346_p970,LibroVol346-2.md,ok,1426,9305,recurso_narrativo,Recurso,propia,0,11,150,0,147,11,3426,recurso extraordinario que luego de diversas vicisitudes procesales,1426,recurso_narrativo,Recurso,propia,recurso extraordinario que luego de diversas vicisitudes procesales
346_p1015,LibroVol346-2.md,ok,908,10578,pie_genuino,Parte actora,propia,0,8,137,0,95,1,95,"Parte actora: Asociación de Bancos Argentinos (ADEBA), Banco de Valores S.A. y",908,pie_genuino,Parte actora,propia,"Parte actora: Asociación de Bancos Argentinos (ADEBA), Banco de Valores S.A. y"
346_p1089,LibroVol346-2.md,ok,746,13170,pie_genuino,Parte actora,propia,0,6,108,0,80,1,80,"Parte actora: Administración de Parques Nacionales, representada por los doctores",746,pie_genuino,Parte actora,propia,"Parte actora: Administración de Parques Nacionales, representada por los doctores"
346_p1117,LibroVol346-2.md,ok,608,14126,pie_genuino,Parte actora,propia,0,4,47,0,120,2,348,"Parte actora: Fisco Nacional –Administración Federal de Ingresos Públicos-, repre­",608,pie_genuino,Parte actora,propia,"Parte actora: Fisco Nacional –Administración Federal de Ingresos Públicos-, repre­"
346_p1159,LibroVol346-2.md,ok,513,15657,recurso_narrativo,Recurso,propia,0,5,37,0,78,5,1011,"recurso judicial interpuesto y, en consecuencia, declaró nulas de nuli­",513,recurso_narrativo,Recurso,propia,"recurso judicial interpuesto y, en consecuencia, declaró nulas de nuli­"
346_p1175,LibroVol346-2.md,ok,178,15961,pie_genuino,Recurso,propia,0,6,50,0,81,1,81,"Recurso extraordinario interpuesto por la Dirección Nacional de Migraciones, parte",178,pie_genuino,Recurso,propia,"Recurso extraordinario interpuesto por la Dirección Nacional de Migraciones, parte"
346_p1180,LibroVol346-2.md,ok,525,16495,pie_genuino,Parte actora,propia,0,3,40,0,69,1,69,"Parte actora: Estado Nacional - Ministerio de Economía y Finanzas Públicas, repre­",525,pie_genuino,Parte actora,propia,"Parte actora: Estado Nacional - Ministerio de Economía y Finanzas Públicas, repre­"
346_p1218,LibroVol346-2.md,ok,574,17951,rotulo_pie,Nombre del,propia,0,7,61,0,37,1,37,Nombre del actor: So Energy Argentina S.A.,574,rotulo_pie,Nombre del,propia,Nombre del actor: So Energy Argentina S.A.
346_p1257,LibroVol346-2.md,ok,572,19408,pie_genuino,Recurso,propia,0,3,136,0,53,2,113,Recurso extraordinario interpuesto por la Asociación Comunitaria “La Ma­,572,pie_genuino,Recurso,propia,Recurso extraordinario interpuesto por la Asociación Comunitaria “La Ma­
346_p1280,LibroVol346-2.md,ok,599,20338,pie_genuino,Recurso,propia,0,2,119,0,35,2,102,"Recurso de queja interpuesto por M. I. V. M., H. I. V. M. y P. I. V. M., por derecho pro­",599,pie_genuino,Recurso,propia,"Recurso de queja interpuesto por M. I. V. M., H. I. V. M. y P. I. V. M., por derecho pro­"
346_p1316,LibroVol346-2.md,ok,879,22011,pie_genuino,Parte actora,propia,0,11,63,0,45,1,45,"Parte actora: Transportes Don Otto S.A., representada por el Dr. Rodrigo Lema, con",879,pie_genuino,Parte actora,propia,"Parte actora: Transportes Don Otto S.A., representada por el Dr. Rodrigo Lema, con"
346_p1355,LibroVol346-2.md,ok,225,22832,pie_genuino,Parte actora,propia,0,8,54,0,15,2,32,"Parte actora: Indupoles Argentina S.A., representada por el Dr. José María Sferco",225,pie_genuino,Parte actora,propia,"Parte actora: Indupoles Argentina S.A., representada por el Dr. José María Sferco"
346_p1361,LibroVol346-2.md,ok,634,23474,pie_genuino,Parte actora,propia,0,7,30,0,31,1,31,"Parte actora: Municipalidad de La Rioja, representada por Alberto Nicolás Paredes",634,pie_genuino,Parte actora,propia,"Parte actora: Municipalidad de La Rioja, representada por Alberto Nicolás Paredes"
346_p1379,LibroVol346-2.md,ok,304,23883,pie_genuino,Recurso,propia,0,3,36,0,36,1,36,"Recurso ordinario de apelación interpuesto por Francisco Facundo Jones Huala, asis­",304,pie_genuino,Recurso,propia,"Recurso ordinario de apelación interpuesto por Francisco Facundo Jones Huala, asis­"
346_p1387,LibroVol346-2.md,ok,693,24580,pie_genuino,Parte actora,propia,0,2,127,0,45,1,45,"Parte actora: Provincia de La Pampa, representada por Carlos Alberto Verna, Go­",693,pie_genuino,Parte actora,propia,"Parte actora: Provincia de La Pampa, representada por Carlos Alberto Verna, Go­"
346_p1405,LibroVol346-2.md,ok,353,24937,pie_genuino,Recurso,propia,0,6,66,0,49,1,49,"Recurso de queja interpuesto por Ermindo Edgardo Marcelo Llanos, actuando en",353,pie_genuino,Recurso,propia,"Recurso de queja interpuesto por Ermindo Edgardo Marcelo Llanos, actuando en"
346_p1426,LibroVol346-2.md,ok,530,25901,rotulo_pie,Parte actora,propia,0,7,160,0,10,8,2281,"parte actora, fue denegado. Ello motivó la presentación directa ante",530,rotulo_pie,Parte actora,propia,"parte actora, fue denegado. Ello motivó la presentación directa ante"
346_p1448,LibroVol346-2.md,ok,261,26480,pie_genuino,Parte actora,propia,0,3,62,0,69,1,69,"Parte actora: Gobierno de la Ciudad de Buenos Aires, representado por los Dres.",261,pie_genuino,Parte actora,propia,"Parte actora: Gobierno de la Ciudad de Buenos Aires, representado por los Dres."
346_p1483,LibroVol346-2.md,ok,211,27729,pie_genuino,Recurso,propia,0,6,64,0,70,1,70,"Recursos de queja interpuestos por Montagne Outdoors S.A., representada por el Dr.",211,pie_genuino,Recurso,propia,"Recursos de queja interpuestos por Montagne Outdoors S.A., representada por el Dr."
346_p1501,LibroVol346-2.md,ok,555,28768,pie_genuino,Recurso,propia,0,3,45,0,57,1,57,"Recurso de queja interpuesto por Santos Clemente Vera, asistido por el Dr. José Hum­",555,pie_genuino,Recurso,propia,"Recurso de queja interpuesto por Santos Clemente Vera, asistido por el Dr. José Hum­"
346_p1552,LibroVol346-2.md,ok,263,30407,pie_genuino,Recurso,mixta,1,6,38,0,51,1,51,"Recurso de queja interpuesto por Federación Patronal Seguros S.A., citada en garan­",263,pie_genuino,Recurso,mixta,"Recurso de queja interpuesto por Federación Patronal Seguros S.A., citada en garan­"
347_p18,LibroVol347-1.md,ok,693,1393,pie_genuino,Recurso,propia,0,6,55,0,48,2,159,"Recurso de queja interpuesto por los señores Carlos Rodolfo y José Eliseo Mercau,",693,pie_genuino,Recurso,propia,"Recurso de queja interpuesto por los señores Carlos Rodolfo y José Eliseo Mercau,"
347_p43,LibroVol347-1.md,ok,289,1960,pie_genuino,Recurso,propia,0,12,64,0,38,1,38,"Recurso de queja interpuesto por el Dr. Andrés Favio Gil Domínguez, letrado en cau­",289,pie_genuino,Recurso,propia,"Recurso de queja interpuesto por el Dr. Andrés Favio Gil Domínguez, letrado en cau­"
347_p69,LibroVol347-1.md,ok,151,2804,pie_genuino,Recurso,propia,0,2,34,0,60,1,60,"Recurso de queja interpuesto por María Elena Jesús Dios, asistida por el Dr. Mario",151,pie_genuino,Recurso,propia,"Recurso de queja interpuesto por María Elena Jesús Dios, asistida por el Dr. Mario"
347_p100,LibroVol347-1.md,ok,149,4014,recurso_narrativo,Recurso,propia,0,1,50,0,64,3,485,recurso extraordinario y se deja sin efecto la sentencia apelada con el,149,recurso_narrativo,Recurso,propia,recurso extraordinario y se deja sin efecto la sentencia apelada con el
347_p105,LibroVol347-1.md,ok,125,4156,pie_genuino,Recurso,propia,0,3,38,0,42,1,42,"Recurso de queja interpuesto por la actora, M. E. L., representada por el Dr. Martín",125,pie_genuino,Recurso,propia,"Recurso de queja interpuesto por la actora, M. E. L., representada por el Dr. Martín"
347_p229,LibroVol347-1.md,ok,330,9178,pie_genuino,Recurso,propia,0,3,37,0,66,1,66,"Recurso ordinario interpuesto por el Dr. Sergio Néstor Mola, Fiscal General Adjunto",330,pie_genuino,Recurso,propia,"Recurso ordinario interpuesto por el Dr. Sergio Néstor Mola, Fiscal General Adjunto"
347_p237,LibroVol347-1.md,ok,305,9489,recurso_narrativo,Recurso,propia,0,4,62,0,186,2,213,"recurso extraordinario federal, ello no implica relevar a los superiores",305,recurso_narrativo,Recurso,propia,"recurso extraordinario federal, ello no implica relevar a los superiores"
347_p273,LibroVol347-1.md,ok,731,11296,pie_genuino,Recurso,propia,0,3,45,0,24,2,98,"Recurso extraordinario interpuesto por el Fisco Nacional –AFIP-DGI-, representado",731,pie_genuino,Recurso,propia,"Recurso extraordinario interpuesto por el Fisco Nacional –AFIP-DGI-, representado"
347_p302,LibroVol347-1.md,ok,363,12127,pie_genuino,Recurso,propia,0,3,42,0,39,1,39,Recurso ordinario de apelación interpuesto por Damián Carlos Biondi y Carolina Ce­,363,pie_genuino,Recurso,propia,Recurso ordinario de apelación interpuesto por Damián Carlos Biondi y Carolina Ce­
347_p329,LibroVol347-1.md,ok,314,13087,recurso_narrativo,Recurso,propia,0,1,64,0,85,2,137,recurso de queja interpuesto. Teniendo en cuenta el modo en que,314,recurso_narrativo,Recurso,propia,recurso de queja interpuesto. Teniendo en cuenta el modo en que
347_p347,LibroVol347-1.md,ok,177,13605,pie_genuino,Recurso,propia,0,6,35,0,29,2,43,"Recurso de queja interpuesto por Asociart S.A. ART, representada por el Dr. Juan",177,pie_genuino,Recurso,propia,"Recurso de queja interpuesto por Asociart S.A. ART, representada por el Dr. Juan"
347_p368,LibroVol347-1.md,ok,253,14460,pie_genuino,Parte actora,propia,0,6,54,0,35,2,160,"Parte actora: Nueva Chevallier S.A., representada por el doctor Román Alberto Uez,",253,pie_genuino,Parte actora,propia,"Parte actora: Nueva Chevallier S.A., representada por el doctor Román Alberto Uez,"
347_p400,LibroVol347-1.md,ok,371,15810,pie_genuino,Recurso,propia,0,9,44,0,70,2,71,Recurso de queja interpuesto por Petersen Thiele y Cruz S.A. de Construcciones y,371,pie_genuino,Recurso,propia,Recurso de queja interpuesto por Petersen Thiele y Cruz S.A. de Construcciones y
347_p441,LibroVol347-1.md,ok,698,17714,pie_genuino,Recurso,propia,0,6,126,0,67,1,67,"Recurso de queja Interpuesto Por M. A. J., Representada por el Dr. Luis Virgilio Sán­",698,pie_genuino,Recurso,propia,"Recurso de queja Interpuesto Por M. A. J., Representada por el Dr. Luis Virgilio Sán­"
347_p474,LibroVol347-1.md,ok,842,19133,recurso_narrativo,Recurso,propia,0,5,56,0,51,2,102,recurso extraordinario con el alcance precisado y se deja sin efecto la,842,recurso_narrativo,Recurso,propia,recurso extraordinario con el alcance precisado y se deja sin efecto la
347_p520,LibroVol347-1.md,ok,264,20369,recurso_narrativo,Recurso,propia,0,1,77,0,155,5,1690,recursos en los términos del último párrafo del apartado c del artículo,264,recurso_narrativo,Recurso,propia,recursos en los términos del último párrafo del apartado c del artículo
347_p540,LibroVol347-1.md,ok,154,21043,pie_genuino,Recurso,propia,0,3,39,0,55,2,164,"Recurso de queja interpuesto por Antonia Ester Balsells, actora, por sí y en represen­",154,pie_genuino,Recurso,propia,"Recurso de queja interpuesto por Antonia Ester Balsells, actora, por sí y en represen­"
347_p572,LibroVol347-1.md,ok,282,22363,pie_genuino,Recurso,propia,0,8,35,0,53,1,53,"Recurso de queja interpuesto por Héctor Gerónimo Di Siervi y Juan Carlos Irazábal,",282,pie_genuino,Recurso,propia,"Recurso de queja interpuesto por Héctor Gerónimo Di Siervi y Juan Carlos Irazábal,"
347_p579,LibroVol347-1.md,ok,475,22843,pie_genuino,Recurso,propia,0,4,71,0,49,3,50,"Recurso de queja interpuesto por el Fisco Nacional (AFIP-DGI), representado por la",475,pie_genuino,Recurso,propia,"Recurso de queja interpuesto por el Fisco Nacional (AFIP-DGI), representado por la"
347_p614,LibroVol347-1.md,ok,246,23929,pie_genuino,Recurso,propia,0,5,65,0,65,1,65,Recurso de queja interpuesto por la Administración Federal de Ingresos Públicos -,246,pie_genuino,Recurso,propia,Recurso de queja interpuesto por la Administración Federal de Ingresos Públicos -
347_p621,LibroVol347-1.md,ok,288,24224,pie_genuino,Parte actora,propia,0,2,46,0,43,1,43,"Parte actora: Correo Oficial de la República Argentina S.A., representada por los",288,pie_genuino,Parte actora,propia,"Parte actora: Correo Oficial de la República Argentina S.A., representada por los"
347_p640,LibroVol347-1.md,ok,461,25130,pie_genuino,Recurso,propia,0,8,59,0,57,1,57,"Recurso de queja interpuesto por Jonathan David Rodríguez, parte actora, patrocina­",461,pie_genuino,Recurso,propia,"Recurso de queja interpuesto por Jonathan David Rodríguez, parte actora, patrocina­"
347_p688,LibroVol347-1.md,ok,744,27250,recurso_narrativo,Recurso,propia,0,4,170,0,245,9,2536,"recurso de inconstitucionalidad, que fue rechazado por la Sala Prime­",744,recurso_narrativo,Recurso,propia,"recurso de inconstitucionalidad, que fue rechazado por la Sala Prime­"
347_p721,LibroVol347-1.md,ok,328,28134,pie_genuino,Recurso,propia,0,7,35,0,44,1,44,"Recurso de queja interpuesto por Noelia Griselda Brito de los Ríos y otros, parte acto­",328,pie_genuino,Recurso,propia,"Recurso de queja interpuesto por Noelia Griselda Brito de los Ríos y otros, parte acto­"
347_p759,LibroVol347-1.md,ok,344,29609,pie_genuino,Recurso,propia,0,9,46,0,49,1,49,"Recurso de queja interpuesto por Claudia Fernanda Gil Lozano, la actora, con el pa­",344,pie_genuino,Recurso,propia,"Recurso de queja interpuesto por Claudia Fernanda Gil Lozano, la actora, con el pa­"
347_p785,LibroVol347-1.md,ok,184,30426,pie_genuino,Recurso,propia,0,3,38,0,46,1,46,"Recurso de queja interpuesto por el Dr. Mario A. Villar, Fiscal General ante la Cáma­",184,pie_genuino,Recurso,propia,"Recurso de queja interpuesto por el Dr. Mario A. Villar, Fiscal General ante la Cáma­"
347_p802,LibroVol347-1.md,ok,54,30953,recurso_narrativo,Recurso,solo_pre_apertura,1,0,74,1,64,5,343,RECURSO EXTRAORDINARIO,314,recurso_narrativo,Recurso,mixta,"recurso local, incompatible con el adecuado servicio de justicia y con"
347_p843,LibroVol347-1.md,ok,486,32948,pie_genuino,Recurso,propia,0,13,70,0,54,1,54,"Recurso de queja interpuesto por Rubén Darío Ordoñez, asistido por el Dr. César",486,pie_genuino,Recurso,propia,"Recurso de queja interpuesto por Rubén Darío Ordoñez, asistido por el Dr. César"
347_p863,LibroVol347-1.md,ok,206,33432,recurso_narrativo,Recurso,solo_pre_apertura,1,0,82,0,249,8,2742,"recurso de casación en el que, entre otros agravios, criticó la funda­",206,recurso_narrativo,Recurso,solo_pre_apertura,"recurso de casación en el que, entre otros agravios, criticó la funda­"
347_p876,LibroVol347-1.md,ok,145,33890,pie_genuino,Recurso,propia,0,6,39,0,58,1,58,"Recurso de queja interpuesto por Swiss Medical ART S.A., parte demandada repre­",145,pie_genuino,Recurso,propia,"Recurso de queja interpuesto por Swiss Medical ART S.A., parte demandada repre­"
347_p880,LibroVol347-1.md,ok,480,34376,pie_genuino,Recurso,propia,0,6,86,0,33,2,65,"Recurso extraordinario interpuesto por Claudio Marcelo Baz Barboza, representado",480,pie_genuino,Recurso,propia,"Recurso extraordinario interpuesto por Claudio Marcelo Baz Barboza, representado"
347_p917,LibroVol347-1.md,ok,174,35462,recurso_narrativo,Recurso,propia,0,6,58,0,12,5,1036,recurso alguno contra el acto de expulsión. No analizó el planteo del,174,recurso_narrativo,Recurso,propia,recurso alguno contra el acto de expulsión. No analizó el planteo del
347_p924,LibroVol347-1.md,ok,442,36013,pie_genuino,Recurso,propia,0,2,68,0,76,1,76,"Recurso de queja interpuesto por M. B. P., representada por las Dras. Araceli Marga­",442,pie_genuino,Recurso,propia,"Recurso de queja interpuesto por M. B. P., representada por las Dras. Araceli Marga­"
347_p936,LibroVol347-1.md,ok,279,36303,rotulo_pie,Tribunal de origen,propia,0,9,45,0,22,2,70,"tribunal de origen para que, por quien corresponda, se dicte un nuevo",279,rotulo_pie,Tribunal de origen,propia,"tribunal de origen para que, por quien corresponda, se dicte un nuevo"
347_p943,LibroVol347-1.md,ok,116,36427,recurso_narrativo,Recurso,propia,0,1,37,0,55,2,81,recurso extraordinario y se deja sin efecto la sentencia apelada. Vuel­,116,recurso_narrativo,Recurso,propia,recurso extraordinario y se deja sin efecto la sentencia apelada. Vuel­
347_p1001,LibroVol347-1.md,ok,455,38988,pie_genuino,Recurso,propia,0,7,62,0,48,1,48,"Recurso de queja interpuesto por Javier Ignacio Lorenzutti, Fiscal General ante la",455,pie_genuino,Recurso,propia,"Recurso de queja interpuesto por Javier Ignacio Lorenzutti, Fiscal General ante la"
347_p1031,LibroVol347-1.md,ok,577,40254,pie_genuino,Recurso,propia,0,9,143,0,44,1,44,"Recurso extraordinario interpuesto por J.L.L., actora, representada por el Dr. Edgar­",577,pie_genuino,Recurso,propia,"Recurso extraordinario interpuesto por J.L.L., actora, representada por el Dr. Edgar­"
347_p1061,LibroVol347-1.md,ok,802,41636,pie_genuino,Recurso,propia,0,6,89,0,52,1,52,"Recurso de queja interpuesto por el Dr. Joaquín De Rosas, Fiscal de Estado de la",802,pie_genuino,Recurso,propia,"Recurso de queja interpuesto por el Dr. Joaquín De Rosas, Fiscal de Estado de la"
347_p1084,LibroVol347-1.md,ok,1725,43456,pie_genuino,Recurso,propia,0,10,217,0,51,1,51,"Recurso de queja interpuesto por la Provincia de Tucumán, parte demandada repre­",1725,pie_genuino,Recurso,propia,"Recurso de queja interpuesto por la Provincia de Tucumán, parte demandada repre­"
347_p1134,LibroVol347-1.md,ok,114,43790,pie_genuino,Recurso,propia,0,4,32,0,43,1,43,"Recurso de queja interpuesto por P. J. G. actor, con el patrocinio letrado de la Dra.",114,pie_genuino,Recurso,propia,"Recurso de queja interpuesto por P. J. G. actor, con el patrocinio letrado de la Dra."
347_p1151,LibroVol347-1.md,ok,565,44895,pie_genuino,Recurso,propia,0,3,64,0,44,1,44,"Recurso de queja interpuesto por la Administración Federal de Ingresos Públicos,",565,pie_genuino,Recurso,propia,"Recurso de queja interpuesto por la Administración Federal de Ingresos Públicos,"
347_p1166,LibroVol347-1.md,ok,411,45311,pie_genuino,Recurso,propia,0,3,65,0,363,1,363,Recurso extraordinario interpuesto por el Estado Nacional – Ministerio de Economía,411,pie_genuino,Recurso,propia,Recurso extraordinario interpuesto por el Estado Nacional – Ministerio de Economía
347_p1201,LibroVol347-2.md,ok,345,1293,pie_genuino,Recurso,propia,0,3,40,0,63,2,80,"Recurso extraordinario interpuesto por C. L., parte actora, representado por el Dr.",345,pie_genuino,Recurso,propia,"Recurso extraordinario interpuesto por C. L., parte actora, representado por el Dr."
347_p1254,LibroVol347-2.md,ok,166,3160,rotulo_pie,Tribunal de origen,propia,0,5,36,0,4,2,50,"tribunal de origen, archívese.",166,rotulo_pie,Tribunal de origen,propia,"tribunal de origen, archívese."
347_p1288,LibroVol347-2.md,ok,161,4481,rotulo_pie,Profesionales,mixta,1,1,108,0,140,23,7553,profesionales relativos a entes domiciliados en la Provincia de Buenos,161,rotulo_pie,Profesionales,mixta,profesionales relativos a entes domiciliados en la Provincia de Buenos
347_p1327,LibroVol347-2.md,ok,513,6393,pie_genuino,Recurso,propia,0,7,83,0,106,1,106,Recurso extraordinario interpuesto por el Estado Nacional – M° Seguridad (Policía,513,pie_genuino,Recurso,propia,Recurso extraordinario interpuesto por el Estado Nacional – M° Seguridad (Policía
347_p1386,LibroVol347-2.md,ok,352,8477,recurso_narrativo,Recurso,propia,0,1,38,0,44,2,105,recurso extraordinario interpuesto y se deja sin efecto la sentencia,352,recurso_narrativo,Recurso,propia,recurso extraordinario interpuesto y se deja sin efecto la sentencia
347_p1403,LibroVol347-2.md,ok,1182,9950,recurso_narrativo,Recurso,propia,0,10,177,0,69,2,188,recursos extraordinarios y se revoca la sentencia apelada con el,1182,recurso_narrativo,Recurso,propia,recursos extraordinarios y se revoca la sentencia apelada con el
347_p1434,LibroVol347-2.md,ok,472,10447,pie_genuino,Recurso,propia,0,4,128,0,55,1,55,"Recurso extraordinario interpuesto por Luis Gustavo Chacón, asistido por la Dra.",472,pie_genuino,Recurso,propia,"Recurso extraordinario interpuesto por Luis Gustavo Chacón, asistido por la Dra."
347_p1446,LibroVol347-2.md,ok,300,10753,recurso_narrativo,Recurso,propia,0,4,112,0,215,4,815,"recurso extraordinario sobre la base de la doctrina de la arbitrariedad,",300,recurso_narrativo,Recurso,propia,"recurso extraordinario sobre la base de la doctrina de la arbitrariedad,"
347_p1527,LibroVol347-2.md,ok,898,14472,recurso_narrativo,Recurso,propia,0,4,446,0,52,20,6342,recursos extraordinarios interpuestos resultan inadmisibles en cuan­,898,recurso_narrativo,Recurso,propia,recursos extraordinarios interpuestos resultan inadmisibles en cuan­
347_p1632,LibroVol347-2.md,ok,585,18246,pie_genuino,Recurso,propia,0,9,60,0,63,1,63,"Recurso de queja interpuesto por la Administración Federal de Ingresos Públicos,",585,pie_genuino,Recurso,propia,"Recurso de queja interpuesto por la Administración Federal de Ingresos Públicos,"
347_p1770,LibroVol347-2.md,ok,668,23624,pie_genuino,Recurso,propia,0,2,164,0,53,1,53,"Recurso extraordinario interpuesto por la Dra. Susana M. Pernas, Fiscal General.",668,pie_genuino,Recurso,propia,"Recurso extraordinario interpuesto por la Dra. Susana M. Pernas, Fiscal General."
347_p1787,LibroVol347-2.md,ok,604,24236,pie_genuino,Recurso,propia,0,2,77,0,68,1,68,Recursos extraordinarios interpuestos por los Dres. Pedro Ricardo Baldi y Omar Luis,604,pie_genuino,Recurso,propia,Recursos extraordinarios interpuestos por los Dres. Pedro Ricardo Baldi y Omar Luis
347_p1802,LibroVol347-2.md,ok,195,24437,pie_genuino,Recurso,propia,0,3,41,0,46,1,46,"Recurso de queja interpuesto por la Asociación Civil Universidad del Salvador, repre­",195,pie_genuino,Recurso,propia,"Recurso de queja interpuesto por la Asociación Civil Universidad del Salvador, repre­"
347_p1807,LibroVol347-2.md,ok,86,24527,recurso_narrativo,Recurso,propia,0,1,44,0,342,3,788,recurso extraordinario federal cuya denegación motivó la presente,86,recurso_narrativo,Recurso,propia,recurso extraordinario federal cuya denegación motivó la presente
347_p1813,LibroVol347-2.md,ok,288,24920,pie_genuino,Recurso,propia,0,2,48,0,28,1,28,"Recurso de queja interpuesto por Toyota Argentina S.A., representada por el Dr.",288,pie_genuino,Recurso,propia,"Recurso de queja interpuesto por Toyota Argentina S.A., representada por el Dr."
347_p1820,LibroVol347-2.md,ok,240,25163,recurso_narrativo,Recurso,propia,0,2,81,0,65,2,123,recurso extraordinario y se deja sin efecto la sentencia apelada. Sin,240,recurso_narrativo,Recurso,propia,recurso extraordinario y se deja sin efecto la sentencia apelada. Sin
347_p1844,LibroVol347-2.md,ok,520,26332,pie_genuino,Recurso,propia,0,10,110,0,66,2,80,Recurso extraordinario interpuesto por la Asociación Argentina de Empresarios del,520,pie_genuino,Recurso,propia,Recurso extraordinario interpuesto por la Asociación Argentina de Empresarios del
347_p1858,LibroVol347-2.md,ok,518,26864,pie_genuino,Recurso,propia,0,3,51,0,65,1,65,"Recurso de queja interpuesto por Antonio Florencio González, con el patrocinio letra­",518,pie_genuino,Recurso,propia,"Recurso de queja interpuesto por Antonio Florencio González, con el patrocinio letra­"
347_p1871,LibroVol347-2.md,ok,533,27403,pie_genuino,Recurso,propia,0,9,125,0,46,1,46,"Recurso de queja interpuesto por Cristina Elisabet Fernández de Kirchner, asistida",533,pie_genuino,Recurso,propia,"Recurso de queja interpuesto por Cristina Elisabet Fernández de Kirchner, asistida"
347_p1963,LibroVol347-2.md,ok,1055,31615,pie_genuino,Recurso,propia,0,6,121,0,27,2,193,"Recurso de queja interpuesto por Cecilia Andrea Goyeneche, por su propio derecho,",1055,pie_genuino,Recurso,propia,"Recurso de queja interpuesto por Cecilia Andrea Goyeneche, por su propio derecho,"
347_p2025,LibroVol347-2.md,ok,580,33591,pie_genuino,Recurso,propia,0,8,163,0,57,1,57,"Recurso de queja interpuesto por Cristina Fernández de Kirchner, Máximo Carlos",580,pie_genuino,Recurso,propia,"Recurso de queja interpuesto por Cristina Fernández de Kirchner, Máximo Carlos"
347_p2044,LibroVol347-2.md,ok,1952,35673,rotulo_pie,Parte actora,mixta,1,8,254,0,50,2,100,"parte actora de los planteos formulados por la provincia demandada,",1952,rotulo_pie,Parte actora,mixta,"parte actora de los planteos formulados por la provincia demandada,"
347_p2146,LibroVol347-2.md,ok,294,38063,pie_genuino,Recurso,propia,0,6,58,0,50,1,50,"Recurso de queja interpuesto por José María Cruz y Fernando Nicolás Cruz, parte",294,pie_genuino,Recurso,propia,"Recurso de queja interpuesto por José María Cruz y Fernando Nicolás Cruz, parte"
347_p2160,LibroVol347-2.md,ok,410,38724,recurso_narrativo,Recurso,propia,0,2,87,0,343,8,2540,"recurso de casación local y confirmó, por otros fundamentos, lo que ha­",410,recurso_narrativo,Recurso,propia,"recurso de casación local y confirmó, por otros fundamentos, lo que ha­"
347_p2177,LibroVol347-2.md,ok,203,39193,recurso_narrativo,Recurso,propia,0,3,49,0,299,4,854,"recurso extraordinario cuya denegación motiva esta queja, en el que",203,recurso_narrativo,Recurso,propia,"recurso extraordinario cuya denegación motiva esta queja, en el que"
347_p2221,LibroVol347-2.md,ok,801,41489,pie_genuino,Recurso,propia,0,11,71,0,38,1,38,"Recurso de queja interpuesto por el Fiscal de Estado de la Provincia del Neuquén,",801,pie_genuino,Recurso,propia,"Recurso de queja interpuesto por el Fiscal de Estado de la Provincia del Neuquén,"
347_p2242,LibroVol347-2.md,ok,817,42338,recurso_narrativo,Recurso,propia,0,4,44,0,147,9,2430,recurso jerárquico presentado contra aquellas decisiones.,817,recurso_narrativo,Recurso,propia,recurso jerárquico presentado contra aquellas decisiones.
347_p2286,LibroVol347-2.md,ok,542,43825,recurso_narrativo,Recurso,propia,0,1,161,0,95,12,3730,recurso extraordinario federal que fue denegado -con fundamento en,542,recurso_narrativo,Recurso,propia,recurso extraordinario federal que fue denegado -con fundamento en
347_p2324,LibroVol347-2.md,ok,215,44987,pie_genuino,Recurso,solo_pre_apertura,1,0,81,0,122,5,1266,recursos deducidos por ante los tribunales provinciales no justifican,215,pie_genuino,Recurso,solo_pre_apertura,recursos deducidos por ante los tribunales provinciales no justifican
347_p2334,LibroVol347-2.md,ok,220,45393,rotulo_pie,Parte actora,propia,0,7,85,0,248,8,2139,parte actora es formalmente admisible toda vez que se ha cuestionado,220,rotulo_pie,Parte actora,propia,parte actora es formalmente admisible toda vez que se ha cuestionado
347_p2352,LibroVol347-2.md,ok,288,46151,pie_genuino,Recurso,propia,0,3,53,0,111,4,532,Recurso extraordinario interpuesto por la Administración Federal de Ingresos Pú­,288,pie_genuino,Recurso,propia,Recurso extraordinario interpuesto por la Administración Federal de Ingresos Pú­
348_p1,LibroVol348-1.md,ok,730,782,recurso_narrativo,Recurso,propia,0,2,88,0,22,2,75,recurso extraordinario. Con costas (artículo 68 del Código Procesal,730,recurso_narrativo,Recurso,propia,recurso extraordinario. Con costas (artículo 68 del Código Procesal
348_p48,LibroVol348-1.md,ok,197,2041,pie_genuino,Recurso,propia,0,2,45,0,67,1,67,"Recurso de queja interpuesto por el Gobierno de la Ciudad de Buenos Aires, repre­",197,pie_genuino,Recurso,propia,"Recurso de queja interpuesto por el Gobierno de la Ciudad de Buenos Aires, repre­"
348_p56,LibroVol348-1.md,ok,108,2220,pie_genuino,Recurso,propia,0,2,41,0,40,1,40,"Recurso de queja interpuesto por A. S., parte actora, con el patrocinio letrado de la",108,pie_genuino,Recurso,propia,"Recurso de queja interpuesto por A. S., parte actora, con el patrocinio letrado de la"
348_p61,LibroVol348-1.md,ok,664,2961,recurso_narrativo,Recurso,propia,0,7,85,0,46,1,46,"Recurso contra la Resolución 218/2024 del Plenario del Consejo de la Magistratura, in­",664,recurso_narrativo,Recurso,propia,"Recurso contra la Resolución 218/2024 del Plenario del Consejo de la Magistratura, in­"
348_p95,LibroVol348-1.md,ok,156,3672,pie_genuino,Recurso,propia,0,2,57,0,59,1,59,"Recurso de queja interpuesto por la Municipalidad de La Matanza, representada por",156,pie_genuino,Recurso,propia,"Recurso de queja interpuesto por la Municipalidad de La Matanza, representada por"
348_p101,LibroVol348-1.md,ok,254,3973,pie_genuino,Recurso,propia,0,2,46,0,39,1,39,Recurso de queja interpuesto por la Administración Federal de Ingresos Públicos –,254,pie_genuino,Recurso,propia,Recurso de queja interpuesto por la Administración Federal de Ingresos Públicos –
348_p113,LibroVol348-1.md,ok,1293,5497,recurso_narrativo,Recurso,propia,0,8,69,0,35,13,4026,"recurso extraordinario, que fue concedido. Argumentó que resultaba",1293,recurso_narrativo,Recurso,propia,"recurso extraordinario, que fue concedido. Argumentó que resultaba"
348_p179,LibroVol348-1.md,ok,346,7109,recurso_narrativo,Recurso,propia,0,1,72,0,25,3,93,recurso extraordinario y se revoca la sentencia apelada. Con costas.,346,recurso_narrativo,Recurso,propia,recurso extraordinario y se revoca la sentencia apelada. Con costas.
348_p189,LibroVol348-1.md,ok,2312,9438,pie_genuino,Recurso,propia,0,11,284,0,34,2,52,Recurso de queja interpuesto por la Administración Federal de Ingresos Públicos –,2312,pie_genuino,Recurso,propia,Recurso de queja interpuesto por la Administración Federal de Ingresos Públicos –
348_p346,LibroVol348-1.md,ok,336,13479,pie_genuino,Recurso,propia,0,2,44,0,54,2,72,"Recurso extraordinario interpuesto por el actor, Luis Juan Donocik, representado por",336,pie_genuino,Recurso,propia,"Recurso extraordinario interpuesto por el actor, Luis Juan Donocik, representado por"
348_p355,LibroVol348-1.md,ok,662,14153,pie_genuino,Recurso,propia,0,7,85,0,28,1,28,"Recurso de queja interpuesto por Kia Argentina S.A., representada por el Dr. Cristian",662,pie_genuino,Recurso,propia,"Recurso de queja interpuesto por Kia Argentina S.A., representada por el Dr. Cristian"
348_p389,LibroVol348-1.md,ok,622,15427,pie_genuino,Recurso,propia,0,6,78,0,19,2,47,"Recurso extraordinario interpuesto por Gabriel Ignacio Aranalde, la parte actora, con",622,pie_genuino,Recurso,propia,"Recurso extraordinario interpuesto por Gabriel Ignacio Aranalde, la parte actora, con"
348_p405,LibroVol348-1.md,ok,556,15992,pie_genuino,Parte actora,propia,0,8,87,0,67,1,67,"Parte actora: Cepas Argentinas S.A., representada por sus letrados apoderados, doc­",556,pie_genuino,Parte actora,propia,"Parte actora: Cepas Argentinas S.A., representada por sus letrados apoderados, doc­"
348_p419,LibroVol348-1.md,ok,538,16536,recurso_narrativo,Recurso,propia,0,6,38,0,38,2,102,Recursos Tributarios Energéticos de la Provincia de Salta. Con costas,538,recurso_narrativo,Recurso,propia,Recursos Tributarios Energéticos de la Provincia de Salta. Con costas
348_p439,LibroVol348-1.md,ok,128,16882,pie_genuino,Recurso,propia,0,2,42,0,14,1,14,"Recurso de revocatoria interpuesto por el Dr. Marcelo Eduardo Laborda, letrado en",128,pie_genuino,Recurso,propia,"Recurso de revocatoria interpuesto por el Dr. Marcelo Eduardo Laborda, letrado en"
348_p443,LibroVol348-1.md,ok,149,17033,recurso_narrativo,Recurso,propia,0,1,76,0,181,6,1825,"recurso y comienza la revisión. Si no está bien la queja, queda firme.",149,recurso_narrativo,Recurso,propia,"recurso y comienza la revisión. Si no está bien la queja, queda firme."
348_p461,LibroVol348-1.md,ok,467,18042,pie_genuino,Parte actora,propia,0,5,79,0,50,1,50,Parte actora: Estado Nacional — Ministerio de Economía representado por el Dr.,467,pie_genuino,Parte actora,propia,Parte actora: Estado Nacional — Ministerio de Economía representado por el Dr.
348_p491,LibroVol348-1.md,ok,115,18860,pie_genuino,Recurso,propia,0,2,39,0,55,1,55,"Recurso de queja interpuesto por New Model International School S.A., actora, repre­",115,pie_genuino,Recurso,propia,"Recurso de queja interpuesto por New Model International School S.A., actora, repre­"
348_p494,LibroVol348-1.md,ok,992,19858,pie_genuino,Recurso,propia,0,2,188,0,44,1,44,Recurso de queja interpuesto por Cristina Elisabet Fernández de Kirchner asistida,992,pie_genuino,Recurso,propia,Recurso de queja interpuesto por Cristina Elisabet Fernández de Kirchner asistida
348_p534,LibroVol348-1.md,ok,610,21045,recurso_narrativo,Recurso,propia,0,4,169,0,96,8,2469,recurso del artículo 14 de la ley 48. Ello es así toda vez que lo decidido,610,recurso_narrativo,Recurso,propia,recurso del artículo 14 de la ley 48. Ello es así toda vez que lo decidido
348_p611,LibroVol348-1.md,ok,960,24449,pie_genuino,Recurso,mixta,1,3,183,0,83,1,83,"Recurso extraordinario interpuesto por Justo José Ilarraz, asistido por el Dr. Jorge",960,pie_genuino,Recurso,mixta,"Recurso extraordinario interpuesto por Justo José Ilarraz, asistido por el Dr. Jorge"
348_p635,LibroVol348-1.md,ok,335,24792,pie_genuino,Recurso,propia,0,9,54,0,56,1,56,Recurso de queja interpuesto por M. C. M. y Francisco Alfredo Silva asistidos por la,335,pie_genuino,Recurso,propia,Recurso de queja interpuesto por M. C. M. y Francisco Alfredo Silva asistidos por la
348_p662,LibroVol348-1.md,ok,604,26119,pie_genuino,Recurso,mixta,1,2,118,0,56,1,56,"Recurso de queja interpuesto por B.R.S., por derecho propio y en representación de",604,pie_genuino,Recurso,mixta,"Recurso de queja interpuesto por B.R.S., por derecho propio y en representación de"
348_p689,LibroVol348-1.md,ok,231,26771,pie_genuino,Recurso,propia,0,2,66,0,73,1,73,"Recursos de queja interpuestos por Enrique Garrido, representado por el Dr. Guiller­",231,pie_genuino,Recurso,propia,"Recursos de queja interpuestos por Enrique Garrido, representado por el Dr. Guiller­"
348_p728,LibroVol348-1.md,ok,747,28747,pie_genuino,Parte actora,propia,0,17,148,0,43,1,43,"Parte actora: Naturgy Ban S.A. (antes Gas Natural Ban S.A.), representada por el doc­",747,pie_genuino,Parte actora,propia,"Parte actora: Naturgy Ban S.A. (antes Gas Natural Ban S.A.), representada por el doc­"
348_p756,LibroVol348-1.md,ok,252,29347,pie_genuino,Recurso,propia,0,2,46,0,44,1,44,"Recurso de queja interpuesto por Eugenio Aramburu, patrocinado por el Dr. Bernardo",252,pie_genuino,Recurso,propia,"Recurso de queja interpuesto por Eugenio Aramburu, patrocinado por el Dr. Bernardo"
348_p821,LibroVol348-1.md,ok,501,32061,pie_genuino,Recurso,propia,0,3,110,0,60,1,60,"Recurso de queja interpuesto por América TV S.A., representada por el Dr. Tomás",501,pie_genuino,Recurso,propia,"Recurso de queja interpuesto por América TV S.A., representada por el Dr. Tomás"
348_p841,LibroVol348-1.md,ok,1448,33803,pie_genuino,Recurso,propia,0,4,256,0,95,2,128,"Recursos extraordinarios interpuestos por el Fisco Nacional, representado por la Dra.",1448,pie_genuino,Recurso,propia,"Recursos extraordinarios interpuestos por el Fisco Nacional, representado por la Dra."
348_p879,LibroVol348-1.md,ok,173,34012,recurso_narrativo,Recurso,propia,0,8,79,0,403,3,642,recurso de revocatoria y la rechazó con remisión a los fundamentos,173,recurso_narrativo,Recurso,propia,recurso de revocatoria y la rechazó con remisión a los fundamentos
348_p895,LibroVol348-1.md,ok,831,35260,pie_genuino,Recurso,propia,0,5,133,0,50,1,50,"Recurso de queja interpuesto por el Defensor del Pueblo, actor en autos, señor",831,pie_genuino,Recurso,propia,"Recurso de queja interpuesto por el Defensor del Pueblo, actor en autos, señor"
348_p967,LibroVol348-1.md,ok,280,37452,rotulo_pie,Parte actora,solo_pre_apertura,1,0,67,0,73,2,118,parte actora como por la Procuración General de la Nación. Ello es así,280,rotulo_pie,Parte actora,solo_pre_apertura,parte actora como por la Procuración General de la Nación. Ello es así
348_p983,LibroVol348-1.md,ok,1763,39559,pie_genuino,Parte actora,propia,0,12,111,0,191,1,191,"Parte actora: Silvia Graciela Saavedra y Ramón Héctor Luna, por su propio derecho,",1763,pie_genuino,Parte actora,propia,"Parte actora: Silvia Graciela Saavedra y Ramón Héctor Luna, por su propio derecho,"
348_p1035,LibroVol348-1.md,ok,360,40186,pie_genuino,Recurso,propia,0,9,40,0,79,1,79,"Recurso extraordinario interpuesto por Martín Kasik, parte actora, con el patrocinio",360,pie_genuino,Recurso,propia,"Recurso extraordinario interpuesto por Martín Kasik, parte actora, con el patrocinio"
348_p1045,LibroVol348-1.md,ok,490,40684,pie_genuino,Recurso,propia,0,3,51,0,71,1,71,"Recurso de queja interpuesto por el Banco Macro S.A., representado por el Dr. Jorge",490,pie_genuino,Recurso,propia,"Recurso de queja interpuesto por el Banco Macro S.A., representado por el Dr. Jorge"
348_p1064,LibroVol348-1.md,ok,485,41441,pie_genuino,Recurso,propia,0,9,37,0,50,1,50,Recurso de queja interpuesto por el Hospital Británico de Buenos Aires Asociación,485,pie_genuino,Recurso,propia,Recurso de queja interpuesto por el Hospital Británico de Buenos Aires Asociación
348_p1087,LibroVol348-1.md,ok,369,42213,pie_genuino,Recurso,propia,0,6,86,0,63,1,63,"Recurso de queja interpuesto por Faustina Velázquez Cano, parte actora, con el patro­",369,pie_genuino,Recurso,propia,"Recurso de queja interpuesto por Faustina Velázquez Cano, parte actora, con el patro­"
348_p1104,LibroVol348-1.md,ok,164,42648,pie_genuino,Recurso,propia,0,3,37,0,71,1,71,"Recurso de queja interpuesto por el Fisco Nacional AFIP - DGI, representado por la",164,pie_genuino,Recurso,propia,"Recurso de queja interpuesto por el Fisco Nacional AFIP - DGI, representado por la"
348_p1109,LibroVol348-1.md,ok,878,43536,pie_genuino,Recurso,mixta,1,7,714,0,117,1,117,Recursos extraordinarios interpuestos por A.P. —progenitor de los niños cuya res­,878,pie_genuino,Recurso,mixta,Recursos extraordinarios interpuestos por A.P. —progenitor de los niños cuya res­
348_p1133,LibroVol348-1.md,ok,595,44243,pie_genuino,Recurso,propia,0,6,66,0,42,1,42,"Recurso de queja interpuesto por la Municipalidad del Partido de Escobar, represen­",595,pie_genuino,Recurso,propia,"Recurso de queja interpuesto por la Municipalidad del Partido de Escobar, represen­"
348_p1173,LibroVol348-1.md,ok,203,45385,pie_genuino,Recurso,propia,0,2,36,0,76,1,76,"Recurso de queja interpuesto por el Estado Nacional, Obra Social del Poder Judicial",203,pie_genuino,Recurso,propia,"Recurso de queja interpuesto por el Estado Nacional, Obra Social del Poder Judicial"
348_p1192,LibroVol348-1.md,ok,176,46099,rotulo_pie,Tribunal de origen,propia,0,1,43,0,29,3,103,"tribunal de origen a fin de que, por quien corresponda, se dicte nue­",176,rotulo_pie,Tribunal de origen,propia,"tribunal de origen a fin de que, por quien corresponda, se dicte nue­"
348_p1255,LibroVol348-1.md,ok,253,48655,pie_genuino,Recurso,propia,0,2,62,0,93,1,93,"Recurso ordinario de apelación interpuesto por: Luis Antonio Quispe Ricalde, asistido",253,pie_genuino,Recurso,propia,"Recurso ordinario de apelación interpuesto por: Luis Antonio Quispe Ricalde, asistido"
348_p1286,LibroVol348-1.md,ok,531,50110,recurso_narrativo,Recurso,propia,0,4,232,0,53,18,6569,recurso de queja. Se agravia de que la sentencia apelada la obliga a,531,recurso_narrativo,Recurso,propia,recurso de queja. Se agravia de que la sentencia apelada la obliga a
348_p1316,LibroVol348-1.md,ok,278,51066,recurso_narrativo,Recurso,propia,0,1,116,0,82,2,101,recurso extraordinario y se revoca la sentencia apelada. Costas —en,278,recurso_narrativo,Recurso,propia,recurso extraordinario y se revoca la sentencia apelada. Costas —en
348_p1334,LibroVol348-1.md,ok,482,51997,pie_genuino,Recurso,propia,0,6,90,0,92,1,92,Recurso extraordinario interpuesto por el Fisco Nacional – Administración Federal,482,pie_genuino,Recurso,propia,Recurso extraordinario interpuesto por el Fisco Nacional – Administración Federal
348_p1347,LibroVol348-1.md,ok,163,52174,pie_genuino,Parte actora,propia,0,2,41,0,47,1,47,"Parte actora: Fideos Don Antonio S.A., representada por su letrado apoderado, Dr.",163,pie_genuino,Parte actora,propia,"Parte actora: Fideos Don Antonio S.A., representada por su letrado apoderado, Dr."
348_p1357,LibroVol348-1.md,ok,798,53202,pie_genuino,Recurso,propia,0,6,203,0,60,1,60,"Recurso de queja interpuesto por Carlos Ernesto Castillo, asistido por el Dr. Fernando",798,pie_genuino,Recurso,propia,"Recurso de queja interpuesto por Carlos Ernesto Castillo, asistido por el Dr. Fernando"
348_p1383,LibroVol348-1.md,ok,876,54278,rotulo_pie,Parte actora,propia,0,2,89,0,227,9,2704,"parte actora e hizo lugar, en forma parcial, a la acción entablada por",876,rotulo_pie,Parte actora,propia,"parte actora e hizo lugar, en forma parcial, a la acción entablada por"
348_p1430,LibroVol348-1.md,ok,183,55474,pie_genuino,Recurso,propia,0,2,43,0,37,1,37,"Recurso de queja interpuesto por Nora Elena Brollo, actora, con el patrocinio letrado",183,pie_genuino,Recurso,propia,"Recurso de queja interpuesto por Nora Elena Brollo, actora, con el patrocinio letrado"
348_p1435,LibroVol348-1.md,ok,486,55968,pie_genuino,Recurso,propia,0,7,68,0,270,1,270,Recurso de queja interpuesto por el Estado Nacional -Jefatura de Gabinete de Minis­,486,pie_genuino,Recurso,propia,Recurso de queja interpuesto por el Estado Nacional -Jefatura de Gabinete de Minis­
348_p1450,LibroVol348-1.md,ok,811,56891,rotulo_pie,Tribunal de origen,propia,0,1,95,0,38,3,107,"tribunal de origen para que, por quien corresponda, se dicte un nuevo",811,rotulo_pie,Tribunal de origen,propia,"tribunal de origen para que, por quien corresponda, se dicte un nuevo"
348_p1524,LibroVol348-1.md,ok,361,59203,rotulo_pie,Tribunal de origen,propia,0,1,85,0,44,2,115,"tribunal de origen a fin de que, por medio de quien corresponda, se",361,rotulo_pie,Tribunal de origen,propia,"tribunal de origen a fin de que, por medio de quien corresponda, se"
348_p1547,LibroVol348-1.md,ok,235,59933,pie_genuino,Recurso,propia,0,2,38,0,23,2,113,Recurso extraordinario interpuesto por Yago Carlos Urroz Castillo y Gala Mariaana,235,pie_genuino,Recurso,propia,Recurso extraordinario interpuesto por Yago Carlos Urroz Castillo y Gala Mariaana
348_p1576,LibroVol348-1.md,ok,333,61233,pie_genuino,Parte actora,propia,0,2,37,0,27,1,27,"Parte actora: Estado Nacional - Ejército Argentino, representado por los Dres. Ana­",333,pie_genuino,Parte actora,propia,"Parte actora: Estado Nacional - Ejército Argentino, representado por los Dres. Ana­"
348_p1616,LibroVol348-1.md,ok,132,62554,pie_genuino,Recurso,propia,0,2,40,0,55,1,55,"Recursos de queja interpuestos por L. D. P., con el patrocinio letrado del Dr. Adolfo",132,pie_genuino,Recurso,propia,"Recursos de queja interpuestos por L. D. P., con el patrocinio letrado del Dr. Adolfo"
348_p1645,LibroVol348-1.md,ok,339,63902,pie_genuino,Recurso,propia,0,7,58,0,66,1,66,Recurso de queja interpuesto por Swiss Medical S.A. y SMG Compañía de Seguros,339,pie_genuino,Recurso,propia,Recurso de queja interpuesto por Swiss Medical S.A. y SMG Compañía de Seguros
348_p1655,LibroVol348-1.md,ok,249,64161,pie_genuino,Recurso,propia,0,6,32,0,41,1,41,"Recurso de queja interpuesto por la Dirección Nacional de Migraciones, parte de­",249,pie_genuino,Recurso,propia,"Recurso de queja interpuesto por la Dirección Nacional de Migraciones, parte de­"
348_p1675,LibroVol348-1.md,ok,397,65139,pie_genuino,Parte actora,propia,0,7,59,0,34,2,35,"Parte actora: Telesistema S.R.L., por medio de su letrado apoderado Dr. Guillermo A.",397,pie_genuino,Parte actora,propia,"Parte actora: Telesistema S.R.L., por medio de su letrado apoderado Dr. Guillermo A."
348_p1686,LibroVol348-1.md,ok,503,65650,pie_genuino,Parte actora,propia,0,2,42,0,141,1,141,"Parte actora: Asociación Civil Equística - Defensa del Medio Ambiente, representa­",503,pie_genuino,Parte actora,propia,"Parte actora: Asociación Civil Equística - Defensa del Medio Ambiente, representa­"
348_p1698,LibroVol348-1.md,ok,433,66095,pie_genuino,Recurso,propia,0,2,112,0,116,1,116,"Recursos extraordinarios interpuestos por Miguel Ángel Fernández Pastor, actor en",433,pie_genuino,Recurso,propia,"Recursos extraordinarios interpuestos por Miguel Ángel Fernández Pastor, actor en"
348_p1710,LibroVol348-1.md,ok,153,66258,pie_genuino,Recurso,propia,0,2,44,0,46,1,46,"Recurso de queja interpuesto por Haydée Edith Burgueño, codemandada, represen­",153,pie_genuino,Recurso,propia,"Recurso de queja interpuesto por Haydée Edith Burgueño, codemandada, represen­"
348_p1721,LibroVol348-1.md,ok,279,66776,pie_genuino,Parte actora,propia,0,2,51,0,45,1,45,"Parte actora: Provincia de Santa Cruz, representada por el señor Gobernador, Clau­",279,pie_genuino,Parte actora,propia,"Parte actora: Provincia de Santa Cruz, representada por el señor Gobernador, Clau­"
348_p1741,LibroVol348-1.md,ok,178,67422,pie_genuino,Recurso,propia,0,2,38,0,33,1,33,"Recurso ordinario de apelación interpuesto por Yulia Raisovna Gilfanova, asistida por",178,pie_genuino,Recurso,propia,"Recurso ordinario de apelación interpuesto por Yulia Raisovna Gilfanova, asistida por"
348_p1751,LibroVol348-1.md,ok,232,67875,pie_genuino,Recurso,propia,0,4,53,0,49,1,49,"Recurso de queja interpuesto por Cristina Elisabet Fernández de Kirchner, asistida",232,pie_genuino,Recurso,propia,"Recurso de queja interpuesto por Cristina Elisabet Fernández de Kirchner, asistida"
348_p1772,LibroVol348-1.md,ok,434,68859,pie_genuino,Recurso,propia,0,2,105,0,124,1,124,"Recurso ordinario de apelación interpuesto por José Luis Aliaga Reyes, asistido por el",434,pie_genuino,Recurso,propia,"Recurso ordinario de apelación interpuesto por José Luis Aliaga Reyes, asistido por el"
349_p81,LibroVol349-1.md,ok,485,3551,recurso_narrativo,Recurso,propia,0,4,66,0,118,3,179,recurso extraordinario contenga un relato prolijo de los hechos de la,485,recurso_narrativo,Recurso,propia,recurso extraordinario contenga un relato prolijo de los hechos de la
349_p95,LibroVol349-1.md,ok,375,3956,pie_genuino,Recurso,propia,0,8,36,0,53,1,53,Recurso ordinario de apelación interpuesto por Wieslaw Kapron y Bárbara Malgor­,375,pie_genuino,Recurso,propia,Recurso ordinario de apelación interpuesto por Wieslaw Kapron y Bárbara Malgor­
349_p131,LibroVol349-1.md,ok,271,5249,recurso_narrativo,Recurso,propia,0,4,47,0,13,2,59,recurso y dejar sin efecto el fallo (artículo 15 de la ley 48).,271,recurso_narrativo,Recurso,propia,recurso y dejar sin efecto el fallo (artículo 15 de la ley 48).
349_p139,LibroVol349-1.md,ok,349,5616,pie_genuino,Recurso,propia,0,2,72,0,53,1,53,"Recurso de queja interpuesto por YPF S.A., parte demandada, representada por los",349,pie_genuino,Recurso,propia,"Recurso de queja interpuesto por YPF S.A., parte demandada, representada por los"
349_p148,LibroVol349-1.md,ok,590,6212,pie_genuino,Recurso,propia,0,5,155,0,47,1,47,"Recurso de queja interpuesto por Starbucks Coffee Argentina SRL, demandada en",590,pie_genuino,Recurso,propia,"Recurso de queja interpuesto por Starbucks Coffee Argentina SRL, demandada en"
349_p166,LibroVol349-1.md,ok,542,6873,recurso_narrativo,Recurso,propia,0,1,338,0,436,9,3366,recurso bajo examen se presentó en el marco de una información su­,542,recurso_narrativo,Recurso,propia,recurso bajo examen se presentó en el marco de una información su­
349_p247,LibroVol349-1.md,ok,133,9629,pie_genuino,Recurso,propia,0,2,42,0,45,1,45,"Recurso de queja interpuesto por la AFIP - DGA, representada por el Dr. Francisco",133,pie_genuino,Recurso,propia,"Recurso de queja interpuesto por la AFIP - DGA, representada por el Dr. Francisco"
349_p291,LibroVol349-1.md,ok,339,11486,pie_genuino,Recurso,propia,0,2,66,0,51,1,51,"Recurso de queja interpuesto por el Dr. Mario Alberto Villar, Fiscal General ante la",339,pie_genuino,Recurso,propia,"Recurso de queja interpuesto por el Dr. Mario Alberto Villar, Fiscal General ante la"
349_p300,LibroVol349-1.md,ok,236,11730,pie_genuino,Recurso,propia,0,2,30,0,73,1,73,"Recurso de queja interpuesto por Martha Cecilia Bonamusa, Defensora de Menores",236,pie_genuino,Recurso,propia,"Recurso de queja interpuesto por Martha Cecilia Bonamusa, Defensora de Menores"
